partner,day,no_of_registrations,no_orders,aum,aov,fti_count,fti_amount
ET money,2026-05-17,149,0,0.0,0.0,0,
ET money,2026-05-16,159,0,0.0,0.0,0,
ET money,2026-05-15,155,31,4915406.449999999,158561.49838709674,15,1616173.75
ET money,2026-05-14,155,49,4938078.1,100777.10408163264,16,777578.76
ET money,2026-05-13,164,42,4022687.95,95778.28452380953,10,1379975.9899999998
ET money,2026-05-12,153,52,4492260.619999999,86389.6273076923,19,1629679.04
ET money,2026-05-11,152,87,14133698.42,162456.3036781609,6,665523.47
ET money,2026-05-10,194,8,123677.45999999999,15459.682499999999,21,3854611.4699999997
ET money,2026-05-09,458,10,429193.65,42919.365000000005,14,1069280.79
ET money,2026-05-08,1327,47,6137740.42,130590.22170212766,17,2961503.5499999993
ET money,2026-05-07,180,48,5794248.52,120713.51083333332,17,1051276.3999999997
ET money,2026-05-06,205,34,5284845.912800001,155436.64449411767,9,742751.55
ET money,2026-05-05,214,40,4604623.9231,115115.5980775,21,2694260.961
ET money,2026-05-04,127,115,14894114.1508,129514.03609391305,12,847537.2523999999
ET money,2026-05-03,161,24,678854.5800000001,28285.607500000002,19,901116.7463
ET money,2026-05-02,804,0,0.0,0.0,0,
ET money,2026-05-01,1593,12,308570.26,25714.188333333335,11,2049723.4943000004
ET money,2026-04-30,185,35,3751294.8192,107179.85197714285,12,1832433.8283999998
ET money,2026-04-29,151,46,3630157.5198000004,78916.46782173913,10,1244840.0113
ET money,2026-04-28,210,32,3961803.6051000003,123806.36265937501,7,901742.8426
ET money,2026-04-27,118,90,11954854.5877,132831.7176411111,6,592162.803
ET money,2026-04-26,143,4,307948.16000000003,76987.04000000001,11,2382149.7884
ET money,2026-04-25,167,12,739075.57,61589.63083333333,17,1302086.483
ET money,2026-04-24,259,28,4407773.7524999995,157420.49116071427,1,100092.9065
ET money,2026-04-23,2950,44,5041578.4942,114581.32941363635,12,764787.2397
ET money,2026-04-22,177,28,3473478.4913,124052.80326071428,4,646129.7499
ET money,2026-04-21,145,18,1676196.6848999998,93122.03804999999,2,497830.70459999994
ET money,2026-04-20,152,94,7682811.2122,81732.03417234043,5,437691.7116
ET money,2026-04-19,142,8,185374.61000000002,23171.826250000002,9,469901.7839999999
ET money,2026-04-18,204,0,0.0,0.0,0,
ET money,2026-04-17,182,27,3646045.6287,135038.72698888887,8,653533.7009
ET money,2026-04-16,153,47,5943361.0497,126454.49041914895,10,1801642.2394
ET money,2026-04-15,168,56,6734159.8284,120252.85407857143,2,272371.6032
ET money,2026-04-14,150,4,573676.2897999999,143419.07244999998,9,1328661.3843
ET money,2026-04-13,123,64,9179256.8292,143425.88795625,2,309906.27040000004
ET money,2026-04-12,154,8,246799.6,30849.95,13,1061052.5485
ET money,2026-04-11,196,12,308499.5,25708.291666666668,14,1517203.9261
ET money,2026-04-10,222,27,2377378.1557,88051.0428037037,7,1771196.5341000003
ET money,2026-04-09,231,37,1917601.2321999997,51827.06032972972,7,496171.36439999996
ET money,2026-04-08,166,25,3634858.8161999993,145394.35264799997,3,365155.8362
ET money,2026-04-07,241,31,3024570.0349,97566.77531935483,18,2239655.9035
ET money,2026-04-06,249,69,8741067.4467,126682.13690869564,12,544275.0543
ET money,2026-04-05,292,4,679178.71,169794.6775,2,152774.18329999998
ET money,2026-04-04,161,0,0.0,0.0,0,
ET money,2026-04-03,162,8,123486.85999999999,15435.857499999998,9,1638716.0957
ET money,2026-04-02,214,51,7535887.218299999,147762.49447647057,7,967315.5009000001
ET money,2026-04-01,167,0,0.0,0.0,0,
ET money,2026-03-31,188,4,185176.89,46294.2225,8,543914.001
ET money,2026-03-30,137,52,7891744.5711,151764.31867500002,10,1601118.3931
ET money,2026-03-29,103,4,123415.67,30853.9175,4,359707.8676
ET money,2026-03-28,130,4,61707.84,15426.96,8,1602392.2755999998
ET money,2026-03-27,136,40,4688918.8024,117222.97006,11,1225167.8777
ET money,2026-03-26,153,0,0.0,0.0,0,
ET money,2026-03-25,197,38,11629679.661000002,306044.2016052632,12,1569331.5019
ET money,2026-03-24,241,16,1644556.8730000001,102784.80456250001,6,3587231.6705
ET money,2026-03-23,196,47,4611380.643600001,98114.48177872342,0,
ET money,2026-03-22,127,8,123663.70000000001,15457.962500000001,8,811092.3562
ET money,2026-03-21,201,16,247327.39999999997,15457.962499999998,5,308874.1175
ET money,2026-03-20,179,41,5665581.478400001,138184.9141073171,5,689144.3463999999
ET money,2026-03-19,273,4,61814.020000000004,15453.505000000001,2,194992.948
ET money,2026-03-18,233,25,3046336.3686,121853.454744,12,2415505.6799999997
ET money,2026-03-17,736,29,9168889.530599998,316168.60450344824,7,682976.0689000001
ET money,2026-03-16,817,56,8119601.637,144992.886375,11,3021094.717
ET money,2026-03-15,175,0,0.0,0.0,0,
ET money,2026-03-14,178,0,0.0,0.0,0,
ET money,2026-03-13,216,26,3487760.9817,134144.65314230768,6,629195.1969999999
ET money,2026-03-12,196,22,4145879.3706,188449.0623,11,1290780.3185999999
ET money,2026-03-11,225,18,4386598.0312,243699.8906222222,4,1666514.8131999997
ET money,2026-03-10,269,16,1906764.8446,119172.8027875,10,1277205.2338
ET money,2026-03-09,241,89,13701634.7764,153950.95254382023,6,732673.6444
ET money,2026-03-08,204,0,0.0,0.0,0,
ET money,2026-03-07,309,6,120453.29000000001,20075.548333333336,11,1944039.4122000001
ET money,2026-03-06,293,27,4152638.9168000007,153801.441362963,19,2883714.8773999996
ET money,2026-03-05,234,50,6389949.6116,127798.992232,9,2118026.7059000004
ET money,2026-03-04,331,78,10996085.1661,140975.4508474359,14,1898391.8058
ET money,2026-03-03,307,0,0.0,0.0,0,
ET money,2026-03-02,320,97,12066312.6176,124394.97543917525,17,1998500.9838
ET money,2026-03-01,248,0,0.0,0.0,0,
ET money,2026-02-28,205,0,0.0,0.0,0,
ET money,2026-02-27,268,35,4590172.0025,131147.7715,13,1741890.9489
ET money,2026-02-26,318,29,3939411.2013000003,135841.76556206896,10,1538263.5420000001
ET money,2026-02-25,390,40,3943997.953,98599.948825,19,1928463.4078000002
ET money,2026-02-24,1820,34,6816840.8588,200495.31937647058,6,1113314.1171
ET money,2026-02-23,268,83,12887818.285299998,155274.91909999997,9,1660780.7430999998
ET money,2026-02-22,263,0,0.0,0.0,0,
ET money,2026-02-21,244,0,0.0,0.0,0,
ET money,2026-02-20,262,73,9012170.834,123454.39498630138,11,2136279.6273999996
ET money,2026-02-19,274,1,64027.8744,64027.8744,13,1991614.8185
ET money,2026-02-18,341,30,3761211.7209,125373.72403,12,2534727.485
ET money,2026-02-17,403,29,1686314.4069,58148.77265172414,20,1417719.3773
ET money,2026-02-16,257,84,11795394.1201,140421.35857261906,7,972769.6305999999
ET money,2026-02-15,563,6,300879.26,50146.543333333335,17,1514951.0969
ET money,2026-02-14,278,6,120351.7,20058.616666666665,14,2679602.4924
ET money,2026-02-13,445,45,5409167.967499999,120203.7326111111,16,2541302.2181999995
ET money,2026-02-12,1120,38,4731956.490999999,124525.17081578946,17,2518623.5665
ET money,2026-02-11,378,39,4373804.7137,112148.83881282051,15,1241028.255
ET money,2026-02-10,729,41,3730612.2580999997,90990.5428804878,13,1395857.7616
ET money,2026-02-09,908,68,8789098.3431,129251.44622205883,12,1786708.3468
ET money,2026-02-08,324,12,240545.8,20045.483333333334,16,1446544.5223
ET money,2026-02-07,405,6,60136.450000000004,10022.741666666667,19,2218186.3262
ET money,2026-02-06,294,22,2836811.0255000005,128945.95570454547,3,582484.751
ET money,2026-02-05,417,37,4124292.5824000007,111467.36709189191,10,1024232.7276
ET money,2026-02-04,456,41,5422766.777199999,132262.6043219512,16,1514092.7948999999
ET money,2026-02-03,507,33,4252896.6665,128875.65656060608,15,1793428.9443
ET money,2026-02-02,450,107,11940165.737499999,111590.33399532709,14,1753534.7746999997
ET money,2026-02-01,456,18,721213.87,40067.43722222222,36,3582819.1364000007
ET money,2026-01-31,457,0,0.0,0.0,0,
ET money,2026-01-30,403,31,3437436.1667,110885.03763548387,18,2031452.7589000002
ET money,2026-01-29,420,32,4967147.8805,155223.371265625,18,1831539.2454000001
ET money,2026-01-28,314,18,2701984.5038000005,150110.25021111115,4,1099453.9087
ET money,2026-01-27,358,88,14997129.409100002,170421.9251034091,9,1816463.5506000002
ET money,2026-01-26,257,6,120168.75000000001,20028.125000000004,15,1173372.8791999999
ET money,2026-01-25,246,6,60084.37,10014.061666666666,18,1849297.0648999999
ET money,2026-01-24,276,1,300000.0,300000.0,8,1182416.4753999999
ET money,2026-01-23,422,47,5847436.146799999,124413.53503829785,19,1682779.3436999999
ET money,2026-01-22,1043,32,5038759.081499999,157461.22129687498,11,1349991.7741
ET money,2026-01-21,316,16,2094844.8754000003,130927.80471250002,11,1711522.2947999998
ET money,2026-01-20,430,19,2218245.3317999993,116749.75430526312,10,863586.3433
ET money,2026-01-19,308,91,12567666.2027,138106.2220076923,11,1742276.5904
ET money,2026-01-18,379,0,0.0,0.0,0,
ET money,2026-01-17,430,0,0.0,0.0,0,
ET money,2026-01-16,259,72,9061653.5204,125856.29889444445,19,2196584.4821999995
ET money,2026-01-15,404,6,60101.32,10016.886666666667,19,1925783.8408
ET money,2026-01-14,454,52,7338171.072700002,141118.67447500004,27,3227183.452
ET money,2026-01-13,483,26,3869187.7696999996,148814.91421923076,8,973449.2492999999
ET money,2026-01-12,340,89,13163558.572400002,147905.1524988764,13,1876742.8716
ET money,2026-01-11,646,0,0.0,0.0,0,
ET money,2026-01-10,445,6,60086.72,10014.453333333333,23,2500793.2236
ET money,2026-01-09,1853,27,4770562.3736,176687.49531851851,9,1154080.8739
ET money,2026-01-08,503,41,4368197.0575,106541.39164634146,16,1285283.2365
ET money,2026-01-07,621,43,5227068.0963,121559.72316976744,16,2621240.8049000003
ET money,2026-01-06,678,38,6082159.059899999,160056.81736578944,17,2654703.5697999997
ET money,2026-01-05,612,122,16459788.0024,134916.29510163935,19,3332547.8271000003
ET money,2026-01-04,654,0,0.0,0.0,0,
ET money,2026-01-03,941,6,180154.45,30025.74166666667,23,3185857.2778
ET money,2026-01-02,1219,65,7622607.4354,117270.88362153847,41,5014301.559700001
ET money,2026-01-01,2910,55,8499798.165299999,154541.78482363635,20,2727223.1202999996
ET money,2025-12-31,632,57,8907361.6577,156269.50276666667,16,2052871.3781
ET money,2025-12-30,903,53,7583197.750700001,143079.20284339623,31,4289643.9956
ET money,2025-12-29,561,89,13944434.967199998,156679.0445752809,22,3519249.9713999997
ET money,2025-12-28,532,0,0.0,0.0,0,
ET money,2025-12-27,755,0,0.0,0.0,0,
ET money,2025-12-26,705,44,4850661.530199999,110242.30750454543,17,2180543.5184
ET money,2025-12-25,1462,6,60001.91,10000.318333333335,7,692582.4315
ET money,2025-12-24,576,33,4745575.2104,143805.3094060606,15,1896179.0199
ET money,2025-12-23,767,43,5369364.739899999,124868.94743953487,19,2143334.904
ET money,2025-12-22,622,68,4903970.537599999,72117.21378823528,14,2151204.6944999998
ET money,2025-12-21,504,0,0.0,0.0,0,
ET money,2025-12-20,1418,6,120137.25,20022.875,10,587373.0056
ET money,2025-12-19,566,32,3816292.1391000003,119259.12934687501,19,2242571.6494
ET money,2025-12-18,893,34,3539166.3921000003,104093.12917941177,20,2085593.6170000003
ET money,2025-12-17,2722,46,8315995.8388,180782.51823478262,17,2282293.7383000003
ET money,2025-12-16,779,32,6591321.9553,205978.811103125,18,2902126.1787
ET money,2025-12-15,713,95,12606249.128600001,132697.35924842107,23,3106657.4301
ET money,2025-12-14,821,0,0.0,0.0,0,
ET money,2025-12-13,2475,0,0.0,0.0,0,
ET money,2025-12-12,795,26,4018577.0252000005,154560.65481538462,13,1871754.7159000002
ET money,2025-12-11,2057,23,4135096.5307999994,179786.8056869565,12,1994630.2785999996
ET money,2025-12-10,3165,43,8441893.6596,196323.10836279072,24,3625252.4791
ET money,2025-12-09,839,34,5204519.2665,153074.09607352942,16,1856026.7631
ET money,2025-12-08,1026,110,15058708.370399999,136897.34882181816,19,2612899.7779
ET money,2025-12-07,800,6,179761.29,29960.215,21,2552202.2195
ET money,2025-12-06,5008,0,0.0,0.0,0,
ET money,2025-12-05,890,38,3341284.7369,87928.54570789474,30,2594377.6881000004
ET money,2025-12-04,988,48,5389576.6954,112282.84782083333,23,2765526.9724
ET money,2025-12-03,1156,53,6026295.174300001,113703.68253396229,33,2666904.2561
ET money,2025-12-02,1026,48,5207278.1071,108484.96056458332,27,2726233.4124
ET money,2025-12-01,916,81,12442262.2135,153608.17547530864,29,3082282.9950999995
ET money,2025-11-30,784,6,119766.27000000002,19961.045000000002,13,3212337.6651
ET money,2025-11-29,1007,6,119766.27000000002,19961.045000000002,16,1104674.2305
ET money,2025-11-28,963,21,4644909.396,221186.1617142857,8,1565280.0598
ET money,2025-11-27,1220,34,5636977.6954,165793.46162941176,17,2619900.0111000002
ET money,2025-11-26,1067,42,7921369.0058,188604.02394761905,15,2743752.3094
ET money,2025-11-25,913,17,2354242.5791999996,138484.8576,11,1276502.4741
ET money,2025-11-24,945,60,8401809.262100002,140030.15436833337,10,1923871.4237000002
ET money,2025-11-23,842,0,0.0,0.0,0,
ET money,2025-11-22,1138,0,0.0,0.0,0,
ET money,2025-11-21,1296,26,2508797.2444,96492.20170769232,13,1575380.6390000002
ET money,2025-11-20,1315,31,3882025.0083999997,125226.61317419354,12,1527377.4735000003
ET money,2025-11-19,1694,34,5809062.7530000005,170854.78685294118,27,3917656.6715
ET money,2025-11-18,2291,25,3527709.6196999997,141108.384788,17,3734306.3208999997
ET money,2025-11-17,2409,86,10513426.891600002,122249.1499023256,14,1543032.2873999998
ET money,2025-11-16,2434,6,249444.71000000002,41574.11833333334,21,3227614.712
ET money,2025-11-15,3208,9,115188.36,12798.706666666667,22,2853298.7434
ET money,2025-11-14,243,16,2061877.5114999998,128867.34446874999,7,799123.8119000001
ET money,2025-11-13,449,13,3183563.1644,244889.4741846154,7,861381.1952
ET money,2025-11-12,327,12,1179127.3133,98260.60944166667,7,2239719.1291
ET money,2025-11-11,403,14,1344591.0942,96042.22101428571,6,670156.092
ET money,2025-11-10,431,40,6140888.730799999,153522.21826999998,8,701819.2278999999
ET money,2025-11-09,309,0,0.0,0.0,0,
ET money,2025-11-08,364,0,0.0,0.0,0,
ET money,2025-11-07,440,17,2923576.1240999997,171975.0661235294,10,1557769.1647
ET money,2025-11-06,14519,93,18836075.985799998,202538.45146021503,23,4524620.619899999
ET money,2025-11-05,6096,0,0.0,0.0,0,
ET money,2025-11-04,393,30,2685285.4299999997,89509.51433333333,16,1521497.4262000003
ET money,2025-11-03,319,60,7013317.2159,116888.620265,16,1089159.7382
ET money,2025-11-02,350,5,100188.70999999999,20037.742,11,1086519.8794
ET money,2025-11-01,602,2,3032.0,1516.0,12,1826920.9371
ET money,2025-10-31,323,11,1492084.6857,135644.06233636363,4,349590.6426
ET money,2025-10-30,599,20,4215406.845000001,210770.34225000005,10,1896353.8931999998
ET money,2025-10-29,413,16,5600211.261600001,350013.20385000005,4,766269.4106
ET money,2025-10-28,783,31,5517204.047899999,177974.32412580642,23,2264983.6621000003
ET money,2025-10-27,352,39,5264029.8863,134975.1252897436,9,2687771.384
ET money,2025-10-26,369,5,100135.59,20027.118,7,201116.43630000003
ET money,2025-10-25,400,15,500677.94,33378.52933333333,16,549624.3481999999
ET money,2025-10-24,494,27,3539296.1047,131085.0409148148,8,1409662.3683000002
ET money,2025-10-23,383,57,7000363.8636,122813.40111578947,10,849500.8583
ET money,2025-10-22,544,0,0.0,0.0,0,
ET money,2025-10-21,348,0,0.0,0.0,0,
ET money,2025-10-20,254,48,4853336.9834,101111.18715416668,14,720123.4924
ET money,2025-10-19,358,0,0.0,0.0,0,
ET money,2025-10-18,462,5,300520.5,60104.1,10,1389828.4146
ET money,2025-10-17,380,20,2478099.2199,123904.960995,12,1056306.1757999999
ET money,2025-10-16,324,15,3507084.6853,233805.64568666666,7,1491850.8968999998
ET money,2025-10-15,337,34,3616508.9243000005,106367.90953823531,13,1581523.3843
ET money,2025-10-14,359,30,3922253.6173,130741.78724333334,16,2261149.3249
ET money,2025-10-13,320,53,6798029.6655,128264.71066981132,9,905266.6288
ET money,2025-10-12,318,0,0.0,0.0,0,
ET money,2025-10-11,341,0,0.0,0.0,0,
ET money,2025-10-10,338,18,2383404.7926000003,132411.37736666668,9,2003930.3883999998
ET money,2025-10-09,324,30,3292421.1383999996,109747.37127999999,14,1092240.9457
ET money,2025-10-08,361,18,2203468.7882000003,122414.93267777779,9,1051852.5457000001
ET money,2025-10-07,516,31,3202872.8224,103318.47814193548,22,2520120.6180000002
ET money,2025-10-06,997,76,8861778.6272,116602.35035789474,18,3210255.9216
ET money,2025-10-05,2345,1,298683.5704,298683.5704,16,2310279.2989999996
ET money,2025-10-04,2627,0,0.0,0.0,0,
ET money,2025-10-03,1838,42,5461532.3842,130036.48533809524,15,1514794.8368
ET money,2025-10-02,1965,10,500176.48000000004,50017.648,22,2767216.534
ET money,2025-10-01,1836,41,4476801.689300001,109190.28510487807,37,3471014.9132000003
ET money,2025-09-30,1826,24,3045663.5023000003,126902.64592916668,18,2879615.9263
ET money,2025-09-29,1321,50,6340807.112299999,126816.14224599999,14,1539632.6214
ET money,2025-09-28,1362,0,0.0,0.0,0,
ET money,2025-09-27,2064,0,0.0,0.0,0,
ET money,2025-09-26,3176,21,2887320.963900001,137491.4744714286,12,1243222.5699
ET money,2025-09-25,3814,32,3229478.3091999996,100921.19716249999,24,2894568.848
ET money,2025-09-24,7205,39,8125505.9068,208346.3053025641,25,5387672.6132
ET money,2025-09-23,3415,19,2990146.3361999993,157376.1229578947,18,2197770.3108
ET money,2025-09-22,1227,34,4397490.738100001,129337.96288529414,11,1219687.956
ET money,2025-09-21,1134,0,0.0,0.0,0,
ET money,2025-09-20,1573,10,200019.56,20001.956,23,1928764.5866999999
ET money,2025-09-19,1945,10,1194672.0722,119467.20722000001,12,2053914.2799
ET money,2025-09-18,1949,13,1576798.5354000002,121292.19503076925,5,575336.2326
ET money,2025-09-17,2488,20,1471559.5011000002,73577.97505500002,20,2088152.5095999998
ET money,2025-09-16,2289,5,365960.21070000005,73192.04214,6,368076.0481
ET money,2025-09-15,778,9,1141302.7699,126811.41887777777,3,651318.972
ET money,2025-09-14,385,0,0.0,0.0,0,
ET money,2025-09-13,307,0,0.0,0.0,0,
ET money,2025-09-12,74,0,0.0,0.0,0,
ET money,2025-09-11,3,0,0.0,0.0,0,
ET money,2025-09-10,3,0,0.0,0.0,0,
ET money,2025-09-09,1,3,328.6186,109.53953333333334,0,
ET money,2025-09-08,4,0,0.0,0.0,0,
ET money,2025-09-06,1,0,0.0,0.0,0,
ET money,2025-09-03,2,2,101140.9087,50570.45435,0,
ET money,2025-09-02,1,0,0.0,0.0,0,
ET money,2025-09-01,2,0,0.0,0.0,0,
ET money,2025-08-31,2,0,0.0,0.0,0,
ET money,2025-08-30,1,0,0.0,0.0,0,
ET money,2025-08-27,2,0,0.0,0.0,0,
ET money,2025-08-26,1,0,0.0,0.0,0,
ET money,2025-08-24,1,0,0.0,0.0,0,
ET money,2025-08-21,3,0,0.0,0.0,0,
ET money,2025-08-19,1,0,0.0,0.0,0,
ET money,2025-08-16,1,0,0.0,0.0,0,
ET money,2025-08-15,1,0,0.0,0.0,0,
ET money,2025-08-11,1,0,0.0,0.0,0,
ET money,2025-08-10,2,0,0.0,0.0,0,
ET money,2025-08-09,1,0,0.0,0.0,0,
ET money,2025-08-08,1,0,0.0,0.0,0,
ET money,2025-08-06,2,0,0.0,0.0,0,
ET money,2025-08-03,2,0,0.0,0.0,0,
ET money,2025-08-02,2,0,0.0,0.0,0,
ET money,2025-07-31,2,0,0.0,0.0,0,
ET money,2025-07-30,1,0,0.0,0.0,0,
ET money,2025-07-29,1,0,0.0,0.0,0,
ET money,2025-07-25,4,0,0.0,0.0,0,
ET money,2025-07-24,1,0,0.0,0.0,0,
ET money,2025-07-23,1,0,0.0,0.0,0,
ET money,2025-07-20,1,0,0.0,0.0,0,
ET money,2025-07-19,2,0,0.0,0.0,0,
ET money,2025-07-18,1,0,0.0,0.0,0,
ET money,2025-07-17,1,0,0.0,0.0,0,
ET money,2025-07-16,2,0,0.0,0.0,0,
ET money,2025-07-13,1,0,0.0,0.0,0,
ET money,2025-07-12,1,0,0.0,0.0,0,
ET money,2025-07-11,2,0,0.0,0.0,0,
ET money,2025-07-10,3,0,0.0,0.0,0,
ET money,2025-07-08,2,0,0.0,0.0,0,
ET money,2025-07-07,4,0,0.0,0.0,0,
ET money,2025-07-03,1,0,0.0,0.0,0,
ET money,2025-07-01,1,0,0.0,0.0,0,
ET money,2025-06-29,1,0,0.0,0.0,0,
ET money,2025-06-28,2,0,0.0,0.0,0,
ET money,2025-06-27,1,0,0.0,0.0,0,
ET money,2025-06-24,1,0,0.0,0.0,0,
ET money,2025-06-23,1,0,0.0,0.0,0,
ET money,2025-06-21,1,0,0.0,0.0,0,
ET money,2025-06-20,1,0,0.0,0.0,0,
ET money,2025-06-19,1,0,0.0,0.0,0,
ET money,2025-06-18,1,0,0.0,0.0,0,
ET money,2025-06-14,2,0,0.0,0.0,0,
ET money,2025-06-12,1,0,0.0,0.0,0,
ET money,2025-06-05,1,0,0.0,0.0,0,
ET money,2025-06-04,2,0,0.0,0.0,0,
ET money,2025-05-29,2,0,0.0,0.0,0,
ET money,2025-05-28,1,0,0.0,0.0,0,
ET money,2025-05-26,1,0,0.0,0.0,0,
ET money,2025-05-25,2,0,0.0,0.0,0,
ET money,2025-05-24,2,0,0.0,0.0,0,
ET money,2025-05-23,2,0,0.0,0.0,0,
ET money,2025-05-22,2,0,0.0,0.0,0,
ET money,2025-05-21,2,0,0.0,0.0,0,
ET money,2025-05-19,1,0,0.0,0.0,0,
ET money,2025-05-18,5,0,0.0,0.0,0,
ET money,2025-05-17,1,0,0.0,0.0,0,
ET money,2025-05-16,1,0,0.0,0.0,0,
ET money,2025-05-11,1,0,0.0,0.0,0,
ET money,2025-05-06,2,0,0.0,0.0,0,
ET money,2025-05-05,1,0,0.0,0.0,0,
ET money,2025-05-04,1,0,0.0,0.0,0,
ET money,2025-05-03,1,0,0.0,0.0,0,
ET money,2025-05-02,3,0,0.0,0.0,0,
ET money,2025-05-01,1,0,0.0,0.0,0,
ET money,2025-04-30,1,0,0.0,0.0,0,
ET money,2025-04-29,1,0,0.0,0.0,0,
ET money,2025-04-28,1,0,0.0,0.0,0,
ET money,2025-04-25,1,0,0.0,0.0,0,
ET money,2025-04-23,2,0,0.0,0.0,0,
ET money,2025-04-21,1,0,0.0,0.0,0,
ET money,2025-04-19,1,0,0.0,0.0,0,
ET money,2025-04-18,4,0,0.0,0.0,0,
ET money,2025-04-16,1,0,0.0,0.0,0,
ET money,2025-04-15,3,0,0.0,0.0,0,
ET money,2025-04-13,3,0,0.0,0.0,0,
ET money,2025-04-11,1,0,0.0,0.0,0,
ET money,2025-04-09,1,0,0.0,0.0,0,
ET money,2025-04-02,2,0,0.0,0.0,0,
ET money,2025-03-31,1,0,0.0,0.0,0,
ET money,2025-03-28,2,0,0.0,0.0,0,
ET money,2025-03-27,1,0,0.0,0.0,0,
ET money,2025-03-26,1,0,0.0,0.0,0,
ET money,2025-03-25,2,0,0.0,0.0,0,
ET money,2025-03-22,1,0,0.0,0.0,0,
ET money,2025-03-20,2,0,0.0,0.0,0,
ET money,2025-03-18,1,0,0.0,0.0,0,
ET money,2025-03-17,1,0,0.0,0.0,0,
ET money,2025-03-09,2,0,0.0,0.0,0,
ET money,2025-03-06,1,0,0.0,0.0,0,
ET money,2025-03-05,1,0,0.0,0.0,0,
ET money,2025-03-04,1,0,0.0,0.0,0,
ET money,2025-03-02,1,0,0.0,0.0,0,
ET money,2025-03-01,1,0,0.0,0.0,0,
ET money,2025-02-28,2,0,0.0,0.0,0,
ET money,2025-02-27,1,0,0.0,0.0,0,
ET money,2025-02-23,1,0,0.0,0.0,0,
ET money,2025-02-22,3,0,0.0,0.0,0,
ET money,2025-02-19,1,0,0.0,0.0,0,
ET money,2025-02-16,2,0,0.0,0.0,0,
ET money,2025-02-15,2,0,0.0,0.0,0,
ET money,2025-02-14,1,0,0.0,0.0,0,
ET money,2025-02-13,1,0,0.0,0.0,0,
ET money,2025-02-05,1,0,0.0,0.0,0,
ET money,2025-02-03,1,0,0.0,0.0,0,
ET money,2025-01-27,1,0,0.0,0.0,0,
ET money,2025-01-25,2,0,0.0,0.0,0,
ET money,2025-01-23,1,0,0.0,0.0,0,
ET money,2025-01-19,1,0,0.0,0.0,0,
ET money,2025-01-16,2,0,0.0,0.0,0,
ET money,2025-01-13,1,0,0.0,0.0,0,
ET money,2025-01-11,1,0,0.0,0.0,0,
ET money,2025-01-07,1,0,0.0,0.0,0,
ET money,2025-01-06,1,0,0.0,0.0,0,
ET money,2025-01-05,1,0,0.0,0.0,0,
ET money,2025-01-02,1,0,0.0,0.0,0,
ET money,2025-01-01,1,0,0.0,0.0,0,
ET money,2024-12-31,2,0,0.0,0.0,0,
ET money,2024-12-30,1,0,0.0,0.0,0,
ET money,2024-12-27,1,0,0.0,0.0,0,
ET money,2024-12-23,2,0,0.0,0.0,0,
ET money,2024-12-16,1,0,0.0,0.0,0,
ET money,2024-12-13,1,0,0.0,0.0,0,
ET money,2024-12-10,1,0,0.0,0.0,0,
ET money,2024-12-09,1,0,0.0,0.0,0,
ET money,2024-12-08,2,0,0.0,0.0,0,
ET money,2024-12-06,1,0,0.0,0.0,0,
ET money,2024-12-05,2,0,0.0,0.0,0,
ET money,2024-11-29,1,0,0.0,0.0,0,
ET money,2024-11-25,1,0,0.0,0.0,0,
ET money,2024-11-23,1,0,0.0,0.0,0,
ET money,2024-11-18,1,0,0.0,0.0,0,
ET money,2024-11-10,1,0,0.0,0.0,0,
ET money,2024-11-06,1,0,0.0,0.0,0,
ET money,2024-11-04,1,0,0.0,0.0,0,
ET money,2024-10-31,2,0,0.0,0.0,0,
ET money,2024-10-25,1,0,0.0,0.0,0,
ET money,2024-10-16,1,0,0.0,0.0,0,
ET money,2024-10-12,1,0,0.0,0.0,0,
ET money,2024-10-10,1,0,0.0,0.0,0,
ET money,2024-10-08,1,0,0.0,0.0,0,
ET money,2024-10-03,3,0,0.0,0.0,0,
ET money,2024-10-01,1,0,0.0,0.0,0,
ET money,2024-09-26,2,0,0.0,0.0,0,
ET money,2024-09-25,1,0,0.0,0.0,0,
ET money,2024-09-10,1,0,0.0,0.0,0,
ET money,2024-09-05,1,0,0.0,0.0,0,
ET money,2024-09-04,1,0,0.0,0.0,0,
ET money,2024-09-01,2,0,0.0,0.0,0,
ET money,2024-08-29,1,0,0.0,0.0,0,
ET money,2024-08-22,1,0,0.0,0.0,0,
ET money,2024-08-20,1,0,0.0,0.0,0,
ET money,2024-08-14,1,0,0.0,0.0,0,
ET money,2024-08-12,2,0,0.0,0.0,0,
ET money,2024-08-04,1,0,0.0,0.0,0,
ET money,2024-08-03,1,0,0.0,0.0,0,
ET money,2024-08-02,2,0,0.0,0.0,0,
ET money,2024-07-30,1,0,0.0,0.0,0,
ET money,2024-07-28,1,0,0.0,0.0,0,
ET money,2024-07-26,1,0,0.0,0.0,0,
ET money,2024-07-23,1,0,0.0,0.0,0,
ET money,2024-07-22,1,0,0.0,0.0,0,
ET money,2024-07-19,1,0,0.0,0.0,0,
ET money,2024-07-18,1,0,0.0,0.0,0,
ET money,2024-07-17,2,0,0.0,0.0,0,
ET money,2024-07-14,1,0,0.0,0.0,0,
ET money,2024-07-10,1,0,0.0,0.0,0,
ET money,2024-07-09,1,0,0.0,0.0,0,
ET money,2024-07-07,1,0,0.0,0.0,0,
ET money,2024-07-05,1,0,0.0,0.0,0,
ET money,2024-07-04,1,0,0.0,0.0,0,
ET money,2024-06-29,1,0,0.0,0.0,0,
ET money,2024-06-28,1,0,0.0,0.0,0,
ET money,2024-06-20,1,0,0.0,0.0,0,
ET money,2024-06-18,1,0,0.0,0.0,0,
ET money,2024-06-17,1,0,0.0,0.0,0,
ET money,2024-06-15,1,0,0.0,0.0,0,
ET money,2024-06-14,2,0,0.0,0.0,0,
ET money,2024-06-13,1,0,0.0,0.0,0,
ET money,2024-06-07,1,0,0.0,0.0,0,
ET money,2024-06-03,1,0,0.0,0.0,0,
ET money,2024-06-02,1,0,0.0,0.0,0,
ET money,2024-05-31,1,0,0.0,0.0,0,
ET money,2024-05-22,1,0,0.0,0.0,0,
ET money,2024-05-18,1,0,0.0,0.0,0,
ET money,2024-05-16,1,0,0.0,0.0,0,
ET money,2024-05-15,1,0,0.0,0.0,0,
ET money,2024-05-13,1,0,0.0,0.0,0,
ET money,2024-05-01,2,0,0.0,0.0,0,
ET money,2024-04-18,1,0,0.0,0.0,0,
ET money,2024-04-14,1,0,0.0,0.0,0,
ET money,2024-04-13,1,0,0.0,0.0,0,
ET money,2024-04-12,3,0,0.0,0.0,0,
ET money,2024-04-11,1,0,0.0,0.0,0,
ET money,2024-04-07,1,0,0.0,0.0,0,
ET money,2024-04-06,1,0,0.0,0.0,0,
ET money,2024-03-29,1,0,0.0,0.0,0,
ET money,2024-03-28,1,0,0.0,0.0,0,
ET money,2024-03-26,1,0,0.0,0.0,0,
ET money,2024-03-25,1,0,0.0,0.0,0,
ET money,2024-03-15,1,0,0.0,0.0,0,
ET money,2024-03-14,1,0,0.0,0.0,0,
ET money,2024-03-13,1,0,0.0,0.0,0,
ET money,2024-03-08,1,0,0.0,0.0,0,
ET money,2024-03-04,1,0,0.0,0.0,0,
ET money,2024-03-02,2,0,0.0,0.0,0,
ET money,2024-03-01,1,0,0.0,0.0,0,
ET money,2024-02-25,1,0,0.0,0.0,0,
ET money,2024-02-24,1,0,0.0,0.0,0,
ET money,2024-02-20,1,0,0.0,0.0,0,
ET money,2024-02-17,1,0,0.0,0.0,0,
ET money,2024-02-06,1,0,0.0,0.0,0,
ET money,2024-01-31,1,0,0.0,0.0,0,
ET money,2024-01-30,1,0,0.0,0.0,0,
ET money,2024-01-21,1,0,0.0,0.0,0,
ET money,2024-01-19,1,0,0.0,0.0,0,
ET money,2024-01-15,1,0,0.0,0.0,0,
ET money,2024-01-02,2,0,0.0,0.0,0,
ET money,2023-12-27,1,0,0.0,0.0,0,
ET money,2023-12-25,2,0,0.0,0.0,0,
ET money,2023-12-23,1,0,0.0,0.0,0,
ET money,2023-12-20,2,0,0.0,0.0,0,
ET money,2023-12-19,1,0,0.0,0.0,0,
ET money,2023-12-14,1,0,0.0,0.0,0,
ET money,2023-12-10,1,0,0.0,0.0,0,
ET money,2023-12-02,1,0,0.0,0.0,0,
ET money,2023-11-28,2,0,0.0,0.0,0,
ET money,2023-11-19,1,0,0.0,0.0,0,
ET money,2023-11-13,1,0,0.0,0.0,0,
ET money,2023-11-03,1,0,0.0,0.0,0,
ET money,2023-10-22,1,0,0.0,0.0,0,
ET money,2023-10-21,2,0,0.0,0.0,0,
ET money,2023-10-20,1,0,0.0,0.0,0,
ET money,2023-10-19,1,0,0.0,0.0,0,
ET money,2023-10-17,1,0,0.0,0.0,0,
ET money,2023-10-12,2,0,0.0,0.0,0,
ET money,2023-10-08,1,0,0.0,0.0,0,
ET money,2023-10-03,1,0,0.0,0.0,0,
ET money,2023-09-29,1,0,0.0,0.0,0,
ET money,2023-09-26,1,0,0.0,0.0,0,
ET money,2023-09-18,1,0,0.0,0.0,0,
ET money,2023-09-11,1,0,0.0,0.0,0,
ET money,2023-09-09,1,0,0.0,0.0,0,
ET money,2023-09-08,1,0,0.0,0.0,0,
ET money,2023-09-03,1,0,0.0,0.0,0,
ET money,2023-09-01,1,0,0.0,0.0,0,
ET money,2023-08-27,1,0,0.0,0.0,0,
ET money,2023-08-21,1,0,0.0,0.0,0,
ET money,2023-08-20,1,0,0.0,0.0,0,
ET money,2023-08-17,1,0,0.0,0.0,0,
ET money,2023-08-11,1,0,0.0,0.0,0,
ET money,2023-08-09,1,0,0.0,0.0,0,
ET money,2023-08-06,1,0,0.0,0.0,0,
ET money,2023-08-04,1,0,0.0,0.0,0,
ET money,2023-07-25,1,0,0.0,0.0,0,
ET money,2023-07-22,1,0,0.0,0.0,0,
ET money,2023-07-11,1,0,0.0,0.0,0,
ET money,2023-07-08,1,0,0.0,0.0,0,
ET money,2023-06-26,1,0,0.0,0.0,0,
ET money,2023-06-16,1,0,0.0,0.0,0,
ET money,2023-06-08,2,0,0.0,0.0,0,
ET money,2023-06-02,1,0,0.0,0.0,0,
ET money,2023-06-01,1,0,0.0,0.0,0,
ET money,2023-05-30,1,0,0.0,0.0,0,
ET money,2023-05-27,1,0,0.0,0.0,0,
ET money,2023-05-25,1,0,0.0,0.0,0,
ET money,2023-05-21,1,0,0.0,0.0,0,
ET money,2023-05-18,1,0,0.0,0.0,0,
ET money,2023-05-14,1,0,0.0,0.0,0,
ET money,2023-05-11,1,0,0.0,0.0,0,
ET money,2023-05-01,1,0,0.0,0.0,0,
ET money,2023-04-30,1,0,0.0,0.0,0,
ET money,2023-04-19,1,0,0.0,0.0,0,
ET money,2023-04-17,3,0,0.0,0.0,0,
ET money,2023-04-11,1,0,0.0,0.0,0,
ET money,2023-04-09,1,0,0.0,0.0,0,
ET money,2023-04-04,2,0,0.0,0.0,0,
ET money,2023-03-29,1,0,0.0,0.0,0,
ET money,2023-03-28,2,0,0.0,0.0,0,
ET money,2023-03-25,1,0,0.0,0.0,0,
ET money,2023-03-22,1,0,0.0,0.0,0,
ET money,2023-03-18,1,0,0.0,0.0,0,
ET money,2023-03-11,1,0,0.0,0.0,0,
ET money,2023-03-09,2,0,0.0,0.0,0,
ET money,2023-03-05,2,0,0.0,0.0,0,
ET money,2023-03-01,1,0,0.0,0.0,0,
ET money,2023-02-28,4,0,0.0,0.0,0,
ET money,2023-02-22,1,0,0.0,0.0,0,
ET money,2023-02-20,1,0,0.0,0.0,0,
ET money,2023-02-11,1,0,0.0,0.0,0,
ET money,2023-02-10,1,0,0.0,0.0,0,
ET money,2023-01-31,1,0,0.0,0.0,0,
ET money,2023-01-29,1,0,0.0,0.0,0,
ET money,2023-01-28,1,0,0.0,0.0,0,
ET money,2023-01-27,1,0,0.0,0.0,0,
ET money,2023-01-26,1,0,0.0,0.0,0,
ET money,2023-01-25,1,0,0.0,0.0,0,
ET money,2023-01-24,1,0,0.0,0.0,0,
ET money,2023-01-18,1,0,0.0,0.0,0,
ET money,2023-01-17,1,0,0.0,0.0,0,
ET money,2023-01-06,2,0,0.0,0.0,0,
ET money,2023-01-02,4,0,0.0,0.0,0,
ET money,2022-12-31,1,0,0.0,0.0,0,
ET money,2022-12-29,2,0,0.0,0.0,0,
ET money,2022-12-28,1,0,0.0,0.0,0,
ET money,2022-12-27,1,0,0.0,0.0,0,
ET money,2022-12-26,1,0,0.0,0.0,0,
ET money,2022-12-25,2,0,0.0,0.0,0,
ET money,2022-12-22,1,0,0.0,0.0,0,
ET money,2022-12-15,3,0,0.0,0.0,0,
ET money,2022-12-13,1,0,0.0,0.0,0,
ET money,2022-12-10,1,0,0.0,0.0,0,
ET money,2022-12-07,1,0,0.0,0.0,0,
ET money,2022-12-04,2,0,0.0,0.0,0,
ET money,2022-11-29,1,0,0.0,0.0,0,
ET money,2022-11-23,1,0,0.0,0.0,0,
ET money,2022-11-21,1,0,0.0,0.0,0,
ET money,2022-11-19,1,0,0.0,0.0,0,
ET money,2022-11-17,1,0,0.0,0.0,0,
ET money,2022-11-15,1,0,0.0,0.0,0,
ET money,2022-11-13,2,0,0.0,0.0,0,
ET money,2022-11-12,2,0,0.0,0.0,0,
ET money,2022-11-11,1,0,0.0,0.0,0,
ET money,2022-11-10,2,0,0.0,0.0,0,
ET money,2022-11-09,2,0,0.0,0.0,0,
ET money,2022-11-08,3,0,0.0,0.0,0,
ET money,2022-11-06,1,0,0.0,0.0,0,
ET money,2022-11-03,1,0,0.0,0.0,0,
ET money,2022-10-31,3,0,0.0,0.0,0,
ET money,2022-10-26,1,0,0.0,0.0,0,
ET money,2022-10-25,1,0,0.0,0.0,0,
ET money,2022-10-23,1,0,0.0,0.0,0,
ET money,2022-10-21,1,0,0.0,0.0,0,
ET money,2022-10-17,1,0,0.0,0.0,0,
ET money,2022-10-16,1,0,0.0,0.0,0,
ET money,2022-10-14,1,0,0.0,0.0,0,
ET money,2022-10-13,2,0,0.0,0.0,0,
ET money,2022-10-10,1,0,0.0,0.0,0,
ET money,2022-10-08,3,0,0.0,0.0,0,
ET money,2022-10-06,2,0,0.0,0.0,0,
ET money,2022-10-04,1,0,0.0,0.0,0,
ET money,2022-10-03,1,0,0.0,0.0,0,
ET money,2022-09-30,1,0,0.0,0.0,0,
ET money,2022-09-28,1,0,0.0,0.0,0,
ET money,2022-09-26,1,0,0.0,0.0,0,
ET money,2022-09-25,1,0,0.0,0.0,0,
ET money,2022-09-24,2,0,0.0,0.0,0,
ET money,2022-09-23,1,0,0.0,0.0,0,
ET money,2022-09-18,1,0,0.0,0.0,0,
ET money,2022-09-16,2,0,0.0,0.0,0,
ET money,2022-09-14,1,0,0.0,0.0,0,
ET money,2022-09-13,3,0,0.0,0.0,0,
ET money,2022-09-12,3,0,0.0,0.0,0,
ET money,2022-09-11,1,0,0.0,0.0,0,
ET money,2022-09-07,1,0,0.0,0.0,0,
ET money,2022-09-06,1,0,0.0,0.0,0,
ET money,2022-09-05,1,0,0.0,0.0,0,
ET money,2022-09-04,1,0,0.0,0.0,0,
ET money,2022-09-03,1,0,0.0,0.0,0,
ET money,2022-09-01,1,0,0.0,0.0,0,
ET money,2022-08-31,2,0,0.0,0.0,0,
ET money,2022-08-30,1,0,0.0,0.0,0,
ET money,2022-08-27,1,0,0.0,0.0,0,
ET money,2022-08-26,1,0,0.0,0.0,0,
ET money,2022-08-25,1,0,0.0,0.0,0,
ET money,2022-08-21,1,0,0.0,0.0,0,
ET money,2022-08-20,1,0,0.0,0.0,0,
ET money,2022-08-19,1,0,0.0,0.0,0,
ET money,2022-08-15,1,0,0.0,0.0,0,
ET money,2022-08-12,1,0,0.0,0.0,0,
ET money,2022-08-10,1,0,0.0,0.0,0,
ET money,2022-08-08,2,0,0.0,0.0,0,
ET money,2022-08-07,2,0,0.0,0.0,0,
ET money,2022-08-06,2,0,0.0,0.0,0,
ET money,2022-08-05,3,0,0.0,0.0,0,
ET money,2022-08-03,1,0,0.0,0.0,0,
ET money,2022-08-02,1,0,0.0,0.0,0,
ET money,2022-08-01,1,0,0.0,0.0,0,
ET money,2022-07-31,1,0,0.0,0.0,0,
ET money,2022-07-28,1,0,0.0,0.0,0,
ET money,2022-07-26,1,0,0.0,0.0,0,
ET money,2022-07-23,1,0,0.0,0.0,0,
ET money,2022-07-22,1,0,0.0,0.0,0,
ET money,2022-07-21,2,0,0.0,0.0,0,
ET money,2022-07-19,2,0,0.0,0.0,0,
ET money,2022-07-18,1,0,0.0,0.0,0,
ET money,2022-07-17,2,0,0.0,0.0,0,
ET money,2022-07-11,2,0,0.0,0.0,0,
ET money,2022-07-10,1,0,0.0,0.0,0,
ET money,2022-07-09,1,0,0.0,0.0,0,
ET money,2022-07-08,3,0,0.0,0.0,0,
ET money,2022-07-07,4,0,0.0,0.0,0,
ET money,2022-07-06,5,0,0.0,0.0,0,
ET money,2022-07-05,2,0,0.0,0.0,0,
ET money,2022-07-03,1,0,0.0,0.0,0,
ET money,2022-07-02,2,0,0.0,0.0,0,
ET money,2022-07-01,5,0,0.0,0.0,0,
ET money,2022-06-30,3,0,0.0,0.0,0,
ET money,2022-06-28,2,0,0.0,0.0,0,
ET money,2022-06-27,2,0,0.0,0.0,0,
ET money,2022-06-25,1,0,0.0,0.0,0,
ET money,2022-06-24,2,0,0.0,0.0,0,
ET money,2022-06-23,1,0,0.0,0.0,0,
ET money,2022-06-22,1,0,0.0,0.0,0,
ET money,2022-06-20,1,0,0.0,0.0,0,
ET money,2022-06-19,1,0,0.0,0.0,0,
ET money,2022-06-13,1,0,0.0,0.0,0,
ET money,2022-06-12,1,0,0.0,0.0,0,
ET money,2022-06-11,1,0,0.0,0.0,0,
ET money,2022-06-10,3,0,0.0,0.0,0,
ET money,2022-06-09,1,0,0.0,0.0,0,
ET money,2022-06-07,1,0,0.0,0.0,0,
ET money,2022-06-06,1,0,0.0,0.0,0,
ET money,2022-06-05,5,0,0.0,0.0,0,
ET money,2022-06-04,4,0,0.0,0.0,0,
ET money,2022-06-03,7,0,0.0,0.0,0,
ET money,2022-06-02,5,0,0.0,0.0,0,
ET money,2022-06-01,2,0,0.0,0.0,0,
ET money,2022-05-31,5,0,0.0,0.0,0,
ET money,2022-05-30,3,0,0.0,0.0,0,
ET money,2022-05-28,2,0,0.0,0.0,0,
ET money,2022-05-27,1,0,0.0,0.0,0,
ET money,2022-05-26,2,0,0.0,0.0,0,
ET money,2022-05-21,3,0,0.0,0.0,0,
ET money,2022-05-18,1,0,0.0,0.0,0,
ET money,2022-05-17,2,0,0.0,0.0,0,
ET money,2022-05-15,1,0,0.0,0.0,0,
ET money,2022-05-14,1,0,0.0,0.0,0,
ET money,2022-05-13,1,0,0.0,0.0,0,
ET money,2022-05-12,1,0,0.0,0.0,0,
ET money,2022-05-10,1,0,0.0,0.0,0,
ET money,2022-05-09,4,0,0.0,0.0,0,
ET money,2022-05-08,1,0,0.0,0.0,0,
ET money,2022-05-07,1,0,0.0,0.0,0,
ET money,2022-05-06,1,0,0.0,0.0,0,
ET money,2022-05-05,1,0,0.0,0.0,0,
ET money,2022-05-02,1,0,0.0,0.0,0,
ET money,2022-05-01,2,0,0.0,0.0,0,
ET money,2022-04-29,2,0,0.0,0.0,0,
ET money,2022-04-26,4,0,0.0,0.0,0,
ET money,2022-04-24,2,0,0.0,0.0,0,
ET money,2022-04-23,1,0,0.0,0.0,0,
ET money,2022-04-21,1,0,0.0,0.0,0,
ET money,2022-04-20,3,0,0.0,0.0,0,
ET money,2022-04-19,1,0,0.0,0.0,0,
ET money,2022-04-18,2,0,0.0,0.0,0,
ET money,2022-04-14,1,0,0.0,0.0,0,
ET money,2022-04-12,2,0,0.0,0.0,0,
ET money,2022-04-10,1,0,0.0,0.0,0,
ET money,2022-04-09,2,0,0.0,0.0,0,
ET money,2022-04-05,1,0,0.0,0.0,0,
ET money,2022-04-03,4,0,0.0,0.0,0,
ET money,2022-03-31,1,0,0.0,0.0,0,
ET money,2022-03-29,2,0,0.0,0.0,0,
ET money,2022-03-28,1,0,0.0,0.0,0,
ET money,2022-03-27,3,0,0.0,0.0,0,
ET money,2022-03-26,1,0,0.0,0.0,0,
ET money,2022-03-24,2,0,0.0,0.0,0,
ET money,2022-03-23,2,0,0.0,0.0,0,
ET money,2022-03-22,1,0,0.0,0.0,0,
ET money,2022-03-21,3,0,0.0,0.0,0,
ET money,2022-03-20,2,0,0.0,0.0,0,
ET money,2022-03-19,1,0,0.0,0.0,0,
ET money,2022-03-15,1,0,0.0,0.0,0,
ET money,2022-03-11,1,0,0.0,0.0,0,
ET money,2022-03-10,3,0,0.0,0.0,0,
ET money,2022-03-09,1,0,0.0,0.0,0,
ET money,2022-03-07,2,0,0.0,0.0,0,
ET money,2022-03-06,1,0,0.0,0.0,0,
ET money,2022-03-05,1,0,0.0,0.0,0,
ET money,2022-03-01,2,0,0.0,0.0,0,
ET money,2022-02-28,3,0,0.0,0.0,0,
ET money,2022-02-26,1,0,0.0,0.0,0,
ET money,2022-02-24,2,0,0.0,0.0,0,
ET money,2022-02-23,3,0,0.0,0.0,0,
ET money,2022-02-22,3,0,0.0,0.0,0,
ET money,2022-02-21,1,0,0.0,0.0,0,
ET money,2022-02-19,1,0,0.0,0.0,0,
ET money,2022-02-18,5,0,0.0,0.0,0,
ET money,2022-02-16,4,0,0.0,0.0,0,
ET money,2022-02-15,1,0,0.0,0.0,0,
ET money,2022-02-14,3,0,0.0,0.0,0,
ET money,2022-02-13,2,0,0.0,0.0,0,
ET money,2022-02-12,2,0,0.0,0.0,0,
ET money,2022-02-11,2,0,0.0,0.0,0,
ET money,2022-02-10,1,0,0.0,0.0,0,
ET money,2022-02-09,1,0,0.0,0.0,0,
ET money,2022-02-07,3,0,0.0,0.0,0,
ET money,2022-02-06,3,0,0.0,0.0,0,
ET money,2022-02-04,2,0,0.0,0.0,0,
ET money,2022-02-01,1,0,0.0,0.0,0,
ET money,2022-01-31,5,0,0.0,0.0,0,
ET money,2022-01-30,1,0,0.0,0.0,0,
ET money,2022-01-29,3,0,0.0,0.0,0,
ET money,2022-01-28,1,0,0.0,0.0,0,
ET money,2022-01-26,1,0,0.0,0.0,0,
ET money,2022-01-25,3,0,0.0,0.0,0,
ET money,2022-01-24,4,0,0.0,0.0,0,
ET money,2022-01-23,2,0,0.0,0.0,0,
ET money,2022-01-22,1,0,0.0,0.0,0,
ET money,2022-01-21,2,0,0.0,0.0,0,
ET money,2022-01-20,1,0,0.0,0.0,0,
ET money,2022-01-19,4,0,0.0,0.0,0,
ET money,2022-01-18,3,0,0.0,0.0,0,
ET money,2022-01-17,1,0,0.0,0.0,0,
ET money,2022-01-16,4,0,0.0,0.0,0,
ET money,2022-01-15,4,0,0.0,0.0,0,
ET money,2022-01-14,2,0,0.0,0.0,0,
ET money,2022-01-13,1,0,0.0,0.0,0,
ET money,2022-01-12,1,0,0.0,0.0,0,
ET money,2022-01-11,5,0,0.0,0.0,0,
ET money,2022-01-10,2,0,0.0,0.0,0,
ET money,2022-01-09,3,0,0.0,0.0,0,
ET money,2022-01-08,3,0,0.0,0.0,0,
ET money,2022-01-07,2,0,0.0,0.0,0,
ET money,2022-01-06,4,0,0.0,0.0,0,
ET money,2022-01-05,2,0,0.0,0.0,0,
ET money,2022-01-04,5,0,0.0,0.0,0,
ET money,2022-01-03,3,0,0.0,0.0,0,
ET money,2022-01-02,1,0,0.0,0.0,0,
ET money,2022-01-01,1,0,0.0,0.0,0,
ET money,2021-12-30,1,0,0.0,0.0,0,
ET money,2021-12-29,1,0,0.0,0.0,0,
ET money,2021-12-28,4,0,0.0,0.0,0,
ET money,2021-12-27,1,0,0.0,0.0,0,
ET money,2021-12-26,3,0,0.0,0.0,0,
ET money,2021-12-24,1,0,0.0,0.0,0,
ET money,2021-12-22,4,0,0.0,0.0,0,
ET money,2021-12-21,2,0,0.0,0.0,0,
ET money,2021-12-18,1,0,0.0,0.0,0,
ET money,2021-12-16,1,0,0.0,0.0,0,
ET money,2021-12-14,2,0,0.0,0.0,0,
ET money,2021-12-13,1,0,0.0,0.0,0,
ET money,2021-12-10,3,0,0.0,0.0,0,
ET money,2021-12-09,1,0,0.0,0.0,0,
ET money,2021-12-08,2,0,0.0,0.0,0,
ET money,2021-12-02,1,0,0.0,0.0,0,
ET money,2021-11-28,2,0,0.0,0.0,0,
ET money,2021-11-27,1,0,0.0,0.0,0,
ET money,2021-11-26,1,0,0.0,0.0,0,
ET money,2021-11-24,1,0,0.0,0.0,0,
ET money,2021-11-18,1,0,0.0,0.0,0,
ET money,2021-11-17,1,0,0.0,0.0,0,
ET money,2021-11-16,2,0,0.0,0.0,0,
ET money,2021-11-14,1,0,0.0,0.0,0,
ET money,2021-11-11,1,0,0.0,0.0,0,
ET money,2021-11-10,1,0,0.0,0.0,0,
ET money,2021-11-09,3,0,0.0,0.0,0,
ET money,2021-11-08,1,0,0.0,0.0,0,
ET money,2021-11-06,1,0,0.0,0.0,0,
ET money,2021-11-04,3,0,0.0,0.0,0,
ET money,2021-11-02,1,0,0.0,0.0,0,
ET money,2021-11-01,2,0,0.0,0.0,0,
ET money,2021-10-28,1,0,0.0,0.0,0,
ET money,2021-10-27,2,0,0.0,0.0,0,
ET money,2021-10-25,2,0,0.0,0.0,0,
ET money,2021-10-22,1,0,0.0,0.0,0,
ET money,2021-10-18,2,0,0.0,0.0,0,
ET money,2021-10-17,2,0,0.0,0.0,0,
ET money,2021-10-15,1,0,0.0,0.0,0,
ET money,2021-10-14,2,0,0.0,0.0,0,
ET money,2021-10-12,2,0,0.0,0.0,0,
ET money,2021-10-11,1,0,0.0,0.0,0,
ET money,2021-10-10,2,0,0.0,0.0,0,
ET money,2021-10-09,2,0,0.0,0.0,0,
ET money,2021-10-08,1,0,0.0,0.0,0,
ET money,2021-10-04,2,0,0.0,0.0,0,
ET money,2021-10-01,1,0,0.0,0.0,0,
ET money,2021-09-30,1,0,0.0,0.0,0,
ET money,2021-09-28,1,0,0.0,0.0,0,
ET money,2021-09-26,1,0,0.0,0.0,0,
ET money,2021-09-24,1,0,0.0,0.0,0,
ET money,2021-09-23,1,0,0.0,0.0,0,
ET money,2021-09-22,1,0,0.0,0.0,0,
ET money,2021-09-21,1,0,0.0,0.0,0,
ET money,2021-09-20,3,0,0.0,0.0,0,
ET money,2021-09-18,2,0,0.0,0.0,0,
ET money,2021-09-17,2,0,0.0,0.0,0,
ET money,2021-09-16,1,0,0.0,0.0,0,
ET money,2021-09-15,2,0,0.0,0.0,0,
ET money,2021-09-14,1,0,0.0,0.0,0,
ET money,2021-09-13,1,0,0.0,0.0,0,
ET money,2021-09-12,2,0,0.0,0.0,0,
ET money,2021-09-11,1,0,0.0,0.0,0,
ET money,2021-09-10,1,0,0.0,0.0,0,
ET money,2021-09-09,1,0,0.0,0.0,0,
ET money,2021-09-08,1,0,0.0,0.0,0,
ET money,2021-09-07,2,0,0.0,0.0,0,
ET money,2021-09-04,1,0,0.0,0.0,0,
ET money,2021-09-03,1,0,0.0,0.0,0,
ET money,2021-09-01,2,0,0.0,0.0,0,
ET money,2021-08-27,2,0,0.0,0.0,0,
ET money,2021-08-26,3,0,0.0,0.0,0,
ET money,2021-08-23,1,0,0.0,0.0,0,
ET money,2021-08-22,3,0,0.0,0.0,0,
ET money,2021-08-21,1,0,0.0,0.0,0,
ET money,2021-08-17,1,0,0.0,0.0,0,
ET money,2021-08-16,1,0,0.0,0.0,0,
ET money,2021-08-10,1,0,0.0,0.0,0,
ET money,2021-08-08,2,0,0.0,0.0,0,
ET money,2021-08-06,1,0,0.0,0.0,0,
ET money,2021-08-05,1,0,0.0,0.0,0,
ET money,2021-08-04,2,0,0.0,0.0,0,
ET money,2021-08-02,3,0,0.0,0.0,0,
ET money,2021-08-01,2,0,0.0,0.0,0,
ET money,2021-07-31,3,0,0.0,0.0,0,
ET money,2021-07-29,1,0,0.0,0.0,0,
ET money,2021-07-27,1,0,0.0,0.0,0,
ET money,2021-07-25,4,0,0.0,0.0,0,
ET money,2021-07-21,1,0,0.0,0.0,0,
ET money,2021-07-20,1,0,0.0,0.0,0,
ET money,2021-07-18,1,0,0.0,0.0,0,
ET money,2021-07-17,1,0,0.0,0.0,0,
ET money,2021-07-14,1,0,0.0,0.0,0,
ET money,2021-07-11,1,0,0.0,0.0,0,
ET money,2021-07-08,2,0,0.0,0.0,0,
ET money,2021-07-05,1,0,0.0,0.0,0,
ET money,2021-07-04,1,0,0.0,0.0,0,
ET money,2021-07-01,1,0,0.0,0.0,0,
ET money,2021-06-29,1,0,0.0,0.0,0,
ET money,2021-06-25,1,0,0.0,0.0,0,
ET money,2021-06-24,2,0,0.0,0.0,0,
ET money,2021-06-21,2,0,0.0,0.0,0,
ET money,2021-06-19,2,0,0.0,0.0,0,
ET money,2021-06-13,2,0,0.0,0.0,0,
ET money,2021-06-12,1,0,0.0,0.0,0,
ET money,2021-06-09,1,0,0.0,0.0,0,
ET money,2021-06-08,1,0,0.0,0.0,0,
ET money,2021-06-07,4,0,0.0,0.0,0,
ET money,2021-06-06,3,0,0.0,0.0,0,
ET money,2021-06-03,1,0,0.0,0.0,0,
ET money,2021-06-01,2,0,0.0,0.0,0,
ET money,2021-05-31,1,0,0.0,0.0,0,
ET money,2021-05-30,3,0,0.0,0.0,0,
ET money,2021-05-29,3,0,0.0,0.0,0,
ET money,2021-05-25,2,0,0.0,0.0,0,
ET money,2021-05-23,1,0,0.0,0.0,0,
ET money,2021-05-21,1,0,0.0,0.0,0,
ET money,2021-05-19,1,0,0.0,0.0,0,
ET money,2021-05-18,1,0,0.0,0.0,0,
ET money,2021-05-17,1,0,0.0,0.0,0,
ET money,2021-05-16,2,0,0.0,0.0,0,
ET money,2021-05-13,1,0,0.0,0.0,0,
ET money,2021-05-11,1,0,0.0,0.0,0,
ET money,2021-05-10,1,0,0.0,0.0,0,
ET money,2021-05-07,1,0,0.0,0.0,0,
ET money,2021-05-04,2,0,0.0,0.0,0,
ET money,2021-04-28,1,0,0.0,0.0,0,
ET money,2021-04-24,1,0,0.0,0.0,0,
ET money,2021-04-18,2,0,0.0,0.0,0,
ET money,2021-04-15,2,0,0.0,0.0,0,
ET money,2021-04-13,1,0,0.0,0.0,0,
ET money,2021-04-12,1,0,0.0,0.0,0,
ET money,2021-04-11,2,0,0.0,0.0,0,
ET money,2021-04-09,1,0,0.0,0.0,0,
ET money,2021-04-04,1,0,0.0,0.0,0,
ET money,2021-04-03,1,0,0.0,0.0,0,
ET money,2021-04-01,1,0,0.0,0.0,0,
ET money,2021-03-31,1,0,0.0,0.0,0,
ET money,2021-03-30,1,0,0.0,0.0,0,
ET money,2021-03-28,1,0,0.0,0.0,0,
ET money,2021-03-27,1,0,0.0,0.0,0,
ET money,2021-03-23,1,0,0.0,0.0,0,
ET money,2021-03-08,1,0,0.0,0.0,0,
ET money,2021-02-28,1,0,0.0,0.0,0,
ET money,2021-02-22,1,0,0.0,0.0,0,
ET money,2021-02-20,1,0,0.0,0.0,0,
ET money,2021-02-13,1,0,0.0,0.0,0,
ET money,2021-02-09,1,0,0.0,0.0,0,
ET money,2021-02-07,1,0,0.0,0.0,0,
ET money,2021-02-04,1,0,0.0,0.0,0,
ET money,2021-02-02,1,0,0.0,0.0,0,
ET money,2021-01-27,1,0,0.0,0.0,0,
ET money,2021-01-22,2,0,0.0,0.0,0,
ET money,2021-01-21,1,0,0.0,0.0,0,
ET money,2021-01-17,2,0,0.0,0.0,0,
ET money,2021-01-12,1,0,0.0,0.0,0,
ET money,2020-12-21,1,0,0.0,0.0,0,
ET money,2020-12-12,1,0,0.0,0.0,0,
ET money,2020-12-01,1,0,0.0,0.0,0,
ET money,2020-11-23,1,0,0.0,0.0,0,
ET money,2020-10-25,1,0,0.0,0.0,0,
ET money,2020-10-16,1,0,0.0,0.0,0,
ET money,2020-07-16,1,0,0.0,0.0,0,
Paisa Bazaar,2026-05-17,504,0,0.0,0.0,0,
Paisa Bazaar,2026-05-16,487,0,0.0,0.0,0,
Paisa Bazaar,2026-05-15,477,48,4335285.92,90318.45666666667,15,902710.53
Paisa Bazaar,2026-05-14,517,49,5554596.86,113359.11959183674,9,957180.52
Paisa Bazaar,2026-05-13,561,33,5049592.49,153017.95424242425,10,340409.16
Paisa Bazaar,2026-05-12,490,70,9622478.75,137463.98214285713,8,952445.1900000001
Paisa Bazaar,2026-05-11,504,141,11043030.81,78319.36744680851,11,624151.3200000001
Paisa Bazaar,2026-05-10,490,0,0.0,0.0,0,
Paisa Bazaar,2026-05-09,572,7,122161.93,17451.704285714284,14,1060909.3
Paisa Bazaar,2026-05-08,550,76,19561942.279999997,257393.977368421,19,2232077.37
Paisa Bazaar,2026-05-07,555,66,11484879.01,174013.31833333333,13,1022078.91
Paisa Bazaar,2026-05-06,601,47,9110904.868,193849.03974468086,14,1450152.44
Paisa Bazaar,2026-05-05,640,45,4389385.9308,97541.90957333334,7,2246016.4538999996
Paisa Bazaar,2026-05-04,531,165,17134261.237,103844.0074969697,15,930606.7293
Paisa Bazaar,2026-05-03,621,1,5000.0,5000.0,10,153569.88290000003
Paisa Bazaar,2026-05-02,588,9,211887.35000000003,23543.038888888892,9,444701.2238
Paisa Bazaar,2026-05-01,584,5,300346.6,60069.31999999999,11,1130669.7932
Paisa Bazaar,2026-04-30,528,66,6069076.8365,91955.7096439394,16,1391405.4476
Paisa Bazaar,2026-04-29,512,50,4720199.8556,94403.99711200001,14,2728574.6314
Paisa Bazaar,2026-04-28,500,47,4808844.769300001,102315.84615531916,5,601090.4949
Paisa Bazaar,2026-04-27,473,122,15241638.4072,124931.46235409836,11,874648.9635999999
Paisa Bazaar,2026-04-26,449,0,0.0,0.0,0,
Paisa Bazaar,2026-04-25,494,0,0.0,0.0,0,
Paisa Bazaar,2026-04-24,471,59,8966185.642499998,151969.24817796607,9,684503.8991
Paisa Bazaar,2026-04-23,462,61,4651595.6351,76255.66614918032,10,688900.7466
Paisa Bazaar,2026-04-22,501,36,3239447.0519999997,89984.64033333333,12,784539.4291999999
Paisa Bazaar,2026-04-21,527,45,4532687.1181,100726.38040222222,5,411746.9189
Paisa Bazaar,2026-04-20,434,188,18962349.848500002,100863.56302393618,6,41704.1569
Paisa Bazaar,2026-04-19,462,21,642029.16,30572.817142857144,20,1576675.0367
Paisa Bazaar,2026-04-18,557,7,87594.81,12513.544285714286,20,1816953.6733000001
Paisa Bazaar,2026-04-17,533,68,6359204.755100001,93517.71698676472,14,2189210.3685
Paisa Bazaar,2026-04-16,553,48,3862261.1646,80463.7742625,17,1574228.5724000002
Paisa Bazaar,2026-04-15,826,115,10990610.409699999,95570.52530173912,7,343161.715
Paisa Bazaar,2026-04-14,595,4,229394.2,57348.55,11,893268.6114
Paisa Bazaar,2026-04-13,566,128,14903999.1546,116437.4933953125,12,1019035.4928
Paisa Bazaar,2026-04-12,807,5,298912.07999999996,59782.41599999999,13,1404656.0184000002
Paisa Bazaar,2026-04-11,820,8,191096.36000000002,23887.045000000002,18,1221570.0877
Paisa Bazaar,2026-04-10,597,72,10389799.137,144302.76579166666,23,2040602.6720999999
Paisa Bazaar,2026-04-09,859,65,7465157.829,114848.58198461539,19,2817865.6464
Paisa Bazaar,2026-04-08,559,45,4712204.1446,104715.64765777778,14,606920.4375
Paisa Bazaar,2026-04-07,510,54,5856822.4078,108459.67421851853,13,1663363.6796000001
Paisa Bazaar,2026-04-06,657,161,12493951.170500001,77602.18118322983,11,1831992.7333999998
Paisa Bazaar,2026-04-05,698,0,0.0,0.0,0,
Paisa Bazaar,2026-04-04,839,0,0.0,0.0,0,
Paisa Bazaar,2026-04-03,660,0,0.0,0.0,0,
Paisa Bazaar,2026-04-02,680,180,11825931.8651,65699.62147277778,20,769336.531
Paisa Bazaar,2026-04-01,688,0,0.0,0.0,0,
Paisa Bazaar,2026-03-31,676,4,123451.26,30862.815,17,1431323.5402999998
Paisa Bazaar,2026-03-30,587,148,14751021.0148,99669.0609108108,16,1112951.1914000001
Paisa Bazaar,2026-03-29,617,13,397028.42000000004,30540.647692307695,15,1050321.2471999999
Paisa Bazaar,2026-03-28,753,1,20356.1062,20356.1062,17,684232.4165
Paisa Bazaar,2026-03-27,532,97,10760714.8746,110935.20489278351,14,1906434.5932
Paisa Bazaar,2026-03-26,515,0,0.0,0.0,0,
Paisa Bazaar,2026-03-25,753,63,4969364.116699999,78878.7955031746,20,1188808.335
Paisa Bazaar,2026-03-24,631,32,2132543.1292999997,66641.97279062499,11,712464.7537000001
Paisa Bazaar,2026-03-23,742,123,8232277.1463,66929.0824902439,10,284609.2139
Paisa Bazaar,2026-03-22,748,0,0.0,0.0,0,
Paisa Bazaar,2026-03-21,956,0,0.0,0.0,0,
Paisa Bazaar,2026-03-20,743,107,6953272.7686,64983.85765046729,22,1143261.91
Paisa Bazaar,2026-03-19,702,0,0.0,0.0,0,
Paisa Bazaar,2026-03-18,735,66,7228392.8062,109521.10312424244,14,992337.3875000001
Paisa Bazaar,2026-03-17,672,62,4271148.713400001,68889.49537741937,16,1484212.8547
Paisa Bazaar,2026-03-16,700,124,11038409.1571,89019.42868629032,22,3266620.0672000004
Paisa Bazaar,2026-03-15,965,0,0.0,0.0,0,
Paisa Bazaar,2026-03-14,659,0,0.0,0.0,0,
Paisa Bazaar,2026-03-13,820,45,3359998.1830999996,74666.6262911111,9,568092.277
Paisa Bazaar,2026-03-12,1071,45,3700745.6447,82238.79210444445,16,2046954.5964000002
Paisa Bazaar,2026-03-11,739,38,1930615.8587000002,50805.68049210527,13,413232.3529
Paisa Bazaar,2026-03-10,869,44,7024176.5671999995,159640.37652727272,9,210046.94480000003
Paisa Bazaar,2026-03-09,1149,141,18768971.119500004,133113.27035106387,14,4046453.2468999997
Paisa Bazaar,2026-03-08,800,0,0.0,0.0,0,
Paisa Bazaar,2026-03-07,983,0,0.0,0.0,0,
Paisa Bazaar,2026-03-06,1287,61,5093924.8334,83506.96448196721,11,395347.77939999994
Paisa Bazaar,2026-03-05,802,53,4354291.977,82156.45239622642,18,1495482.9474
Paisa Bazaar,2026-03-04,746,89,9665412.422500001,108600.1395786517,11,416098.2872
Paisa Bazaar,2026-03-03,985,0,0.0,0.0,0,
Paisa Bazaar,2026-03-02,876,155,15674804.879400006,101127.77341548391,21,2459929.3105
Paisa Bazaar,2026-03-01,787,0,0.0,0.0,0,
Paisa Bazaar,2026-02-28,959,0,0.0,0.0,0,
Paisa Bazaar,2026-02-27,769,42,2676823.6057,63733.89537380953,16,1990431.0037999998
Paisa Bazaar,2026-02-26,795,42,3821623.8456,90991.04394285714,7,495644.5587
Paisa Bazaar,2026-02-25,816,35,3218868.1456999998,91967.66130571428,12,548083.5923
Paisa Bazaar,2026-02-24,810,44,4661912.864899999,105952.56511136363,22,1937823.0461
Paisa Bazaar,2026-02-23,790,92,6488634.2022,70528.6326326087,14,1109707.5077
Paisa Bazaar,2026-02-22,794,0,0.0,0.0,0,
Paisa Bazaar,2026-02-21,1103,0,0.0,0.0,0,
Paisa Bazaar,2026-02-20,785,87,7967776.790299999,91583.64126781607,18,1096920.2702
Paisa Bazaar,2026-02-19,747,0,0.0,0.0,0,
Paisa Bazaar,2026-02-18,1034,35,3660119.9061,104574.85445999999,21,2213155.5118
Paisa Bazaar,2026-02-17,827,37,3950675.9236,106775.02496216216,6,291501.6032
Paisa Bazaar,2026-02-16,760,101,8801029.435899999,87138.90530594059,16,1354671.2636
Paisa Bazaar,2026-02-15,1086,0,0.0,0.0,0,
Paisa Bazaar,2026-02-14,852,0,0.0,0.0,0,
Paisa Bazaar,2026-02-13,775,38,3324952.7130000005,87498.75560526317,9,288067.95989999996
Paisa Bazaar,2026-02-12,1153,59,4651606.059300001,78840.78066610171,15,702574.1035999999
Paisa Bazaar,2026-02-11,913,63,4769816.2876,75711.36964444445,11,329645.22990000003
Paisa Bazaar,2026-02-10,729,34,1712120.9718999998,50356.4991735294,10,603990.5079
Paisa Bazaar,2026-02-09,752,82,6353387.8667,77480.33983780487,19,1266908.7867
Paisa Bazaar,2026-02-08,899,0,0.0,0.0,0,
Paisa Bazaar,2026-02-07,1011,0,0.0,0.0,0,
Paisa Bazaar,2026-02-06,1081,38,3074373.7768,80904.57307368421,11,1326621.2681999998
Paisa Bazaar,2026-02-05,1187,37,3702959.1059,100079.97583513513,13,712615.0331000001
Paisa Bazaar,2026-02-04,1337,50,4741417.7937,94828.355874,10,247537.4148
Paisa Bazaar,2026-02-03,1330,51,4562516.8220999995,89461.11415882352,16,1010978.3897999999
Paisa Bazaar,2026-02-02,1192,142,12598305.7659,88720.46314014086,13,546969.0630000001
Paisa Bazaar,2026-02-01,1042,0,0.0,0.0,0,
Paisa Bazaar,2026-01-31,1005,0,0.0,0.0,0,
Paisa Bazaar,2026-01-30,1017,62,5297390.0903,85441.77565000001,20,2389461.4516
Paisa Bazaar,2026-01-29,1053,49,4578603.4423,93440.88657755102,17,792929.2359
Paisa Bazaar,2026-01-28,1115,56,4033754.5750999996,72031.33169821427,13,569891.1601999999
Paisa Bazaar,2026-01-27,1169,192,14967471.146100001,77955.5788859375,11,388974.7408
Paisa Bazaar,2026-01-26,1121,1,50044.4443,50044.4443,28,1751655.6941999998
Paisa Bazaar,2026-01-25,1106,0,0.0,0.0,0,
Paisa Bazaar,2026-01-24,1131,0,0.0,0.0,0,
Paisa Bazaar,2026-01-23,1393,55,4951159.745800001,90021.08628727274,16,1696109.6578000002
Paisa Bazaar,2026-01-22,1395,47,5951313.882500001,126623.6996276596,20,1915481.7648
Paisa Bazaar,2026-01-21,1101,47,4881025.7309,103851.61129574467,13,1906832.7974
Paisa Bazaar,2026-01-20,639,50,6963811.5767,139276.231534,20,1261152.7241000002
Paisa Bazaar,2026-01-19,1209,144,10026902.5058,69631.26740138889,17,1108545.3981
Paisa Bazaar,2026-01-18,1334,0,0.0,0.0,0,
Paisa Bazaar,2026-01-17,1347,0,0.0,0.0,0,
Paisa Bazaar,2026-01-16,1299,100,6926388.6896,69263.886896,19,1312509.9421
Paisa Bazaar,2026-01-15,1363,1,50000.0,50000.0,24,986478.4868
Paisa Bazaar,2026-01-14,1377,90,8262475.021600001,91805.27801777779,39,2881878.8358
Paisa Bazaar,2026-01-13,1444,65,6739004.158399999,103676.98705230768,45,3719786.5345000005
Paisa Bazaar,2026-01-12,1785,165,11864729.3668,71907.45070787879,33,1350547.0180000002
Paisa Bazaar,2026-01-11,2353,0,0.0,0.0,0,
Paisa Bazaar,2026-01-10,2022,0,0.0,0.0,0,
Paisa Bazaar,2026-01-09,1347,32,2399192.8586999997,74974.77683437499,21,1791876.8235
Paisa Bazaar,2026-01-08,1456,38,1387040.0805000002,36501.05475,6,114319.52289999998
Paisa Bazaar,2026-01-07,2705,41,5388031.9009,131415.41221707317,18,846441.8158000002
Paisa Bazaar,2026-01-06,2524,30,2593501.6655,86450.05551666667,11,240048.02659999998
Paisa Bazaar,2026-01-05,1681,109,8455523.725899998,77573.61216422016,16,859743.9957
Paisa Bazaar,2026-01-04,1568,1,118680.6299,118680.6299,13,684986.9659000001
Paisa Bazaar,2026-01-03,1520,1,49588.2146,49588.2146,10,294890.53140000004
Paisa Bazaar,2026-01-02,1485,33,2550121.6419,77276.41339090909,14,1680533.8854999999
Paisa Bazaar,2026-01-01,1130,49,6211085.539599999,126756.84774693876,16,2508157.9118000004
Paisa Bazaar,2025-12-31,1181,40,4341908.777600001,108547.71944000002,14,634581.1703
Paisa Bazaar,2025-12-30,1267,40,3360314.5423000003,84007.86355750001,20,1843660.6431
Paisa Bazaar,2025-12-29,1228,98,6906568.374999999,70475.18749999999,12,591731.4207
Paisa Bazaar,2025-12-28,1390,0,0.0,0.0,0,
Paisa Bazaar,2025-12-27,1486,0,0.0,0.0,0,
Paisa Bazaar,2025-12-26,1213,86,6305012.284,73314.0963255814,16,665525.5571999999
Paisa Bazaar,2025-12-25,1196,0,0.0,0.0,0,
Paisa Bazaar,2025-12-24,1013,52,9363519.118199999,180067.67534999998,17,1154983.1585000001
Paisa Bazaar,2025-12-23,862,62,9833065.764700001,158597.83491451613,12,1376099.3208
Paisa Bazaar,2025-12-22,821,95,6984515.721100001,73521.21811684211,17,783960.2842999999
Paisa Bazaar,2025-12-21,812,0,0.0,0.0,0,
Paisa Bazaar,2025-12-20,819,0,0.0,0.0,0,
Paisa Bazaar,2025-12-19,868,35,1685466.6840000001,48156.19097142857,11,438704.47200000007
Paisa Bazaar,2025-12-18,876,43,2656801.2647,61786.07592325582,20,886882.8021000001
Paisa Bazaar,2025-12-17,978,35,2440031.8369,69715.19534,13,1645220.379
Paisa Bazaar,2025-12-16,1003,24,1601105.5219,66712.73007916666,17,412232.7862
Paisa Bazaar,2025-12-15,1561,76,2530435.1409,33295.19922236842,13,360590.98420000006
Paisa Bazaar,2025-12-14,1318,0,0.0,0.0,0,
Paisa Bazaar,2025-12-13,1060,1,99979.5175,99979.5175,7,459816.41929999995
Paisa Bazaar,2025-12-12,782,31,2014833.0337,64994.613990322585,10,749828.7191999999
Paisa Bazaar,2025-12-11,767,35,2027366.7608999999,57924.76459714285,14,745092.825
Paisa Bazaar,2025-12-10,1463,30,1589068.9181,52968.96393666666,14,710424.8038999999
Paisa Bazaar,2025-12-09,926,32,2263929.4202,70747.79438125,11,892060.2478
Paisa Bazaar,2025-12-08,1789,73,3788941.0574999996,51903.30215753424,12,595488.8983
Paisa Bazaar,2025-12-07,813,0,0.0,0.0,0,
Paisa Bazaar,2025-12-06,1331,1,9872.0839,9872.0839,5,222146.6396
Paisa Bazaar,2025-12-05,532,19,905869.4524,47677.3396,10,545150.8972
Paisa Bazaar,2025-12-04,403,35,2193887.2869999995,62682.493914285704,13,352156.6119
Paisa Bazaar,2025-12-03,524,29,2059362.1483,71012.4878724138,8,542113.477
Paisa Bazaar,2025-12-02,270,26,1596716.4952000002,61412.1728923077,13,882681.7359999999
Paisa Bazaar,2025-12-01,262,79,4178453.0395,52891.81062658228,11,1020178.1192
Paisa Bazaar,2025-11-30,276,1,300000.0,300000.0,8,1108950.3078
Paisa Bazaar,2025-11-29,188,0,0.0,0.0,0,
Paisa Bazaar,2025-11-28,241,29,1042154.3611,35936.357279310345,17,687625.7124999999
Paisa Bazaar,2025-11-27,346,22,1239845.7063999998,56356.62301818181,7,51478.2553
Paisa Bazaar,2025-11-26,484,22,1126019.5406,51182.70639090909,13,577320.8689
Paisa Bazaar,2025-11-25,400,36,2279987.0127,63332.97257499999,10,348262.07470000006
Paisa Bazaar,2025-11-24,539,79,4299891.5243,54429.00663670886,14,423701.48179999995
Paisa Bazaar,2025-11-23,467,0,0.0,0.0,0,
Paisa Bazaar,2025-11-22,649,0,0.0,0.0,0,
Paisa Bazaar,2025-11-21,551,25,2032758.0755,81310.32302,13,344350.15750000003
Paisa Bazaar,2025-11-20,1120,35,3961159.7213000003,113175.99203714286,11,1382291.9129
Paisa Bazaar,2025-11-19,518,24,1190472.1984,49603.00826666667,12,346570.0756
Paisa Bazaar,2025-11-18,346,29,2128421.0359,73393.82882413793,5,171630.69700000001
Paisa Bazaar,2025-11-17,497,104,8748059.050199999,84115.95240576922,10,688444.816
Paisa Bazaar,2025-11-16,393,0,0.0,0.0,0,
Paisa Bazaar,2025-11-15,670,1,29939.9782,29939.9782,14,1007154.5786
Paisa Bazaar,2025-11-14,365,37,5612846.2731,151698.54792162162,15,768203.34
Paisa Bazaar,2025-11-13,607,33,3934007.3992000003,119212.34543030304,6,685727.5125000001
Paisa Bazaar,2025-11-12,405,26,1792181.7886000003,68930.0687923077,8,897593.9992
Paisa Bazaar,2025-11-11,304,21,1402809.0936,66800.43302857142,6,175330.9037
Paisa Bazaar,2025-11-10,484,84,4455189.5808,53037.97119999999,3,167870.5192
Paisa Bazaar,2025-11-09,343,2,39734.6028,19867.3014,14,434719.8515000001
Paisa Bazaar,2025-11-08,513,5,237836.4381,47567.28762,12,561771.6343
Paisa Bazaar,2025-11-07,351,18,1264984.3959,70276.91088333333,6,151947.0042
Paisa Bazaar,2025-11-06,319,57,4238848.2101,74365.75807192983,4,22780.0618
Paisa Bazaar,2025-11-05,406,1,19660.4174,19660.4174,13,1367776.0823000001
Paisa Bazaar,2025-11-04,399,25,2168986.5494999997,86759.46198,13,737556.2693
Paisa Bazaar,2025-11-03,743,121,8149364.776599999,67350.12212066115,18,2225209.4496999998
Paisa Bazaar,2025-11-02,446,0,0.0,0.0,0,
Paisa Bazaar,2025-11-01,741,2,837.0,418.5,19,562154.7697
Paisa Bazaar,2025-10-31,357,33,1748916.6272,52997.47355151515,7,149936.3884
Paisa Bazaar,2025-10-30,469,41,2242841.7446,54703.45718536585,18,423755.80569999985
Paisa Bazaar,2025-10-29,544,36,2856252.7675000005,79340.3546527778,13,566321.1037
Paisa Bazaar,2025-10-28,365,20,1265157.9062,63257.89531000001,11,473603.2915
Paisa Bazaar,2025-10-27,387,77,3774293.6082000006,49016.800106493516,12,402300.6717
Paisa Bazaar,2025-10-26,387,0,0.0,0.0,0,
Paisa Bazaar,2025-10-25,360,0,0.0,0.0,0,
Paisa Bazaar,2025-10-24,609,33,1019022.5068,30879.4699030303,15,553758.551
Paisa Bazaar,2025-10-23,402,105,4660453.040399999,44385.267051428564,16,613106.3313
Paisa Bazaar,2025-10-22,639,12,210948.2285,17579.019041666666,18,659508.8685
Paisa Bazaar,2025-10-21,552,2,410.0,205.0,24,928983.0469000001
Paisa Bazaar,2025-10-20,387,132,5561387.3796000015,42131.72257272728,28,1266815.9910000002
Paisa Bazaar,2025-10-19,406,0,0.0,0.0,0,
Paisa Bazaar,2025-10-18,630,0,0.0,0.0,0,
Paisa Bazaar,2025-10-17,602,50,2766389.854,55327.79708,23,841716.4905
Paisa Bazaar,2025-10-16,635,60,2285706.7714000004,38095.112856666674,23,1301707.2539000001
Paisa Bazaar,2025-10-15,1086,43,961101.1793,22351.19021627907,34,879326.0490000002
Paisa Bazaar,2025-10-14,1067,34,2271358.3568999995,66804.65755588234,24,721620.8129
Paisa Bazaar,2025-10-13,756,38,1290462.2415,33959.532671052635,9,596506.8122
Paisa Bazaar,2025-10-12,348,0,0.0,0.0,0,
Paisa Bazaar,2025-10-11,489,0,0.0,0.0,0,
Paisa Bazaar,2025-10-10,499,13,417235.10829999996,32095.00833076923,9,367373.5281
Paisa Bazaar,2025-10-09,332,15,542013.1144000001,36134.20762666667,6,16002.3926
Paisa Bazaar,2025-10-08,728,21,873390.9991999998,41590.04758095237,6,114486.35530000001
Paisa Bazaar,2025-10-07,406,12,230826.86729999998,19235.572275,3,31605.3695
Paisa Bazaar,2025-10-06,646,36,876709.5219,24353.042275,4,73601.6122
Paisa Bazaar,2025-10-05,383,0,0.0,0.0,0,
Paisa Bazaar,2025-10-04,370,0,0.0,0.0,0,
Paisa Bazaar,2025-10-03,540,30,613363.0253,20445.434176666666,6,341887.9639
Paisa Bazaar,2025-10-02,386,0,0.0,0.0,0,
Paisa Bazaar,2025-10-01,1272,9,775890.9188999999,86210.10209999999,10,131254.63439999998
Paisa Bazaar,2025-09-30,289,12,683347.5479,56945.628991666665,7,166071.8892
Paisa Bazaar,2025-09-29,603,18,597876.5898000001,33215.36610000001,5,544476.7272
Paisa Bazaar,2025-09-28,288,0,0.0,0.0,0,
Paisa Bazaar,2025-09-27,322,0,0.0,0.0,0,
Paisa Bazaar,2025-09-26,314,3,26075.54,8691.846666666666,1,198405.1617
Paisa Bazaar,2025-09-25,345,4,619342.3767,154835.594175,2,15147.8154
Paisa Bazaar,2025-09-24,825,9,500900.63769999996,55655.62641111111,4,638237.167
Paisa Bazaar,2025-09-23,315,15,1017330.6413000001,67822.04275333334,5,498001.33330000006
Paisa Bazaar,2025-09-22,543,17,1190007.9524,70000.4677882353,5,222873.4441
Paisa Bazaar,2025-09-21,305,8,11218.0,1402.25,2,297606.39119999995
Paisa Bazaar,2025-09-20,611,1,320.0,320.0,3,79863.6537
Paisa Bazaar,2025-09-19,344,9,163193.6483,18132.62758888889,2,21007.0435
Paisa Bazaar,2025-09-18,506,14,398999.7690000001,28499.983500000006,5,117749.08589999999
Paisa Bazaar,2025-09-17,708,13,296835.983,22833.537153846155,10,253888.53850000002
Paisa Bazaar,2025-09-16,401,5,59350.74079999999,11870.148159999999,3,69223.01610000001
Paisa Bazaar,2025-09-15,999,37,815964.3471000001,22053.090462162167,8,142426.7825
Paisa Bazaar,2025-09-14,340,1,1500.0,1500.0,5,138436.62679999997
Paisa Bazaar,2025-09-13,355,0,0.0,0.0,0,
Paisa Bazaar,2025-09-12,348,3,88935.06169999999,29645.020566666662,4,25698.559800000003
Paisa Bazaar,2025-09-11,388,12,374735.77749999997,31227.981458333332,6,165398.1736
Paisa Bazaar,2025-09-10,705,10,616429.9492,61642.994920000005,3,202524.915
Paisa Bazaar,2025-09-09,367,20,1011170.2430000001,50558.51215000001,3,151850.17930000002
Paisa Bazaar,2025-09-08,714,5,13873.77,2774.754,4,558653.8406
Paisa Bazaar,2025-09-07,390,0,0.0,0.0,0,
Paisa Bazaar,2025-09-06,321,0,0.0,0.0,0,
Paisa Bazaar,2025-09-05,454,9,343447.6657,38160.851744444444,6,42217.551999999996
Paisa Bazaar,2025-09-04,355,7,22784.932199999996,3254.990314285714,2,27399.7912
Paisa Bazaar,2025-09-03,611,14,183299.12599999996,13092.794714285712,11,155881.01390000002
Paisa Bazaar,2025-09-02,360,5,310835.1522,62167.03044,2,79232.03450000001
Paisa Bazaar,2025-09-01,267,17,742560.7695,43680.045264705885,2,3040.8257000000003
Paisa Bazaar,2025-08-31,263,1,100.0,100.0,6,422552.7457
Paisa Bazaar,2025-08-30,263,0,0.0,0.0,0,
Paisa Bazaar,2025-08-29,858,10,383288.7758,38328.87758,6,360968.0762
Paisa Bazaar,2025-08-28,220,24,503809.3850000001,20992.057708333337,9,190995.2573
Paisa Bazaar,2025-08-27,225,0,0.0,0.0,0,
Paisa Bazaar,2025-08-26,230,12,601745.098,50145.42483333333,4,35998.5355
Paisa Bazaar,2025-08-25,284,12,309728.3602,25810.69668333333,8,221040.15519999998
Paisa Bazaar,2025-08-24,534,0,0.0,0.0,0,
Paisa Bazaar,2025-08-23,249,1,1773.0,1773.0,1,9965.5436
Paisa Bazaar,2025-08-22,941,4,149324.9529,37331.238225,2,20740.5105
Paisa Bazaar,2025-08-21,248,6,267735.8584,44622.64306666667,1,49274.7886
Paisa Bazaar,2025-08-20,262,4,136514.58490000002,34128.646225000004,2,21768.5908
Paisa Bazaar,2025-08-19,240,9,805128.8634,89458.7626,6,372153.28620000003
Paisa Bazaar,2025-08-18,294,45,2716989.8127,60377.551393333335,6,763962.7645000002
Paisa Bazaar,2025-08-17,627,0,0.0,0.0,0,
Paisa Bazaar,2025-08-16,250,0,0.0,0.0,0,
Paisa Bazaar,2025-08-15,501,2,366308.04000000004,183154.02000000002,9,534374.3089000001
Paisa Bazaar,2025-08-14,236,11,303424.7064,27584.064218181822,1,1091.6952
Paisa Bazaar,2025-08-13,267,8,400101.51139999996,50012.688924999995,6,198874.71120000002
Paisa Bazaar,2025-08-12,254,7,181016.93959999998,25859.562799999996,4,123410.9093
Paisa Bazaar,2025-08-11,275,13,213056.79120000004,16388.98393846154,4,21679.03
Paisa Bazaar,2025-08-10,480,0,0.0,0.0,0,
Paisa Bazaar,2025-08-09,234,0,0.0,0.0,0,
Paisa Bazaar,2025-08-08,570,11,351043.81440000003,31913.07403636364,7,180736.5055
Paisa Bazaar,2025-08-07,254,5,267545.4437,53509.08874,1,8577.7951
Paisa Bazaar,2025-08-06,251,3,101301.59350000002,33767.19783333334,2,2151.7296
Paisa Bazaar,2025-08-05,278,10,346450.47790000006,34645.047790000004,3,107867.1904
Paisa Bazaar,2025-08-04,266,15,631391.2908,42092.75272,7,136252.2619
Paisa Bazaar,2025-08-03,626,0,0.0,0.0,0,
Paisa Bazaar,2025-08-02,293,0,0.0,0.0,0,
Paisa Bazaar,2025-08-01,1746,4,42661.029500000004,10665.257375000001,1,992.6179
Paisa Bazaar,2025-07-31,208,9,349053.2551,38783.695011111115,3,69635.9262
Paisa Bazaar,2025-07-30,452,7,206387.6092,29483.94417142857,6,110054.45360000001
Paisa Bazaar,2025-07-29,365,8,766247.7438999999,95780.96798749999,3,108827.55040000001
Paisa Bazaar,2025-07-28,483,16,700846.1882000001,43802.886762500006,3,5108.4459
Paisa Bazaar,2025-07-27,389,0,0.0,0.0,0,
Paisa Bazaar,2025-07-26,249,0,0.0,0.0,0,
Paisa Bazaar,2025-07-25,392,6,113212.81570000002,18868.80261666667,2,1991.5538999999999
Paisa Bazaar,2025-07-24,449,4,233055.5593,58263.889825,2,15051.7448
Paisa Bazaar,2025-07-23,267,5,351283.9713,70256.79426,3,134660.114
Paisa Bazaar,2025-07-22,394,23,742032.9072,32262.300313043477,13,573071.6046000001
Paisa Bazaar,2025-07-21,269,14,938809.2183999999,67057.80131428571,5,14376.3363
Paisa Bazaar,2025-07-20,427,0,0.0,0.0,0,
Paisa Bazaar,2025-07-19,273,0,0.0,0.0,0,
Paisa Bazaar,2025-07-18,423,13,1018072.1386,78313.24143076922,4,404834.4116
Paisa Bazaar,2025-07-17,596,8,21325.619599999998,2665.7024499999998,5,28799.772699999998
Paisa Bazaar,2025-07-16,263,4,203879.38170000003,50969.84542500001,5,17550.0763
Paisa Bazaar,2025-07-15,433,10,613684.0116,61368.401159999994,9,514630.119
Paisa Bazaar,2025-07-14,291,14,448823.17020000005,32058.797871428575,3,102667.1155
Paisa Bazaar,2025-07-13,303,0,0.0,0.0,0,
Paisa Bazaar,2025-07-12,299,1,5000.0,5000.0,3,13998.3297
Paisa Bazaar,2025-07-11,422,8,146612.31480000002,18326.539350000003,3,13463.583499999999
Paisa Bazaar,2025-07-10,313,14,312108.9754,22293.498242857142,9,73116.69579999999
Paisa Bazaar,2025-07-09,357,9,245153.12679999997,27239.236311111108,4,30367.0207
Paisa Bazaar,2025-07-08,308,8,18122.830400000003,2265.3538000000003,8,119713.21059999999
Paisa Bazaar,2025-07-07,356,17,167834.60860000004,9872.62403529412,6,9548.105799999998
Paisa Bazaar,2025-07-06,311,0,0.0,0.0,0,
Paisa Bazaar,2025-07-05,358,0,0.0,0.0,0,
Paisa Bazaar,2025-07-04,369,10,228165.70939999996,22816.570939999998,2,14037.875
Paisa Bazaar,2025-07-03,354,9,37892.8022,4210.311355555556,8,133955.24430000002
Paisa Bazaar,2025-07-02,378,9,255459.17400000003,28384.35266666667,8,249694.994
Paisa Bazaar,2025-07-01,353,19,200313.19000000003,10542.799473684212,9,132612.11000000002
Paisa Bazaar,2025-06-30,440,25,295812.48,11832.499199999998,6,30342.920000000002
Paisa Bazaar,2025-06-29,405,0,0.0,0.0,0,
Paisa Bazaar,2025-06-28,352,0,0.0,0.0,0,
Paisa Bazaar,2025-06-27,436,5,5079.51,1015.902,4,3993.29
Paisa Bazaar,2025-06-26,290,7,229773.34999999998,32824.764285714286,5,11062.730000000001
Paisa Bazaar,2025-06-25,434,2,2010.9,1005.45,1,1005.45
Paisa Bazaar,2025-06-24,589,9,26876.42,2986.268888888889,5,6338.99
Paisa Bazaar,2025-06-23,287,32,284865.04,8902.0325,7,53354.91
Paisa Bazaar,2025-06-22,379,0,0.0,0.0,0,
Paisa Bazaar,2025-06-21,594,0,0.0,0.0,0,
Paisa Bazaar,2025-06-20,402,3,3014.1000000000004,1004.7000000000002,3,11773.34
Paisa Bazaar,2025-06-19,507,6,18055.609999999997,3009.268333333333,5,9116.15
Paisa Bazaar,2025-06-18,775,10,113723.29000000002,11372.329000000002,2,4014.83
Paisa Bazaar,2025-06-17,425,5,7103.84,1420.768,3,5023.74
Paisa Bazaar,2025-06-16,463,18,267989.77,14888.320555555556,4,20977.51
Paisa Bazaar,2025-06-15,731,0,0.0,0.0,0,
Paisa Bazaar,2025-06-14,389,0,0.0,0.0,0,
Paisa Bazaar,2025-06-13,484,6,8125.67,1354.2783333333334,3,14043.650000000001
Paisa Bazaar,2025-06-12,991,8,28124.14,3515.5175,4,16111.63
Paisa Bazaar,2025-06-11,396,10,152524.53,15252.453,6,139653.09999999998
Paisa Bazaar,2025-06-10,292,3,2513.0,837.6666666666666,3,2513.25
Paisa Bazaar,2025-06-09,601,17,261956.79,15409.222941176471,2,12582.039999999999
Paisa Bazaar,2025-06-08,457,0,0.0,0.0,0,
Paisa Bazaar,2025-06-07,361,0,0.0,0.0,0,
Paisa Bazaar,2025-06-06,738,3,4106.73,1368.9099999999999,5,104412.74
Paisa Bazaar,2025-06-05,443,0,0.0,0.0,0,
Paisa Bazaar,2025-06-04,378,6,17102.399999999998,2850.3999999999996,3,2099.13
Paisa Bazaar,2025-06-03,421,1,999.97,999.97,3,15003.269999999999
Paisa Bazaar,2025-06-02,364,7,31863.49,4551.927142857143,2,10712.56
Paisa Bazaar,2025-06-01,417,0,0.0,0.0,0,
Paisa Bazaar,2025-05-31,415,0,0.0,0.0,0,
Paisa Bazaar,2025-05-30,255,3,108108.67,36036.223333333335,4,19972.61
Paisa Bazaar,2025-05-29,233,2,10157.25,5078.625,1,9953.81
Paisa Bazaar,2025-05-28,231,2,5136.4,2568.2,1,101.7
Paisa Bazaar,2025-05-27,276,5,7261.73,1452.346,4,10212.14
Paisa Bazaar,2025-05-26,276,7,5082.58,726.0828571428572,1,1006.69
Paisa Bazaar,2025-05-25,283,0,0.0,0.0,0,
Paisa Bazaar,2025-05-24,284,0,0.0,0.0,0,
Paisa Bazaar,2025-05-23,262,3,2010.78,670.26,5,4094.55
Paisa Bazaar,2025-05-22,189,0,0.0,0.0,0,
Paisa Bazaar,2025-05-21,232,5,5195.629999999999,1039.1259999999997,2,2055.16
Paisa Bazaar,2025-05-20,198,0,0.0,0.0,0,
Paisa Bazaar,2025-05-19,145,2,4156.61,2078.305,0,
Paisa Bazaar,2025-05-18,150,0,0.0,0.0,0,
Paisa Bazaar,2025-05-17,143,0,0.0,0.0,0,
Paisa Bazaar,2025-05-16,20,0,0.0,0.0,0,
Paisa Bazaar,2025-05-15,4,1,1026.01,1026.01,0,
Paisa Bazaar,2025-05-12,1,0,0.0,0.0,0,
Paisa Bazaar,2025-05-11,1,0,0.0,0.0,0,
Paisa Bazaar,2025-05-10,1,0,0.0,0.0,0,
Paisa Bazaar,2025-05-09,2,1,1024.55,1024.55,0,
Paisa Bazaar,2025-05-08,2,3,11870.419999999998,3956.806666666666,1,1001.94
Paisa Bazaar,2025-05-07,1,0,0.0,0.0,0,
Paisa Bazaar,2025-05-06,2,0,0.0,0.0,0,
Paisa Bazaar,2025-05-04,1,0,0.0,0.0,0,
Paisa Bazaar,2025-05-03,1,0,0.0,0.0,0,
Paisa Bazaar,2025-05-02,1,0,0.0,0.0,0,
Paisa Bazaar,2025-04-29,1,0,0.0,0.0,0,
Paisa Bazaar,2025-04-28,1,0,0.0,0.0,0,
Paisa Bazaar,2025-04-27,1,0,0.0,0.0,0,
Paisa Bazaar,2025-04-26,1,0,0.0,0.0,0,
Paisa Bazaar,2025-04-25,3,0,0.0,0.0,0,
Paisa Bazaar,2025-04-22,2,0,0.0,0.0,0,
Paisa Bazaar,2025-04-19,1,0,0.0,0.0,0,
Paisa Bazaar,2025-04-17,2,0,0.0,0.0,0,
Paisa Bazaar,2025-04-16,1,0,0.0,0.0,0,
Paisa Bazaar,2025-04-08,1,0,0.0,0.0,0,
Paisa Bazaar,2025-04-07,2,0,0.0,0.0,0,
Paisa Bazaar,2025-04-04,2,0,0.0,0.0,0,
Paisa Bazaar,2025-04-03,2,0,0.0,0.0,0,
Paisa Bazaar,2025-03-23,1,0,0.0,0.0,0,
Paisa Bazaar,2025-03-18,1,0,0.0,0.0,0,
Paisa Bazaar,2025-03-17,1,0,0.0,0.0,0,
Paisa Bazaar,2025-03-15,1,0,0.0,0.0,0,
Paisa Bazaar,2025-03-14,1,0,0.0,0.0,0,
Paisa Bazaar,2025-03-12,1,0,0.0,0.0,0,
Paisa Bazaar,2025-03-08,1,0,0.0,0.0,0,
Paisa Bazaar,2025-03-04,1,0,0.0,0.0,0,
Paisa Bazaar,2025-03-02,1,0,0.0,0.0,0,
Paisa Bazaar,2025-02-28,2,0,0.0,0.0,0,
Paisa Bazaar,2025-02-20,1,0,0.0,0.0,0,
Paisa Bazaar,2025-02-17,1,0,0.0,0.0,0,
Paisa Bazaar,2025-02-15,1,0,0.0,0.0,0,
Paisa Bazaar,2025-02-13,1,0,0.0,0.0,0,
Paisa Bazaar,2025-02-11,1,0,0.0,0.0,0,
Paisa Bazaar,2025-02-07,1,0,0.0,0.0,0,
Paisa Bazaar,2025-01-27,2,0,0.0,0.0,0,
Paisa Bazaar,2025-01-21,1,0,0.0,0.0,0,
Paisa Bazaar,2025-01-20,2,0,0.0,0.0,0,
Paisa Bazaar,2025-01-15,1,0,0.0,0.0,0,
Paisa Bazaar,2025-01-12,1,0,0.0,0.0,0,
Paisa Bazaar,2025-01-10,1,0,0.0,0.0,0,
Paisa Bazaar,2025-01-08,1,0,0.0,0.0,0,
Paisa Bazaar,2024-12-26,1,0,0.0,0.0,0,
Paisa Bazaar,2024-12-24,1,0,0.0,0.0,0,
Paisa Bazaar,2024-12-23,2,0,0.0,0.0,0,
Paisa Bazaar,2024-12-18,1,0,0.0,0.0,0,
Paisa Bazaar,2024-12-15,1,0,0.0,0.0,0,
Paisa Bazaar,2024-12-10,1,0,0.0,0.0,0,
Paisa Bazaar,2024-12-05,1,0,0.0,0.0,0,
Paisa Bazaar,2024-12-04,1,0,0.0,0.0,0,
Paisa Bazaar,2024-12-03,2,0,0.0,0.0,0,
Paisa Bazaar,2024-11-30,1,0,0.0,0.0,0,
Paisa Bazaar,2024-11-29,1,0,0.0,0.0,0,
Paisa Bazaar,2024-11-28,1,0,0.0,0.0,0,
Paisa Bazaar,2024-11-19,1,0,0.0,0.0,0,
Paisa Bazaar,2024-11-18,2,0,0.0,0.0,0,
Paisa Bazaar,2024-11-17,1,0,0.0,0.0,0,
Paisa Bazaar,2024-11-15,1,0,0.0,0.0,0,
Paisa Bazaar,2024-11-11,1,0,0.0,0.0,0,
Paisa Bazaar,2024-11-09,2,0,0.0,0.0,0,
Paisa Bazaar,2024-11-05,1,0,0.0,0.0,0,
Paisa Bazaar,2024-11-04,1,0,0.0,0.0,0,
Paisa Bazaar,2024-11-01,1,0,0.0,0.0,0,
Paisa Bazaar,2024-10-24,1,0,0.0,0.0,0,
Paisa Bazaar,2024-10-18,2,0,0.0,0.0,0,
Paisa Bazaar,2024-10-17,1,0,0.0,0.0,0,
Paisa Bazaar,2024-10-14,1,0,0.0,0.0,0,
Paisa Bazaar,2024-10-09,1,0,0.0,0.0,0,
Paisa Bazaar,2024-10-08,2,0,0.0,0.0,0,
Paisa Bazaar,2024-10-03,1,0,0.0,0.0,0,
Paisa Bazaar,2024-10-01,1,0,0.0,0.0,0,
Paisa Bazaar,2024-09-29,1,0,0.0,0.0,0,
Paisa Bazaar,2024-09-28,2,0,0.0,0.0,0,
Paisa Bazaar,2024-09-25,1,0,0.0,0.0,0,
Paisa Bazaar,2024-09-19,1,0,0.0,0.0,0,
Paisa Bazaar,2024-09-18,1,0,0.0,0.0,0,
Paisa Bazaar,2024-09-17,1,0,0.0,0.0,0,
Paisa Bazaar,2024-09-16,1,0,0.0,0.0,0,
Paisa Bazaar,2024-09-15,1,0,0.0,0.0,0,
Paisa Bazaar,2024-09-08,2,0,0.0,0.0,0,
Paisa Bazaar,2024-09-03,3,0,0.0,0.0,0,
Paisa Bazaar,2024-08-31,1,0,0.0,0.0,0,
Paisa Bazaar,2024-08-30,1,0,0.0,0.0,0,
Paisa Bazaar,2024-08-29,1,0,0.0,0.0,0,
Paisa Bazaar,2024-08-27,3,0,0.0,0.0,0,
Paisa Bazaar,2024-08-24,1,0,0.0,0.0,0,
Paisa Bazaar,2024-08-23,1,0,0.0,0.0,0,
Paisa Bazaar,2024-08-21,1,0,0.0,0.0,0,
Paisa Bazaar,2024-08-19,3,0,0.0,0.0,0,
Paisa Bazaar,2024-08-18,1,0,0.0,0.0,0,
Paisa Bazaar,2024-08-17,2,0,0.0,0.0,0,
Paisa Bazaar,2024-08-15,2,0,0.0,0.0,0,
Paisa Bazaar,2024-08-13,1,0,0.0,0.0,0,
Paisa Bazaar,2024-08-10,1,0,0.0,0.0,0,
Paisa Bazaar,2024-08-06,1,0,0.0,0.0,0,
Paisa Bazaar,2024-08-04,1,0,0.0,0.0,0,
Paisa Bazaar,2024-07-29,3,0,0.0,0.0,0,
Paisa Bazaar,2024-07-21,1,0,0.0,0.0,0,
Paisa Bazaar,2024-07-20,1,0,0.0,0.0,0,
Paisa Bazaar,2024-07-19,1,0,0.0,0.0,0,
Paisa Bazaar,2024-07-17,1,0,0.0,0.0,0,
Paisa Bazaar,2024-07-14,1,0,0.0,0.0,0,
Paisa Bazaar,2024-07-13,2,0,0.0,0.0,0,
Paisa Bazaar,2024-07-12,1,0,0.0,0.0,0,
Paisa Bazaar,2024-07-11,1,0,0.0,0.0,0,
Paisa Bazaar,2024-07-10,1,0,0.0,0.0,0,
Paisa Bazaar,2024-07-09,1,0,0.0,0.0,0,
Paisa Bazaar,2024-07-05,1,0,0.0,0.0,0,
Paisa Bazaar,2024-06-29,1,0,0.0,0.0,0,
Paisa Bazaar,2024-06-27,3,0,0.0,0.0,0,
Paisa Bazaar,2024-06-25,1,0,0.0,0.0,0,
Paisa Bazaar,2024-06-20,1,0,0.0,0.0,0,
Paisa Bazaar,2024-06-18,2,0,0.0,0.0,0,
Paisa Bazaar,2024-06-15,1,0,0.0,0.0,0,
Paisa Bazaar,2024-06-12,2,0,0.0,0.0,0,
Paisa Bazaar,2024-06-11,1,0,0.0,0.0,0,
Paisa Bazaar,2024-06-07,1,0,0.0,0.0,0,
Paisa Bazaar,2024-06-06,1,0,0.0,0.0,0,
Paisa Bazaar,2024-06-03,2,0,0.0,0.0,0,
Paisa Bazaar,2024-06-02,1,0,0.0,0.0,0,
Paisa Bazaar,2024-06-01,2,0,0.0,0.0,0,
Paisa Bazaar,2024-05-31,2,0,0.0,0.0,0,
Paisa Bazaar,2024-05-29,1,0,0.0,0.0,0,
Paisa Bazaar,2024-05-26,1,0,0.0,0.0,0,
Paisa Bazaar,2024-05-24,3,0,0.0,0.0,0,
Paisa Bazaar,2024-05-21,1,0,0.0,0.0,0,
Paisa Bazaar,2024-05-20,1,0,0.0,0.0,0,
Paisa Bazaar,2024-05-19,2,0,0.0,0.0,0,
Paisa Bazaar,2024-05-17,1,0,0.0,0.0,0,
Paisa Bazaar,2024-05-16,2,0,0.0,0.0,0,
Paisa Bazaar,2024-05-15,2,0,0.0,0.0,0,
Paisa Bazaar,2024-05-14,3,0,0.0,0.0,0,
Paisa Bazaar,2024-05-13,1,0,0.0,0.0,0,
Paisa Bazaar,2024-05-12,2,0,0.0,0.0,0,
Paisa Bazaar,2024-05-10,2,0,0.0,0.0,0,
Paisa Bazaar,2024-05-09,1,0,0.0,0.0,0,
Paisa Bazaar,2024-05-07,1,0,0.0,0.0,0,
Paisa Bazaar,2024-05-03,1,0,0.0,0.0,0,
Paisa Bazaar,2024-05-02,1,0,0.0,0.0,0,
Paisa Bazaar,2024-04-30,1,0,0.0,0.0,0,
Paisa Bazaar,2024-04-29,1,0,0.0,0.0,0,
Paisa Bazaar,2024-04-28,2,0,0.0,0.0,0,
Paisa Bazaar,2024-04-26,1,0,0.0,0.0,0,
Paisa Bazaar,2024-04-21,1,0,0.0,0.0,0,
Paisa Bazaar,2024-04-16,1,0,0.0,0.0,0,
Paisa Bazaar,2024-04-15,1,0,0.0,0.0,0,
Paisa Bazaar,2024-04-14,1,0,0.0,0.0,0,
Paisa Bazaar,2024-04-13,1,0,0.0,0.0,0,
Paisa Bazaar,2024-04-11,1,0,0.0,0.0,0,
Paisa Bazaar,2024-04-10,1,0,0.0,0.0,0,
Paisa Bazaar,2024-04-08,1,0,0.0,0.0,0,
Paisa Bazaar,2024-04-05,1,0,0.0,0.0,0,
Paisa Bazaar,2024-04-03,1,0,0.0,0.0,0,
Paisa Bazaar,2024-04-02,1,0,0.0,0.0,0,
Paisa Bazaar,2024-03-31,1,0,0.0,0.0,0,
Paisa Bazaar,2024-03-28,1,0,0.0,0.0,0,
Paisa Bazaar,2024-03-27,1,0,0.0,0.0,0,
Paisa Bazaar,2024-03-26,2,0,0.0,0.0,0,
Paisa Bazaar,2024-03-24,1,0,0.0,0.0,0,
Paisa Bazaar,2024-03-22,1,0,0.0,0.0,0,
Paisa Bazaar,2024-03-19,2,0,0.0,0.0,0,
Paisa Bazaar,2024-03-18,1,0,0.0,0.0,0,
Paisa Bazaar,2024-03-17,2,0,0.0,0.0,0,
Paisa Bazaar,2024-03-16,2,0,0.0,0.0,0,
Paisa Bazaar,2024-03-15,2,0,0.0,0.0,0,
Paisa Bazaar,2024-03-12,1,0,0.0,0.0,0,
Paisa Bazaar,2024-03-11,1,0,0.0,0.0,0,
Paisa Bazaar,2024-03-09,2,0,0.0,0.0,0,
Paisa Bazaar,2024-03-08,1,0,0.0,0.0,0,
Paisa Bazaar,2024-03-05,1,0,0.0,0.0,0,
Paisa Bazaar,2024-03-03,1,0,0.0,0.0,0,
Paisa Bazaar,2024-03-02,1,0,0.0,0.0,0,
Paisa Bazaar,2024-02-29,2,0,0.0,0.0,0,
Paisa Bazaar,2024-02-24,1,0,0.0,0.0,0,
Paisa Bazaar,2024-02-22,3,0,0.0,0.0,0,
Paisa Bazaar,2024-02-20,2,0,0.0,0.0,0,
Paisa Bazaar,2024-02-18,2,0,0.0,0.0,0,
Paisa Bazaar,2024-02-17,1,0,0.0,0.0,0,
Paisa Bazaar,2024-02-14,1,0,0.0,0.0,0,
Paisa Bazaar,2024-02-09,1,0,0.0,0.0,0,
Paisa Bazaar,2024-02-08,1,0,0.0,0.0,0,
Paisa Bazaar,2024-02-04,1,0,0.0,0.0,0,
Paisa Bazaar,2024-02-01,2,0,0.0,0.0,0,
Paisa Bazaar,2024-01-29,1,0,0.0,0.0,0,
Paisa Bazaar,2024-01-28,1,0,0.0,0.0,0,
Paisa Bazaar,2024-01-21,1,0,0.0,0.0,0,
Paisa Bazaar,2024-01-20,1,0,0.0,0.0,0,
Paisa Bazaar,2024-01-19,1,0,0.0,0.0,0,
Paisa Bazaar,2024-01-12,2,0,0.0,0.0,0,
Paisa Bazaar,2024-01-07,2,0,0.0,0.0,0,
Paisa Bazaar,2023-12-27,1,0,0.0,0.0,0,
Paisa Bazaar,2023-12-26,1,0,0.0,0.0,0,
Paisa Bazaar,2023-12-21,1,0,0.0,0.0,0,
Paisa Bazaar,2023-12-20,1,0,0.0,0.0,0,
Paisa Bazaar,2023-12-10,1,0,0.0,0.0,0,
Paisa Bazaar,2023-12-02,1,0,0.0,0.0,0,
Paisa Bazaar,2023-11-30,1,0,0.0,0.0,0,
Paisa Bazaar,2023-11-24,1,0,0.0,0.0,0,
Paisa Bazaar,2023-11-22,1,0,0.0,0.0,0,
Paisa Bazaar,2023-11-21,1,0,0.0,0.0,0,
Paisa Bazaar,2023-11-15,1,0,0.0,0.0,0,
Paisa Bazaar,2023-11-14,1,0,0.0,0.0,0,
Paisa Bazaar,2023-11-13,1,0,0.0,0.0,0,
Paisa Bazaar,2023-11-11,1,0,0.0,0.0,0,
Paisa Bazaar,2023-10-31,2,0,0.0,0.0,0,
Paisa Bazaar,2023-10-28,2,0,0.0,0.0,0,
Paisa Bazaar,2023-10-17,1,0,0.0,0.0,0,
Paisa Bazaar,2023-09-03,1,0,0.0,0.0,0,
Paisa Bazaar,2023-08-30,1,0,0.0,0.0,0,
Paisa Bazaar,2023-08-26,1,0,0.0,0.0,0,
Paisa Bazaar,2023-08-25,2,0,0.0,0.0,0,
Paisa Bazaar,2023-08-09,1,0,0.0,0.0,0,
Paisa Bazaar,2023-07-30,1,0,0.0,0.0,0,
Paisa Bazaar,2023-07-28,1,0,0.0,0.0,0,
Paisa Bazaar,2023-07-27,2,0,0.0,0.0,0,
Paisa Bazaar,2023-07-23,1,0,0.0,0.0,0,
Paisa Bazaar,2023-07-21,1,0,0.0,0.0,0,
Paisa Bazaar,2023-06-27,1,0,0.0,0.0,0,
Paisa Bazaar,2023-06-19,1,0,0.0,0.0,0,
Paisa Bazaar,2023-06-11,1,0,0.0,0.0,0,
Paisa Bazaar,2023-05-21,1,0,0.0,0.0,0,
Paisa Bazaar,2023-05-05,1,0,0.0,0.0,0,
Paisa Bazaar,2023-05-02,1,0,0.0,0.0,0,
Paisa Bazaar,2023-04-20,1,0,0.0,0.0,0,
Paisa Bazaar,2023-04-17,1,0,0.0,0.0,0,
Paisa Bazaar,2023-04-10,1,0,0.0,0.0,0,
Paisa Bazaar,2023-03-22,1,0,0.0,0.0,0,
Paisa Bazaar,2023-03-03,1,0,0.0,0.0,0,
Paisa Bazaar,2023-03-01,3,0,0.0,0.0,0,
Paisa Bazaar,2023-02-28,1,0,0.0,0.0,0,
Paisa Bazaar,2023-02-21,1,0,0.0,0.0,0,
Paisa Bazaar,2023-02-05,1,0,0.0,0.0,0,
Paisa Bazaar,2023-01-28,1,0,0.0,0.0,0,
Paisa Bazaar,2023-01-26,1,0,0.0,0.0,0,
Paisa Bazaar,2023-01-20,1,0,0.0,0.0,0,
Paisa Bazaar,2023-01-13,1,0,0.0,0.0,0,
Paisa Bazaar,2023-01-10,1,0,0.0,0.0,0,
Paisa Bazaar,2023-01-09,2,0,0.0,0.0,0,
Paisa Bazaar,2022-12-31,1,0,0.0,0.0,0,
Paisa Bazaar,2022-12-25,1,0,0.0,0.0,0,
Paisa Bazaar,2022-12-24,2,0,0.0,0.0,0,
Paisa Bazaar,2022-12-22,1,0,0.0,0.0,0,
Paisa Bazaar,2022-12-21,1,0,0.0,0.0,0,
Paisa Bazaar,2022-12-15,2,0,0.0,0.0,0,
Paisa Bazaar,2022-12-11,3,0,0.0,0.0,0,
Paisa Bazaar,2022-12-08,1,0,0.0,0.0,0,
Paisa Bazaar,2022-12-07,2,0,0.0,0.0,0,
Paisa Bazaar,2022-12-06,1,0,0.0,0.0,0,
Paisa Bazaar,2022-12-03,1,0,0.0,0.0,0,
Paisa Bazaar,2022-11-30,1,0,0.0,0.0,0,
Paisa Bazaar,2022-11-26,2,0,0.0,0.0,0,
Paisa Bazaar,2022-11-25,1,0,0.0,0.0,0,
Paisa Bazaar,2022-11-24,1,0,0.0,0.0,0,
Paisa Bazaar,2022-11-23,1,0,0.0,0.0,0,
Paisa Bazaar,2022-11-22,1,0,0.0,0.0,0,
Paisa Bazaar,2022-11-21,1,0,0.0,0.0,0,
Paisa Bazaar,2022-11-20,2,0,0.0,0.0,0,
Paisa Bazaar,2022-11-19,2,0,0.0,0.0,0,
Paisa Bazaar,2022-11-18,3,0,0.0,0.0,0,
Paisa Bazaar,2022-11-17,1,0,0.0,0.0,0,
Paisa Bazaar,2022-11-14,1,0,0.0,0.0,0,
Paisa Bazaar,2022-11-13,4,0,0.0,0.0,0,
Paisa Bazaar,2022-11-12,1,0,0.0,0.0,0,
Paisa Bazaar,2022-11-09,1,0,0.0,0.0,0,
Paisa Bazaar,2022-11-08,1,0,0.0,0.0,0,
Paisa Bazaar,2022-11-07,1,0,0.0,0.0,0,
Paisa Bazaar,2022-11-06,1,0,0.0,0.0,0,
Paisa Bazaar,2022-11-05,1,0,0.0,0.0,0,
Paisa Bazaar,2022-11-04,4,0,0.0,0.0,0,
Paisa Bazaar,2022-11-03,3,0,0.0,0.0,0,
Paisa Bazaar,2022-11-02,1,0,0.0,0.0,0,
Paisa Bazaar,2022-10-29,1,0,0.0,0.0,0,
Paisa Bazaar,2022-10-28,1,0,0.0,0.0,0,
Paisa Bazaar,2022-10-27,1,0,0.0,0.0,0,
Paisa Bazaar,2022-10-26,1,0,0.0,0.0,0,
Paisa Bazaar,2022-10-23,1,0,0.0,0.0,0,
Paisa Bazaar,2022-10-22,1,0,0.0,0.0,0,
Paisa Bazaar,2022-10-21,2,0,0.0,0.0,0,
Paisa Bazaar,2022-10-20,5,0,0.0,0.0,0,
Paisa Bazaar,2022-10-18,1,0,0.0,0.0,0,
Paisa Bazaar,2022-10-17,2,0,0.0,0.0,0,
Paisa Bazaar,2022-10-16,1,0,0.0,0.0,0,
Paisa Bazaar,2022-10-14,2,0,0.0,0.0,0,
Paisa Bazaar,2022-10-11,1,0,0.0,0.0,0,
Paisa Bazaar,2022-10-10,2,0,0.0,0.0,0,
Paisa Bazaar,2022-10-06,2,0,0.0,0.0,0,
Paisa Bazaar,2022-10-04,1,0,0.0,0.0,0,
Paisa Bazaar,2022-10-03,1,0,0.0,0.0,0,
Paisa Bazaar,2022-10-01,3,0,0.0,0.0,0,
Paisa Bazaar,2022-09-24,2,0,0.0,0.0,0,
Paisa Bazaar,2022-09-23,2,0,0.0,0.0,0,
Paisa Bazaar,2022-09-20,1,0,0.0,0.0,0,
Paisa Bazaar,2022-09-18,1,0,0.0,0.0,0,
Paisa Bazaar,2022-09-17,4,0,0.0,0.0,0,
Paisa Bazaar,2022-09-15,1,0,0.0,0.0,0,
Paisa Bazaar,2022-09-14,1,0,0.0,0.0,0,
Paisa Bazaar,2022-09-13,1,0,0.0,0.0,0,
Paisa Bazaar,2022-09-12,1,0,0.0,0.0,0,
Paisa Bazaar,2022-09-11,1,0,0.0,0.0,0,
Paisa Bazaar,2022-09-09,2,0,0.0,0.0,0,
Paisa Bazaar,2022-09-08,2,0,0.0,0.0,0,
Paisa Bazaar,2022-09-06,1,0,0.0,0.0,0,
Paisa Bazaar,2022-09-05,1,0,0.0,0.0,0,
Paisa Bazaar,2022-08-31,1,0,0.0,0.0,0,
Paisa Bazaar,2022-08-29,2,0,0.0,0.0,0,
Paisa Bazaar,2022-08-28,2,0,0.0,0.0,0,
Paisa Bazaar,2022-08-25,1,0,0.0,0.0,0,
Paisa Bazaar,2022-08-23,1,0,0.0,0.0,0,
Paisa Bazaar,2022-08-22,1,0,0.0,0.0,0,
Paisa Bazaar,2022-08-19,2,0,0.0,0.0,0,
Paisa Bazaar,2022-08-16,1,0,0.0,0.0,0,
Paisa Bazaar,2022-08-15,2,0,0.0,0.0,0,
Paisa Bazaar,2022-08-12,4,0,0.0,0.0,0,
Paisa Bazaar,2022-08-11,1,0,0.0,0.0,0,
Paisa Bazaar,2022-08-08,1,0,0.0,0.0,0,
Paisa Bazaar,2022-08-06,3,0,0.0,0.0,0,
Paisa Bazaar,2022-08-05,1,0,0.0,0.0,0,
Paisa Bazaar,2022-08-03,2,0,0.0,0.0,0,
Paisa Bazaar,2022-08-02,1,0,0.0,0.0,0,
Paisa Bazaar,2022-07-31,2,0,0.0,0.0,0,
Paisa Bazaar,2022-07-29,2,0,0.0,0.0,0,
Paisa Bazaar,2022-07-27,2,0,0.0,0.0,0,
Paisa Bazaar,2022-07-26,3,0,0.0,0.0,0,
Paisa Bazaar,2022-07-25,1,0,0.0,0.0,0,
Paisa Bazaar,2022-07-24,1,0,0.0,0.0,0,
Paisa Bazaar,2022-07-23,2,0,0.0,0.0,0,
Paisa Bazaar,2022-07-22,1,0,0.0,0.0,0,
Paisa Bazaar,2022-07-21,1,0,0.0,0.0,0,
Paisa Bazaar,2022-07-17,2,0,0.0,0.0,0,
Paisa Bazaar,2022-07-16,1,0,0.0,0.0,0,
Paisa Bazaar,2022-07-15,1,0,0.0,0.0,0,
Paisa Bazaar,2022-07-11,1,0,0.0,0.0,0,
Paisa Bazaar,2022-07-08,6,0,0.0,0.0,0,
Paisa Bazaar,2022-07-07,1,0,0.0,0.0,0,
Paisa Bazaar,2022-07-06,2,0,0.0,0.0,0,
Paisa Bazaar,2022-07-04,1,0,0.0,0.0,0,
Paisa Bazaar,2022-07-01,2,0,0.0,0.0,0,
Paisa Bazaar,2022-06-29,2,0,0.0,0.0,0,
Paisa Bazaar,2022-06-28,1,0,0.0,0.0,0,
Paisa Bazaar,2022-06-27,1,0,0.0,0.0,0,
Paisa Bazaar,2022-06-26,1,0,0.0,0.0,0,
Paisa Bazaar,2022-06-23,2,0,0.0,0.0,0,
Paisa Bazaar,2022-06-18,1,0,0.0,0.0,0,
Paisa Bazaar,2022-06-16,2,0,0.0,0.0,0,
Paisa Bazaar,2022-06-10,2,0,0.0,0.0,0,
Paisa Bazaar,2022-06-09,1,0,0.0,0.0,0,
Paisa Bazaar,2022-06-08,1,0,0.0,0.0,0,
Paisa Bazaar,2022-06-04,3,0,0.0,0.0,0,
Paisa Bazaar,2022-06-03,5,0,0.0,0.0,0,
Paisa Bazaar,2022-06-02,2,0,0.0,0.0,0,
Paisa Bazaar,2022-06-01,1,0,0.0,0.0,0,
Paisa Bazaar,2022-05-31,2,0,0.0,0.0,0,
Paisa Bazaar,2022-05-30,4,0,0.0,0.0,0,
Paisa Bazaar,2022-05-29,2,0,0.0,0.0,0,
Paisa Bazaar,2022-05-28,2,0,0.0,0.0,0,
Paisa Bazaar,2022-05-27,3,0,0.0,0.0,0,
Paisa Bazaar,2022-05-26,1,0,0.0,0.0,0,
Paisa Bazaar,2022-05-21,1,0,0.0,0.0,0,
Paisa Bazaar,2022-05-20,1,0,0.0,0.0,0,
Paisa Bazaar,2022-05-19,1,0,0.0,0.0,0,
Paisa Bazaar,2022-05-16,1,0,0.0,0.0,0,
Paisa Bazaar,2022-05-13,1,0,0.0,0.0,0,
Paisa Bazaar,2022-05-12,1,0,0.0,0.0,0,
Paisa Bazaar,2022-05-11,1,0,0.0,0.0,0,
Paisa Bazaar,2022-05-10,1,0,0.0,0.0,0,
Paisa Bazaar,2022-05-09,2,0,0.0,0.0,0,
Paisa Bazaar,2022-05-08,1,0,0.0,0.0,0,
Paisa Bazaar,2022-05-05,1,0,0.0,0.0,0,
Paisa Bazaar,2022-05-01,1,0,0.0,0.0,0,
Paisa Bazaar,2022-04-28,1,0,0.0,0.0,0,
Paisa Bazaar,2022-04-27,1,0,0.0,0.0,0,
Paisa Bazaar,2022-04-23,1,0,0.0,0.0,0,
Paisa Bazaar,2022-04-13,1,0,0.0,0.0,0,
Paisa Bazaar,2022-04-10,1,0,0.0,0.0,0,
Paisa Bazaar,2022-04-09,1,0,0.0,0.0,0,
Paisa Bazaar,2022-04-04,2,0,0.0,0.0,0,
Paisa Bazaar,2022-03-30,1,0,0.0,0.0,0,
Paisa Bazaar,2022-03-25,1,0,0.0,0.0,0,
Paisa Bazaar,2022-03-23,5,0,0.0,0.0,0,
Paisa Bazaar,2022-03-21,2,0,0.0,0.0,0,
Paisa Bazaar,2022-03-19,1,0,0.0,0.0,0,
Paisa Bazaar,2022-03-16,1,0,0.0,0.0,0,
Paisa Bazaar,2022-03-15,2,0,0.0,0.0,0,
Paisa Bazaar,2022-03-12,2,0,0.0,0.0,0,
Paisa Bazaar,2022-03-11,1,0,0.0,0.0,0,
Paisa Bazaar,2022-03-09,1,0,0.0,0.0,0,
Paisa Bazaar,2022-03-07,1,0,0.0,0.0,0,
Paisa Bazaar,2022-03-05,2,0,0.0,0.0,0,
Paisa Bazaar,2022-03-03,3,0,0.0,0.0,0,
Paisa Bazaar,2022-03-01,1,0,0.0,0.0,0,
Paisa Bazaar,2022-02-28,3,0,0.0,0.0,0,
Paisa Bazaar,2022-02-27,2,0,0.0,0.0,0,
Paisa Bazaar,2022-02-25,3,0,0.0,0.0,0,
Paisa Bazaar,2022-02-24,1,0,0.0,0.0,0,
Paisa Bazaar,2022-02-22,1,0,0.0,0.0,0,
Paisa Bazaar,2022-02-20,1,0,0.0,0.0,0,
Paisa Bazaar,2022-02-19,2,0,0.0,0.0,0,
Paisa Bazaar,2022-02-17,1,0,0.0,0.0,0,
Paisa Bazaar,2022-02-14,1,0,0.0,0.0,0,
Paisa Bazaar,2022-02-11,1,0,0.0,0.0,0,
Paisa Bazaar,2022-02-10,1,0,0.0,0.0,0,
Paisa Bazaar,2022-02-08,2,0,0.0,0.0,0,
Paisa Bazaar,2022-02-06,2,0,0.0,0.0,0,
Paisa Bazaar,2022-02-05,1,0,0.0,0.0,0,
Paisa Bazaar,2022-02-03,1,0,0.0,0.0,0,
Paisa Bazaar,2022-02-02,2,0,0.0,0.0,0,
Paisa Bazaar,2022-01-31,1,0,0.0,0.0,0,
Paisa Bazaar,2022-01-30,2,0,0.0,0.0,0,
Paisa Bazaar,2022-01-24,3,0,0.0,0.0,0,
Paisa Bazaar,2022-01-22,2,0,0.0,0.0,0,
Paisa Bazaar,2022-01-21,2,0,0.0,0.0,0,
Paisa Bazaar,2022-01-19,1,0,0.0,0.0,0,
Paisa Bazaar,2022-01-18,2,0,0.0,0.0,0,
Paisa Bazaar,2022-01-17,2,0,0.0,0.0,0,
Paisa Bazaar,2022-01-15,1,0,0.0,0.0,0,
Paisa Bazaar,2022-01-14,1,0,0.0,0.0,0,
Paisa Bazaar,2022-01-12,1,0,0.0,0.0,0,
Paisa Bazaar,2022-01-09,2,0,0.0,0.0,0,
Paisa Bazaar,2022-01-08,1,0,0.0,0.0,0,
Paisa Bazaar,2022-01-05,2,0,0.0,0.0,0,
Paisa Bazaar,2022-01-03,3,0,0.0,0.0,0,
Paisa Bazaar,2022-01-02,1,0,0.0,0.0,0,
Paisa Bazaar,2021-12-31,1,0,0.0,0.0,0,
Paisa Bazaar,2021-12-30,1,0,0.0,0.0,0,
Paisa Bazaar,2021-12-26,1,0,0.0,0.0,0,
Paisa Bazaar,2021-12-25,1,0,0.0,0.0,0,
Paisa Bazaar,2021-12-24,1,0,0.0,0.0,0,
Paisa Bazaar,2021-12-23,1,0,0.0,0.0,0,
Paisa Bazaar,2021-12-21,1,0,0.0,0.0,0,
Paisa Bazaar,2021-12-20,1,0,0.0,0.0,0,
Paisa Bazaar,2021-12-19,2,0,0.0,0.0,0,
Paisa Bazaar,2021-12-17,1,0,0.0,0.0,0,
Paisa Bazaar,2021-12-16,1,0,0.0,0.0,0,
Paisa Bazaar,2021-12-13,2,0,0.0,0.0,0,
Paisa Bazaar,2021-12-08,2,0,0.0,0.0,0,
Paisa Bazaar,2021-12-07,1,0,0.0,0.0,0,
Paisa Bazaar,2021-12-05,1,0,0.0,0.0,0,
Paisa Bazaar,2021-12-02,1,0,0.0,0.0,0,
Paisa Bazaar,2021-11-25,1,0,0.0,0.0,0,
Paisa Bazaar,2021-11-14,1,0,0.0,0.0,0,
Paisa Bazaar,2021-11-12,1,0,0.0,0.0,0,
Paisa Bazaar,2021-11-10,2,0,0.0,0.0,0,
Paisa Bazaar,2021-11-07,1,0,0.0,0.0,0,
Paisa Bazaar,2021-11-06,2,0,0.0,0.0,0,
Paisa Bazaar,2021-11-04,1,0,0.0,0.0,0,
Paisa Bazaar,2021-11-03,1,0,0.0,0.0,0,
Paisa Bazaar,2021-11-02,1,0,0.0,0.0,0,
Paisa Bazaar,2021-10-30,3,0,0.0,0.0,0,
Paisa Bazaar,2021-10-29,1,0,0.0,0.0,0,
Paisa Bazaar,2021-10-27,1,0,0.0,0.0,0,
Paisa Bazaar,2021-10-24,1,0,0.0,0.0,0,
Paisa Bazaar,2021-10-18,2,0,0.0,0.0,0,
Paisa Bazaar,2021-10-14,1,0,0.0,0.0,0,
Paisa Bazaar,2021-10-10,1,0,0.0,0.0,0,
Paisa Bazaar,2021-10-06,1,0,0.0,0.0,0,
Paisa Bazaar,2021-10-05,2,0,0.0,0.0,0,
Paisa Bazaar,2021-09-24,1,0,0.0,0.0,0,
Paisa Bazaar,2021-09-20,1,0,0.0,0.0,0,
Paisa Bazaar,2021-09-17,2,0,0.0,0.0,0,
Paisa Bazaar,2021-09-08,4,0,0.0,0.0,0,
Paisa Bazaar,2021-09-04,1,0,0.0,0.0,0,
Paisa Bazaar,2021-08-30,1,0,0.0,0.0,0,
Paisa Bazaar,2021-08-28,2,0,0.0,0.0,0,
Paisa Bazaar,2021-08-26,1,0,0.0,0.0,0,
Paisa Bazaar,2021-08-25,1,0,0.0,0.0,0,
Paisa Bazaar,2021-08-22,1,0,0.0,0.0,0,
Paisa Bazaar,2021-08-21,1,0,0.0,0.0,0,
Paisa Bazaar,2021-08-18,1,0,0.0,0.0,0,
Paisa Bazaar,2021-08-16,1,0,0.0,0.0,0,
Paisa Bazaar,2021-08-15,3,0,0.0,0.0,0,
Paisa Bazaar,2021-08-14,2,0,0.0,0.0,0,
Paisa Bazaar,2021-08-09,2,0,0.0,0.0,0,
Paisa Bazaar,2021-08-07,1,0,0.0,0.0,0,
Paisa Bazaar,2021-08-04,1,0,0.0,0.0,0,
Paisa Bazaar,2021-08-03,1,0,0.0,0.0,0,
Paisa Bazaar,2021-08-01,1,0,0.0,0.0,0,
Paisa Bazaar,2021-07-31,1,0,0.0,0.0,0,
Paisa Bazaar,2021-07-27,1,0,0.0,0.0,0,
Paisa Bazaar,2021-07-26,1,0,0.0,0.0,0,
Paisa Bazaar,2021-07-22,1,0,0.0,0.0,0,
Paisa Bazaar,2021-07-17,3,0,0.0,0.0,0,
Paisa Bazaar,2021-07-16,1,0,0.0,0.0,0,
Paisa Bazaar,2021-07-09,1,0,0.0,0.0,0,
Paisa Bazaar,2021-06-18,1,0,0.0,0.0,0,
Paisa Bazaar,2021-06-14,1,0,0.0,0.0,0,
Paisa Bazaar,2021-06-09,1,0,0.0,0.0,0,
Paisa Bazaar,2021-06-08,1,0,0.0,0.0,0,
Paisa Bazaar,2021-06-01,1,0,0.0,0.0,0,
Paisa Bazaar,2021-05-25,2,0,0.0,0.0,0,
Paisa Bazaar,2021-05-21,3,0,0.0,0.0,0,
Paisa Bazaar,2021-05-19,1,0,0.0,0.0,0,
Paisa Bazaar,2021-05-18,1,0,0.0,0.0,0,
Paisa Bazaar,2021-05-05,2,0,0.0,0.0,0,
Paisa Bazaar,2021-05-02,1,0,0.0,0.0,0,
Paisa Bazaar,2021-04-26,1,0,0.0,0.0,0,
Paisa Bazaar,2021-04-22,1,0,0.0,0.0,0,
Paisa Bazaar,2021-03-19,1,0,0.0,0.0,0,
Paisa Bazaar,2021-03-18,2,0,0.0,0.0,0,
Paisa Bazaar,2021-03-16,1,0,0.0,0.0,0,
Paisa Bazaar,2021-03-08,1,0,0.0,0.0,0,
Paisa Bazaar,2021-03-07,1,0,0.0,0.0,0,
Paisa Bazaar,2021-02-28,1,0,0.0,0.0,0,
Paisa Bazaar,2021-02-14,1,0,0.0,0.0,0,
Paisa Bazaar,2021-01-30,1,0,0.0,0.0,0,
Paisa Bazaar,2020-12-02,1,0,0.0,0.0,0,
Mobikwik,2026-05-17,531,0,0.0,0.0,0,
Mobikwik,2026-05-16,457,0,0.0,0.0,0,
Mobikwik,2026-05-15,457,38,1974492.0600000003,51960.31736842106,21,777529.06
Mobikwik,2026-05-14,512,59,3653585.95,61925.18559322034,17,213527.81000000003
Mobikwik,2026-05-13,506,46,2253219.5300000003,48983.03326086957,22,1000244.5699999998
Mobikwik,2026-05-12,489,47,2076838.0699999998,44188.044042553185,16,249826.49000000005
Mobikwik,2026-05-11,501,174,8270190.089999999,47529.82810344827,13,398679.16000000003
Mobikwik,2026-05-10,500,0,0.0,0.0,0,
Mobikwik,2026-05-09,442,0,0.0,0.0,0,
Mobikwik,2026-05-08,492,50,2479704.9400000004,49594.09880000001,14,263281.36
Mobikwik,2026-05-07,486,48,2159714.5799999996,44994.05374999999,11,95317.71000000002
Mobikwik,2026-05-06,518,64,2363789.9568000003,36934.218075000004,17,802454.51
Mobikwik,2026-05-05,528,56,1807937.7218000002,32284.602175000004,17,876401.1349999999
Mobikwik,2026-05-04,459,141,6271916.0868,44481.674374468086,10,354547.80569999997
Mobikwik,2026-05-03,451,0,0.0,0.0,0,
Mobikwik,2026-05-02,414,0,0.0,0.0,0,
Mobikwik,2026-05-01,452,0,0.0,0.0,0,
Mobikwik,2026-04-30,383,63,2579504.3403,40944.51333809523,13,231565.6531
Mobikwik,2026-04-29,279,32,1052676.8807,32896.152521875,9,156230.1627
Mobikwik,2026-04-28,294,27,949419.4765,35163.68431481481,8,428411.2558
Mobikwik,2026-04-27,264,85,3936805.3417,46315.356961176476,5,69410.4619
Mobikwik,2026-04-26,240,0,0.0,0.0,0,
Mobikwik,2026-04-25,395,0,0.0,0.0,0,
Mobikwik,2026-04-24,278,49,1961364.9185000001,40027.85547959184,14,364181.4132
Mobikwik,2026-04-23,325,30,974784.6052,32492.820173333334,5,141097.24360000002
Mobikwik,2026-04-22,267,31,813870.2712000001,26253.879716129035,5,80419.5847
Mobikwik,2026-04-21,293,33,1321784.1624,40054.06552727273,11,254692.38749999998
Mobikwik,2026-04-20,273,126,3648083.2254,28953.04147142857,11,550880.1803
Mobikwik,2026-04-19,276,0,0.0,0.0,0,
Mobikwik,2026-04-18,335,0,0.0,0.0,0,
Mobikwik,2026-04-17,380,29,1283239.7722,44249.64731724138,8,41863.521100000005
Mobikwik,2026-04-16,290,48,1213173.8947,25274.456139583333,10,290169.3249
Mobikwik,2026-04-15,305,97,4223021.5946,43536.305098969075,12,543210.9309999999
Mobikwik,2026-04-14,352,0,0.0,0.0,0,
Mobikwik,2026-04-13,469,132,7026798.8610000005,53233.324704545455,13,411376.15760000004
Mobikwik,2026-04-12,514,0,0.0,0.0,0,
Mobikwik,2026-04-11,620,1,12500.0,12500.0,16,318206.2124
Mobikwik,2026-04-10,563,36,1663353.6093000001,46204.266925,13,361890.9162
Mobikwik,2026-04-09,637,59,3691061.024,62560.35633898305,17,762964.7231
Mobikwik,2026-04-08,565,44,1913201.6132999999,43481.85484772727,19,875542.3166999997
Mobikwik,2026-04-07,679,61,1844359.7381,30235.40554262295,14,240277.9527
Mobikwik,2026-04-06,570,142,4374959.382199999,30809.5731140845,11,44841.2462
Mobikwik,2026-04-05,536,0,0.0,0.0,0,
Mobikwik,2026-04-04,542,0,0.0,0.0,0,
Mobikwik,2026-04-03,582,0,0.0,0.0,0,
Mobikwik,2026-04-02,524,119,5243175.4287,44060.29772016807,13,135009.6952
Mobikwik,2026-04-01,562,0,0.0,0.0,0,
Mobikwik,2026-03-31,597,0,0.0,0.0,0,
Mobikwik,2026-03-30,470,96,3239604.1509,33745.876571875,11,261982.99360000002
Mobikwik,2026-03-29,847,0,0.0,0.0,0,
Mobikwik,2026-03-28,534,0,0.0,0.0,0,
Mobikwik,2026-03-27,483,78,3528985.5266,45243.40418717948,10,224064.37790000005
Mobikwik,2026-03-26,476,0,0.0,0.0,0,
Mobikwik,2026-03-25,518,36,1446336.1689,40176.00469166666,15,616507.8656
Mobikwik,2026-03-24,510,42,3278493.5412999997,78059.37003095237,15,1455038.1745000002
Mobikwik,2026-03-23,610,122,4503735.5081,36915.864820491806,17,366970.9956
Mobikwik,2026-03-22,504,0,0.0,0.0,0,
Mobikwik,2026-03-21,550,0,0.0,0.0,0,
Mobikwik,2026-03-20,486,88,4187823.6949,47588.90562386363,14,112680.2089
Mobikwik,2026-03-19,531,0,0.0,0.0,0,
Mobikwik,2026-03-18,571,53,1253511.1965,23651.154650943397,10,191292.71550000002
Mobikwik,2026-03-17,738,45,1917429.6237999997,42609.54719555555,11,365203.7186
Mobikwik,2026-03-16,457,119,3931679.8584999996,33039.3265420168,12,411805.1075
Mobikwik,2026-03-15,545,0,0.0,0.0,0,
Mobikwik,2026-03-14,508,0,0.0,0.0,0,
Mobikwik,2026-03-13,524,55,4022473.9638,73135.8902509091,9,868182.0379
Mobikwik,2026-03-12,498,38,1305493.7259,34355.09805,19,1273254.1125
Mobikwik,2026-03-11,700,48,1497396.3058,31195.756370833333,17,260938.56220000001
Mobikwik,2026-03-10,594,53,2187256.9549999996,41268.99915094339,25,451353.6364
Mobikwik,2026-03-09,523,133,5736492.4465,43131.52215413534,11,387604.6136
Mobikwik,2026-03-08,562,0,0.0,0.0,0,
Mobikwik,2026-03-07,716,0,0.0,0.0,0,
Mobikwik,2026-03-06,674,77,2697114.6723,35027.46327662338,30,653068.6638
Mobikwik,2026-03-05,638,54,1884794.9533000002,34903.6102462963,20,191567.35129999998
Mobikwik,2026-03-04,614,128,7679431.7058999995,59995.560202343746,14,567859.5703
Mobikwik,2026-03-03,779,1,14897.3156,14897.3156,25,914087.9425
Mobikwik,2026-03-02,626,112,3843678.6044,34318.55896785714,17,1579485.8681999997
Mobikwik,2026-03-01,700,0,0.0,0.0,0,
Mobikwik,2026-02-28,742,1,98932.592,98932.592,19,502610.4791
Mobikwik,2026-02-27,582,26,1255894.5114000002,48303.63505384616,11,380644.40229999996
Mobikwik,2026-02-26,705,39,1005359.1885,25778.44073076923,14,138351.8049
Mobikwik,2026-02-25,708,46,1700970.3658,36977.616647826086,21,960832.7595999999
Mobikwik,2026-02-24,704,29,685924.9025999999,23652.58284827586,12,130966.20790000001
Mobikwik,2026-02-23,695,98,4132402.6036,42167.37350612245,14,1084745.4549
Mobikwik,2026-02-22,597,0,0.0,0.0,0,
Mobikwik,2026-02-21,542,0,0.0,0.0,0,
Mobikwik,2026-02-20,683,85,2874849.8292,33821.762696470585,21,423259.515
Mobikwik,2026-02-19,789,0,0.0,0.0,0,
Mobikwik,2026-02-18,725,49,1741050.8374,35531.649742857146,14,416202.05559999996
Mobikwik,2026-02-17,731,42,1827656.6112000002,43515.6336,17,373147.3386
Mobikwik,2026-02-16,608,133,3124600.8258999996,23493.2392924812,17,646360.4556999999
Mobikwik,2026-02-15,623,1,25000.0,25000.0,24,189325.14219999994
Mobikwik,2026-02-14,708,0,0.0,0.0,0,
Mobikwik,2026-02-13,776,53,2142340.5270000002,40421.5193773585,18,361593.81560000003
Mobikwik,2026-02-12,698,54,1046203.8971999999,19374.146244444444,20,988624.3272
Mobikwik,2026-02-11,930,78,2137905.869,27409.0496025641,36,454482.3223
Mobikwik,2026-02-10,934,58,2020527.317,34836.677879310344,32,1261832.5040999998
Mobikwik,2026-02-09,931,140,3560804.1262999997,25434.31518785714,21,1072189.0703
Mobikwik,2026-02-08,877,0,0.0,0.0,0,
Mobikwik,2026-02-07,922,0,0.0,0.0,0,
Mobikwik,2026-02-06,1044,50,925092.9061,18501.858122,27,425250.2897
Mobikwik,2026-02-05,1246,53,1001801.2558,18901.910486792454,34,453417.5982
Mobikwik,2026-02-04,1001,36,1036891.1955,28802.533208333334,20,512350.975
Mobikwik,2026-02-03,1205,64,1685773.2365,26340.2068203125,29,84217.9152
Mobikwik,2026-02-02,1157,143,3892979.4831,27223.632748951048,23,527164.7278999999
Mobikwik,2026-02-01,983,0,0.0,0.0,0,
Mobikwik,2026-01-31,971,0,0.0,0.0,0,
Mobikwik,2026-01-30,992,73,1399273.3687999998,19168.128339726027,25,438997.31020000007
Mobikwik,2026-01-29,1077,57,1363843.3632,23927.076547368422,31,511901.114
Mobikwik,2026-01-28,978,40,3204003.8027999997,80100.09507,22,460055.67339999985
Mobikwik,2026-01-27,652,157,4741888.310099999,30203.11025541401,23,1874876.9187999999
Mobikwik,2026-01-26,750,2,23028.8668,11514.4334,26,1184721.0766
Mobikwik,2026-01-25,664,1,16948.1362,16948.1362,18,427860.25009999995
Mobikwik,2026-01-24,651,0,0.0,0.0,0,
Mobikwik,2026-01-23,771,42,1113510.2299000002,26512.148330952383,23,192643.7304
Mobikwik,2026-01-22,816,44,1871312.9187,42529.83906136364,17,173678.58390000003
Mobikwik,2026-01-21,737,61,1952510.6919999998,32008.371999999996,29,1063604.9442
Mobikwik,2026-01-20,723,29,776532.2861000001,26776.975382758625,15,428493.6116
Mobikwik,2026-01-19,651,109,3156655.1178000006,28960.13869541285,18,680368.6572999998
Mobikwik,2026-01-18,690,0,0.0,0.0,0,
Mobikwik,2026-01-17,744,1,2000.8453,2000.8453,22,438596.4177
Mobikwik,2026-01-16,691,93,2588984.2613,27838.540444086022,16,284216.5042
Mobikwik,2026-01-15,739,1,496.3348,496.3348,23,371009.3072999999
Mobikwik,2026-01-14,610,33,584559.4956,17713.92410909091,24,418029.78469999996
Mobikwik,2026-01-13,688,55,1810143.6384000005,32911.70251636364,23,701982.1055
Mobikwik,2026-01-12,726,166,4635172.9933,27922.728875301207,26,793565.9781000001
Mobikwik,2026-01-11,792,0,0.0,0.0,0,
Mobikwik,2026-01-10,698,0,0.0,0.0,0,
Mobikwik,2026-01-09,709,56,1573969.9902,28106.60696785714,23,548712.3369
Mobikwik,2026-01-08,759,55,2423537.0281999996,44064.30960363636,23,1239344.7338999999
Mobikwik,2026-01-07,733,58,2463522.2132,42474.52091724138,25,625708.0890999998
Mobikwik,2026-01-06,770,38,873493.9225,22986.68217105263,29,728778.2777999999
Mobikwik,2026-01-05,799,147,5601175.0753999995,38103.23180544217,21,316979.24929999997
Mobikwik,2026-01-04,996,0,0.0,0.0,0,
Mobikwik,2026-01-03,976,1,99176.4291,99176.4291,21,1387654.9005
Mobikwik,2026-01-02,911,47,908334.5639000001,19326.267317021277,25,561148.5634
Mobikwik,2026-01-01,836,50,1397123.6885000002,27942.473770000004,18,362644.3068
Mobikwik,2025-12-31,795,64,1251124.0543,19548.8133484375,23,604543.351
Mobikwik,2025-12-30,855,40,691585.2442999999,17289.631107499998,20,352231.8038
Mobikwik,2025-12-29,850,127,2926018.8643,23039.51861653543,22,333519.35930000007
Mobikwik,2025-12-28,895,0,0.0,0.0,0,
Mobikwik,2025-12-27,938,0,0.0,0.0,0,
Mobikwik,2025-12-26,988,85,1579373.8548,18580.86888,34,897186.1550000003
Mobikwik,2025-12-25,817,0,0.0,0.0,0,
Mobikwik,2025-12-24,918,26,1322551.0938,50867.349761538455,17,287961.1045
Mobikwik,2025-12-23,911,36,1136553.7076,31570.936322222224,23,1052637.7724
Mobikwik,2025-12-22,893,77,1518072.7283,19715.230237662337,18,424419.5115
Mobikwik,2025-12-21,828,0,0.0,0.0,0,
Mobikwik,2025-12-20,985,0,0.0,0.0,0,
Mobikwik,2025-12-19,962,30,740344.0528,24678.13509333333,17,234689.9092
Mobikwik,2025-12-18,1025,41,856368.3167999999,20887.03211707317,16,272594.05160000006
Mobikwik,2025-12-17,1027,37,1317512.7798,35608.453508108105,24,990138.9725
Mobikwik,2025-12-16,1001,24,540869.4297,22536.2262375,17,480601.9391
Mobikwik,2025-12-15,983,72,1933149.622,26849.300305555556,16,302406.4233
Mobikwik,2025-12-14,1072,0,0.0,0.0,0,
Mobikwik,2025-12-13,1081,0,0.0,0.0,0,
Mobikwik,2025-12-12,1322,46,1264208.9335,27482.802902173913,23,608067.5882
Mobikwik,2025-12-11,1303,13,375177.5344,28859.81033846154,23,440310.1285
Mobikwik,2025-12-10,603,18,703303.4554999999,39072.41419444444,8,261603.3232
Mobikwik,2025-12-09,347,12,359254.65760000004,29937.888133333337,10,191555.1439
Mobikwik,2025-12-08,330,24,1543613.1631,64317.21512916667,3,187454.5402
Mobikwik,2025-12-07,329,0,0.0,0.0,0,
Mobikwik,2025-12-06,328,0,0.0,0.0,0,
Mobikwik,2025-12-05,316,10,269588.1644,26958.816440000002,3,138107.4711
Mobikwik,2025-12-04,324,16,789898.5331000001,49368.65831875001,11,453535.7021
Mobikwik,2025-12-03,374,12,241321.4973,20110.124775,8,448797.84630000003
Mobikwik,2025-12-02,383,8,134401.9576,16800.2447,9,103208.15349999999
Mobikwik,2025-12-01,375,36,1160850.3605,32245.84334722222,7,439955.0384
Mobikwik,2025-11-30,382,0,0.0,0.0,0,
Mobikwik,2025-11-29,397,0,0.0,0.0,0,
Mobikwik,2025-11-28,350,10,375398.5004,37539.850040000005,9,403784.02859999996
Mobikwik,2025-11-27,307,9,398828.99250000005,44314.332500000004,7,162240.99339999998
Mobikwik,2025-11-26,244,4,41704.262899999994,10426.065724999999,7,201272.6947
Mobikwik,2025-11-25,249,9,229687.34240000005,25520.815822222226,3,21766.161699999997
Mobikwik,2025-11-24,189,7,63792.60600000001,9113.229428571429,3,104764.8179
Mobikwik,2025-11-23,169,0,0.0,0.0,0,
Mobikwik,2025-11-22,139,0,0.0,0.0,0,
Mobikwik,2025-11-21,86,0,0.0,0.0,0,
Mobikwik,2025-11-20,34,0,0.0,0.0,0,
Mobikwik,2025-11-19,9,1,987.7852,987.7852,0,
Mobikwik,2025-11-18,2,0,0.0,0.0,0,
Mobikwik,2025-11-17,2,0,0.0,0.0,0,
Mobikwik,2025-11-16,1,0,0.0,0.0,0,
Mobikwik,2025-11-15,2,0,0.0,0.0,0,
Mobikwik,2025-11-14,3,0,0.0,0.0,0,
Mobikwik,2025-11-13,2,0,0.0,0.0,0,
Mobikwik,2025-11-12,3,0,0.0,0.0,0,
Mobikwik,2025-11-11,1,0,0.0,0.0,0,
Mobikwik,2025-11-09,2,0,0.0,0.0,0,
Mobikwik,2025-11-07,1,0,0.0,0.0,0,
Mobikwik,2025-11-06,3,4,3973.2162,993.30405,2,1983.4162
Mobikwik,2025-11-05,3,0,0.0,0.0,0,
Mobikwik,2025-11-04,8,0,0.0,0.0,0,
Mobikwik,2025-11-03,4,0,0.0,0.0,0,
Mobikwik,2025-11-01,3,0,0.0,0.0,0,
Mobikwik,2025-10-31,1,2,1989.0448999999999,994.5224499999999,1,998.3967
Mobikwik,2025-10-30,5,1,997.6898,997.6898,1,990.6482
Mobikwik,2025-10-29,1,1,982.7115,982.7115,1,982.7115
Mobikwik,2025-10-28,3,0,0.0,0.0,0,
Mobikwik,2025-10-27,2,0,0.0,0.0,0,
Mobikwik,2025-10-26,2,0,0.0,0.0,0,
Mobikwik,2025-10-25,1,0,0.0,0.0,0,
Mobikwik,2025-10-22,1,0,0.0,0.0,0,
Mobikwik,2025-10-19,1,0,0.0,0.0,0,
Mobikwik,2025-10-18,1,0,0.0,0.0,0,
Mobikwik,2025-10-16,2,0,0.0,0.0,0,
Mobikwik,2025-10-15,1,0,0.0,0.0,0,
Mobikwik,2025-10-14,1,0,0.0,0.0,0,
Mobikwik,2025-10-11,1,0,0.0,0.0,0,
Mobikwik,2025-10-10,1,0,0.0,0.0,0,
Mobikwik,2025-10-05,1,0,0.0,0.0,0,
Mobikwik,2025-10-04,1,0,0.0,0.0,0,
Mobikwik,2025-10-01,1,0,0.0,0.0,0,
Mobikwik,2025-09-30,2,0,0.0,0.0,0,
Mobikwik,2025-09-28,1,0,0.0,0.0,0,
Mobikwik,2025-09-27,1,0,0.0,0.0,0,
Mobikwik,2025-09-25,1,0,0.0,0.0,0,
Mobikwik,2025-09-23,1,0,0.0,0.0,0,
Mobikwik,2025-09-20,4,0,0.0,0.0,0,
Mobikwik,2025-09-19,1,0,0.0,0.0,0,
Mobikwik,2025-09-18,1,0,0.0,0.0,0,
Mobikwik,2025-09-17,1,0,0.0,0.0,0,
Mobikwik,2025-09-16,2,0,0.0,0.0,0,
Mobikwik,2025-09-14,1,0,0.0,0.0,0,
Mobikwik,2025-09-12,1,0,0.0,0.0,0,
Mobikwik,2025-09-11,1,0,0.0,0.0,0,
Mobikwik,2025-09-10,1,0,0.0,0.0,0,
Mobikwik,2025-09-09,1,0,0.0,0.0,0,
Mobikwik,2025-09-07,2,0,0.0,0.0,0,
Mobikwik,2025-09-06,1,0,0.0,0.0,0,
Mobikwik,2025-09-05,4,0,0.0,0.0,0,
Mobikwik,2025-09-04,1,0,0.0,0.0,0,
Mobikwik,2025-09-01,1,0,0.0,0.0,0,
Mobikwik,2025-08-31,1,0,0.0,0.0,0,
Mobikwik,2025-08-29,1,0,0.0,0.0,0,
Mobikwik,2025-08-28,1,0,0.0,0.0,0,
Mobikwik,2025-08-26,1,0,0.0,0.0,0,
Mobikwik,2025-08-25,1,0,0.0,0.0,0,
Mobikwik,2025-08-24,1,0,0.0,0.0,0,
Mobikwik,2025-08-23,2,0,0.0,0.0,0,
Mobikwik,2025-08-21,2,0,0.0,0.0,0,
Mobikwik,2025-08-17,1,0,0.0,0.0,0,
Mobikwik,2025-08-09,1,0,0.0,0.0,0,
Mobikwik,2025-08-08,2,0,0.0,0.0,0,
Mobikwik,2025-08-06,1,0,0.0,0.0,0,
Mobikwik,2025-07-31,1,0,0.0,0.0,0,
Mobikwik,2025-07-30,1,0,0.0,0.0,0,
Mobikwik,2025-07-27,1,0,0.0,0.0,0,
Mobikwik,2025-07-26,1,0,0.0,0.0,0,
Mobikwik,2025-07-22,1,0,0.0,0.0,0,
Mobikwik,2025-07-21,2,0,0.0,0.0,0,
Mobikwik,2025-07-19,1,0,0.0,0.0,0,
Mobikwik,2025-07-17,1,0,0.0,0.0,0,
Mobikwik,2025-07-16,1,0,0.0,0.0,0,
Mobikwik,2025-07-12,1,0,0.0,0.0,0,
Mobikwik,2025-07-07,1,0,0.0,0.0,0,
Mobikwik,2025-07-02,1,0,0.0,0.0,0,
Mobikwik,2025-06-27,1,0,0.0,0.0,0,
Mobikwik,2025-06-23,1,0,0.0,0.0,0,
Mobikwik,2025-06-21,1,0,0.0,0.0,0,
Mobikwik,2025-06-18,1,0,0.0,0.0,0,
Mobikwik,2025-06-10,1,0,0.0,0.0,0,
Mobikwik,2025-06-09,1,0,0.0,0.0,0,
Mobikwik,2025-06-08,1,0,0.0,0.0,0,
Mobikwik,2025-06-07,2,0,0.0,0.0,0,
Mobikwik,2025-06-02,1,0,0.0,0.0,0,
Mobikwik,2025-05-29,1,0,0.0,0.0,0,
Mobikwik,2025-05-25,2,0,0.0,0.0,0,
Mobikwik,2025-05-22,2,0,0.0,0.0,0,
Mobikwik,2025-05-16,2,0,0.0,0.0,0,
Mobikwik,2025-05-14,1,0,0.0,0.0,0,
Mobikwik,2025-05-11,1,0,0.0,0.0,0,
Mobikwik,2025-05-10,1,0,0.0,0.0,0,
Mobikwik,2025-05-09,1,0,0.0,0.0,0,
Mobikwik,2025-05-07,1,0,0.0,0.0,0,
Mobikwik,2025-05-05,2,0,0.0,0.0,0,
Mobikwik,2025-04-30,1,0,0.0,0.0,0,
Mobikwik,2025-04-11,1,0,0.0,0.0,0,
Mobikwik,2025-04-08,1,0,0.0,0.0,0,
Mobikwik,2025-04-04,1,0,0.0,0.0,0,
Mobikwik,2025-03-26,2,0,0.0,0.0,0,
Mobikwik,2025-03-18,1,0,0.0,0.0,0,
Mobikwik,2025-03-17,1,0,0.0,0.0,0,
Mobikwik,2025-03-16,1,0,0.0,0.0,0,
Mobikwik,2025-03-05,1,0,0.0,0.0,0,
Mobikwik,2025-02-28,1,0,0.0,0.0,0,
Mobikwik,2025-02-27,1,0,0.0,0.0,0,
Mobikwik,2025-02-22,2,0,0.0,0.0,0,
Mobikwik,2025-02-15,1,0,0.0,0.0,0,
Mobikwik,2025-02-09,1,0,0.0,0.0,0,
Mobikwik,2025-01-27,1,0,0.0,0.0,0,
Mobikwik,2025-01-26,1,0,0.0,0.0,0,
Mobikwik,2025-01-24,1,0,0.0,0.0,0,
Mobikwik,2025-01-20,2,0,0.0,0.0,0,
Mobikwik,2025-01-19,1,0,0.0,0.0,0,
Mobikwik,2025-01-13,1,0,0.0,0.0,0,
Mobikwik,2025-01-12,1,0,0.0,0.0,0,
Mobikwik,2025-01-03,1,0,0.0,0.0,0,
Mobikwik,2025-01-02,1,0,0.0,0.0,0,
Mobikwik,2024-12-28,2,0,0.0,0.0,0,
Mobikwik,2024-12-27,1,0,0.0,0.0,0,
Mobikwik,2024-12-25,1,0,0.0,0.0,0,
Mobikwik,2024-12-08,1,0,0.0,0.0,0,
Mobikwik,2024-12-05,1,0,0.0,0.0,0,
Mobikwik,2024-11-27,1,0,0.0,0.0,0,
Mobikwik,2024-10-15,1,0,0.0,0.0,0,
Mobikwik,2024-10-14,1,0,0.0,0.0,0,
Mobikwik,2024-10-09,1,0,0.0,0.0,0,
Mobikwik,2024-10-05,1,0,0.0,0.0,0,
Mobikwik,2024-09-24,1,0,0.0,0.0,0,
Mobikwik,2024-09-19,1,0,0.0,0.0,0,
Mobikwik,2024-09-17,3,0,0.0,0.0,0,
Mobikwik,2024-09-08,1,0,0.0,0.0,0,
Mobikwik,2024-09-07,1,0,0.0,0.0,0,
Mobikwik,2024-09-05,1,0,0.0,0.0,0,
Mobikwik,2024-09-04,1,0,0.0,0.0,0,
Mobikwik,2024-09-01,1,0,0.0,0.0,0,
Mobikwik,2024-08-30,1,0,0.0,0.0,0,
Mobikwik,2024-08-28,2,0,0.0,0.0,0,
Mobikwik,2024-08-27,1,0,0.0,0.0,0,
Mobikwik,2024-08-26,1,0,0.0,0.0,0,
Mobikwik,2024-08-24,2,0,0.0,0.0,0,
Mobikwik,2024-08-22,1,0,0.0,0.0,0,
Mobikwik,2024-08-21,1,0,0.0,0.0,0,
Mobikwik,2024-08-20,1,0,0.0,0.0,0,
Mobikwik,2024-08-19,1,0,0.0,0.0,0,
Mobikwik,2024-08-15,2,0,0.0,0.0,0,
Mobikwik,2024-08-13,1,0,0.0,0.0,0,
Mobikwik,2024-08-08,1,0,0.0,0.0,0,
Mobikwik,2024-08-05,1,0,0.0,0.0,0,
Mobikwik,2024-08-04,1,0,0.0,0.0,0,
Mobikwik,2024-08-02,1,0,0.0,0.0,0,
Mobikwik,2024-07-25,1,0,0.0,0.0,0,
Mobikwik,2024-07-23,1,0,0.0,0.0,0,
Mobikwik,2024-07-18,1,0,0.0,0.0,0,
Mobikwik,2024-07-17,1,0,0.0,0.0,0,
Mobikwik,2024-07-13,1,0,0.0,0.0,0,
Mobikwik,2024-07-12,1,0,0.0,0.0,0,
Mobikwik,2024-07-11,2,0,0.0,0.0,0,
Mobikwik,2024-07-07,1,0,0.0,0.0,0,
Mobikwik,2024-07-06,1,0,0.0,0.0,0,
Mobikwik,2024-06-16,1,0,0.0,0.0,0,
Mobikwik,2024-06-14,1,0,0.0,0.0,0,
Mobikwik,2024-06-13,1,0,0.0,0.0,0,
Mobikwik,2024-06-11,1,0,0.0,0.0,0,
Mobikwik,2024-06-09,3,0,0.0,0.0,0,
Mobikwik,2024-06-08,1,0,0.0,0.0,0,
Mobikwik,2024-05-24,1,0,0.0,0.0,0,
Mobikwik,2024-05-22,1,0,0.0,0.0,0,
Mobikwik,2024-05-21,2,0,0.0,0.0,0,
Mobikwik,2024-05-20,3,0,0.0,0.0,0,
Mobikwik,2024-05-17,1,0,0.0,0.0,0,
Mobikwik,2024-05-16,1,0,0.0,0.0,0,
Mobikwik,2024-05-11,1,0,0.0,0.0,0,
Mobikwik,2024-05-08,1,0,0.0,0.0,0,
Mobikwik,2024-05-06,1,0,0.0,0.0,0,
Mobikwik,2024-05-05,1,0,0.0,0.0,0,
Mobikwik,2024-05-04,1,0,0.0,0.0,0,
Mobikwik,2024-05-02,1,0,0.0,0.0,0,
Mobikwik,2024-04-30,1,0,0.0,0.0,0,
Mobikwik,2024-04-24,1,0,0.0,0.0,0,
Mobikwik,2024-04-23,1,0,0.0,0.0,0,
Mobikwik,2024-04-21,1,0,0.0,0.0,0,
Mobikwik,2024-04-16,1,0,0.0,0.0,0,
Mobikwik,2024-04-14,1,0,0.0,0.0,0,
Mobikwik,2024-04-12,2,0,0.0,0.0,0,
Mobikwik,2024-04-09,1,0,0.0,0.0,0,
Mobikwik,2024-04-08,1,0,0.0,0.0,0,
Mobikwik,2024-04-07,1,0,0.0,0.0,0,
Mobikwik,2024-04-05,1,0,0.0,0.0,0,
Mobikwik,2024-04-01,1,0,0.0,0.0,0,
Mobikwik,2024-03-27,1,0,0.0,0.0,0,
Mobikwik,2024-03-23,1,0,0.0,0.0,0,
Mobikwik,2024-03-22,1,0,0.0,0.0,0,
Mobikwik,2024-03-17,1,0,0.0,0.0,0,
Mobikwik,2024-03-16,3,0,0.0,0.0,0,
Mobikwik,2024-03-15,1,0,0.0,0.0,0,
Mobikwik,2024-03-09,1,0,0.0,0.0,0,
Mobikwik,2024-03-05,1,0,0.0,0.0,0,
Mobikwik,2024-03-03,1,0,0.0,0.0,0,
Mobikwik,2024-02-29,2,0,0.0,0.0,0,
Mobikwik,2024-02-28,1,0,0.0,0.0,0,
Mobikwik,2024-02-27,3,0,0.0,0.0,0,
Mobikwik,2024-02-24,1,0,0.0,0.0,0,
Mobikwik,2024-02-21,2,0,0.0,0.0,0,
Mobikwik,2024-02-20,1,0,0.0,0.0,0,
Mobikwik,2024-02-19,1,0,0.0,0.0,0,
Mobikwik,2024-02-18,3,0,0.0,0.0,0,
Mobikwik,2024-02-17,2,0,0.0,0.0,0,
Mobikwik,2024-02-15,2,0,0.0,0.0,0,
Mobikwik,2024-02-12,1,0,0.0,0.0,0,
Mobikwik,2024-02-09,1,0,0.0,0.0,0,
Mobikwik,2024-01-31,1,0,0.0,0.0,0,
Mobikwik,2024-01-26,1,0,0.0,0.0,0,
Mobikwik,2024-01-23,2,0,0.0,0.0,0,
Mobikwik,2024-01-18,1,0,0.0,0.0,0,
Mobikwik,2024-01-15,1,0,0.0,0.0,0,
Mobikwik,2024-01-14,1,0,0.0,0.0,0,
Mobikwik,2024-01-12,1,0,0.0,0.0,0,
Mobikwik,2024-01-01,1,0,0.0,0.0,0,
Mobikwik,2023-12-29,1,0,0.0,0.0,0,
Mobikwik,2023-12-28,1,0,0.0,0.0,0,
Mobikwik,2023-12-21,1,0,0.0,0.0,0,
Mobikwik,2023-12-14,2,0,0.0,0.0,0,
Mobikwik,2023-12-09,1,0,0.0,0.0,0,
Mobikwik,2023-12-04,2,0,0.0,0.0,0,
Mobikwik,2023-12-02,1,0,0.0,0.0,0,
Mobikwik,2023-11-30,1,0,0.0,0.0,0,
Mobikwik,2023-11-29,1,0,0.0,0.0,0,
Mobikwik,2023-11-26,1,0,0.0,0.0,0,
Mobikwik,2023-11-24,1,0,0.0,0.0,0,
Mobikwik,2023-11-22,1,0,0.0,0.0,0,
Mobikwik,2023-11-21,1,0,0.0,0.0,0,
Mobikwik,2023-11-20,1,0,0.0,0.0,0,
Mobikwik,2023-11-13,2,0,0.0,0.0,0,
Mobikwik,2023-11-11,2,0,0.0,0.0,0,
Mobikwik,2023-11-10,1,0,0.0,0.0,0,
Mobikwik,2023-11-03,1,0,0.0,0.0,0,
Mobikwik,2023-10-21,1,0,0.0,0.0,0,
Mobikwik,2023-10-16,1,0,0.0,0.0,0,
Mobikwik,2023-10-04,1,0,0.0,0.0,0,
Mobikwik,2023-09-26,1,0,0.0,0.0,0,
Mobikwik,2023-09-11,1,0,0.0,0.0,0,
Mobikwik,2023-09-10,1,0,0.0,0.0,0,
Mobikwik,2023-08-23,1,0,0.0,0.0,0,
Mobikwik,2023-08-22,1,0,0.0,0.0,0,
Mobikwik,2023-07-30,1,0,0.0,0.0,0,
Mobikwik,2023-07-29,2,0,0.0,0.0,0,
Mobikwik,2023-06-24,1,0,0.0,0.0,0,
Mobikwik,2023-05-25,1,0,0.0,0.0,0,
Mobikwik,2023-04-23,2,0,0.0,0.0,0,
Mobikwik,2023-03-18,1,0,0.0,0.0,0,
Mobikwik,2023-03-14,1,0,0.0,0.0,0,
Mobikwik,2023-02-26,1,0,0.0,0.0,0,
Mobikwik,2023-02-20,1,0,0.0,0.0,0,
Mobikwik,2023-02-11,1,0,0.0,0.0,0,
Mobikwik,2023-02-02,1,0,0.0,0.0,0,
Mobikwik,2023-01-23,1,0,0.0,0.0,0,
Mobikwik,2023-01-15,1,0,0.0,0.0,0,
Mobikwik,2023-01-14,1,0,0.0,0.0,0,
Mobikwik,2023-01-08,1,0,0.0,0.0,0,
Mobikwik,2023-01-04,1,0,0.0,0.0,0,
Mobikwik,2023-01-02,1,0,0.0,0.0,0,
Mobikwik,2022-12-31,1,0,0.0,0.0,0,
Mobikwik,2022-12-29,1,0,0.0,0.0,0,
Mobikwik,2022-12-24,1,0,0.0,0.0,0,
Mobikwik,2022-12-23,1,0,0.0,0.0,0,
Mobikwik,2022-12-15,1,0,0.0,0.0,0,
Mobikwik,2022-12-10,1,0,0.0,0.0,0,
Mobikwik,2022-12-07,1,0,0.0,0.0,0,
Mobikwik,2022-12-01,1,0,0.0,0.0,0,
Mobikwik,2022-11-27,1,0,0.0,0.0,0,
Mobikwik,2022-11-24,1,0,0.0,0.0,0,
Mobikwik,2022-11-23,2,0,0.0,0.0,0,
Mobikwik,2022-11-22,1,0,0.0,0.0,0,
Mobikwik,2022-11-21,1,0,0.0,0.0,0,
Mobikwik,2022-11-20,1,0,0.0,0.0,0,
Mobikwik,2022-11-16,1,0,0.0,0.0,0,
Mobikwik,2022-11-13,1,0,0.0,0.0,0,
Mobikwik,2022-11-12,1,0,0.0,0.0,0,
Mobikwik,2022-11-06,1,0,0.0,0.0,0,
Mobikwik,2022-11-04,1,0,0.0,0.0,0,
Mobikwik,2022-11-02,2,0,0.0,0.0,0,
Mobikwik,2022-11-01,1,0,0.0,0.0,0,
Mobikwik,2022-10-31,1,0,0.0,0.0,0,
Mobikwik,2022-10-29,1,0,0.0,0.0,0,
Mobikwik,2022-10-27,1,0,0.0,0.0,0,
Mobikwik,2022-10-25,1,0,0.0,0.0,0,
Mobikwik,2022-10-24,1,0,0.0,0.0,0,
Mobikwik,2022-10-20,1,0,0.0,0.0,0,
Mobikwik,2022-10-19,1,0,0.0,0.0,0,
Mobikwik,2022-10-15,1,0,0.0,0.0,0,
Mobikwik,2022-10-11,1,0,0.0,0.0,0,
Mobikwik,2022-10-03,1,0,0.0,0.0,0,
Mobikwik,2022-09-30,1,0,0.0,0.0,0,
Mobikwik,2022-09-24,1,0,0.0,0.0,0,
Mobikwik,2022-09-23,2,0,0.0,0.0,0,
Mobikwik,2022-09-17,2,0,0.0,0.0,0,
Mobikwik,2022-09-14,1,0,0.0,0.0,0,
Mobikwik,2022-09-13,2,0,0.0,0.0,0,
Mobikwik,2022-09-12,1,0,0.0,0.0,0,
Mobikwik,2022-09-06,1,0,0.0,0.0,0,
Mobikwik,2022-09-05,1,0,0.0,0.0,0,
Mobikwik,2022-09-02,1,0,0.0,0.0,0,
Mobikwik,2022-09-01,1,0,0.0,0.0,0,
Mobikwik,2022-08-24,1,0,0.0,0.0,0,
Mobikwik,2022-08-23,2,0,0.0,0.0,0,
Mobikwik,2022-08-22,1,0,0.0,0.0,0,
Mobikwik,2022-08-21,1,0,0.0,0.0,0,
Mobikwik,2022-08-20,1,0,0.0,0.0,0,
Mobikwik,2022-08-17,2,0,0.0,0.0,0,
Mobikwik,2022-08-14,1,0,0.0,0.0,0,
Mobikwik,2022-08-13,1,0,0.0,0.0,0,
Mobikwik,2022-08-12,1,0,0.0,0.0,0,
Mobikwik,2022-08-10,1,0,0.0,0.0,0,
Mobikwik,2022-08-09,1,0,0.0,0.0,0,
Mobikwik,2022-08-06,1,0,0.0,0.0,0,
Mobikwik,2022-08-04,1,0,0.0,0.0,0,
Mobikwik,2022-08-02,1,0,0.0,0.0,0,
Mobikwik,2022-07-26,1,0,0.0,0.0,0,
Mobikwik,2022-07-22,1,0,0.0,0.0,0,
Mobikwik,2022-07-20,1,0,0.0,0.0,0,
Mobikwik,2022-07-16,1,0,0.0,0.0,0,
Mobikwik,2022-07-15,1,0,0.0,0.0,0,
Mobikwik,2022-07-14,1,0,0.0,0.0,0,
Mobikwik,2022-07-08,2,0,0.0,0.0,0,
Mobikwik,2022-07-07,2,0,0.0,0.0,0,
Mobikwik,2022-07-06,1,0,0.0,0.0,0,
Mobikwik,2022-07-04,1,0,0.0,0.0,0,
Mobikwik,2022-06-23,1,0,0.0,0.0,0,
Mobikwik,2022-06-22,1,0,0.0,0.0,0,
Mobikwik,2022-06-11,1,0,0.0,0.0,0,
Mobikwik,2022-06-06,1,0,0.0,0.0,0,
Mobikwik,2022-06-03,2,0,0.0,0.0,0,
Mobikwik,2022-06-01,2,0,0.0,0.0,0,
Mobikwik,2022-05-31,1,0,0.0,0.0,0,
Mobikwik,2022-05-30,1,0,0.0,0.0,0,
Mobikwik,2022-05-26,1,0,0.0,0.0,0,
Mobikwik,2022-05-20,1,0,0.0,0.0,0,
Mobikwik,2022-05-18,1,0,0.0,0.0,0,
Mobikwik,2022-05-16,2,0,0.0,0.0,0,
Mobikwik,2022-05-11,1,0,0.0,0.0,0,
Mobikwik,2022-05-05,1,0,0.0,0.0,0,
Mobikwik,2022-05-04,1,0,0.0,0.0,0,
Mobikwik,2022-05-03,1,0,0.0,0.0,0,
Mobikwik,2022-04-30,1,0,0.0,0.0,0,
Mobikwik,2022-04-28,1,0,0.0,0.0,0,
Mobikwik,2022-04-21,1,0,0.0,0.0,0,
Mobikwik,2022-04-19,1,0,0.0,0.0,0,
Mobikwik,2022-04-12,1,0,0.0,0.0,0,
Mobikwik,2022-04-10,1,0,0.0,0.0,0,
Mobikwik,2022-04-05,1,0,0.0,0.0,0,
Mobikwik,2022-03-30,1,0,0.0,0.0,0,
Mobikwik,2022-03-29,1,0,0.0,0.0,0,
Mobikwik,2022-03-21,1,0,0.0,0.0,0,
Mobikwik,2022-03-12,1,0,0.0,0.0,0,
Mobikwik,2022-03-06,2,0,0.0,0.0,0,
Mobikwik,2022-03-04,1,0,0.0,0.0,0,
Mobikwik,2022-03-02,1,0,0.0,0.0,0,
Mobikwik,2022-03-01,2,0,0.0,0.0,0,
Mobikwik,2022-02-23,2,0,0.0,0.0,0,
Mobikwik,2022-02-21,1,0,0.0,0.0,0,
Mobikwik,2022-02-20,1,0,0.0,0.0,0,
Mobikwik,2022-02-19,1,0,0.0,0.0,0,
Mobikwik,2022-02-14,1,0,0.0,0.0,0,
Mobikwik,2022-02-05,1,0,0.0,0.0,0,
Mobikwik,2022-02-04,1,0,0.0,0.0,0,
Mobikwik,2022-02-03,3,0,0.0,0.0,0,
Mobikwik,2022-02-02,1,0,0.0,0.0,0,
Mobikwik,2022-01-31,1,0,0.0,0.0,0,
Mobikwik,2022-01-29,1,0,0.0,0.0,0,
Mobikwik,2022-01-28,1,0,0.0,0.0,0,
Mobikwik,2022-01-26,1,0,0.0,0.0,0,
Mobikwik,2022-01-25,1,0,0.0,0.0,0,
Mobikwik,2022-01-23,1,0,0.0,0.0,0,
Mobikwik,2022-01-17,1,0,0.0,0.0,0,
Mobikwik,2022-01-15,1,0,0.0,0.0,0,
Mobikwik,2022-01-13,1,0,0.0,0.0,0,
Mobikwik,2022-01-10,1,0,0.0,0.0,0,
Mobikwik,2022-01-04,1,0,0.0,0.0,0,
Mobikwik,2022-01-02,1,0,0.0,0.0,0,
Mobikwik,2021-12-30,1,0,0.0,0.0,0,
Mobikwik,2021-12-26,1,0,0.0,0.0,0,
Mobikwik,2021-12-21,2,0,0.0,0.0,0,
Mobikwik,2021-12-20,2,0,0.0,0.0,0,
Mobikwik,2021-12-15,1,0,0.0,0.0,0,
Mobikwik,2021-12-13,1,0,0.0,0.0,0,
Mobikwik,2021-12-08,1,0,0.0,0.0,0,
Mobikwik,2021-12-06,1,0,0.0,0.0,0,
Mobikwik,2021-12-05,1,0,0.0,0.0,0,
Mobikwik,2021-11-30,1,0,0.0,0.0,0,
Mobikwik,2021-11-29,1,0,0.0,0.0,0,
Mobikwik,2021-11-23,1,0,0.0,0.0,0,
Mobikwik,2021-11-03,1,0,0.0,0.0,0,
Mobikwik,2021-10-30,2,0,0.0,0.0,0,
Mobikwik,2021-10-28,1,0,0.0,0.0,0,
Mobikwik,2021-10-24,1,0,0.0,0.0,0,
Mobikwik,2021-10-23,1,0,0.0,0.0,0,
Mobikwik,2021-10-22,1,0,0.0,0.0,0,
Mobikwik,2021-10-17,2,0,0.0,0.0,0,
Mobikwik,2021-10-07,1,0,0.0,0.0,0,
Mobikwik,2021-09-21,1,0,0.0,0.0,0,
Mobikwik,2021-09-12,1,0,0.0,0.0,0,
Mobikwik,2021-08-28,1,0,0.0,0.0,0,
Mobikwik,2021-08-15,1,0,0.0,0.0,0,
Mobikwik,2021-08-13,2,0,0.0,0.0,0,
Mobikwik,2021-08-09,1,0,0.0,0.0,0,
Mobikwik,2021-07-30,1,0,0.0,0.0,0,
Mobikwik,2021-07-28,1,0,0.0,0.0,0,
Mobikwik,2021-07-12,1,0,0.0,0.0,0,
Mobikwik,2021-07-04,1,0,0.0,0.0,0,
Mobikwik,2021-07-02,1,0,0.0,0.0,0,
Mobikwik,2021-06-30,1,0,0.0,0.0,0,
Mobikwik,2021-06-24,1,0,0.0,0.0,0,
Mobikwik,2021-06-13,1,0,0.0,0.0,0,
Mobikwik,2021-06-09,2,0,0.0,0.0,0,
Mobikwik,2021-05-23,1,0,0.0,0.0,0,
Mobikwik,2021-05-22,1,0,0.0,0.0,0,
Mobikwik,2021-05-16,1,0,0.0,0.0,0,
Mobikwik,2021-05-01,1,0,0.0,0.0,0,
Mobikwik,2021-03-05,1,0,0.0,0.0,0,
Mobikwik,2021-02-28,1,0,0.0,0.0,0,
Mobikwik,2021-02-21,1,0,0.0,0.0,0,
Mobikwik,2021-02-15,1,0,0.0,0.0,0,
Mobikwik,2021-02-05,1,0,0.0,0.0,0,
Tata Digital Private Ltd,2026-05-17,147,0,0.0,0.0,0,
Tata Digital Private Ltd,2026-05-16,102,0,0.0,0.0,0,
Tata Digital Private Ltd,2026-05-15,93,55,5094977.569999999,92635.95581818181,12,1251877.01
Tata Digital Private Ltd,2026-05-14,158,71,5881302.13,82835.24126760563,9,359194.04000000004
Tata Digital Private Ltd,2026-05-13,176,72,6139718.48,85273.86777777778,16,1145924.5999999999
Tata Digital Private Ltd,2026-05-12,93,72,4549448.8,63186.788888888885,2,147405.56
Tata Digital Private Ltd,2026-05-11,99,110,8581340.86,78012.18963636363,5,591847.13
Tata Digital Private Ltd,2026-05-10,115,0,0.0,0.0,0,
Tata Digital Private Ltd,2026-05-09,104,3,280035.34,93345.11333333334,7,496346.18
Tata Digital Private Ltd,2026-05-08,120,57,3509130.79,61563.69807017544,8,442268.8300000001
Tata Digital Private Ltd,2026-05-07,120,50,4590656.169999999,91813.12339999998,10,209806.92000000004
Tata Digital Private Ltd,2026-05-06,149,46,4143486.1799999997,90075.78652173912,6,607210.3400000001
Tata Digital Private Ltd,2026-05-05,115,62,4277865.3076,68997.82754193548,7,434682.35970000003
Tata Digital Private Ltd,2026-05-04,183,177,13185860.629100002,74496.38773502826,7,432846.85270000005
Tata Digital Private Ltd,2026-05-03,167,0,0.0,0.0,0,
Tata Digital Private Ltd,2026-05-02,215,0,0.0,0.0,0,
Tata Digital Private Ltd,2026-05-01,126,6,559167.82,93194.63666666666,15,1022572.4415999999
Tata Digital Private Ltd,2026-04-30,102,94,5705688.234199999,60698.811002127644,11,702193.5817
Tata Digital Private Ltd,2026-04-29,88,71,5176028.1970999995,72901.80559295774,7,929794.3047999999
Tata Digital Private Ltd,2026-04-28,157,69,3990750.8077000007,57836.96822753624,8,282591.53099999996
Tata Digital Private Ltd,2026-04-27,191,152,12479737.420399997,82103.5356605263,10,635381.071
Tata Digital Private Ltd,2026-04-26,146,0,0.0,0.0,0,
Tata Digital Private Ltd,2026-04-25,266,2,51000.0,25500.0,15,857446.4194
Tata Digital Private Ltd,2026-04-24,119,52,3647813.6435,70150.26237499999,7,303173.5068
Tata Digital Private Ltd,2026-04-23,119,72,6039680.196800001,83884.4471777778,8,137691.1606
Tata Digital Private Ltd,2026-04-22,119,36,2428789.3258,67466.37016111112,6,312165.9031
Tata Digital Private Ltd,2026-04-21,143,55,3599875.9406,65452.28982909091,4,117170.34509999999
Tata Digital Private Ltd,2026-04-20,187,178,9298337.886300001,52237.85329382023,7,283692.4473
Tata Digital Private Ltd,2026-04-19,155,0,0.0,0.0,0,
Tata Digital Private Ltd,2026-04-18,149,0,0.0,0.0,0,
Tata Digital Private Ltd,2026-04-17,100,63,2161606.4569,34311.213601587304,17,607577.7908999999
Tata Digital Private Ltd,2026-04-16,138,81,10630030.113,131234.93966666667,8,87224.0305
Tata Digital Private Ltd,2026-04-15,183,114,12061672.6559,105804.14610438596,5,269325.1668
Tata Digital Private Ltd,2026-04-14,156,0,0.0,0.0,0,
Tata Digital Private Ltd,2026-04-13,142,164,13444731.2333,81980.06849573171,10,498450.0832999999
Tata Digital Private Ltd,2026-04-12,164,0,0.0,0.0,0,
Tata Digital Private Ltd,2026-04-11,162,0,0.0,0.0,0,
Tata Digital Private Ltd,2026-04-10,260,44,6273097.3337,142570.39394772728,7,719241.1209000001
Tata Digital Private Ltd,2026-04-09,148,68,7865922.933500001,115675.33725735296,15,1184497.2216999999
Tata Digital Private Ltd,2026-04-08,121,70,6741718.569000001,96310.26527142858,4,207282.1487
Tata Digital Private Ltd,2026-04-07,298,48,7984485.502000001,166343.44795833336,9,1569735.7597999999
Tata Digital Private Ltd,2026-04-06,139,182,16265983.8917,89373.53786648352,5,754275.1949
Tata Digital Private Ltd,2026-04-05,183,0,0.0,0.0,0,
Tata Digital Private Ltd,2026-04-04,140,2,309911.6431,154955.82155,7,1292915.3644
Tata Digital Private Ltd,2026-04-03,329,0,0.0,0.0,0,
Tata Digital Private Ltd,2026-04-02,137,139,9471705.7658,68141.76809928057,10,285888.01220000006
Tata Digital Private Ltd,2026-04-01,178,0,0.0,0.0,0,
Tata Digital Private Ltd,2026-03-31,158,0,0.0,0.0,0,
Tata Digital Private Ltd,2026-03-30,145,135,10663477.7773,78988.7242762963,8,400204.4544
Tata Digital Private Ltd,2026-03-29,140,0,0.0,0.0,0,
Tata Digital Private Ltd,2026-03-28,134,0,0.0,0.0,0,
Tata Digital Private Ltd,2026-03-27,151,98,6447198.042300001,65787.73512551021,10,416235.00240000006
Tata Digital Private Ltd,2026-03-26,279,0,0.0,0.0,0,
Tata Digital Private Ltd,2026-03-25,111,43,2197512.1084000003,51104.93275348838,10,782345.2384
Tata Digital Private Ltd,2026-03-24,124,31,3044609.9034,98213.22269032258,5,219023.138
Tata Digital Private Ltd,2026-03-23,123,98,11210491.7857,114392.7733234694,4,340414.5848
Tata Digital Private Ltd,2026-03-22,164,0,0.0,0.0,0,
Tata Digital Private Ltd,2026-03-21,157,0,0.0,0.0,0,
Tata Digital Private Ltd,2026-03-20,172,107,6812887.700900001,63671.84767196263,7,1490981.8449000001
Tata Digital Private Ltd,2026-03-19,183,0,0.0,0.0,0,
Tata Digital Private Ltd,2026-03-18,247,58,4275856.131700001,73721.65744310347,9,319816.92209999997
Tata Digital Private Ltd,2026-03-17,229,51,4081501.6935,80029.44497058824,11,605428.9299999999
Tata Digital Private Ltd,2026-03-16,106,126,13029188.368299998,103406.25689126983,11,1330414.2684999998
Tata Digital Private Ltd,2026-03-15,158,0,0.0,0.0,0,
Tata Digital Private Ltd,2026-03-14,146,0,0.0,0.0,0,
Tata Digital Private Ltd,2026-03-13,135,32,3112747.7040000004,97273.36575000001,4,41121.5415
Tata Digital Private Ltd,2026-03-12,129,32,1965841.1338,61432.53543125,7,267934.2288
Tata Digital Private Ltd,2026-03-11,137,37,2436066.6581,65839.63940810811,4,280701.4802
Tata Digital Private Ltd,2026-03-10,124,34,2090749.4187000003,61492.62996176472,6,370836.3041
Tata Digital Private Ltd,2026-03-09,138,126,10408682.739699999,82608.59317222222,8,963174.1072
Tata Digital Private Ltd,2026-03-08,163,0,0.0,0.0,0,
Tata Digital Private Ltd,2026-03-07,217,0,0.0,0.0,0,
Tata Digital Private Ltd,2026-03-06,159,66,3561603.8116000006,53963.69411515153,9,664735.9599
Tata Digital Private Ltd,2026-03-05,183,38,2801782.5552999997,73731.11987631577,11,925986.0396999998
Tata Digital Private Ltd,2026-03-04,173,107,9655022.239300001,90233.85270373833,6,365234.5865
Tata Digital Private Ltd,2026-03-03,154,0,0.0,0.0,0,
Tata Digital Private Ltd,2026-03-02,224,165,13294571.718299998,80573.1619290909,4,641402.1841000001
Tata Digital Private Ltd,2026-03-01,194,0,0.0,0.0,0,
Tata Digital Private Ltd,2026-02-28,212,0,0.0,0.0,0,
Tata Digital Private Ltd,2026-02-27,166,63,5062710.803599999,80360.48894603174,17,927946.5115
Tata Digital Private Ltd,2026-02-26,169,48,5129180.6913,106857.93106875,8,980762.2191
Tata Digital Private Ltd,2026-02-25,170,43,4354192.2851,101260.2857,4,511152.7463
Tata Digital Private Ltd,2026-02-24,352,51,4092306.3568,80241.3011137255,5,487526.6779
Tata Digital Private Ltd,2026-02-23,159,124,11563373.3213,93253.01065564516,9,531020.0827
Tata Digital Private Ltd,2026-02-22,170,1,995.8648,995.8648,4,41400.1276
Tata Digital Private Ltd,2026-02-21,174,0,0.0,0.0,0,
Tata Digital Private Ltd,2026-02-20,142,76,4987111.0607,65619.88237763158,13,1265982.1322
Tata Digital Private Ltd,2026-02-19,147,0,0.0,0.0,0,
Tata Digital Private Ltd,2026-02-18,148,37,2918759.9337999998,78885.40361621621,6,139040.1858
Tata Digital Private Ltd,2026-02-17,146,43,3993217.9946000003,92865.53475813955,10,418571.35679999995
Tata Digital Private Ltd,2026-02-16,135,103,6451223.8747000005,62633.24150194175,9,380121.80850000004
Tata Digital Private Ltd,2026-02-15,153,0,0.0,0.0,0,
Tata Digital Private Ltd,2026-02-14,139,0,0.0,0.0,0,
Tata Digital Private Ltd,2026-02-13,125,42,3890312.147,92626.47969047619,11,379820.72
Tata Digital Private Ltd,2026-02-12,136,51,3752664.1324000005,73581.64965490196,5,154836.22069999998
Tata Digital Private Ltd,2026-02-11,111,40,2423898.5017,60597.4625425,5,214063.57899999997
Tata Digital Private Ltd,2026-02-10,197,41,2816009.7493,68683.16461707317,12,772437.384
Tata Digital Private Ltd,2026-02-09,181,158,10111948.356900001,63999.673144936714,9,202426.4423
Tata Digital Private Ltd,2026-02-08,207,0,0.0,0.0,0,
Tata Digital Private Ltd,2026-02-07,181,1,99487.443,99487.443,10,696007.7585
Tata Digital Private Ltd,2026-02-06,155,72,4855929.3301,67443.46291805555,7,681121.6655000001
Tata Digital Private Ltd,2026-02-05,198,40,3196071.0142,79901.775355,7,440102.4373
Tata Digital Private Ltd,2026-02-04,190,35,1859606.9,53131.625714285714,7,358229.65209999995
Tata Digital Private Ltd,2026-02-03,355,50,3615170.2800000003,72303.4056,11,823499.0589000001
Tata Digital Private Ltd,2026-02-02,195,184,12904230.668899998,70131.68841793477,14,811162.3163
Tata Digital Private Ltd,2026-02-01,153,0,0.0,0.0,0,
Tata Digital Private Ltd,2026-01-31,188,0,0.0,0.0,0,
Tata Digital Private Ltd,2026-01-30,155,74,5840957.198899999,78931.85403918917,13,451755.31409999996
Tata Digital Private Ltd,2026-01-29,185,55,3010468.0503000002,54735.782732727275,12,1019952.9106999999
Tata Digital Private Ltd,2026-01-28,228,41,3253693.6161999996,79358.38088292682,9,520377.49809999997
Tata Digital Private Ltd,2026-01-27,214,146,11394605.888099998,78045.2458089041,7,516417.36300000007
Tata Digital Private Ltd,2026-01-26,233,0,0.0,0.0,0,
Tata Digital Private Ltd,2026-01-25,229,1,88927.8677,88927.8677,11,348438.0086
Tata Digital Private Ltd,2026-01-24,311,0,0.0,0.0,0,
Tata Digital Private Ltd,2026-01-23,149,47,5174848.3205,110103.15575531915,11,714326.6504
Tata Digital Private Ltd,2026-01-22,165,48,6263986.3843,130499.71633958333,10,1612695.5076000001
Tata Digital Private Ltd,2026-01-21,292,55,3856878.033099999,70125.05514727271,14,1269687.7268
Tata Digital Private Ltd,2026-01-20,252,52,4590268.945,88274.40278846155,5,811890.1553
Tata Digital Private Ltd,2026-01-19,200,135,14417096.129100002,106793.30466000002,8,307143.6718
Tata Digital Private Ltd,2026-01-18,277,1,500000.0,500000.0,10,1181083.1201
Tata Digital Private Ltd,2026-01-17,220,0,0.0,0.0,0,
Tata Digital Private Ltd,2026-01-16,238,75,4580525.1176,61073.66823466667,8,600040.7978000001
Tata Digital Private Ltd,2026-01-15,177,1,68601.7988,68601.7988,7,322144.0688
Tata Digital Private Ltd,2026-01-14,166,47,2602229.9604,55366.59490212766,17,553231.37
Tata Digital Private Ltd,2026-01-13,169,68,2423131.0935,35634.280786764706,4,69861.442
Tata Digital Private Ltd,2026-01-12,221,132,9072322.1205,68729.7130340909,17,861352.8012999999
Tata Digital Private Ltd,2026-01-11,243,0,0.0,0.0,0,
Tata Digital Private Ltd,2026-01-10,264,15,317695.4,21179.693333333336,19,1337470.9126000002
Tata Digital Private Ltd,2026-01-09,193,47,3426935.5979,72913.52335957446,11,239264.8463
Tata Digital Private Ltd,2026-01-08,223,70,3130701.9243,44724.31320428572,10,898563.801
Tata Digital Private Ltd,2026-01-07,336,51,2254400.744,44203.93615686274,14,1007266.9439999999
Tata Digital Private Ltd,2026-01-06,247,48,3836179.4357,79920.40491041666,14,981135.6338000001
Tata Digital Private Ltd,2026-01-05,301,209,12432926.227899998,59487.68530095693,15,1117744.7141
Tata Digital Private Ltd,2026-01-04,272,0,0.0,0.0,0,
Tata Digital Private Ltd,2026-01-03,292,2,401000.0,200500.0,14,415236.0333
Tata Digital Private Ltd,2026-01-02,248,78,5557562.5401,71250.80179615384,17,1436699.9870999998
Tata Digital Private Ltd,2026-01-01,206,81,3908543.1831,48253.619544444446,11,510398.5196
Tata Digital Private Ltd,2025-12-31,244,59,3244294.4657999994,54988.04179322033,18,1168906.0814999996
Tata Digital Private Ltd,2025-12-30,271,83,5257206.3762,63339.83585783132,18,962393.0811000001
Tata Digital Private Ltd,2025-12-29,276,142,9013002.465,63471.84834507042,19,556542.7339
Tata Digital Private Ltd,2025-12-28,328,0,0.0,0.0,0,
Tata Digital Private Ltd,2025-12-27,963,7,105482.84000000001,15068.977142857144,20,349714.2966
Tata Digital Private Ltd,2025-12-26,268,72,4516653.0741,62731.292695833334,18,1047433.6748
Tata Digital Private Ltd,2025-12-25,421,0,0.0,0.0,0,
Tata Digital Private Ltd,2025-12-24,223,72,3863328.846999999,53657.34509722221,8,848090.9212000001
Tata Digital Private Ltd,2025-12-23,226,73,5304705.5817,72667.19974931507,12,388538.0482999999
Tata Digital Private Ltd,2025-12-22,276,136,17098185.0095,125721.94859926471,17,1410740.3514
Tata Digital Private Ltd,2025-12-21,530,0,0.0,0.0,0,
Tata Digital Private Ltd,2025-12-20,249,0,0.0,0.0,0,
Tata Digital Private Ltd,2025-12-19,211,61,4921855.1884,80686.1506295082,19,616857.1889
Tata Digital Private Ltd,2025-12-18,327,57,3916993.2322000004,68719.17951228071,9,409834.763
Tata Digital Private Ltd,2025-12-17,280,47,3938426.0369999995,83796.29865957446,7,715876.1514000001
Tata Digital Private Ltd,2025-12-16,278,46,3478647.8013,75622.77828913044,12,543328.8393999999
Tata Digital Private Ltd,2025-12-15,280,150,9265256.2788,61768.375192,18,397740.3385
Tata Digital Private Ltd,2025-12-14,277,1,50000.0,50000.0,7,300080.7705
Tata Digital Private Ltd,2025-12-13,276,0,0.0,0.0,0,
Tata Digital Private Ltd,2025-12-12,275,44,1837120.3148,41752.73442727273,5,319869.1496
Tata Digital Private Ltd,2025-12-11,292,52,3900825.3266,75015.8716653846,14,1498083.9342
Tata Digital Private Ltd,2025-12-10,273,54,3783699.6162,70068.51141111112,12,1131407.4472999999
Tata Digital Private Ltd,2025-12-09,307,56,3938596.0021,70332.07146607143,11,676638.5049
Tata Digital Private Ltd,2025-12-08,383,145,13870547.845199998,95658.95065655171,11,739283.1649000001
Tata Digital Private Ltd,2025-12-07,455,0,0.0,0.0,0,
Tata Digital Private Ltd,2025-12-06,328,0,0.0,0.0,0,
Tata Digital Private Ltd,2025-12-05,294,39,3002691.9607,76992.10155641026,7,1311607.1293
Tata Digital Private Ltd,2025-12-04,354,42,3321876.2798999995,79092.29237857142,4,59813.842000000004
Tata Digital Private Ltd,2025-12-03,303,49,4295727.1537,87667.90109591837,13,1467263.8833
Tata Digital Private Ltd,2025-12-02,369,58,5259478.485300001,90680.66353965519,11,937584.2552
Tata Digital Private Ltd,2025-12-01,595,176,14428661.064800002,81981.02877727273,16,1317779.8016
Tata Digital Private Ltd,2025-11-30,371,1,10000.0,10000.0,13,789984.3253
Tata Digital Private Ltd,2025-11-29,350,1,1000000.0,1000000.0,18,1924895.1682999998
Tata Digital Private Ltd,2025-11-28,361,45,2593637.3911999995,57636.3864711111,7,253320.6359
Tata Digital Private Ltd,2025-11-27,300,58,5409741.2611,93271.40105344827,10,1557329.5998000002
Tata Digital Private Ltd,2025-11-26,398,45,2296195.9352999995,51026.57633999999,12,256297.06870000003
Tata Digital Private Ltd,2025-11-25,327,38,3035882.7358,79891.65094210526,6,166948.54919999998
Tata Digital Private Ltd,2025-11-24,164,115,9253273.7956,80463.25039652175,13,1875899.4627
Tata Digital Private Ltd,2025-11-23,197,0,0.0,0.0,0,
Tata Digital Private Ltd,2025-11-22,174,0,0.0,0.0,0,
Tata Digital Private Ltd,2025-11-21,166,47,3461918.2978000003,73657.83612340427,7,322845.5142
Tata Digital Private Ltd,2025-11-20,248,50,5605831.3155000005,112116.62631,9,1108913.2843999998
Tata Digital Private Ltd,2025-11-19,211,57,6204763.8891,108855.50682631579,15,1183335.0810999998
Tata Digital Private Ltd,2025-11-18,198,75,4427132.513800001,59028.433517333346,14,1448811.9352
Tata Digital Private Ltd,2025-11-17,268,136,11995997.342100002,88205.86280955884,13,817664.7755
Tata Digital Private Ltd,2025-11-16,304,11,40049.0,3640.818181818182,9,799822.4957000001
Tata Digital Private Ltd,2025-11-15,224,5,77271.05739999999,15454.211479999998,20,1410817.3650999998
Tata Digital Private Ltd,2025-11-14,206,69,7013337.3362,101642.57008985507,9,495057.6413000001
Tata Digital Private Ltd,2025-11-13,260,81,7817905.434699999,96517.351045679,10,438886.9364
Tata Digital Private Ltd,2025-11-12,305,42,3125491.4828000003,74416.46387619048,14,664923.1081
Tata Digital Private Ltd,2025-11-11,249,66,2907479.2257000003,44052.71554090909,9,1125059.7153
Tata Digital Private Ltd,2025-11-10,222,182,16305302.841300001,89589.5760510989,13,1012647.7512999999
Tata Digital Private Ltd,2025-11-09,282,1,404936.2601,404936.2601,15,1775533.6619999995
Tata Digital Private Ltd,2025-11-08,196,2,2005.4575,1002.72875,10,510831.30710000003
Tata Digital Private Ltd,2025-11-07,242,67,3102776.8728,46310.10257910448,18,979550.5133
Tata Digital Private Ltd,2025-11-06,204,120,10252626.6068,85438.55505666666,11,849209.6610999999
Tata Digital Private Ltd,2025-11-05,250,2,200.0,100.0,15,1575987.9138
Tata Digital Private Ltd,2025-11-04,186,64,5587940.062,87311.56346875,14,1318722.0779000001
Tata Digital Private Ltd,2025-11-03,286,162,11734135.140999999,72432.9329691358,12,466990.36720000004
Tata Digital Private Ltd,2025-11-02,454,4,150407.7202,37601.93005,17,1479929.3799
Tata Digital Private Ltd,2025-11-01,283,14,202998.0,14499.857142857143,11,614978.0825
Tata Digital Private Ltd,2025-10-31,234,103,5827676.481,56579.38331067961,16,703453.4578
Tata Digital Private Ltd,2025-10-30,257,52,4438537.1987,85356.48459038461,19,2929611.9781000004
Tata Digital Private Ltd,2025-10-29,257,74,6459225.8714000005,87286.8361,15,1938002.7918999998
Tata Digital Private Ltd,2025-10-28,295,72,5567434.9338,77325.48519166667,12,420829.5052
Tata Digital Private Ltd,2025-10-27,366,167,10200893.521099998,61083.194737125734,18,1087772.7315
Tata Digital Private Ltd,2025-10-26,365,10,20326.0,2032.6,16,1528938.2595
Tata Digital Private Ltd,2025-10-25,357,11,25796.0,2345.090909090909,14,609081.8295
Tata Digital Private Ltd,2025-10-24,324,77,4223512.521,54850.811961038955,11,872722.6756
Tata Digital Private Ltd,2025-10-23,251,157,11721130.922000002,74656.8848535032,14,657813.4225
Tata Digital Private Ltd,2025-10-22,258,60,249609.07140000002,4160.1511900000005,12,366396.6258
Tata Digital Private Ltd,2025-10-21,204,21,665330.9,31682.42380952381,12,769781.9260000001
Tata Digital Private Ltd,2025-10-20,191,168,10262795.577600002,61088.06891428573,17,516918.97569999995
Tata Digital Private Ltd,2025-10-19,272,4,3044.0,761.0,10,554271.0379
Tata Digital Private Ltd,2025-10-18,253,1,100005.0,100005.0,9,680868.9565000001
Tata Digital Private Ltd,2025-10-17,252,52,3842101.3053000006,73886.56356346155,8,167208.5688
Tata Digital Private Ltd,2025-10-16,216,82,9101586.4947,110994.95725243902,17,1081434.6534000002
Tata Digital Private Ltd,2025-10-15,286,81,4627206.3258,57126.004022222216,14,652385.2478
Tata Digital Private Ltd,2025-10-14,308,54,3008485.3659,55712.691961111115,12,480981.4813
Tata Digital Private Ltd,2025-10-13,312,169,15730624.1433,93080.61623254439,11,2148023.802
Tata Digital Private Ltd,2025-10-12,379,1,1000.0,1000.0,13,1429004.1757
Tata Digital Private Ltd,2025-10-11,313,11,550108.7646999999,50009.88769999999,16,2423832.8366
Tata Digital Private Ltd,2025-10-10,232,70,6397342.900600001,91390.6128657143,12,2022119.9315000002
Tata Digital Private Ltd,2025-10-09,287,70,6092354.1921,87033.63131571429,17,1703937.4649
Tata Digital Private Ltd,2025-10-08,285,85,5385272.3047,63356.144761176474,16,1126970.519
Tata Digital Private Ltd,2025-10-07,337,75,5614080.0312,74854.400416,21,2062486.8096999999
Tata Digital Private Ltd,2025-10-06,273,135,10218616.4061,75693.45486,14,853967.4385
Tata Digital Private Ltd,2025-10-05,404,8,425222.9858,53152.873225,18,1317958.7385
Tata Digital Private Ltd,2025-10-04,366,3,148498.6643,49499.55476666667,15,1491734.5902000002
Tata Digital Private Ltd,2025-10-03,356,91,4898111.9161,53825.40567142857,14,770823.3923
Tata Digital Private Ltd,2025-10-02,436,3,601970.4067,200656.80223333335,22,1245265.5658999998
Tata Digital Private Ltd,2025-10-01,326,61,4727808.8127,77505.06250327868,22,2121190.6380000003
Tata Digital Private Ltd,2025-09-30,335,59,3241208.5044,54935.737362711865,11,1019427.2089999999
Tata Digital Private Ltd,2025-09-29,258,133,9743476.612300001,73259.2226488722,15,249123.73959999997
Tata Digital Private Ltd,2025-09-28,249,9,1583381.4004,175931.2667111111,14,1134691.5694
Tata Digital Private Ltd,2025-09-27,196,7,4705.0,672.1428571428571,11,1196954.0876000002
Tata Digital Private Ltd,2025-09-26,177,54,3993565.615699999,73954.91880925924,11,307483.7808
Tata Digital Private Ltd,2025-09-25,228,55,3919325.4644,71260.46298909091,14,734226.192
Tata Digital Private Ltd,2025-09-24,193,46,3150935.8371999995,68498.60515652173,10,700342.31
Tata Digital Private Ltd,2025-09-23,232,44,3056241.4219000004,69460.0323159091,4,218777.32679999998
Tata Digital Private Ltd,2025-09-22,330,181,12061009.0265,66635.40898618785,18,2086147.2725999998
Tata Digital Private Ltd,2025-09-21,410,33,59388.0,1799.6363636363637,22,1248960.4477000001
Tata Digital Private Ltd,2025-09-20,409,5,9397.0,1879.4,19,1193824.3923
Tata Digital Private Ltd,2025-09-19,343,51,3387395.6194000007,66419.52194901962,13,1890150.2109
Tata Digital Private Ltd,2025-09-18,394,53,3795267.4066,71608.81899245283,16,1275397.2565000001
Tata Digital Private Ltd,2025-09-17,248,62,3224402.8038000003,52006.49683548388,13,573278.6281999999
Tata Digital Private Ltd,2025-09-16,284,75,4165198.0609,55535.97414533333,23,1291228.2596000002
Tata Digital Private Ltd,2025-09-15,456,230,9968189.618500002,43339.95486304349,17,1484380.7764
Tata Digital Private Ltd,2025-09-14,374,3,99726.928,33242.30933333333,9,428693.3759
Tata Digital Private Ltd,2025-09-13,439,1,47035.765,47035.765,14,456962.5938999999
Tata Digital Private Ltd,2025-09-12,319,68,2842102.5063,41795.62509264706,18,600094.6573999999
Tata Digital Private Ltd,2025-09-11,369,64,3094744.592899999,48355.384264062486,17,1128977.3865999999
Tata Digital Private Ltd,2025-09-10,246,71,2799813.9879,39433.999829577464,19,561722.9278
Tata Digital Private Ltd,2025-09-09,281,325,20492854.178799994,63054.935934769215,21,1001299.7264999999
Tata Digital Private Ltd,2025-09-08,606,3,4965.7824,1655.2608,35,3018175.8161
Tata Digital Private Ltd,2025-09-07,544,0,0.0,0.0,0,
Tata Digital Private Ltd,2025-09-06,408,5,92264.3558,18452.871160000002,19,2113799.1542999996
Tata Digital Private Ltd,2025-09-05,349,60,5516784.9898,91946.41649666666,16,1011627.6357999998
Tata Digital Private Ltd,2025-09-04,342,69,4779720.6576,69271.31387826086,25,2110022.8432999994
Tata Digital Private Ltd,2025-09-03,274,79,5814059.949199999,73595.69555949366,30,1907015.5113999997
Tata Digital Private Ltd,2025-09-02,239,63,5008274.8575,79496.42630952381,31,1769997.5427999997
Tata Digital Private Ltd,2025-09-01,275,247,16921303.153500002,68507.3002165992,23,873905.8047999999
Tata Digital Private Ltd,2025-08-31,601,7,615347.5784,87906.79691428572,29,1681634.4891000001
Tata Digital Private Ltd,2025-08-30,1493,1,83097.4989,83097.4989,27,1602919.1354
Tata Digital Private Ltd,2025-08-29,448,92,5343943.795199999,58086.345599999986,30,1312564.5677999998
Tata Digital Private Ltd,2025-08-28,491,158,10668506.584600002,67522.19357341774,27,1087815.2743999998
Tata Digital Private Ltd,2025-08-27,490,5,159852.4922,31970.498440000003,30,1475321.6290999998
Tata Digital Private Ltd,2025-08-26,1536,81,5426068.5182,66988.50022469135,21,763123.3820999999
Tata Digital Private Ltd,2025-08-25,511,123,9765112.1591,79391.15576504065,14,1511850.0369000002
Tata Digital Private Ltd,2025-08-24,438,2,910.0,455.0,6,262674.9356
Tata Digital Private Ltd,2025-08-23,455,3,30163.0,10054.333333333334,14,1027880.5372
Tata Digital Private Ltd,2025-08-22,403,52,5842766.571799999,112360.89561153845,16,1083009.9689
Tata Digital Private Ltd,2025-08-21,411,58,4934079.1032,85070.32936551723,15,1040622.0128
Tata Digital Private Ltd,2025-08-20,279,44,2944257.6103999997,66914.94569090908,19,1965063.4259
Tata Digital Private Ltd,2025-08-19,343,72,4081055.0323,56681.31989305556,10,647729.6521
Tata Digital Private Ltd,2025-08-18,340,262,15626396.4042,59642.73436717557,26,1915614.9215000002
Tata Digital Private Ltd,2025-08-17,533,1,49725.9458,49725.9458,20,1320966.5374000003
Tata Digital Private Ltd,2025-08-16,339,3,98506.44,32835.48,11,843524.7488
Tata Digital Private Ltd,2025-08-15,351,0,0.0,0.0,0,
Tata Digital Private Ltd,2025-08-14,199,57,6120244.4408,107372.7094877193,16,1611767.9547000001
Tata Digital Private Ltd,2025-08-13,297,72,2831195.3302,39322.157363888895,22,1507340.3712
Tata Digital Private Ltd,2025-08-12,419,61,3764331.4014999997,61710.35084426229,16,613312.8038000001
Tata Digital Private Ltd,2025-08-11,362,177,10051787.400899999,56789.759327118634,17,854888.9881000001
Tata Digital Private Ltd,2025-08-10,328,1,100000.0,100000.0,10,566831.7253
Tata Digital Private Ltd,2025-08-09,323,0,0.0,0.0,0,
Tata Digital Private Ltd,2025-08-08,311,62,5030927.990900001,81143.99985322582,21,2002733.3912000002
Tata Digital Private Ltd,2025-08-07,239,63,3502575.3974,55596.43487936508,15,837259.3193000001
Tata Digital Private Ltd,2025-08-06,283,73,3929854.0245999997,53833.61677534246,16,851978.862
Tata Digital Private Ltd,2025-08-05,265,79,5877183.269400001,74394.72492911393,17,1030456.9896999999
Tata Digital Private Ltd,2025-08-04,225,175,12215211.432400001,69801.20818514287,15,1462164.7927999997
Tata Digital Private Ltd,2025-08-03,268,1,73546.7646,73546.7646,20,421991.51339999994
Tata Digital Private Ltd,2025-08-02,206,3,168854.5178,56284.83926666667,19,2243375.883
Tata Digital Private Ltd,2025-08-01,317,104,5755901.2053,55345.20389711538,25,1451250.1123
Tata Digital Private Ltd,2025-07-31,485,127,6371304.7106,50167.75362677165,20,814520.8030999999
Tata Digital Private Ltd,2025-07-30,730,123,7510914.994399999,61064.349547967475,27,1163279.6448
Tata Digital Private Ltd,2025-07-29,922,59,4149370.5796,70328.31490847457,38,2310088.7856
Tata Digital Private Ltd,2025-07-28,264,145,10632560.427000001,73328.00294482759,16,1967325.8824
Tata Digital Private Ltd,2025-07-27,499,1,4000.0,4000.0,13,1009161.1246999999
Tata Digital Private Ltd,2025-07-26,180,2,95994.0638,47997.0319,12,721392.6902000001
Tata Digital Private Ltd,2025-07-25,177,34,1893885.3819000002,55702.51123235295,12,574043.3727000001
Tata Digital Private Ltd,2025-07-24,288,46,5320290.0338,115658.47899565219,13,2932633.0629000003
Tata Digital Private Ltd,2025-07-23,198,48,4005687.3149,83451.81906041667,13,854308.1046999999
Tata Digital Private Ltd,2025-07-22,184,22,1096212.7353,49827.85160454546,9,307639.0024
Tata Digital Private Ltd,2025-07-21,282,112,7155319.1272,63886.77792142857,12,1591666.7745
Tata Digital Private Ltd,2025-07-20,285,1,500.0,500.0,13,571069.1303
Tata Digital Private Ltd,2025-07-19,262,1,51752.0,51752.0,9,140294.845
Tata Digital Private Ltd,2025-07-18,162,43,2865117.5943000005,66630.64172790699,14,1021194.1462000001
Tata Digital Private Ltd,2025-07-17,199,44,3601090.0897000004,81842.95658409092,12,752421.7308
Tata Digital Private Ltd,2025-07-16,168,39,2875110.0922999997,73720.77159743589,9,505160.1756
Tata Digital Private Ltd,2025-07-15,246,46,2739266.6806,59549.27566521739,21,911741.3387
Tata Digital Private Ltd,2025-07-14,271,111,5820720.778700002,52438.92593423425,11,494050.9691
Tata Digital Private Ltd,2025-07-13,298,4,155100.0,38775.0,14,1003668.6307000001
Tata Digital Private Ltd,2025-07-12,392,2,10100.0,5050.0,9,168412.0845
Tata Digital Private Ltd,2025-07-11,178,46,2184530.1625,47489.78614130435,11,391647.95590000006
Tata Digital Private Ltd,2025-07-10,205,74,3618200.7173,48894.60428783784,11,297218.0773
Tata Digital Private Ltd,2025-07-09,195,69,4638700.4315,67227.54248550725,13,1728934.6560999998
Tata Digital Private Ltd,2025-07-08,263,57,4347942.0082,76279.68435438597,16,603368.5774
Tata Digital Private Ltd,2025-07-07,340,166,10138044.7354,61072.558646987956,22,1280211.0255
Tata Digital Private Ltd,2025-07-06,324,1,230314.1458,230314.1458,12,1826807.8156
Tata Digital Private Ltd,2025-07-05,378,1,1000.0,1000.0,15,903221.8139
Tata Digital Private Ltd,2025-07-04,213,99,3954800.7414000006,39947.48223636364,34,961315.8192
Tata Digital Private Ltd,2025-07-03,1255,90,5739347.048400001,63770.52276000001,16,987692.0527
Tata Digital Private Ltd,2025-07-02,215,72,5751909.334400001,79887.62964444446,16,1347001.5288000002
Tata Digital Private Ltd,2025-07-01,271,78,3567939.36,45742.81230769231,17,499077.84
Tata Digital Private Ltd,2025-06-30,188,209,16498289.08,78939.18220095694,36,3503158.5900000003
Tata Digital Private Ltd,2025-06-29,864,16,141988.80999999997,8874.300624999998,28,1038832.73
Tata Digital Private Ltd,2025-06-28,180,5,5029.9,1005.9799999999999,16,719897.5799999998
Tata Digital Private Ltd,2025-06-27,211,81,3349861.7500000005,41356.31790123457,19,928554.1599999999
Tata Digital Private Ltd,2025-06-26,172,62,2776660.5199999996,44784.84709677419,12,656528.26
Tata Digital Private Ltd,2025-06-25,241,88,3011471.54,34221.2675,34,1078201.8499999999
Tata Digital Private Ltd,2025-06-24,243,50,1879935.72,37598.7144,13,158839.9
Tata Digital Private Ltd,2025-06-23,319,187,11407325.83,61001.742406417114,36,1927737.37
Tata Digital Private Ltd,2025-06-22,445,0,0.0,0.0,0,
Tata Digital Private Ltd,2025-06-21,493,10,196107.27,19610.727,18,490637.66000000003
Tata Digital Private Ltd,2025-06-20,324,69,2151901.71,31186.981304347824,11,307842.78
Tata Digital Private Ltd,2025-06-19,353,71,2805442.85,39513.27957746479,24,328039.08999999997
Tata Digital Private Ltd,2025-06-18,308,50,2848931.1799999997,56978.62359999999,21,1613655.13
Tata Digital Private Ltd,2025-06-17,224,67,2407894.95,35938.730597014925,19,524191.14999999997
Tata Digital Private Ltd,2025-06-16,510,194,5973409.639999998,30790.771340206175,29,1324601.6
Tata Digital Private Ltd,2025-06-15,345,0,0.0,0.0,0,
Tata Digital Private Ltd,2025-06-14,361,5,5018.71,1003.742,31,774517.74
Tata Digital Private Ltd,2025-06-13,249,46,1876716.5900000003,40798.18673913044,21,1439078.4200000002
Tata Digital Private Ltd,2025-06-12,186,66,3221534.1699999995,48811.12378787878,12,849958.25
Tata Digital Private Ltd,2025-06-11,296,72,2506739.7600000002,34815.83,17,630543.31
Tata Digital Private Ltd,2025-06-10,249,86,2120342.8000000003,24655.148837209304,23,800983.85
Tata Digital Private Ltd,2025-06-09,303,225,12134005.979999999,53928.91546666666,31,1720645.0199999998
Tata Digital Private Ltd,2025-06-08,410,5,10033.12,2006.6240000000003,35,826171.68
Tata Digital Private Ltd,2025-06-07,508,0,0.0,0.0,0,
Tata Digital Private Ltd,2025-06-06,338,80,3526992.4499999997,44087.405625,27,564021.3400000001
Tata Digital Private Ltd,2025-06-05,537,78,1785719.8499999999,22893.844230769228,23,316383.16000000003
Tata Digital Private Ltd,2025-06-04,220,72,4722761.51,65593.90986111111,21,847302.3600000001
Tata Digital Private Ltd,2025-06-03,342,70,2953348.0999999996,42190.68714285714,31,2001368.8999999997
Tata Digital Private Ltd,2025-06-02,262,176,9403937.049999999,53431.46051136363,18,442759.7699999999
Tata Digital Private Ltd,2025-06-01,383,1,91736.84,91736.84,3,551892.63
Tata Digital Private Ltd,2025-05-31,334,2,10000.0,5000.0,10,311715.76999999996
Tata Digital Private Ltd,2025-05-30,319,96,5178693.549999999,53944.72447916665,21,2174283.6399999997
Tata Digital Private Ltd,2025-05-29,332,62,1175605.21,18961.37435483871,15,48374.93
Tata Digital Private Ltd,2025-05-28,249,83,1782164.3,21471.85903614458,16,101746.61000000002
Tata Digital Private Ltd,2025-05-27,248,61,2233614.67,36616.63393442623,11,259304.1
Tata Digital Private Ltd,2025-05-26,269,193,14547436.879999999,75375.32062176165,23,1591335.12
Tata Digital Private Ltd,2025-05-25,380,1,934274.44,934274.44,28,3822799.5100000002
Tata Digital Private Ltd,2025-05-24,358,2,193427.34,96713.67,20,880131.3600000001
Tata Digital Private Ltd,2025-05-23,245,55,2442027.29,44400.496181818184,15,471415.1000000001
Tata Digital Private Ltd,2025-05-22,203,65,1695700.49,26087.699846153846,18,589689.6699999999
Tata Digital Private Ltd,2025-05-21,254,59,1790503.23,30347.512372881356,12,326493.14
Tata Digital Private Ltd,2025-05-20,223,87,4374621.6,50283.00689655172,29,442261.53
Tata Digital Private Ltd,2025-05-19,359,189,9632335.080000002,50964.73587301588,39,1818619.9800000002
Tata Digital Private Ltd,2025-05-18,431,1,98675.31,98675.31,27,1191494.8900000001
Tata Digital Private Ltd,2025-05-17,286,1,992.54,992.54,16,853592.5399999999
Tata Digital Private Ltd,2025-05-16,236,47,1970718.2100000002,41930.174680851065,12,542480.1900000001
Tata Digital Private Ltd,2025-05-15,309,63,2471083.4,39223.54603174603,19,764274.22
Tata Digital Private Ltd,2025-05-14,310,76,7180793.39,94484.12355263157,32,1526710.0199999998
Tata Digital Private Ltd,2025-05-13,216,240,13943509.88,58097.957833333334,38,1328127.7999999998
Tata Digital Private Ltd,2025-05-12,439,9,3053926.55,339325.1722222222,23,2156822.7399999998
Tata Digital Private Ltd,2025-05-11,450,5,5085.610000000001,1017.1220000000001,23,1432857.7700000003
Tata Digital Private Ltd,2025-05-10,334,6,105220.34000000001,17536.723333333335,11,155642.42
Tata Digital Private Ltd,2025-05-09,276,55,2850836.14,51833.38436363637,4,14893.150000000001
Tata Digital Private Ltd,2025-05-08,366,53,2475963.9,46716.299999999996,13,322840.01000000007
Tata Digital Private Ltd,2025-05-07,233,61,1299517.1500000004,21303.55983606558,23,272202.64
Tata Digital Private Ltd,2025-05-06,374,70,1958108.3299999998,27972.97614285714,24,258689.06
Tata Digital Private Ltd,2025-05-05,404,198,6662413.82,33648.55464646465,28,706685.4500000002
Tata Digital Private Ltd,2025-05-04,350,5,447105.66000000003,89421.13200000001,18,397793.85000000003
Tata Digital Private Ltd,2025-05-03,336,2,189379.4,94689.7,22,1533852.9899999998
Tata Digital Private Ltd,2025-05-02,321,79,4022408.4400000004,50916.56253164558,15,526810.53
Tata Digital Private Ltd,2025-05-01,207,17,287875.92000000004,16933.877647058827,11,217541.88
Tata Digital Private Ltd,2025-04-30,197,51,2036230.1500000004,39926.08137254903,19,245204.52999999997
Tata Digital Private Ltd,2025-04-29,178,41,1665548.8800000001,40623.14341463415,16,965462.7599999999
Tata Digital Private Ltd,2025-04-28,187,115,4911628.970000001,42709.817130434785,16,593597.6799999999
Tata Digital Private Ltd,2025-04-27,339,2,103062.42,51531.21,9,681701.5800000001
Tata Digital Private Ltd,2025-04-26,252,0,0.0,0.0,0,
Tata Digital Private Ltd,2025-04-25,235,57,2023890.4400000002,35506.84982456141,9,321679.54
Tata Digital Private Ltd,2025-04-24,252,54,1421789.0,26329.425925925927,14,151009.39
Tata Digital Private Ltd,2025-04-23,282,40,1386574.4000000001,34664.36,19,270004.19000000006
Tata Digital Private Ltd,2025-04-22,433,37,1140615.18,30827.437297297296,17,219819.50999999998
Tata Digital Private Ltd,2025-04-21,423,203,5853290.59,28833.943793103448,21,810597.1099999998
Tata Digital Private Ltd,2025-04-20,398,2,159135.56,79567.78,12,184013.91
Tata Digital Private Ltd,2025-04-19,533,3,294246.85,98082.28333333333,20,231976.85
Tata Digital Private Ltd,2025-04-18,458,1,100329.92,100329.92,12,86718.90000000001
Tata Digital Private Ltd,2025-04-17,355,52,3074525.880000001,59125.497692307705,26,439848.24999999994
Tata Digital Private Ltd,2025-04-16,324,82,2430084.04,29635.171219512195,15,166058.19
Tata Digital Private Ltd,2025-04-15,285,95,3008200.9699999997,31665.27336842105,18,341506.36
Tata Digital Private Ltd,2025-04-14,325,1,49998.25,49998.25,30,565537.4600000001
Tata Digital Private Ltd,2025-04-13,505,0,0.0,0.0,0,
Tata Digital Private Ltd,2025-04-12,367,0,0.0,0.0,0,
Tata Digital Private Ltd,2025-04-11,438,89,3440842.4599999995,38661.15123595505,14,309716.12999999995
Tata Digital Private Ltd,2025-04-10,437,0,0.0,0.0,0,
Tata Digital Private Ltd,2025-04-09,270,45,1836423.3499999996,40809.40777777777,20,478634.9799999999
Tata Digital Private Ltd,2025-04-08,253,41,4612609.25,112502.66463414633,13,1182142.5599999998
Tata Digital Private Ltd,2025-04-07,258,79,1928985.19,24417.534050632912,13,2350063.3
Tata Digital Private Ltd,2025-04-06,341,0,0.0,0.0,0,
Tata Digital Private Ltd,2025-04-05,378,1,425000.0,425000.0,15,283974.05
Tata Digital Private Ltd,2025-04-04,291,64,2500795.77,39074.93390625,18,402616.70000000007
Tata Digital Private Ltd,2025-04-03,376,45,1938869.54,43085.98977777778,18,1421335.1400000001
Tata Digital Private Ltd,2025-04-02,355,178,7113687.119999999,39964.534382022466,10,321649.9000000001
Tata Digital Private Ltd,2025-04-01,298,2,364280.45,182140.225,16,755703.09
Tata Digital Private Ltd,2025-03-31,372,1,87398.61,87398.61,17,534505.1699999999
Tata Digital Private Ltd,2025-03-30,431,1,87398.61,87398.61,14,1110190.21
Tata Digital Private Ltd,2025-03-29,358,1,115641.32,115641.32,13,352106.54
Tata Digital Private Ltd,2025-03-28,332,48,1308148.33,27253.090208333335,18,758999.6100000001
Tata Digital Private Ltd,2025-03-27,379,32,1082170.39,33817.8246875,21,273909.45000000007
Tata Digital Private Ltd,2025-03-26,320,29,1082418.01,37324.75896551724,13,670151.0800000001
Tata Digital Private Ltd,2025-03-25,319,41,2262904.36,55192.78926829268,17,567338.9200000002
Tata Digital Private Ltd,2025-03-24,366,81,3436832.58,42430.031851851854,15,837218.51
Tata Digital Private Ltd,2025-03-23,525,1,6360.88,6360.88,14,1156860.65
Tata Digital Private Ltd,2025-03-22,469,0,0.0,0.0,0,
Tata Digital Private Ltd,2025-03-21,329,34,2620215.5200000005,77065.16235294119,9,732343.5
Tata Digital Private Ltd,2025-03-20,300,37,1234165.1400000001,33355.8145945946,17,757496.9
Tata Digital Private Ltd,2025-03-19,350,33,870865.77,26389.87181818182,11,224954.01
Tata Digital Private Ltd,2025-03-18,380,29,1160327.4000000001,40011.28965517242,11,256065.93
Tata Digital Private Ltd,2025-03-17,466,107,8246431.490000001,77069.4531775701,24,1349527.21
Tata Digital Private Ltd,2025-03-16,414,0,0.0,0.0,0,
Tata Digital Private Ltd,2025-03-15,389,0,0.0,0.0,0,
Tata Digital Private Ltd,2025-03-14,292,1,86863.45,86863.45,5,208476.27000000002
Tata Digital Private Ltd,2025-03-13,373,25,1321206.8,52848.272000000004,12,497027.14
Tata Digital Private Ltd,2025-03-12,510,15,812949.0199999999,54196.601333333325,14,717381.02
Tata Digital Private Ltd,2025-03-11,316,27,2010864.0899999999,74476.44777777778,10,780562.2799999999
Tata Digital Private Ltd,2025-03-10,386,44,1915060.19,43524.09522727272,12,835180.4600000001
Tata Digital Private Ltd,2025-03-09,518,0,0.0,0.0,0,
Tata Digital Private Ltd,2025-03-08,516,0,0.0,0.0,0,
Tata Digital Private Ltd,2025-03-07,351,22,1100141.3199999998,50006.42363636363,11,205036.14
Tata Digital Private Ltd,2025-03-06,426,42,1850961.8699999999,44070.52071428571,24,1042880.16
Tata Digital Private Ltd,2025-03-05,573,26,910181.21,35006.969615384616,9,234609.88999999998
Tata Digital Private Ltd,2025-03-04,322,29,1475800.74,50889.68068965517,14,929975.3799999999
Tata Digital Private Ltd,2025-03-03,435,100,7101916.430000001,71019.1643,20,1885490.91
Tata Digital Private Ltd,2025-03-02,580,0,0.0,0.0,0,
Tata Digital Private Ltd,2025-03-01,406,1,201290.67,201290.67,18,1583107.77
Tata Digital Private Ltd,2025-02-28,948,41,2324045.12,56684.027317073174,23,1890826.4700000002
Tata Digital Private Ltd,2025-02-27,1174,50,1625444.78,32508.8956,21,1002072.2700000001
Tata Digital Private Ltd,2025-02-26,1345,0,0.0,0.0,0,
Tata Digital Private Ltd,2025-02-25,360,27,1531302.9300000002,56714.92333333334,15,410483.23
Tata Digital Private Ltd,2025-02-24,318,45,1295954.9300000002,28798.99844444445,17,438368.82000000007
Tata Digital Private Ltd,2025-02-23,539,0,0.0,0.0,0,
Tata Digital Private Ltd,2025-02-22,632,0,0.0,0.0,0,
Tata Digital Private Ltd,2025-02-21,402,18,700773.4299999999,38931.85722222222,9,228175.50000000003
Tata Digital Private Ltd,2025-02-20,304,39,1893198.4999999998,48543.551282051274,14,999946.9700000001
Tata Digital Private Ltd,2025-02-19,323,0,0.0,0.0,0,
Tata Digital Private Ltd,2025-02-18,395,25,517799.32999999996,20711.973199999997,13,141174.16
Tata Digital Private Ltd,2025-02-17,390,52,2713775.2,52187.984615384616,11,416686.74
Tata Digital Private Ltd,2025-02-16,607,0,0.0,0.0,0,
Tata Digital Private Ltd,2025-02-15,642,0,0.0,0.0,0,
Tata Digital Private Ltd,2025-02-14,341,23,370231.49,16097.021304347825,9,168288.94999999998
Tata Digital Private Ltd,2025-02-13,421,29,789470.2900000002,27223.113448275868,16,405308.98
Tata Digital Private Ltd,2025-02-12,447,26,470068.76,18079.567692307694,15,273785.35
Tata Digital Private Ltd,2025-02-11,415,30,602316.17,20077.20566666667,16,298189.57
Tata Digital Private Ltd,2025-02-10,379,69,1266379.51,18353.326231884057,21,348210.59
Tata Digital Private Ltd,2025-02-09,723,6,113200.06000000001,18866.67666666667,16,260339.60000000003
Tata Digital Private Ltd,2025-02-08,677,13,45626.880000000005,3509.76,32,248422.94
Tata Digital Private Ltd,2025-02-07,572,25,560038.06,22401.5224,11,275214.08
Tata Digital Private Ltd,2025-02-06,689,14,922184.7400000001,65870.33857142858,11,382824.31
Tata Digital Private Ltd,2025-02-05,417,15,260144.46000000002,17342.964,8,594962.32
Tata Digital Private Ltd,2025-02-04,398,24,877581.0,36565.875,13,484410.41
Tata Digital Private Ltd,2025-02-03,594,36,1389267.5599999998,38590.765555555554,12,576011.92
Tata Digital Private Ltd,2025-02-02,605,0,0.0,0.0,0,
Tata Digital Private Ltd,2025-02-01,939,0,0.0,0.0,0,
Tata Digital Private Ltd,2025-01-31,421,8,74516.23999999999,9314.529999999999,7,99387.23
Tata Digital Private Ltd,2025-01-30,554,8,172675.03000000003,21584.378750000003,3,16024.140000000001
Tata Digital Private Ltd,2025-01-29,462,16,243405.13,15212.820625,4,109872.25
Tata Digital Private Ltd,2025-01-28,403,10,38852.29,3885.2290000000003,7,40011.549999999996
Tata Digital Private Ltd,2025-01-27,422,35,522907.45,14940.212857142857,14,72452.81
Tata Digital Private Ltd,2025-01-26,630,0,0.0,0.0,0,
Tata Digital Private Ltd,2025-01-25,667,0,0.0,0.0,0,
Tata Digital Private Ltd,2025-01-24,488,22,351413.05999999994,15973.320909090906,14,153739.92
Tata Digital Private Ltd,2025-01-23,566,10,166872.81999999998,16687.282,11,140763.46
Tata Digital Private Ltd,2025-01-22,346,2,8475.65,4237.825,2,16327.92
Tata Digital Private Ltd,2025-01-21,38,6,23994.800000000003,3999.1333333333337,3,4110.65
Tata Digital Private Ltd,2025-01-20,210,21,270079.11,12860.91,12,126954.48999999999
Tata Digital Private Ltd,2025-01-19,439,0,0.0,0.0,0,
Tata Digital Private Ltd,2025-01-18,459,0,0.0,0.0,0,
Tata Digital Private Ltd,2025-01-17,112,3,3052.5899999999997,1017.5299999999999,0,
Tata Digital Private Ltd,2025-01-16,7,0,0.0,0.0,0,
Tata Digital Private Ltd,2025-01-15,1,1,5289.23,5289.23,0,
Tata Digital Private Ltd,2025-01-14,1,0,0.0,0.0,0,
Tata Digital Private Ltd,2025-01-11,1,0,0.0,0.0,0,
Tata Digital Private Ltd,2025-01-08,5,1,9931.64,9931.64,0,
Tata Digital Private Ltd,2025-01-07,2,0,0.0,0.0,0,
Tata Digital Private Ltd,2025-01-03,2,3,3176.21,1058.7366666666667,0,
Tata Digital Private Ltd,2024-12-28,1,0,0.0,0.0,0,
Tata Digital Private Ltd,2024-12-22,1,0,0.0,0.0,0,
Tata Digital Private Ltd,2024-12-20,1,0,0.0,0.0,0,
Tata Digital Private Ltd,2024-12-19,3,0,0.0,0.0,0,
Tata Digital Private Ltd,2024-12-17,1,0,0.0,0.0,0,
Tata Digital Private Ltd,2024-12-16,3,0,0.0,0.0,0,
Tata Digital Private Ltd,2024-12-15,1,0,0.0,0.0,0,
Tata Digital Private Ltd,2024-12-14,2,0,0.0,0.0,0,
Tata Digital Private Ltd,2024-12-13,1,0,0.0,0.0,0,
Tata Digital Private Ltd,2024-12-11,1,0,0.0,0.0,0,
Tata Digital Private Ltd,2024-12-10,2,2,101155.44,50577.72,0,
Tata Digital Private Ltd,2024-12-09,4,4,22091.489999999998,5522.8724999999995,1,100145.85
Tata Digital Private Ltd,2024-12-08,1,0,0.0,0.0,0,
Tata Digital Private Ltd,2024-12-07,3,0,0.0,0.0,0,
Tata Digital Private Ltd,2024-12-06,5,1,1009.06,1009.06,0,
Tata Digital Private Ltd,2024-12-05,2,2,3024.84,1512.42,0,
Tata Digital Private Ltd,2024-12-04,2,2,10981.42,5490.71,0,
Tata Digital Private Ltd,2024-11-29,2,0,0.0,0.0,0,
Tata Digital Private Ltd,2024-11-28,1,1,9977.63,9977.63,0,
Tata Digital Private Ltd,2024-11-27,2,0,0.0,0.0,0,
Tata Digital Private Ltd,2024-11-26,2,1,9951.31,9951.31,1,9951.31
Tata Digital Private Ltd,2024-11-25,2,0,0.0,0.0,0,
Tata Digital Private Ltd,2024-11-24,2,0,0.0,0.0,0,
Tata Digital Private Ltd,2024-11-22,1,1,29837.15,29837.15,0,
Tata Digital Private Ltd,2024-11-20,1,0,0.0,0.0,0,
Tata Digital Private Ltd,2024-11-19,3,4,4055.75,1013.9375,0,
Tata Digital Private Ltd,2024-11-18,2,1,1077.86,1077.86,0,
Tata Digital Private Ltd,2024-11-17,1,0,0.0,0.0,0,
Tata Digital Private Ltd,2024-11-16,1,0,0.0,0.0,0,
Tata Digital Private Ltd,2024-11-15,1,0,0.0,0.0,0,
Tata Digital Private Ltd,2024-11-14,1,0,0.0,0.0,0,
Tata Digital Private Ltd,2024-11-11,1,0,0.0,0.0,0,
Tata Digital Private Ltd,2024-11-07,1,2,2149.06,1074.53,0,
Tata Digital Private Ltd,2024-11-06,1,0,0.0,0.0,0,
Tata Digital Private Ltd,2024-11-03,1,0,0.0,0.0,0,
Tata Digital Private Ltd,2024-10-25,1,0,0.0,0.0,0,
Tata Digital Private Ltd,2024-10-20,1,0,0.0,0.0,0,
Tata Digital Private Ltd,2024-10-18,1,0,0.0,0.0,0,
Tata Digital Private Ltd,2024-10-17,1,0,0.0,0.0,0,
Tata Digital Private Ltd,2024-10-16,1,0,0.0,0.0,0,
Tata Digital Private Ltd,2024-10-10,2,0,0.0,0.0,0,
Tata Digital Private Ltd,2024-10-05,1,0,0.0,0.0,0,
Tata Digital Private Ltd,2024-10-04,1,0,0.0,0.0,0,
Tata Digital Private Ltd,2024-09-25,1,0,0.0,0.0,0,
Tata Digital Private Ltd,2024-09-22,1,0,0.0,0.0,0,
Tata Digital Private Ltd,2024-09-20,1,0,0.0,0.0,0,
Tata Digital Private Ltd,2024-09-18,1,0,0.0,0.0,0,
Tata Digital Private Ltd,2024-09-17,1,0,0.0,0.0,0,
Tata Digital Private Ltd,2024-09-15,1,0,0.0,0.0,0,
Tata Digital Private Ltd,2024-09-14,1,0,0.0,0.0,0,
Tata Digital Private Ltd,2024-09-10,2,0,0.0,0.0,0,
Tata Digital Private Ltd,2024-09-06,1,0,0.0,0.0,0,
Tata Digital Private Ltd,2024-09-05,1,0,0.0,0.0,0,
Tata Digital Private Ltd,2024-09-02,2,0,0.0,0.0,0,
Tata Digital Private Ltd,2024-08-28,1,0,0.0,0.0,0,
Tata Digital Private Ltd,2024-08-18,1,0,0.0,0.0,0,
Tata Digital Private Ltd,2024-08-13,1,0,0.0,0.0,0,
Tata Digital Private Ltd,2024-08-12,2,0,0.0,0.0,0,
Tata Digital Private Ltd,2024-08-11,2,0,0.0,0.0,0,
Tata Digital Private Ltd,2024-08-09,1,0,0.0,0.0,0,
Tata Digital Private Ltd,2024-08-07,1,0,0.0,0.0,0,
Tata Digital Private Ltd,2024-08-06,1,0,0.0,0.0,0,
Tata Digital Private Ltd,2024-08-05,2,0,0.0,0.0,0,
Tata Digital Private Ltd,2024-08-04,1,0,0.0,0.0,0,
Tata Digital Private Ltd,2024-08-03,1,0,0.0,0.0,0,
Tata Digital Private Ltd,2024-07-29,2,0,0.0,0.0,0,
Tata Digital Private Ltd,2024-07-26,1,0,0.0,0.0,0,
Tata Digital Private Ltd,2024-07-23,1,0,0.0,0.0,0,
Tata Digital Private Ltd,2024-07-20,1,0,0.0,0.0,0,
Tata Digital Private Ltd,2024-07-18,1,0,0.0,0.0,0,
Tata Digital Private Ltd,2024-07-11,1,0,0.0,0.0,0,
Tata Digital Private Ltd,2024-07-10,2,0,0.0,0.0,0,
Tata Digital Private Ltd,2024-07-06,1,0,0.0,0.0,0,
Tata Digital Private Ltd,2024-07-04,1,0,0.0,0.0,0,
Tata Digital Private Ltd,2024-06-17,1,0,0.0,0.0,0,
Tata Digital Private Ltd,2024-06-14,1,0,0.0,0.0,0,
Tata Digital Private Ltd,2024-06-12,1,0,0.0,0.0,0,
Tata Digital Private Ltd,2024-06-11,1,0,0.0,0.0,0,
Tata Digital Private Ltd,2024-06-09,1,0,0.0,0.0,0,
Tata Digital Private Ltd,2024-06-01,2,0,0.0,0.0,0,
Tata Digital Private Ltd,2024-05-28,1,0,0.0,0.0,0,
Tata Digital Private Ltd,2024-05-25,1,0,0.0,0.0,0,
Tata Digital Private Ltd,2024-05-21,4,0,0.0,0.0,0,
Tata Digital Private Ltd,2024-05-19,1,0,0.0,0.0,0,
Tata Digital Private Ltd,2024-05-18,1,0,0.0,0.0,0,
Tata Digital Private Ltd,2024-05-16,1,0,0.0,0.0,0,
Tata Digital Private Ltd,2024-05-14,1,0,0.0,0.0,0,
Tata Digital Private Ltd,2024-05-12,1,0,0.0,0.0,0,
Tata Digital Private Ltd,2024-05-02,1,0,0.0,0.0,0,
Tata Digital Private Ltd,2024-04-29,1,0,0.0,0.0,0,
Tata Digital Private Ltd,2024-04-26,1,0,0.0,0.0,0,
Tata Digital Private Ltd,2024-04-24,1,0,0.0,0.0,0,
Tata Digital Private Ltd,2024-04-23,1,0,0.0,0.0,0,
Tata Digital Private Ltd,2024-04-21,1,0,0.0,0.0,0,
Tata Digital Private Ltd,2024-04-14,1,0,0.0,0.0,0,
Tata Digital Private Ltd,2024-04-11,2,0,0.0,0.0,0,
Tata Digital Private Ltd,2024-04-09,1,0,0.0,0.0,0,
Tata Digital Private Ltd,2024-03-30,1,0,0.0,0.0,0,
Tata Digital Private Ltd,2024-03-28,1,0,0.0,0.0,0,
Tata Digital Private Ltd,2024-03-26,1,0,0.0,0.0,0,
Tata Digital Private Ltd,2024-03-25,2,0,0.0,0.0,0,
Tata Digital Private Ltd,2024-03-24,1,0,0.0,0.0,0,
Tata Digital Private Ltd,2024-03-21,1,0,0.0,0.0,0,
Tata Digital Private Ltd,2024-03-19,1,0,0.0,0.0,0,
Tata Digital Private Ltd,2024-03-15,1,0,0.0,0.0,0,
Tata Digital Private Ltd,2024-03-14,1,0,0.0,0.0,0,
Tata Digital Private Ltd,2024-03-12,1,0,0.0,0.0,0,
Tata Digital Private Ltd,2024-03-10,1,0,0.0,0.0,0,
Tata Digital Private Ltd,2024-03-08,1,0,0.0,0.0,0,
Tata Digital Private Ltd,2024-02-29,1,0,0.0,0.0,0,
Tata Digital Private Ltd,2024-02-28,1,0,0.0,0.0,0,
Tata Digital Private Ltd,2024-02-27,1,0,0.0,0.0,0,
Tata Digital Private Ltd,2024-02-18,1,0,0.0,0.0,0,
Tata Digital Private Ltd,2024-02-15,1,0,0.0,0.0,0,
Tata Digital Private Ltd,2024-02-11,1,0,0.0,0.0,0,
Tata Digital Private Ltd,2024-02-08,1,0,0.0,0.0,0,
Tata Digital Private Ltd,2024-02-05,1,0,0.0,0.0,0,
Tata Digital Private Ltd,2024-02-04,1,0,0.0,0.0,0,
Tata Digital Private Ltd,2024-02-03,1,0,0.0,0.0,0,
Tata Digital Private Ltd,2024-01-31,2,0,0.0,0.0,0,
Tata Digital Private Ltd,2024-01-29,1,0,0.0,0.0,0,
Tata Digital Private Ltd,2024-01-14,1,0,0.0,0.0,0,
Tata Digital Private Ltd,2024-01-03,1,0,0.0,0.0,0,
Tata Digital Private Ltd,2023-12-10,1,0,0.0,0.0,0,
Tata Digital Private Ltd,2023-12-08,2,0,0.0,0.0,0,
Tata Digital Private Ltd,2023-12-07,1,0,0.0,0.0,0,
Tata Digital Private Ltd,2023-12-05,1,0,0.0,0.0,0,
Tata Digital Private Ltd,2023-12-03,1,0,0.0,0.0,0,
Tata Digital Private Ltd,2023-12-02,1,0,0.0,0.0,0,
Tata Digital Private Ltd,2023-11-26,1,0,0.0,0.0,0,
Tata Digital Private Ltd,2023-11-22,1,0,0.0,0.0,0,
Tata Digital Private Ltd,2023-11-21,2,0,0.0,0.0,0,
Tata Digital Private Ltd,2023-11-12,1,0,0.0,0.0,0,
Tata Digital Private Ltd,2023-11-09,1,0,0.0,0.0,0,
Tata Digital Private Ltd,2023-11-06,2,0,0.0,0.0,0,
Tata Digital Private Ltd,2023-11-05,1,0,0.0,0.0,0,
Tata Digital Private Ltd,2023-10-30,1,0,0.0,0.0,0,
Tata Digital Private Ltd,2023-10-21,1,0,0.0,0.0,0,
Tata Digital Private Ltd,2023-10-17,1,0,0.0,0.0,0,
Tata Digital Private Ltd,2023-10-14,1,0,0.0,0.0,0,
Tata Digital Private Ltd,2023-10-11,1,0,0.0,0.0,0,
Tata Digital Private Ltd,2023-10-08,1,0,0.0,0.0,0,
Tata Digital Private Ltd,2023-10-05,1,0,0.0,0.0,0,
Tata Digital Private Ltd,2023-10-01,1,0,0.0,0.0,0,
Tata Digital Private Ltd,2023-09-26,1,0,0.0,0.0,0,
Tata Digital Private Ltd,2023-09-16,1,0,0.0,0.0,0,
Tata Digital Private Ltd,2023-09-15,1,0,0.0,0.0,0,
Tata Digital Private Ltd,2023-09-11,1,0,0.0,0.0,0,
Tata Digital Private Ltd,2023-09-06,1,0,0.0,0.0,0,
Tata Digital Private Ltd,2023-08-30,2,0,0.0,0.0,0,
Tata Digital Private Ltd,2023-08-20,1,0,0.0,0.0,0,
Tata Digital Private Ltd,2023-08-10,1,0,0.0,0.0,0,
Tata Digital Private Ltd,2023-08-08,2,0,0.0,0.0,0,
Tata Digital Private Ltd,2023-08-04,1,0,0.0,0.0,0,
Tata Digital Private Ltd,2023-07-30,1,0,0.0,0.0,0,
Tata Digital Private Ltd,2023-07-29,4,0,0.0,0.0,0,
Tata Digital Private Ltd,2023-07-27,2,0,0.0,0.0,0,
Tata Digital Private Ltd,2023-07-25,1,0,0.0,0.0,0,
Tata Digital Private Ltd,2023-07-20,1,0,0.0,0.0,0,
Tata Digital Private Ltd,2023-07-19,2,0,0.0,0.0,0,
Tata Digital Private Ltd,2023-07-17,1,0,0.0,0.0,0,
Tata Digital Private Ltd,2023-07-14,1,0,0.0,0.0,0,
Tata Digital Private Ltd,2023-07-01,1,0,0.0,0.0,0,
Tata Digital Private Ltd,2023-06-29,1,0,0.0,0.0,0,
Tata Digital Private Ltd,2023-06-27,2,0,0.0,0.0,0,
Tata Digital Private Ltd,2023-06-26,1,0,0.0,0.0,0,
Tata Digital Private Ltd,2023-06-21,1,0,0.0,0.0,0,
Tata Digital Private Ltd,2023-06-13,2,0,0.0,0.0,0,
Tata Digital Private Ltd,2023-04-18,1,0,0.0,0.0,0,
Tata Digital Private Ltd,2023-04-17,1,0,0.0,0.0,0,
Tata Digital Private Ltd,2023-04-16,1,0,0.0,0.0,0,
Tata Digital Private Ltd,2023-04-10,1,0,0.0,0.0,0,
Tata Digital Private Ltd,2023-04-09,1,0,0.0,0.0,0,
Tata Digital Private Ltd,2023-04-05,1,0,0.0,0.0,0,
Tata Digital Private Ltd,2023-03-28,1,0,0.0,0.0,0,
Tata Digital Private Ltd,2023-03-23,1,0,0.0,0.0,0,
Tata Digital Private Ltd,2023-03-19,1,0,0.0,0.0,0,
Tata Digital Private Ltd,2023-03-18,1,0,0.0,0.0,0,
Tata Digital Private Ltd,2023-03-12,1,0,0.0,0.0,0,
Tata Digital Private Ltd,2023-03-11,1,0,0.0,0.0,0,
Tata Digital Private Ltd,2023-03-09,1,0,0.0,0.0,0,
Tata Digital Private Ltd,2023-03-08,1,0,0.0,0.0,0,
Tata Digital Private Ltd,2023-03-03,2,0,0.0,0.0,0,
Tata Digital Private Ltd,2023-03-02,1,0,0.0,0.0,0,
Tata Digital Private Ltd,2023-03-01,4,0,0.0,0.0,0,
Tata Digital Private Ltd,2023-02-28,1,0,0.0,0.0,0,
Tata Digital Private Ltd,2023-02-26,1,0,0.0,0.0,0,
Tata Digital Private Ltd,2023-02-23,1,0,0.0,0.0,0,
Tata Digital Private Ltd,2023-02-21,1,0,0.0,0.0,0,
Tata Digital Private Ltd,2023-02-15,1,0,0.0,0.0,0,
Tata Digital Private Ltd,2023-02-13,1,0,0.0,0.0,0,
Tata Digital Private Ltd,2023-02-04,2,0,0.0,0.0,0,
Tata Digital Private Ltd,2023-02-01,1,0,0.0,0.0,0,
Tata Digital Private Ltd,2023-01-31,1,0,0.0,0.0,0,
Tata Digital Private Ltd,2023-01-28,1,0,0.0,0.0,0,
Tata Digital Private Ltd,2023-01-26,1,0,0.0,0.0,0,
Tata Digital Private Ltd,2023-01-24,1,0,0.0,0.0,0,
Tata Digital Private Ltd,2023-01-22,1,0,0.0,0.0,0,
Tata Digital Private Ltd,2023-01-21,1,0,0.0,0.0,0,
Tata Digital Private Ltd,2023-01-19,1,0,0.0,0.0,0,
Tata Digital Private Ltd,2023-01-12,3,0,0.0,0.0,0,
Tata Digital Private Ltd,2023-01-10,1,0,0.0,0.0,0,
Tata Digital Private Ltd,2023-01-04,1,0,0.0,0.0,0,
Tata Digital Private Ltd,2023-01-02,2,0,0.0,0.0,0,
Tata Digital Private Ltd,2023-01-01,1,0,0.0,0.0,0,
Tata Digital Private Ltd,2022-12-30,1,0,0.0,0.0,0,
Tata Digital Private Ltd,2022-12-28,2,0,0.0,0.0,0,
Tata Digital Private Ltd,2022-12-23,2,0,0.0,0.0,0,
Tata Digital Private Ltd,2022-12-19,2,0,0.0,0.0,0,
Tata Digital Private Ltd,2022-12-18,1,0,0.0,0.0,0,
Tata Digital Private Ltd,2022-12-15,1,0,0.0,0.0,0,
Tata Digital Private Ltd,2022-12-12,1,0,0.0,0.0,0,
Tata Digital Private Ltd,2022-12-07,1,0,0.0,0.0,0,
Tata Digital Private Ltd,2022-12-05,1,0,0.0,0.0,0,
Tata Digital Private Ltd,2022-11-29,1,0,0.0,0.0,0,
Tata Digital Private Ltd,2022-11-21,1,0,0.0,0.0,0,
Tata Digital Private Ltd,2022-11-19,1,0,0.0,0.0,0,
Tata Digital Private Ltd,2022-11-17,1,0,0.0,0.0,0,
Tata Digital Private Ltd,2022-11-15,1,0,0.0,0.0,0,
Tata Digital Private Ltd,2022-11-14,2,0,0.0,0.0,0,
Tata Digital Private Ltd,2022-11-13,1,0,0.0,0.0,0,
Tata Digital Private Ltd,2022-11-09,2,0,0.0,0.0,0,
Tata Digital Private Ltd,2022-11-08,1,0,0.0,0.0,0,
Tata Digital Private Ltd,2022-11-02,1,0,0.0,0.0,0,
Tata Digital Private Ltd,2022-11-01,1,0,0.0,0.0,0,
Tata Digital Private Ltd,2022-10-31,2,0,0.0,0.0,0,
Tata Digital Private Ltd,2022-10-26,1,0,0.0,0.0,0,
Tata Digital Private Ltd,2022-10-25,3,0,0.0,0.0,0,
Tata Digital Private Ltd,2022-10-22,1,0,0.0,0.0,0,
Tata Digital Private Ltd,2022-10-20,1,0,0.0,0.0,0,
Tata Digital Private Ltd,2022-10-19,1,0,0.0,0.0,0,
Tata Digital Private Ltd,2022-10-13,1,0,0.0,0.0,0,
Tata Digital Private Ltd,2022-10-11,1,0,0.0,0.0,0,
Tata Digital Private Ltd,2022-10-10,2,0,0.0,0.0,0,
Tata Digital Private Ltd,2022-10-09,1,0,0.0,0.0,0,
Tata Digital Private Ltd,2022-10-08,1,0,0.0,0.0,0,
Tata Digital Private Ltd,2022-10-06,1,0,0.0,0.0,0,
Tata Digital Private Ltd,2022-10-05,1,0,0.0,0.0,0,
Tata Digital Private Ltd,2022-10-03,1,0,0.0,0.0,0,
Tata Digital Private Ltd,2022-10-01,1,0,0.0,0.0,0,
Tata Digital Private Ltd,2022-09-30,1,0,0.0,0.0,0,
Tata Digital Private Ltd,2022-09-28,1,0,0.0,0.0,0,
Tata Digital Private Ltd,2022-09-24,1,0,0.0,0.0,0,
Tata Digital Private Ltd,2022-09-21,2,0,0.0,0.0,0,
Tata Digital Private Ltd,2022-09-18,1,0,0.0,0.0,0,
Tata Digital Private Ltd,2022-09-15,1,0,0.0,0.0,0,
Tata Digital Private Ltd,2022-09-14,4,0,0.0,0.0,0,
Tata Digital Private Ltd,2022-09-11,1,0,0.0,0.0,0,
Tata Digital Private Ltd,2022-09-10,1,0,0.0,0.0,0,
Tata Digital Private Ltd,2022-09-07,1,0,0.0,0.0,0,
Tata Digital Private Ltd,2022-09-04,1,0,0.0,0.0,0,
Tata Digital Private Ltd,2022-08-30,1,0,0.0,0.0,0,
Tata Digital Private Ltd,2022-08-28,1,0,0.0,0.0,0,
Tata Digital Private Ltd,2022-08-27,2,0,0.0,0.0,0,
Tata Digital Private Ltd,2022-08-26,4,0,0.0,0.0,0,
Tata Digital Private Ltd,2022-08-25,1,0,0.0,0.0,0,
Tata Digital Private Ltd,2022-08-24,1,0,0.0,0.0,0,
Tata Digital Private Ltd,2022-08-19,2,0,0.0,0.0,0,
Tata Digital Private Ltd,2022-08-18,1,0,0.0,0.0,0,
Tata Digital Private Ltd,2022-08-15,2,0,0.0,0.0,0,
Tata Digital Private Ltd,2022-08-11,1,0,0.0,0.0,0,
Tata Digital Private Ltd,2022-08-05,1,0,0.0,0.0,0,
Tata Digital Private Ltd,2022-08-04,1,0,0.0,0.0,0,
Tata Digital Private Ltd,2022-08-03,2,0,0.0,0.0,0,
Tata Digital Private Ltd,2022-08-02,1,0,0.0,0.0,0,
Tata Digital Private Ltd,2022-07-31,2,0,0.0,0.0,0,
Tata Digital Private Ltd,2022-07-25,1,0,0.0,0.0,0,
Tata Digital Private Ltd,2022-07-24,2,0,0.0,0.0,0,
Tata Digital Private Ltd,2022-07-23,1,0,0.0,0.0,0,
Tata Digital Private Ltd,2022-07-17,1,0,0.0,0.0,0,
Tata Digital Private Ltd,2022-07-14,1,0,0.0,0.0,0,
Tata Digital Private Ltd,2022-07-13,1,0,0.0,0.0,0,
Tata Digital Private Ltd,2022-07-12,2,0,0.0,0.0,0,
Tata Digital Private Ltd,2022-07-11,1,0,0.0,0.0,0,
Tata Digital Private Ltd,2022-07-09,1,0,0.0,0.0,0,
Tata Digital Private Ltd,2022-07-08,1,0,0.0,0.0,0,
Tata Digital Private Ltd,2022-07-07,3,0,0.0,0.0,0,
Tata Digital Private Ltd,2022-07-06,3,0,0.0,0.0,0,
Tata Digital Private Ltd,2022-07-05,4,0,0.0,0.0,0,
Tata Digital Private Ltd,2022-07-04,4,0,0.0,0.0,0,
Tata Digital Private Ltd,2022-07-03,3,0,0.0,0.0,0,
Tata Digital Private Ltd,2022-07-02,1,0,0.0,0.0,0,
Tata Digital Private Ltd,2022-07-01,1,0,0.0,0.0,0,
Tata Digital Private Ltd,2022-06-30,1,0,0.0,0.0,0,
Tata Digital Private Ltd,2022-06-29,2,0,0.0,0.0,0,
Tata Digital Private Ltd,2022-06-28,1,0,0.0,0.0,0,
Tata Digital Private Ltd,2022-06-26,2,0,0.0,0.0,0,
Tata Digital Private Ltd,2022-06-24,2,0,0.0,0.0,0,
Tata Digital Private Ltd,2022-06-22,1,0,0.0,0.0,0,
Tata Digital Private Ltd,2022-06-21,1,0,0.0,0.0,0,
Tata Digital Private Ltd,2022-06-19,1,0,0.0,0.0,0,
Tata Digital Private Ltd,2022-06-18,1,0,0.0,0.0,0,
Tata Digital Private Ltd,2022-06-12,1,0,0.0,0.0,0,
Tata Digital Private Ltd,2022-06-09,1,0,0.0,0.0,0,
Tata Digital Private Ltd,2022-06-07,1,0,0.0,0.0,0,
Tata Digital Private Ltd,2022-06-06,2,0,0.0,0.0,0,
Tata Digital Private Ltd,2022-06-04,1,0,0.0,0.0,0,
Tata Digital Private Ltd,2022-06-03,2,0,0.0,0.0,0,
Tata Digital Private Ltd,2022-06-02,6,0,0.0,0.0,0,
Tata Digital Private Ltd,2022-06-01,3,0,0.0,0.0,0,
Tata Digital Private Ltd,2022-05-31,3,0,0.0,0.0,0,
Tata Digital Private Ltd,2022-05-30,7,0,0.0,0.0,0,
Tata Digital Private Ltd,2022-05-29,1,0,0.0,0.0,0,
Tata Digital Private Ltd,2022-05-26,1,0,0.0,0.0,0,
Tata Digital Private Ltd,2022-05-25,1,0,0.0,0.0,0,
Tata Digital Private Ltd,2022-05-24,1,0,0.0,0.0,0,
Tata Digital Private Ltd,2022-05-22,1,0,0.0,0.0,0,
Tata Digital Private Ltd,2022-05-21,1,0,0.0,0.0,0,
Tata Digital Private Ltd,2022-05-20,1,0,0.0,0.0,0,
Tata Digital Private Ltd,2022-05-19,2,0,0.0,0.0,0,
Tata Digital Private Ltd,2022-05-17,1,0,0.0,0.0,0,
Tata Digital Private Ltd,2022-05-16,1,0,0.0,0.0,0,
Tata Digital Private Ltd,2022-05-15,2,0,0.0,0.0,0,
Tata Digital Private Ltd,2022-05-12,2,0,0.0,0.0,0,
Tata Digital Private Ltd,2022-05-10,1,0,0.0,0.0,0,
Tata Digital Private Ltd,2022-05-04,2,0,0.0,0.0,0,
Tata Digital Private Ltd,2022-05-01,2,0,0.0,0.0,0,
Tata Digital Private Ltd,2022-04-27,2,0,0.0,0.0,0,
Tata Digital Private Ltd,2022-04-26,2,0,0.0,0.0,0,
Tata Digital Private Ltd,2022-04-25,1,0,0.0,0.0,0,
Tata Digital Private Ltd,2022-04-24,1,0,0.0,0.0,0,
Tata Digital Private Ltd,2022-04-23,1,0,0.0,0.0,0,
Tata Digital Private Ltd,2022-04-22,2,0,0.0,0.0,0,
Tata Digital Private Ltd,2022-04-20,6,0,0.0,0.0,0,
Tata Digital Private Ltd,2022-04-19,1,0,0.0,0.0,0,
Tata Digital Private Ltd,2022-04-18,1,0,0.0,0.0,0,
Tata Digital Private Ltd,2022-04-16,3,0,0.0,0.0,0,
Tata Digital Private Ltd,2022-04-15,1,0,0.0,0.0,0,
Tata Digital Private Ltd,2022-04-14,1,0,0.0,0.0,0,
Tata Digital Private Ltd,2022-04-05,1,0,0.0,0.0,0,
Tata Digital Private Ltd,2022-04-04,1,0,0.0,0.0,0,
Tata Digital Private Ltd,2022-04-03,3,0,0.0,0.0,0,
Tata Digital Private Ltd,2022-03-27,2,0,0.0,0.0,0,
Tata Digital Private Ltd,2022-03-26,2,0,0.0,0.0,0,
Tata Digital Private Ltd,2022-03-24,4,0,0.0,0.0,0,
Tata Digital Private Ltd,2022-03-21,1,0,0.0,0.0,0,
Tata Digital Private Ltd,2022-03-19,1,0,0.0,0.0,0,
Tata Digital Private Ltd,2022-03-18,1,0,0.0,0.0,0,
Tata Digital Private Ltd,2022-03-17,2,0,0.0,0.0,0,
Tata Digital Private Ltd,2022-03-14,1,0,0.0,0.0,0,
Tata Digital Private Ltd,2022-03-13,3,0,0.0,0.0,0,
Tata Digital Private Ltd,2022-03-12,1,0,0.0,0.0,0,
Tata Digital Private Ltd,2022-03-10,1,0,0.0,0.0,0,
Tata Digital Private Ltd,2022-03-09,1,0,0.0,0.0,0,
Tata Digital Private Ltd,2022-03-07,2,0,0.0,0.0,0,
Tata Digital Private Ltd,2022-03-06,1,0,0.0,0.0,0,
Tata Digital Private Ltd,2022-03-05,2,0,0.0,0.0,0,
Tata Digital Private Ltd,2022-03-04,1,0,0.0,0.0,0,
Tata Digital Private Ltd,2022-03-03,2,0,0.0,0.0,0,
Tata Digital Private Ltd,2022-03-02,1,0,0.0,0.0,0,
Tata Digital Private Ltd,2022-02-27,2,0,0.0,0.0,0,
Tata Digital Private Ltd,2022-02-26,1,0,0.0,0.0,0,
Tata Digital Private Ltd,2022-02-25,4,0,0.0,0.0,0,
Tata Digital Private Ltd,2022-02-24,1,0,0.0,0.0,0,
Tata Digital Private Ltd,2022-02-23,3,0,0.0,0.0,0,
Tata Digital Private Ltd,2022-02-22,1,0,0.0,0.0,0,
Tata Digital Private Ltd,2022-02-21,1,0,0.0,0.0,0,
Tata Digital Private Ltd,2022-02-20,2,0,0.0,0.0,0,
Tata Digital Private Ltd,2022-02-19,6,0,0.0,0.0,0,
Tata Digital Private Ltd,2022-02-18,1,0,0.0,0.0,0,
Tata Digital Private Ltd,2022-02-17,3,0,0.0,0.0,0,
Tata Digital Private Ltd,2022-02-15,1,0,0.0,0.0,0,
Tata Digital Private Ltd,2022-02-14,1,0,0.0,0.0,0,
Tata Digital Private Ltd,2022-02-13,3,0,0.0,0.0,0,
Tata Digital Private Ltd,2022-02-12,3,0,0.0,0.0,0,
Tata Digital Private Ltd,2022-02-10,1,0,0.0,0.0,0,
Tata Digital Private Ltd,2022-02-09,1,0,0.0,0.0,0,
Tata Digital Private Ltd,2022-02-07,1,0,0.0,0.0,0,
Tata Digital Private Ltd,2022-02-06,1,0,0.0,0.0,0,
Tata Digital Private Ltd,2022-02-04,1,0,0.0,0.0,0,
Tata Digital Private Ltd,2022-02-03,3,0,0.0,0.0,0,
Tata Digital Private Ltd,2022-02-02,1,0,0.0,0.0,0,
Tata Digital Private Ltd,2022-02-01,1,0,0.0,0.0,0,
Tata Digital Private Ltd,2022-01-31,4,0,0.0,0.0,0,
Tata Digital Private Ltd,2022-01-30,4,0,0.0,0.0,0,
Tata Digital Private Ltd,2022-01-29,1,0,0.0,0.0,0,
Tata Digital Private Ltd,2022-01-27,1,0,0.0,0.0,0,
Tata Digital Private Ltd,2022-01-26,2,0,0.0,0.0,0,
Tata Digital Private Ltd,2022-01-24,6,0,0.0,0.0,0,
Tata Digital Private Ltd,2022-01-23,2,0,0.0,0.0,0,
Tata Digital Private Ltd,2022-01-22,1,0,0.0,0.0,0,
Tata Digital Private Ltd,2022-01-21,3,0,0.0,0.0,0,
Tata Digital Private Ltd,2022-01-20,6,0,0.0,0.0,0,
Tata Digital Private Ltd,2022-01-19,1,0,0.0,0.0,0,
Tata Digital Private Ltd,2022-01-18,2,0,0.0,0.0,0,
Tata Digital Private Ltd,2022-01-17,2,0,0.0,0.0,0,
Tata Digital Private Ltd,2022-01-15,1,0,0.0,0.0,0,
Tata Digital Private Ltd,2022-01-14,2,0,0.0,0.0,0,
Tata Digital Private Ltd,2022-01-13,2,0,0.0,0.0,0,
Tata Digital Private Ltd,2022-01-12,1,0,0.0,0.0,0,
Tata Digital Private Ltd,2022-01-11,1,0,0.0,0.0,0,
Tata Digital Private Ltd,2022-01-09,2,0,0.0,0.0,0,
Tata Digital Private Ltd,2022-01-06,3,0,0.0,0.0,0,
Tata Digital Private Ltd,2022-01-04,4,0,0.0,0.0,0,
Tata Digital Private Ltd,2022-01-03,1,0,0.0,0.0,0,
Tata Digital Private Ltd,2022-01-01,2,0,0.0,0.0,0,
Tata Digital Private Ltd,2021-12-31,2,0,0.0,0.0,0,
Tata Digital Private Ltd,2021-12-29,4,0,0.0,0.0,0,
Tata Digital Private Ltd,2021-12-28,4,0,0.0,0.0,0,
Tata Digital Private Ltd,2021-12-26,1,0,0.0,0.0,0,
Tata Digital Private Ltd,2021-12-25,1,0,0.0,0.0,0,
Tata Digital Private Ltd,2021-12-22,2,0,0.0,0.0,0,
Tata Digital Private Ltd,2021-12-21,1,0,0.0,0.0,0,
Tata Digital Private Ltd,2021-12-20,3,0,0.0,0.0,0,
Tata Digital Private Ltd,2021-12-18,2,0,0.0,0.0,0,
Tata Digital Private Ltd,2021-12-16,2,0,0.0,0.0,0,
Tata Digital Private Ltd,2021-12-15,2,0,0.0,0.0,0,
Tata Digital Private Ltd,2021-12-11,1,0,0.0,0.0,0,
Tata Digital Private Ltd,2021-12-06,1,0,0.0,0.0,0,
Tata Digital Private Ltd,2021-12-05,1,0,0.0,0.0,0,
Tata Digital Private Ltd,2021-11-29,1,0,0.0,0.0,0,
Tata Digital Private Ltd,2021-11-26,1,0,0.0,0.0,0,
Tata Digital Private Ltd,2021-11-24,2,0,0.0,0.0,0,
Tata Digital Private Ltd,2021-11-19,1,0,0.0,0.0,0,
Tata Digital Private Ltd,2021-11-14,1,0,0.0,0.0,0,
Tata Digital Private Ltd,2021-11-12,2,0,0.0,0.0,0,
Tata Digital Private Ltd,2021-11-09,1,0,0.0,0.0,0,
Tata Digital Private Ltd,2021-11-07,1,0,0.0,0.0,0,
Tata Digital Private Ltd,2021-11-06,1,0,0.0,0.0,0,
Tata Digital Private Ltd,2021-11-05,1,0,0.0,0.0,0,
Tata Digital Private Ltd,2021-11-02,1,0,0.0,0.0,0,
Tata Digital Private Ltd,2021-11-01,1,0,0.0,0.0,0,
Tata Digital Private Ltd,2021-10-31,2,0,0.0,0.0,0,
Tata Digital Private Ltd,2021-10-18,1,0,0.0,0.0,0,
Tata Digital Private Ltd,2021-10-16,1,0,0.0,0.0,0,
Tata Digital Private Ltd,2021-10-13,2,0,0.0,0.0,0,
Tata Digital Private Ltd,2021-10-06,1,0,0.0,0.0,0,
Tata Digital Private Ltd,2021-09-29,2,0,0.0,0.0,0,
Tata Digital Private Ltd,2021-09-28,2,0,0.0,0.0,0,
Tata Digital Private Ltd,2021-09-27,2,0,0.0,0.0,0,
Tata Digital Private Ltd,2021-09-20,1,0,0.0,0.0,0,
Tata Digital Private Ltd,2021-09-19,1,0,0.0,0.0,0,
Tata Digital Private Ltd,2021-09-18,1,0,0.0,0.0,0,
Tata Digital Private Ltd,2021-09-17,3,0,0.0,0.0,0,
Tata Digital Private Ltd,2021-09-14,1,0,0.0,0.0,0,
Tata Digital Private Ltd,2021-09-12,1,0,0.0,0.0,0,
Tata Digital Private Ltd,2021-09-08,1,0,0.0,0.0,0,
Tata Digital Private Ltd,2021-09-07,2,0,0.0,0.0,0,
Tata Digital Private Ltd,2021-09-06,1,0,0.0,0.0,0,
Tata Digital Private Ltd,2021-09-05,1,0,0.0,0.0,0,
Tata Digital Private Ltd,2021-09-04,2,0,0.0,0.0,0,
Tata Digital Private Ltd,2021-09-01,1,0,0.0,0.0,0,
Tata Digital Private Ltd,2021-08-31,3,0,0.0,0.0,0,
Tata Digital Private Ltd,2021-08-28,1,0,0.0,0.0,0,
Tata Digital Private Ltd,2021-08-24,1,0,0.0,0.0,0,
Tata Digital Private Ltd,2021-08-23,3,0,0.0,0.0,0,
Tata Digital Private Ltd,2021-08-19,1,0,0.0,0.0,0,
Tata Digital Private Ltd,2021-08-17,1,0,0.0,0.0,0,
Tata Digital Private Ltd,2021-08-16,1,0,0.0,0.0,0,
Tata Digital Private Ltd,2021-08-15,1,0,0.0,0.0,0,
Tata Digital Private Ltd,2021-08-13,1,0,0.0,0.0,0,
Tata Digital Private Ltd,2021-08-08,1,0,0.0,0.0,0,
Tata Digital Private Ltd,2021-08-05,2,0,0.0,0.0,0,
Tata Digital Private Ltd,2021-08-04,1,0,0.0,0.0,0,
Tata Digital Private Ltd,2021-08-03,1,0,0.0,0.0,0,
Tata Digital Private Ltd,2021-08-02,2,0,0.0,0.0,0,
Tata Digital Private Ltd,2021-07-30,1,0,0.0,0.0,0,
Tata Digital Private Ltd,2021-07-28,2,0,0.0,0.0,0,
Tata Digital Private Ltd,2021-07-24,1,0,0.0,0.0,0,
Tata Digital Private Ltd,2021-07-21,2,0,0.0,0.0,0,
Tata Digital Private Ltd,2021-07-18,1,0,0.0,0.0,0,
Tata Digital Private Ltd,2021-07-17,2,0,0.0,0.0,0,
Tata Digital Private Ltd,2021-07-14,1,0,0.0,0.0,0,
Tata Digital Private Ltd,2021-07-13,1,0,0.0,0.0,0,
Tata Digital Private Ltd,2021-07-11,1,0,0.0,0.0,0,
Tata Digital Private Ltd,2021-07-10,1,0,0.0,0.0,0,
Tata Digital Private Ltd,2021-07-09,1,0,0.0,0.0,0,
Tata Digital Private Ltd,2021-07-07,1,0,0.0,0.0,0,
Tata Digital Private Ltd,2021-07-04,2,0,0.0,0.0,0,
Tata Digital Private Ltd,2021-07-03,1,0,0.0,0.0,0,
Tata Digital Private Ltd,2021-07-01,3,0,0.0,0.0,0,
Tata Digital Private Ltd,2021-06-30,1,0,0.0,0.0,0,
Tata Digital Private Ltd,2021-06-25,1,0,0.0,0.0,0,
Tata Digital Private Ltd,2021-06-19,2,0,0.0,0.0,0,
Tata Digital Private Ltd,2021-06-13,1,0,0.0,0.0,0,
Tata Digital Private Ltd,2021-06-12,1,0,0.0,0.0,0,
Tata Digital Private Ltd,2021-06-10,1,0,0.0,0.0,0,
Tata Digital Private Ltd,2021-06-09,1,0,0.0,0.0,0,
Tata Digital Private Ltd,2021-06-08,2,0,0.0,0.0,0,
Tata Digital Private Ltd,2021-06-07,1,0,0.0,0.0,0,
Tata Digital Private Ltd,2021-06-04,1,0,0.0,0.0,0,
Tata Digital Private Ltd,2021-06-02,2,0,0.0,0.0,0,
Tata Digital Private Ltd,2021-05-30,2,0,0.0,0.0,0,
Tata Digital Private Ltd,2021-05-28,1,0,0.0,0.0,0,
Tata Digital Private Ltd,2021-05-27,1,0,0.0,0.0,0,
Tata Digital Private Ltd,2021-05-25,2,0,0.0,0.0,0,
Tata Digital Private Ltd,2021-05-23,2,0,0.0,0.0,0,
Tata Digital Private Ltd,2021-05-22,1,0,0.0,0.0,0,
Tata Digital Private Ltd,2021-05-19,2,0,0.0,0.0,0,
Tata Digital Private Ltd,2021-05-18,2,0,0.0,0.0,0,
Tata Digital Private Ltd,2021-05-11,1,0,0.0,0.0,0,
Tata Digital Private Ltd,2021-05-10,1,0,0.0,0.0,0,
Tata Digital Private Ltd,2021-05-02,1,0,0.0,0.0,0,
Tata Digital Private Ltd,2021-04-29,1,0,0.0,0.0,0,
Tata Digital Private Ltd,2021-04-24,1,0,0.0,0.0,0,
Tata Digital Private Ltd,2021-04-11,1,0,0.0,0.0,0,
Tata Digital Private Ltd,2021-04-08,1,0,0.0,0.0,0,
Tata Digital Private Ltd,2021-04-03,1,0,0.0,0.0,0,
Tata Digital Private Ltd,2021-03-28,2,0,0.0,0.0,0,
Tata Digital Private Ltd,2021-03-26,1,0,0.0,0.0,0,
Tata Digital Private Ltd,2021-03-05,2,0,0.0,0.0,0,
Tata Digital Private Ltd,2021-02-22,1,0,0.0,0.0,0,
Tata Digital Private Ltd,2021-02-11,2,0,0.0,0.0,0,
Tata Digital Private Ltd,2021-02-06,1,0,0.0,0.0,0,
Tata Digital Private Ltd,2021-02-05,1,0,0.0,0.0,0,
Tata Digital Private Ltd,2021-02-01,1,0,0.0,0.0,0,
Tata Digital Private Ltd,2021-01-31,1,0,0.0,0.0,0,
Tata Digital Private Ltd,2021-01-23,1,0,0.0,0.0,0,
Tata Digital Private Ltd,2021-01-13,1,0,0.0,0.0,0,
Tata Digital Private Ltd,2021-01-06,1,0,0.0,0.0,0,
Tata Digital Private Ltd,2020-12-26,1,0,0.0,0.0,0,
Tata Digital Private Ltd,2020-12-20,1,0,0.0,0.0,0,
Tata Digital Private Ltd,2020-12-17,1,0,0.0,0.0,0,
Tata Digital Private Ltd,2020-12-09,1,0,0.0,0.0,0,
Tata Digital Private Ltd,2020-11-30,1,0,0.0,0.0,0,
Tata Digital Private Ltd,2020-11-28,1,0,0.0,0.0,0,
Tata Digital Private Ltd,2020-11-26,1,0,0.0,0.0,0,
Tata Digital Private Ltd,2020-11-21,1,0,0.0,0.0,0,
Tata Digital Private Ltd,2020-08-14,1,0,0.0,0.0,0,
ET money,2026-05-18,114,82,10813225.219999999,131868.60024390242,6,1107412.54
Paisa Bazaar,2026-05-18,530,181,14638741.329999998,80877.02392265192,15,1671547.6199999999
Mobikwik,2026-05-18,480,120,3418751.9099999997,28489.599249999996,11,69835.68
Mobikwik,2022-05-25,1,0,0.0,0.0,0,
Tata Digital Private Ltd,2026-05-18,118,136,12549167.540000001,92273.29073529413,8,618126.64
ET money,2026-05-19,176,36,5049407.87,140261.32972222223,9,1277598.2
Paisa Bazaar,2026-05-19,648,70,7542808.3100000005,107754.40442857143,13,408697.32999999996
Paisa Bazaar,2024-12-27,2,0,0.0,0.0,0,
Mobikwik,2026-05-19,484,59,1942542.46,32924.44847457627,16,750699.5499999999
Mobikwik,2023-10-22,1,0,0.0,0.0,0,
Tata Digital Private Ltd,2026-05-19,100,81,5746682.24,70946.69432098766,9,1429279.2799999998
ET money,2026-05-20,187,34,2631402.48,77394.19058823529,10,463963.5
Paisa Bazaar,2026-05-20,502,70,5522614.57,78894.49385714286,9,836549.36
Paisa Bazaar,2022-07-05,1,0,0.0,0.0,0,
Paisa Bazaar,2022-06-13,1,0,0.0,0.0,0,
Paisa Bazaar,2021-10-28,1,0,0.0,0.0,0,
Mobikwik,2026-05-20,495,51,4426818.600000001,86800.36470588237,18,1479396.6700000002
Tata Digital Private Ltd,2026-05-20,77,50,5497438.660000001,109948.77320000003,6,711992.11
Tata Digital Private Ltd,2021-07-31,1,0,0.0,0.0,0,
ET money,2026-05-21,192,43,4300368.78,100008.57627906978,18,1364727.9300000002
Paisa Bazaar,2026-05-21,460,62,6191782.85,99867.46532258064,9,714863.7699999999
Paisa Bazaar,2024-06-23,1,0,0.0,0.0,0,
Paisa Bazaar,2021-09-26,1,0,0.0,0.0,0,
Mobikwik,2026-05-21,509,46,2768318.9000000004,60180.84565217392,12,10901.04
Mobikwik,2025-09-24,1,0,0.0,0.0,0,
Mobikwik,2025-05-06,1,0,0.0,0.0,0,
Mobikwik,2022-12-04,1,0,0.0,0.0,0,
Mobikwik,2022-05-21,1,0,0.0,0.0,0,
Tata Digital Private Ltd,2026-05-21,87,60,5356570.9799999995,89276.18299999999,4,357986.13999999996
Tata Digital Private Ltd,2023-03-20,1,0,0.0,0.0,0,
ET money,2026-05-22,134,31,4751189.470000001,153264.17645161293,4,527531.55
Paisa Bazaar,2026-05-22,527,51,6552152.49,128473.57823529412,8,1087202.9000000001
Mobikwik,2026-05-22,490,50,2120338.14,42406.762800000004,12,736811.46
Mobikwik,2024-06-18,1,0,0.0,0.0,0,
Tata Digital Private Ltd,2026-05-22,103,50,4797403.03,95948.06060000001,7,987985.2500000001
ET money,2026-05-23,147,10,455754.45999999996,45575.445999999996,11,969449.31
Paisa Bazaar,2026-05-23,439,3,120242.64,40080.88,7,175402.28999999998
Mobikwik,2026-05-23,509,0,0.0,0.0,0,
Mobikwik,2023-10-25,1,0,0.0,0.0,0,
Tata Digital Private Ltd,2026-05-23,105,5,105174.10999999999,21034.821999999996,8,676594.6199999999
ET money,2026-05-24,133,5,70116.06999999999,14023.213999999998,12,493948.01
ET money,2023-01-04,1,0,0.0,0.0,0,
ET money,2022-12-06,1,0,0.0,0.0,0,
Paisa Bazaar,2026-05-24,431,0,0.0,0.0,0,
Paisa Bazaar,2022-02-09,1,0,0.0,0.0,0,
Mobikwik,2026-05-24,540,0,0.0,0.0,0,
Mobikwik,2024-03-14,1,0,0.0,0.0,0,
Tata Digital Private Ltd,2026-05-24,124,10,140232.13999999998,14023.213999999998,8,294209.07
ET money,2026-05-25,149,66,6886311.919999999,104338.05939393937,12,1067148.08
Paisa Bazaar,2026-05-25,444,111,7306758.24,65826.65081081081,8,419045.67
Paisa Bazaar,2025-03-13,1,0,0.0,0.0,0,
Paisa Bazaar,2022-03-20,1,0,0.0,0.0,0,
Paisa Bazaar,2021-07-05,1,0,0.0,0.0,0,
Mobikwik,2026-05-25,477,127,3689155.75,29048.470472440946,20,382514.71
Mobikwik,2023-01-31,1,0,0.0,0.0,0,
Tata Digital Private Ltd,2026-05-25,163,123,9335734.79,75900.28284552845,7,704142.07
Tata Digital Private Ltd,2023-12-14,1,0,0.0,0.0,0,
ET money,2026-05-26,249,33,4197006.38,127182.0115151515,11,2568026.45
ET money,2021-11-12,1,0,0.0,0.0,0,
ET money,2021-11-05,1,0,0.0,0.0,0,
Paisa Bazaar,2026-05-26,515,63,5226924.550000001,82967.05634920637,9,944964.71
Paisa Bazaar,2021-11-30,1,0,0.0,0.0,0,
Mobikwik,2026-05-26,499,65,2355541.29,36239.09676923077,18,271120.14
Mobikwik,2024-09-16,1,0,0.0,0.0,0,
Tata Digital Private Ltd,2026-05-26,150,64,6201248.820000001,96894.51281250002,5,314367.31
ET money,2026-05-27,203,34,3135103.5999999996,92208.9294117647,10,1820067.3800000001
ET money,2025-04-27,1,0,0.0,0.0,0,
ET money,2021-08-18,1,0,0.0,0.0,0,
Paisa Bazaar,2026-05-27,519,66,5143864.470000001,77937.34045454547,14,964337.38
Mobikwik,2026-05-27,420,59,2634264.8400000003,44648.5566101695,14,444156.37000000005
Mobikwik,2024-11-07,1,0,0.0,0.0,0,
Mobikwik,2024-05-23,1,0,0.0,0.0,0,
Mobikwik,2023-09-12,1,0,0.0,0.0,0,
Mobikwik,2022-06-05,1,0,0.0,0.0,0,
Tata Digital Private Ltd,2026-05-27,108,89,7985734.24,89727.35101123595,8,359755.39
ET money,2026-05-28,232,3,49969.58,16656.52666666667,8,865913.73
Paisa Bazaar,2026-05-28,474,1,50000.0,50000.0,10,1194812.5599999998
Paisa Bazaar,2021-02-22,1,0,0.0,0.0,0,
Mobikwik,2026-05-28,395,0,0.0,0.0,0,
Tata Digital Private Ltd,2026-05-28,88,0,0.0,0.0,0,
Tata Digital Private Ltd,2021-05-04,1,0,0.0,0.0,0,
ET money,2026-05-29,2328,69,9549109.830000002,138392.89608695655,12,1060316.1199999999
ET money,2022-12-20,1,0,0.0,0.0,0,
Paisa Bazaar,2026-05-29,485,112,9669184.57,86332.00508928571,9,768696.8999999999
Mobikwik,2026-05-29,378,75,2682591.07,35767.880933333334,13,394960.52999999997
Mobikwik,2022-09-09,1,0,0.0,0.0,0,
Tata Digital Private Ltd,2026-05-29,92,176,13060006.01,74204.57960227273,5,412752.42
ET money,2026-05-30,386,3,99966.09000000001,33322.030000000006,9,570520.3700000001
ET money,2023-05-04,1,0,0.0,0.0,0,
Paisa Bazaar,2026-05-30,543,5,120190.52000000002,24038.104000000003,9,845537.79
Paisa Bazaar,2024-01-15,1,0,0.0,0.0,0,
Mobikwik,2026-05-30,432,0,0.0,0.0,0,
Tata Digital Private Ltd,2026-05-30,112,12,209642.67,17470.2225,11,743395.47
ET money,2026-05-31,195,6,249915.24000000002,41652.54,19,2454982.07
Paisa Bazaar,2026-05-31,434,4,250805.09,62701.2725,12,1626474.9900000002
Mobikwik,2026-05-31,474,1,10000.0,10000.0,8,248581.02
Mobikwik,2024-08-14,1,0,0.0,0.0,0,
Mobikwik,2021-09-10,1,0,0.0,0.0,0,
Tata Digital Private Ltd,2026-05-31,127,10,174404.45,17440.445,7,575197.3300000001
ET money,2026-06-01,228,123,15638936.610000003,127145.826097561,8,1121178.2
Paisa Bazaar,2026-06-01,505,158,14258287.819999998,90242.32797468353,13,813499.43
Mobikwik,2026-06-01,421,159,6367589.75,40047.73427672956,11,351217.95000000007
Mobikwik,2025-06-15,1,0,0.0,0.0,0,
Mobikwik,2024-06-03,1,0,0.0,0.0,0,
Tata Digital Private Ltd,2026-06-01,120,243,21771024.090000004,89592.69172839508,10,1449723.9300000002
ET money,2026-06-02,243,43,5978830.659999999,139042.5734883721,10,542371.65
ET money,2023-05-16,1,0,0.0,0.0,0,
Paisa Bazaar,2026-06-02,559,109,9887296.08,90709.13834862385,27,1172686.4599999997
Paisa Bazaar,2023-11-19,1,0,0.0,0.0,0,
Paisa Bazaar,2023-07-10,1,0,0.0,0.0,0,
Mobikwik,2026-06-02,412,55,2420085.03,44001.545999999995,13,556686.8999999999
Mobikwik,2025-10-21,1,0,0.0,0.0,0,
Tata Digital Private Ltd,2026-06-02,124,89,5541352.55,62262.38820224719,9,454782.86
Tata Digital Private Ltd,2022-09-25,1,0,0.0,0.0,0,
ET money,2026-06-03,240,48,7621338.970000002,158777.89520833336,10,1668560.8099999998
ET money,2024-11-28,1,0,0.0,0.0,0,
Paisa Bazaar,2026-06-03,530,55,9981260.4,181477.46181818182,9,2246219.33
Paisa Bazaar,2021-12-09,1,0,0.0,0.0,0,
Mobikwik,2026-06-03,403,70,2722635.1100000003,38894.787285714294,10,756841.8099999999
Tata Digital Private Ltd,2026-06-03,186,72,4591737.0,63774.125,10,874504.2800000001
Tata Digital Private Ltd,2024-08-21,2,0,0.0,0.0,0,
Tata Digital Private Ltd,2022-03-25,1,0,0.0,0.0,0,
ET money,2026-06-05,191,29,2723002.38,93896.63379310345,6,377745.81000000006
ET money,2026-06-04,153,38,2472979.6500000004,65078.41184210527,4,179235.05000000002
Paisa Bazaar,2026-06-05,556,70,7387066.860000001,105529.52657142859,7,829234.57
Paisa Bazaar,2026-06-04,476,74,7581334.21,102450.4622972973,12,1208150.23
Paisa Bazaar,2022-10-13,1,0,0.0,0.0,0,
Paisa Bazaar,2021-11-26,1,0,0.0,0.0,0,
Mobikwik,2026-06-05,389,37,1570171.91,42437.07864864865,12,799963.57
Mobikwik,2026-06-04,395,48,2394975.54,49895.32375,11,524105.58
Tata Digital Private Ltd,2026-06-05,113,83,5854804.439999999,70539.81253012047,6,431112.08999999997
Tata Digital Private Ltd,2026-06-04,113,52,4878030.29,93808.2748076923,8,246356.61
ET money,2026-06-07,173,0,0.0,0.0,0,
ET money,2026-06-06,223,0,0.0,0.0,0,
ET money,2021-05-15,1,0,0.0,0.0,0,
Paisa Bazaar,2026-06-07,620,9,219922.32,24435.813333333335,16,2698792.38
Paisa Bazaar,2026-06-06,634,3,60201.95000000001,20067.31666666667,16,474797.68000000005
Paisa Bazaar,2024-10-11,1,0,0.0,0.0,0,
Paisa Bazaar,2022-09-10,1,0,0.0,0.0,0,
Mobikwik,2026-06-07,389,0,0.0,0.0,0,
Mobikwik,2026-06-06,399,0,0.0,0.0,0,
Tata Digital Private Ltd,2026-06-07,199,0,0.0,0.0,0,
Tata Digital Private Ltd,2026-06-06,127,5,69896.78,13979.356,6,621184.0
ET money,2026-06-08,120,92,10474827.31,113856.81858695652,19,1016574.86
Paisa Bazaar,2026-06-08,580,152,15527629.239999998,102155.45552631578,17,1444639.6199999999
Paisa Bazaar,2024-08-02,1,0,0.0,0.0,0,
Paisa Bazaar,2021-11-24,1,0,0.0,0.0,0,
Mobikwik,2026-06-08,365,150,6308490.97,42056.606466666664,4,91540.83
Tata Digital Private Ltd,2026-06-08,152,167,11573200.689999998,69300.60293413172,13,323886.36
Tata Digital Private Ltd,2024-09-09,1,0,0.0,0.0,0,
ET money,2026-06-09,184,58,7034452.71,121283.6674137931,19,1606036.91
Paisa Bazaar,2026-06-09,616,74,10889179.01,147151.0677027027,10,531286.5
Paisa Bazaar,2024-07-02,1,0,0.0,0.0,0,
Mobikwik,2026-06-09,504,47,1768350.0,37624.46808510638,18,651598.46
Tata Digital Private Ltd,2026-06-09,121,74,6359760.27,85942.70635135134,13,558190.3999999999
ET money,2026-06-10,184,41,5358468.28,130694.34829268293,9,1321639.16
Paisa Bazaar,2026-06-10,576,59,4361823.89,73929.21847457626,20,2375822.92
Mobikwik,2026-06-10,440,49,1867643.2199999997,38115.16775510203,14,170319.65
Tata Digital Private Ltd,2026-06-10,130,45,3457231.6299999994,76827.36955555555,13,741521.17
ET money,2026-06-11,152,48,8397581.200000001,174949.60833333337,14,1470684.33
Paisa Bazaar,2026-06-11,588,73,10317449.0,141334.91780821918,16,2085719.9600000002
Paisa Bazaar,2023-07-26,1,0,0.0,0.0,0,
Paisa Bazaar,2022-04-26,1,0,0.0,0.0,0,
Mobikwik,2026-06-11,417,40,1099292.42,27482.3105,7,159082.76
Tata Digital Private Ltd,2026-06-11,149,59,4040493.0,68482.93220338984,8,168720.97
ET money,2026-06-12,215,33,3601779.32,109144.82787878788,9,519998.02
ET money,2022-07-15,1,0,0.0,0.0,0,
Paisa Bazaar,2026-06-12,592,51,6529478.339999999,128028.9870588235,8,1148138.14
Paisa Bazaar,2025-04-13,1,0,0.0,0.0,0,
Paisa Bazaar,2024-10-16,1,0,0.0,0.0,0,
Paisa Bazaar,2023-11-20,1,0,0.0,0.0,0,
Mobikwik,2026-06-12,348,36,2223879.25,61774.42361111111,3,59421.36
Tata Digital Private Ltd,2026-06-12,505,61,4192698.650000001,68732.76475409837,11,475540.05999999994
ET money,2026-06-15,167,71,9164996.620000001,129084.45943661973,10,2640334.71
ET money,2026-06-14,156,3,50011.06,16670.353333333333,5,736874.89
ET money,2026-06-13,159,6,500110.55,83351.75833333333,8,942848.2999999999
ET money,2024-08-30,1,0,0.0,0.0,0,
ET money,2021-08-03,1,0,0.0,0.0,0,
Paisa Bazaar,2026-06-15,607,143,14298988.39,99992.92580419581,13,1349245.74
Paisa Bazaar,2026-06-14,606,0,0.0,0.0,0,
Paisa Bazaar,2026-06-13,631,3,59915.64,19971.88,12,571456.09
Mobikwik,2026-06-15,321,91,3261117.2199999997,35836.452967032965,5,135397.04
Mobikwik,2026-06-14,374,1,2000.0,2000.0,4,35096.6
Mobikwik,2026-06-13,297,0,0.0,0.0,0,
Tata Digital Private Ltd,2026-06-15,108,152,9464189.920000002,62264.40736842107,8,510504.22000000003
Tata Digital Private Ltd,2026-06-14,129,5,105048.08000000002,21009.616,12,350362.33999999997
Tata Digital Private Ltd,2026-06-13,157,10,560257.43,56025.743,11,1169387.71
Tata Digital Private Ltd,2023-06-05,1,0,0.0,0.0,0,
Tata Digital Private Ltd,2021-04-30,1,0,0.0,0.0,0,
ET money,2026-06-16,220,55,8775753.17,159559.14854545455,9,1311546.18
ET money,2025-06-09,1,0,0.0,0.0,0,
Paisa Bazaar,2026-06-16,592,49,3699625.7399999998,75502.56612244897,5,113100.62000000001
Mobikwik,2026-06-16,310,36,1787794.4000000004,49660.95555555556,8,452056.56999999995
Tata Digital Private Ltd,2026-06-16,105,50,3421913.21,68438.2642,12,921985.46
ET money,2026-06-17,240,36,5230760.48,145298.90222222224,6,460083.34
ET money,2025-09-05,1,0,0.0,0.0,0,
ET money,2022-04-27,1,0,0.0,0.0,0,
Paisa Bazaar,2026-06-17,620,53,5354268.589999999,101023.93566037733,8,435469.45
Mobikwik,2026-06-17,312,26,1334445.0,51324.807692307695,12,525791.9400000001
Tata Digital Private Ltd,2026-06-17,116,56,4690049.57,83750.88517857144,6,654350.1399999999
ET money,2026-06-18,225,32,3441768.37,107555.2615625,17,2307577.11
Paisa Bazaar,2026-06-18,597,63,6630917.989999999,105252.66650793649,11,1226731.3199999998
Paisa Bazaar,2024-09-23,1,0,0.0,0.0,0,
Paisa Bazaar,2023-03-21,1,0,0.0,0.0,0,
Mobikwik,2026-06-18,307,33,1544813.92,46812.54303030303,4,216307.44999999998
Tata Digital Private Ltd,2026-06-18,91,63,7866079.65,124858.40714285715,8,816912.59
ET money,2026-06-19,169,50,6422578.56,128451.57119999999,12,2070247.91
ET money,2023-08-18,1,0,0.0,0.0,0,
Paisa Bazaar,2026-06-19,594,54,7086832.260000001,131237.63444444447,13,1459675.1600000001
Paisa Bazaar,2024-07-25,1,0,0.0,0.0,0,
Paisa Bazaar,2024-05-08,1,0,0.0,0.0,0,
Paisa Bazaar,2024-01-31,2,0,0.0,0.0,0,
Paisa Bazaar,2023-09-27,1,0,0.0,0.0,0,
Paisa Bazaar,2021-07-30,1,0,0.0,0.0,0,
Mobikwik,2026-06-19,279,33,1474288.88,44675.4206060606,11,237849.77
Tata Digital Private Ltd,2026-06-19,105,36,3157308.54,87703.015,7,214865.66
Tata Digital Private Ltd,2021-05-07,1,0,0.0,0.0,0,
ET money,2026-06-20,194,3,50105.520000000004,16701.84,9,753498.48
ET money,2022-11-27,1,0,0.0,0.0,0,
ET money,2021-07-02,1,0,0.0,0.0,0,
Paisa Bazaar,2026-06-20,598,0,0.0,0.0,0,
Paisa Bazaar,2023-04-15,1,0,0.0,0.0,0,
Mobikwik,2026-06-20,316,0,0.0,0.0,0,
Tata Digital Private Ltd,2026-06-20,143,6,196404.59,32734.09833333333,10,726404.28
ET money,2026-06-21,151,3,50105.52,16701.84,7,411699.1
ET money,2021-05-26,1,0,0.0,0.0,0,
Paisa Bazaar,2026-06-21,537,17,625174.4299999999,36774.96647058823,15,2843459.8599999994
Paisa Bazaar,2023-01-25,1,0,0.0,0.0,0,
Mobikwik,2026-06-21,334,2,55000.0,27500.0,7,151184.5
Tata Digital Private Ltd,2026-06-21,135,6,125251.38,20875.23,7,93124.21999999999
ET money,2026-06-22,135,86,10775263.48,125293.76139534885,8,1153203.35
ET money,2025-03-08,1,0,0.0,0.0,0,
Paisa Bazaar,2026-06-22,549,158,18621659.52,117858.60455696202,12,898188.2099999998
Paisa Bazaar,2022-03-06,1,0,0.0,0.0,0,
Mobikwik,2026-06-22,361,92,5501635.850000001,59800.38967391305,2,200241.56
Tata Digital Private Ltd,2026-06-22,117,127,16250371.18,127955.67858267717,7,873618.67
ET money,2026-06-23,203,27,2618125.2600000002,96967.60222222224,9,769021.0700000001
Paisa Bazaar,2026-06-23,524,57,5279396.3,92620.98771929824,15,604457.95
Paisa Bazaar,2024-01-02,2,0,0.0,0.0,0,
Paisa Bazaar,2021-07-11,1,0,0.0,0.0,0,
Mobikwik,2026-06-23,409,47,1688202.95,35919.21170212766,6,320460.65
Tata Digital Private Ltd,2026-06-23,102,77,4836572.69,62812.63233766234,9,718682.9800000001
ET money,2026-06-24,155,29,2840044.36,97932.56413793103,6,828491.6
ET money,2025-04-12,1,0,0.0,0.0,0,
Paisa Bazaar,2026-06-24,535,58,6915876.289999999,119239.24637931032,8,1434198.5
Paisa Bazaar,2024-12-11,1,0,0.0,0.0,0,
Mobikwik,2026-06-24,316,38,1366585.54,35962.777368421055,6,40845.99
Tata Digital Private Ltd,2026-06-24,101,46,2412599.95,52447.825000000004,8,501375.81000000006
ET money,2026-06-25,204,31,3246335.6899999995,104720.50612903225,14,1097121.75
Paisa Bazaar,2026-06-25,490,69,6849634.339999999,99270.0628985507,12,1014451.2
Mobikwik,2026-06-25,318,48,2737782.47,57037.13479166667,7,148218.87
Tata Digital Private Ltd,2026-06-25,109,63,4678654.58,74264.35841269842,4,317937.75
ET money,2026-06-26,174,1,1000.0,1000.0,7,1081389.24
ET money,2021-08-15,1,0,0.0,0.0,0,
Paisa Bazaar,2026-06-26,469,0,0.0,0.0,0,
Paisa Bazaar,2024-05-27,1,0,0.0,0.0,0,
Mobikwik,2026-06-26,339,0,0.0,0.0,0,
Tata Digital Private Ltd,2026-06-26,108,0,0.0,0.0,0,
Tata Digital Private Ltd,2022-04-07,2,0,0.0,0.0,0,
Tata Digital Private Ltd,2021-06-23,1,0,0.0,0.0,0,
ET money,2026-06-27,163,3,400387.96,133462.65333333335,14,1128477.23
Paisa Bazaar,2026-06-27,553,3,993275.26,331091.75333333336,8,296364.97000000003
Paisa Bazaar,2021-09-07,1,0,0.0,0.0,0,
Mobikwik,2026-06-27,335,0,0.0,0.0,0,
Tata Digital Private Ltd,2026-06-27,111,0,0.0,0.0,0,
ET money,2026-06-28,124,15,1201163.8599999999,80077.59066666666,17,1466964.51
ET money,2024-07-06,1,0,0.0,0.0,0,
ET money,2023-01-10,1,0,0.0,0.0,0,
Paisa Bazaar,2026-06-28,466,0,0.0,0.0,0,
Paisa Bazaar,2024-02-11,1,0,0.0,0.0,0,
Paisa Bazaar,2023-01-31,1,0,0.0,0.0,0,
Mobikwik,2026-06-28,346,0,0.0,0.0,0,
Tata Digital Private Ltd,2026-06-28,115,7,270152.61,38593.229999999996,10,305183.67000000004
ET money,2026-06-29,158,157,23613750.019999996,150406.05108280253,7,584134.73
ET money,2024-04-16,1,0,0.0,0.0,0,
ET money,2023-08-15,1,0,0.0,0.0,0,
Paisa Bazaar,2026-06-29,539,190,15812104.139999999,83221.6007368421,11,1965064.83
Paisa Bazaar,2024-09-09,1,0,0.0,0.0,0,
Paisa Bazaar,2023-09-21,1,0,0.0,0.0,0,
Mobikwik,2026-06-29,329,145,5347654.4,36880.3751724138,10,352028.39
Tata Digital Private Ltd,2026-06-29,178,214,14673446.950000003,68567.50911214955,13,585462.3
ET money,2026-06-30,168,59,8480594.41,143738.88830508475,19,2520168.59
Paisa Bazaar,2026-06-30,539,54,6838901.64,126646.32666666666,13,447060.99
Paisa Bazaar,2022-12-10,1,0,0.0,0.0,0,
Mobikwik,2026-06-30,345,50,1965144.04,39302.8808,5,38949.11
Tata Digital Private Ltd,2026-06-30,137,65,4776840.64,73489.856,6,345579.01999999996
ET money,2026-07-01,272,75,8164348.47,108857.97959999999,17,1877178.2200000002
Paisa Bazaar,2026-07-01,610,96,7330928.67,76363.8403125,18,1859154.4
Paisa Bazaar,2025-03-07,1,0,0.0,0.0,0,
Paisa Bazaar,2022-04-20,1,0,0.0,0.0,0,
Mobikwik,2026-07-01,424,73,2879378.51,39443.54123287671,6,137792.45
Tata Digital Private Ltd,2026-07-01,118,87,5344206.93,61427.66586206896,12,917334.58
ET money,2026-07-02,226,59,7871330.95,133412.38898305086,13,2507647.24
Paisa Bazaar,2026-07-02,630,77,8684269.0,112782.71428571429,19,2420493.3
Mobikwik,2026-07-02,414,71,3306907.4,46576.16056338028,7,716695.66
Tata Digital Private Ltd,2026-07-02,120,90,5224723.57,58052.48411111112,8,340099.80999999994
ET money,2026-07-03,196,47,7260893.640000001,154487.09872340425,14,1872569.23
ET money,2025-02-06,1,0,0.0,0.0,0,
ET money,2025-01-31,1,0,0.0,0.0,0,
Paisa Bazaar,2026-07-03,626,63,4319874.399999999,68569.43492063491,11,544735.13
Mobikwik,2026-07-03,383,44,2245888.07,51042.910681818175,11,323479.58999999997
Tata Digital Private Ltd,2026-07-03,80,61,4269505.31,69991.89032786885,6,202591.19
ET money,2026-07-04,182,3,50143.020000000004,16714.34,9,708973.02
Paisa Bazaar,2026-07-04,725,5,34714.31,6942.861999999999,12,671972.4899999999
Mobikwik,2026-07-04,382,1,50000.0,50000.0,10,736456.33
Tata Digital Private Ltd,2026-07-04,128,10,138857.25,13885.725,12,919317.7799999999
ET money,2026-07-05,193,6,200572.09000000003,33428.68166666667,10,580400.6900000001
ET money,2025-06-01,1,0,0.0,0.0,0,
Paisa Bazaar,2026-07-05,638,0,0.0,0.0,0,
Mobikwik,2026-07-05,434,0,0.0,0.0,0,
Tata Digital Private Ltd,2026-07-05,150,10,138857.25,13885.725,11,737456.24
ET money,2026-07-06,148,93,11018812.029999997,118481.84978494621,8,1151896.9
ET money,2022-08-14,1,0,0.0,0.0,0,
Paisa Bazaar,2026-07-06,603,145,12409807.059999999,85584.87627586206,11,685781.4700000001
Mobikwik,2026-07-06,409,144,6965666.829999998,48372.68631944443,6,288489.07999999996
Tata Digital Private Ltd,2026-07-06,145,189,18377373.31,97234.77941798941,11,1597705.87
Tata Digital Private Ltd,2022-01-28,1,0,0.0,0.0,0,
ET money,2026-07-07,204,38,4634602.58,121963.22578947368,14,1195269.04
ET money,2021-03-10,1,0,0.0,0.0,0,
Paisa Bazaar,2026-07-07,553,46,5708005.539999999,124087.07695652172,8,1327275.6700000002
Paisa Bazaar,2022-11-28,1,0,0.0,0.0,0,
Paisa Bazaar,2022-01-26,1,0,0.0,0.0,0,
Mobikwik,2026-07-07,355,44,1411836.3199999998,32087.189090909087,6,170855.94999999998
Tata Digital Private Ltd,2026-07-07,117,63,5170267.07,82067.73126984127,16,885999.47
ET money,2026-07-08,236,39,5143926.41,131895.54897435897,11,1069011.54
ET money,2025-04-08,1,0,0.0,0.0,0,
ET money,2021-02-15,1,0,0.0,0.0,0,
Paisa Bazaar,2026-07-08,607,58,7845184.84,135261.80758620688,5,459173.37
Paisa Bazaar,2022-12-27,1,0,0.0,0.0,0,
Mobikwik,2026-07-08,385,43,1544600.12,35920.93302325581,8,289450.77999999997
Tata Digital Private Ltd,2026-07-08,130,63,6790594.079999999,107787.20761904761,12,780146.08
ET money,2026-07-09,302,41,3926865.9299999997,95777.21780487805,11,1356530.95
Paisa Bazaar,2026-07-09,529,79,5316505.430000001,67297.5370886076,12,1326950.71
Mobikwik,2026-07-09,329,52,2386286.6799999997,45890.12846153846,10,188219.5
Tata Digital Private Ltd,2026-07-09,101,76,5991304.799999999,78832.95789473683,12,586585.1100000001
ET money,2026-07-10,290,69,9604356.950000001,139193.57898550725,30,2849667.3499999996
ET money,2024-02-08,1,0,0.0,0.0,0,
ET money,2021-06-22,1,0,0.0,0.0,0,
Paisa Bazaar,2026-07-10,569,64,8009764.409999999,125152.56890624999,12,1975568.8
Paisa Bazaar,2024-03-20,1,0,0.0,0.0,0,
Mobikwik,2026-07-10,321,43,1561497.21,36313.88860465116,8,370873.82
Tata Digital Private Ltd,2026-07-10,81,61,4843797.02,79406.50852459016,8,504221.67
ET money,2026-07-11,230,9,122842.35,13649.150000000001,15,1250185.8099999998
Paisa Bazaar,2026-07-11,624,12,188978.41,15748.200833333334,5,50025.57
Paisa Bazaar,2022-03-14,1,0,0.0,0.0,0,
Paisa Bazaar,2021-06-11,2,0,0.0,0.0,0,
Mobikwik,2026-07-11,242,0,0.0,0.0,0,
Tata Digital Private Ltd,2026-07-11,121,10,173907.94999999998,17390.795,16,839057.88
ET money,2026-07-12,218,21,1011854.07,48183.52714285714,15,1616351.61
ET money,2022-02-17,1,0,0.0,0.0,0,
Paisa Bazaar,2026-07-12,496,1,450000.0,450000.0,5,694333.16
Paisa Bazaar,2021-09-11,1,0,0.0,0.0,0,
Mobikwik,2026-07-12,220,0,0.0,0.0,0,
Tata Digital Private Ltd,2026-07-12,145,10,139126.36000000002,13912.636000000002,14,136518.17
ET money,2026-07-13,166,132,18391489.7,139329.4674242424,11,974307.66
Paisa Bazaar,2026-07-13,612,147,11035015.18,75068.13047619048,4,199708.72999999998
Paisa Bazaar,2023-12-09,1,0,0.0,0.0,0,
Mobikwik,2026-07-13,187,115,5666712.360000001,49275.759652173925,2,592197.83
Tata Digital Private Ltd,2026-07-13,191,150,9361766.89,62411.77926666667,10,172168.97
ET money,2026-07-14,195,43,4720508.390000001,109779.26488372094,22,2580909.43
Paisa Bazaar,2026-07-14,614,62,5144104.92,82969.43419354838,10,153621.47
Paisa Bazaar,2023-06-28,1,0,0.0,0.0,0,
Mobikwik,2026-07-14,211,45,2292532.0300000003,50945.15622222223,8,235934.22
Tata Digital Private Ltd,2026-07-14,115,66,6613426.330000001,100203.42924242426,8,447428.88
Tata Digital Private Ltd,2024-03-29,1,0,0.0,0.0,0,
ET money,2026-07-15,216,38,5311558.890000001,139777.8655263158,10,1248809.4799999997
Paisa Bazaar,2026-07-15,527,46,3718602.15,80839.17717391303,12,540028.95
Paisa Bazaar,2022-10-05,1,0,0.0,0.0,0,
Mobikwik,2026-07-15,200,36,1990570.44,55293.62333333333,5,321431.15
Tata Digital Private Ltd,2026-07-15,89,40,3312209.09,82805.22725,7,151117.09
ET money,2026-07-16,189,42,4948703.36,117826.27047619049,14,1485060.35
Paisa Bazaar,2026-07-16,572,55,4265789.699999999,77559.81272727271,12,1256101.3800000001
Mobikwik,2026-07-16,214,24,949499.9699999999,39562.49874999999,9,169773.8
Tata Digital Private Ltd,2026-07-16,129,39,4445988.06,113999.69384615384,6,167619.66
ET money,2021-10-20,1,0,0.0,0.0,0,
ET money,2026-07-18,185,17,280955.36,16526.78588235294,13,1761392.36
ET money,2026-07-17,172,48,4256308.35,88673.090625,14,1989830.02
Paisa Bazaar,2026-07-18,779,2,1120.0,560.0,11,1682856.65
Paisa Bazaar,2026-07-17,546,57,4435995.53,77824.48298245615,11,407060.00000000006
Paisa Bazaar,2024-01-18,1,0,0.0,0.0,0,
Paisa Bazaar,2023-10-07,1,0,0.0,0.0,0,
Paisa Bazaar,2022-11-29,1,0,0.0,0.0,0,
Mobikwik,2026-07-18,327,0,0.0,0.0,0,
Mobikwik,2026-07-17,306,30,1447823.37,48260.779,5,136478.91
Tata Digital Private Ltd,2026-07-18,146,16,224244.95999999996,14015.309999999998,8,338304.52999999997
Tata Digital Private Ltd,2026-07-17,99,39,1793242.7799999998,45980.5841025641,2,34130.75
ET money,2026-07-19,156,9,158653.21,17628.134444444444,13,803483.9200000002
Paisa Bazaar,2026-07-19,659,4,101202.0,25300.5,9,500357.54
Mobikwik,2026-07-19,336,0,0.0,0.0,0,
Tata Digital Private Ltd,2026-07-19,137,1,100000.0,100000.0,17,1247540.2999999998
ET money,2026-07-20,140,99,10919111.41,110294.05464646465,9,1000904.6
Paisa Bazaar,2026-07-20,587,187,16144186.690000001,86332.54914438503,6,1017432.27
Paisa Bazaar,2024-12-07,1,0,0.0,0.0,0,
Mobikwik,2026-07-20,299,100,4041133.7800000007,40411.33780000001,7,395907.88999999996
Tata Digital Private Ltd,2026-07-20,96,193,15761958.17,81668.17704663212,16,345349.83999999997
ET money,2026-07-21,161,35,4279768.2700000005,122279.09342857145,13,1232955.57
Paisa Bazaar,2026-07-21,651,73,7450263.99,102058.41082191782,15,2569095.83
Mobikwik,2026-07-21,300,43,1606554.8599999999,37361.740930232554,6,209945.74000000002
Tata Digital Private Ltd,2026-07-21,120,75,5650001.640000001,75333.3552,7,565516.12
ET money,2026-07-22,176,35,4402873.88,125796.39657142857,8,369846.2
Paisa Bazaar,2026-07-22,584,59,5247615.890000001,88942.64220338984,15,769265.77
Paisa Bazaar,2021-11-09,1,0,0.0,0.0,0,
Mobikwik,2026-07-22,337,37,1775048.6499999997,47974.28783783783,7,68852.46999999999
Tata Digital Private Ltd,2026-07-22,92,61,4265387.04,69924.37770491804,14,1040207.7500000002
Tata Digital Private Ltd,2022-01-08,1,0,0.0,0.0,0,
ET money,2026-07-23,147,31,2707010.3099999996,87322.91322580643,6,488599.37999999995
Paisa Bazaar,2026-07-23,557,68,4796982.1899999995,70543.85573529411,11,1400475.09
Mobikwik,2026-07-23,290,23,1778953.2000000002,77345.79130434783,8,366558.32999999996
Tata Digital Private Ltd,2026-07-23,103,55,4486100.399999999,81565.46181818181,5,201301.48
ET money,2026-07-24,152,22,4186356.8600000003,190288.9481818182,9,2527054.32
Paisa Bazaar,2026-07-24,625,67,10428179.82,155644.47492537313,16,1097194.57
Paisa Bazaar,2024-12-14,1,0,0.0,0.0,0,
Mobikwik,2026-07-24,291,26,1193796.83,45915.2626923077,1,1030.35
Tata Digital Private Ltd,2026-07-24,78,63,6643003.06,105444.49301587301,9,869755.09
ET money,2026-07-25,159,9,237390.96,26376.77333333333,11,766037.3899999999
Paisa Bazaar,2026-07-25,724,8,523548.47,65443.55875,9,216261.14
Paisa Bazaar,2021-05-23,1,0,0.0,0.0,0,
Mobikwik,2026-07-25,263,1,101.0,101.0,4,141799.8
Tata Digital Private Ltd,2026-07-25,109,15,112336.09000000001,7489.072666666668,9,1022837.6200000001
Tata Digital Private Ltd,2022-07-21,1,0,0.0,0.0,0,
ET money,2026-07-26,161,0,0.0,0.0,0,
Paisa Bazaar,2026-07-26,559,0,0.0,0.0,0,
Mobikwik,2026-07-26,324,1,20000.0,20000.0,5,80655.95000000001
Tata Digital Private Ltd,2026-07-26,113,1,1099.0,1099.0,15,1155471.3800000001
Tata Digital Private Ltd,2022-03-08,1,0,0.0,0.0,0,
ET money,2026-07-27,150,97,10213000.27,105288.66257731958,14,1444367.69
Paisa Bazaar,2026-07-27,608,128,11641307.41,90947.714140625,12,1535374.52
Paisa Bazaar,2021-12-03,1,0,0.0,0.0,0,
Mobikwik,2026-07-27,305,62,1766936.2799999998,28498.972258064514,8,312946.50999999995
Tata Digital Private Ltd,2026-07-27,126,176,13433765.419999998,76328.21261363635,7,141374.09
ET money,2026-07-28,199,30,2852842.1,95094.73666666666,8,868826.5299999999
Paisa Bazaar,2026-07-28,584,56,5363360.030000001,95774.28625000002,10,309661.58
Mobikwik,2026-07-28,299,24,1364168.0,56840.333333333336,8,378605.14
Tata Digital Private Ltd,2026-07-28,102,44,5490324.999999999,124780.11363636362,5,1209364.9200000002
Tata Digital Private Ltd,2023-04-21,1,0,0.0,0.0,0,
ET money,2026-07-29,215,49,4773974.579999999,97428.05265306121,15,1572038.9899999998
Paisa Bazaar,2026-07-29,589,50,5191495.210000001,103829.90420000002,10,516265.23
Paisa Bazaar,2022-01-28,1,0,0.0,0.0,0,
Mobikwik,2026-07-29,274,27,1085938.73,40219.95296296296,6,299398.08
Tata Digital Private Ltd,2026-07-29,103,59,4991384.56,84599.73830508474,8,362098.47000000003
ET money,2026-07-30,206,34,3754079.5699999994,110414.10499999998,9,677096.62
Paisa Bazaar,2026-07-30,632,58,4846930.2671,83567.76322586207,8,311693.88999999996
Mobikwik,2026-07-30,303,31,932118.4900000001,30068.338387096777,3,164983.80000000002
Tata Digital Private Ltd,2026-07-30,109,48,4296174.029999999,89503.62562499999,4,539113.9199999999
ET money,2026-07-31,222,54,6200427.561600001,114822.73262222223,23,2261120.2116
ET money,2023-05-09,1,0,0.0,0.0,0,
Paisa Bazaar,2026-07-31,608,59,8721900.31,147828.81881355934,1,99457.87
Paisa Bazaar,2025-02-19,1,0,0.0,0.0,0,
Mobikwik,2026-07-31,285,27,1404842.37,52031.198888888895,7,129790.42
Tata Digital Private Ltd,2026-07-31,91,56,4991413.73,89132.38803571429,5,81571.74999999999
ET money,2026-08-01,292,9,13669.0,1518.7777777777778,18,3393953.19
ET money,2022-10-01,1,0,0.0,0.0,0,
Paisa Bazaar,2026-08-01,946,8,8539.0,1067.375,14,520110.36
Paisa Bazaar,2024-04-12,1,0,0.0,0.0,0,
Paisa Bazaar,2023-11-17,1,0,0.0,0.0,0,
Paisa Bazaar,2022-05-14,1,0,0.0,0.0,0,
Mobikwik,2026-08-01,318,8,6720.0,840.0,9,196259.29
Tata Digital Private Ltd,2026-08-01,111,10,7078.0,707.8,11,539795.1799999999
ET money,2026-08-02,234,1,10000.0,10000.0,22,2957206.65
ET money,2023-09-30,1,0,0.0,0.0,0,
ET money,2021-03-16,1,0,0.0,0.0,0,
Paisa Bazaar,2026-08-02,761,0,0.0,0.0,0,
Paisa Bazaar,2024-01-13,1,0,0.0,0.0,0,
Mobikwik,2026-08-02,363,0,0.0,0.0,0,
Tata Digital Private Ltd,2026-08-02,137,0,0.0,0.0,0,
ET money,2026-08-03,285,168,24360433.5816,145002.58084285713,18,2607870.7299999995
ET money,2021-03-12,1,0,0.0,0.0,0,
Paisa Bazaar,2026-08-03,749,155,17619231.14,113672.45896774194,10,1122852.88
Mobikwik,2026-08-03,302,127,9358778.04,73691.16566929134,6,267535.29
Mobikwik,2022-12-13,1,0,0.0,0.0,0,
Tata Digital Private Ltd,2026-08-03,159,156,16348885.130000003,104800.54570512823,4,488970.17000000004
ET money,2026-08-04,68,32,4421582.250000001,138174.44531250003,4,749202.29
ET money,2024-07-24,1,0,0.0,0.0,0,
ET money,2020-11-24,1,0,0.0,0.0,0,
Paisa Bazaar,2026-08-04,136,43,3413513.5,79384.03488372093,2,109393.6
Paisa Bazaar,2022-09-30,1,0,0.0,0.0,0,
Mobikwik,2026-08-04,76,30,1292251.4899999998,43075.04966666666,2,3991.81
Tata Digital Private Ltd,2026-08-04,32,42,4980924.659999999,118593.44428571427,1,97.18
Tata Digital Private Ltd,2024-06-20,1,0,0.0,0.0,0,
