user_id,timestamp,asset_id,product_category
2182600,2026-09-25T09:18:39.023+05:30,2867,Corporate Bonds
137045,2026-09-25T07:42:21.387+05:30,2895,Corporate Bonds
2195367,2026-09-28T19:45:10.84+05:30,2955,Corporate Bonds
2079196,2026-09-26T19:15:59.426+05:30,2907,Corporate Bonds
1435021,2026-09-27T00:49:31.874+05:30,2751,Corporate Bonds
1247380,2026-09-25T10:28:33.695+05:30,2769,Corporate Bonds
165799,2026-09-24T19:42:09.381+05:30,3014,Corporate Bonds
1311505,2026-09-28T05:57:17.387+05:30,2872,Corporate Bonds
2199770,2026-09-24T12:53:14.288+05:30,2956,Corporate Bonds
1265103,2026-09-25T19:20:09.876+05:30,2964,Corporate Bonds
1780501,2026-09-25T11:38:25.494+05:30,2918,Corporate Bonds
2163924,2026-09-27T12:11:53.753+05:30,2812,Corporate Bonds
2116215,2026-09-25T19:22:21.623+05:30,2952,Corporate Bonds
1520978,2026-09-27T01:20:02.797+05:30,3014,Corporate Bonds
2217025,2026-09-27T20:27:45.793+05:30,2850,Corporate Bonds
1173950,2026-09-27T22:20:53.827+05:30,2955,Corporate Bonds
720817,2026-09-25T13:39:01.32+05:30,2872,Corporate Bonds
2201348,2026-09-25T11:29:11.962+05:30,2941,Corporate Bonds
909572,2026-09-24T12:10:21.652+05:30,3014,Corporate Bonds
1940872,2026-09-25T16:54:35.924+05:30,2895,Corporate Bonds
2116215,2026-09-25T19:22:14.974+05:30,2952,Corporate Bonds
1536044,2026-09-27T23:42:26.976+05:30,2887,Corporate Bonds
727783,2026-09-25T22:35:49.173+05:30,2931,Corporate Bonds
1351152,2026-09-26T11:05:39.821+05:30,2982,Corporate Bonds
2208991,2026-09-25T13:03:32.692+05:30,1873,Corporate Bonds
1824823,2026-09-24T05:27:09.46+05:30,2982,Corporate Bonds
1845253,2026-09-27T08:22:12.287+05:30,2951,Corporate Bonds
1534298,2026-09-26T15:04:32.029+05:30,2840,Corporate Bonds
1396126,2026-09-25T23:52:15.704+05:30,2867,Corporate Bonds
1192394,2026-09-27T01:37:41.612+05:30,2942,Securitized Debt Instruments
2219551,2026-09-27T20:20:40.308+05:30,2729,Mutual Funds
2116215,2026-09-28T13:24:30.744+05:30,2941,Corporate Bonds
1171664,2026-09-25T22:06:55.346+05:30,2881,Corporate Bonds
1043797,2026-09-24T10:01:48.314+05:30,2643,Securitized Debt Instruments
1799187,2026-09-27T18:01:18.521+05:30,2955,Corporate Bonds
98689,2026-09-27T13:36:16.819+05:30,2751,Corporate Bonds
2063736,2026-09-27T18:54:08.337+05:30,2941,Corporate Bonds
2116215,2026-09-25T19:22:21.206+05:30,2952,Corporate Bonds
1959023,2026-09-24T18:18:32.591+05:30,2942,Securitized Debt Instruments
972274,2026-09-28T20:04:06.87+05:30,2872,Corporate Bonds
1120802,2026-09-26T20:42:37.853+05:30,2867,Corporate Bonds
1676210,2026-09-27T19:19:43.211+05:30,2953,Corporate Bonds
2170031,2026-09-27T12:45:57.623+05:30,2858,Corporate Bonds
1667641,2026-09-27T15:46:58.261+05:30,2942,Securitized Debt Instruments
847610,2026-09-24T21:47:25.848+05:30,2873,XCase
2187621,2026-09-26T23:51:16.046+05:30,1873,Corporate Bonds
1973073,2026-09-25T13:45:41.406+05:30,1292,High Yield FDs
1630696,2026-09-28T14:14:19.382+05:30,3024,Corporate Bonds
1766488,2026-09-24T15:13:22.963+05:30,2982,Corporate Bonds
1936679,2026-09-24T13:49:05.635+05:30,3014,Corporate Bonds
2111125,2026-09-24T20:18:16.401+05:30,3014,Corporate Bonds
2214532,2026-09-25T20:41:34.262+05:30,2940,Corporate Bonds
1605323,2026-09-25T14:18:46.838+05:30,1095,High Yield FDs
2220466,2026-09-28T14:15:03.665+05:30,2907,Corporate Bonds
2117858,2026-09-27T15:02:19.679+05:30,2781,Corporate Bonds
2219159,2026-09-26T16:19:09.81+05:30,2941,Corporate Bonds
2047723,2026-09-25T13:34:29.329+05:30,2942,Securitized Debt Instruments
2209542,2026-09-25T10:24:21.721+05:30,3006,Corporate Bonds
1889687,2026-09-25T11:54:31.977+05:30,2883,Corporate Bonds
2217482,2026-09-25T12:54:34.308+05:30,2908,Corporate Bonds
880004,2026-09-25T19:07:09.198+05:30,2858,Corporate Bonds
1825727,2026-09-25T10:20:32.706+05:30,2942,Securitized Debt Instruments
2154687,2026-09-24T13:39:31.694+05:30,2955,Corporate Bonds
65582,2026-09-24T19:07:39.918+05:30,2907,Corporate Bonds
734456,2026-09-24T10:54:09.5+05:30,2873,XCase
72207,2026-09-24T13:41:12.467+05:30,2942,Securitized Debt Instruments
631958,2026-09-27T11:37:31.905+05:30,2981,Corporate Bonds
932325,2026-09-28T19:09:45.218+05:30,1292,High Yield FDs
2211621,2026-09-25T13:08:12.586+05:30,2781,Corporate Bonds
1704922,2026-09-28T10:55:28.534+05:30,2964,Corporate Bonds
2208666,2026-09-27T15:50:53.719+05:30,2873,XCase
1634939,2026-09-25T19:01:06.166+05:30,2954,Corporate Bonds
1673237,2026-09-25T15:40:30.981+05:30,2883,Corporate Bonds
1863622,2026-09-28T11:19:52.001+05:30,2751,Corporate Bonds
2101557,2026-09-25T13:53:14.163+05:30,2997,Corporate Bonds
1981480,2026-09-26T08:38:44.475+05:30,2951,Corporate Bonds
2209495,2026-09-26T00:05:05.073+05:30,3006,Corporate Bonds
219882,2026-09-26T01:15:12.911+05:30,2932,Corporate Bonds
2217136,2026-09-27T07:16:24.192+05:30,2956,Corporate Bonds
798299,2026-09-27T18:38:06.823+05:30,2942,Securitized Debt Instruments
2203777,2026-09-24T00:20:22.059+05:30,2873,XCase
576736,2026-09-26T10:48:03.051+05:30,2867,Corporate Bonds
1923617,2026-09-28T21:40:36.144+05:30,3014,Corporate Bonds
2206919,2026-09-24T17:37:11.36+05:30,2890,Corporate Bonds
1177042,2026-09-25T15:26:03.763+05:30,2867,Corporate Bonds
1817207,2026-09-27T17:57:31.82+05:30,2907,Corporate Bonds
2116215,2026-09-25T19:22:16.534+05:30,2952,Corporate Bonds
2043925,2026-09-26T11:14:02.243+05:30,1095,High Yield FDs
1744221,2026-09-24T23:02:32.53+05:30,2643,Securitized Debt Instruments
894828,2026-09-26T08:57:13.796+05:30,1873,Corporate Bonds
778666,2026-09-24T17:03:22.034+05:30,2981,Corporate Bonds
1237414,2026-09-24T19:18:09.647+05:30,2849,Corporate Bonds
2116215,2026-09-25T19:22:19.536+05:30,2952,Corporate Bonds
2211499,2026-09-24T09:12:42.957+05:30,2982,Corporate Bonds
1980334,2026-09-27T19:48:52.993+05:30,1239,High Yield FDs
2217870,2026-09-25T17:48:58.819+05:30,2781,Corporate Bonds
584056,2026-09-25T15:28:00.857+05:30,2872,Corporate Bonds
2123825,2026-09-26T15:06:34.523+05:30,2849,Corporate Bonds
2217683,2026-09-25T14:55:26.479+05:30,2918,Corporate Bonds
1699203,2026-09-26T22:05:23.323+05:30,2964,Corporate Bonds
1041782,2026-09-26T12:55:42.168+05:30,2942,Securitized Debt Instruments
1837071,2026-09-24T12:17:34.417+05:30,2881,Corporate Bonds
1633729,2026-09-25T11:19:27.377+05:30,1873,Corporate Bonds
2045528,2026-09-24T11:08:47.147+05:30,3014,Corporate Bonds
679806,2026-09-26T02:43:53.854+05:30,2955,Corporate Bonds
2047723,2026-09-25T14:03:17.175+05:30,2942,Securitized Debt Instruments
1721132,2026-09-24T20:40:08.97+05:30,2867,Corporate Bonds
2143033,2026-09-26T11:37:47.542+05:30,2937,Corporate Bonds
1065564,2026-09-24T09:52:39.749+05:30,2832,Corporate Bonds
2217478,2026-09-26T14:17:22.897+05:30,1239,High Yield FDs
1670297,2026-09-28T12:24:47.764+05:30,2964,Corporate Bonds
1061689,2026-09-24T11:52:56.293+05:30,2955,Corporate Bonds
787154,2026-09-27T17:50:33.39+05:30,2794,Corporate Bonds
956373,2026-09-28T15:52:29.028+05:30,3014,Corporate Bonds
2161391,2026-09-26T14:49:37.993+05:30,3006,Corporate Bonds
1049567,2026-09-24T13:09:13.257+05:30,3014,Corporate Bonds
421948,2026-09-26T10:01:04.494+05:30,2794,Corporate Bonds
1736569,2026-09-26T15:58:10.692+05:30,2982,Corporate Bonds
1763710,2026-09-25T13:55:42.17+05:30,1873,Corporate Bonds
2219008,2026-09-26T15:03:02.848+05:30,2982,Corporate Bonds
731162,2026-09-25T16:14:06.212+05:30,2997,Corporate Bonds
2220316,2026-09-27T14:59:46.779+05:30,2911,Mutual Funds
1430448,2026-09-25T10:06:07.555+05:30,2883,Corporate Bonds
76140,2026-09-26T21:33:50.591+05:30,2883,Corporate Bonds
1849493,2026-09-28T22:52:18.144+05:30,2955,Corporate Bonds
2215702,2026-09-27T22:14:26.236+05:30,3025,Corporate Bonds
94667,2026-09-27T16:17:26.457+05:30,2930,Corporate Bonds
2205241,2026-09-25T13:29:36.174+05:30,2881,Corporate Bonds
1719670,2026-09-24T23:09:39.308+05:30,2941,Corporate Bonds
1081874,2026-09-27T12:56:57.43+05:30,2900,Corporate Bonds
2188910,2026-09-27T23:06:35.366+05:30,2955,Corporate Bonds
1071706,2026-09-24T16:53:08.749+05:30,3014,Corporate Bonds
2066438,2026-09-27T06:14:03.824+05:30,2883,Corporate Bonds
2176033,2026-09-25T14:11:16.732+05:30,2981,Corporate Bonds
2114009,2026-09-25T20:27:52.959+05:30,1095,High Yield FDs
2108443,2026-09-26T16:20:06.854+05:30,3014,Corporate Bonds
2219254,2026-09-26T23:38:29.197+05:30,2729,Mutual Funds
685955,2026-09-28T14:55:59.7+05:30,2883,Corporate Bonds
521775,2026-09-25T12:48:05.712+05:30,2964,Corporate Bonds
1726655,2026-09-26T22:03:01.2+05:30,2941,Corporate Bonds
2152361,2026-09-26T16:46:55.548+05:30,1292,High Yield FDs
829183,2026-09-25T10:17:41.948+05:30,2918,Corporate Bonds
1627673,2026-09-24T22:04:31.796+05:30,3014,Corporate Bonds
2211283,2026-09-28T13:39:57.85+05:30,2856,Corporate Bonds
2156039,2026-09-28T10:50:44.68+05:30,2850,Corporate Bonds
1838566,2026-09-25T01:05:38.876+05:30,2872,Corporate Bonds
2171564,2026-09-28T18:35:07.727+05:30,3025,Corporate Bonds
2195850,2026-09-24T09:38:59.992+05:30,2895,Corporate Bonds
1241851,2026-09-26T09:58:14.14+05:30,2982,Corporate Bonds
1399738,2026-09-24T18:46:04.635+05:30,2812,Corporate Bonds
1042548,2026-09-24T16:46:12.534+05:30,2902,Corporate Bonds
2025733,2026-09-26T12:09:18.38+05:30,2867,Corporate Bonds
1602988,2026-09-25T21:42:48.384+05:30,3014,Corporate Bonds
2191727,2026-09-28T19:20:17.541+05:30,2911,Mutual Funds
2180215,2026-09-24T10:28:53.744+05:30,1873,Corporate Bonds
388037,2026-09-24T16:49:54.268+05:30,2883,Corporate Bonds
2170690,2026-09-28T16:56:20.994+05:30,2412,Corporate Bonds
1171664,2026-09-25T22:27:46.163+05:30,2918,Corporate Bonds
2217788,2026-09-25T16:31:09.717+05:30,3006,Corporate Bonds
2217509,2026-09-25T15:18:13.237+05:30,2941,Corporate Bonds
318328,2026-09-27T07:33:41.105+05:30,3014,Corporate Bonds
2221661,2026-09-28T15:15:29.163+05:30,2887,Corporate Bonds
809825,2026-09-26T07:32:15.689+05:30,2875,Corporate Bonds
173285,2026-09-28T23:45:16.398+05:30,3014,Corporate Bonds
2219652,2026-09-27T16:21:04.768+05:30,2902,Corporate Bonds
2216602,2026-09-27T17:52:55.837+05:30,2812,Corporate Bonds
1867156,2026-09-26T17:43:32.772+05:30,2964,Corporate Bonds
1243866,2026-09-24T09:56:16.171+05:30,2909,Corporate Bonds
1719670,2026-09-25T14:38:42.947+05:30,2964,Corporate Bonds
2118080,2026-09-25T15:57:11.599+05:30,2951,Corporate Bonds
1696199,2026-09-28T11:53:14.55+05:30,2879,Corporate Bonds
352,2026-09-25T10:28:21.368+05:30,2942,Securitized Debt Instruments
2209542,2026-09-28T13:23:13.676+05:30,2954,Corporate Bonds
1634452,2026-09-25T08:03:15.988+05:30,2643,Securitized Debt Instruments
1299818,2026-09-24T22:51:42.043+05:30,2782,Corporate Bonds
1583830,2026-09-27T19:28:20.762+05:30,2883,Corporate Bonds
506510,2026-09-25T12:05:34.761+05:30,2873,XCase
1118952,2026-09-27T14:50:03.406+05:30,2900,Corporate Bonds
1442040,2026-09-26T13:59:00.273+05:30,3014,Corporate Bonds
2190735,2026-09-25T18:31:22.754+05:30,2940,Corporate Bonds
2217220,2026-09-25T09:46:26.845+05:30,2942,Securitized Debt Instruments
944593,2026-09-25T00:00:17.462+05:30,2918,Corporate Bonds
1511455,2026-09-28T13:05:42.961+05:30,2881,Corporate Bonds
1962563,2026-09-27T12:22:06.595+05:30,1239,High Yield FDs
1712824,2026-09-24T16:23:27.793+05:30,3014,Corporate Bonds
1405296,2026-09-25T07:47:42.67+05:30,2872,Corporate Bonds
1633729,2026-09-25T12:45:38.403+05:30,1873,Corporate Bonds
1316989,2026-09-24T17:53:04.034+05:30,3014,Corporate Bonds
2207582,2026-09-25T12:55:55.26+05:30,1873,Corporate Bonds
1066037,2026-09-27T11:48:01.471+05:30,2950,Corporate Bonds
1398634,2026-09-25T19:35:11.653+05:30,2955,Corporate Bonds
1532149,2026-09-26T23:51:22.852+05:30,2964,Corporate Bonds
937680,2026-09-28T19:27:17.003+05:30,2941,Corporate Bonds
322711,2026-09-28T17:26:20.734+05:30,2729,Mutual Funds
2170690,2026-09-28T16:58:14.289+05:30,2412,Corporate Bonds
1950224,2026-09-28T22:58:59.834+05:30,2955,Corporate Bonds
2181544,2026-09-25T09:33:32.425+05:30,1873,Corporate Bonds
1848382,2026-09-27T13:37:58.4+05:30,2952,Corporate Bonds
847610,2026-09-24T21:38:50.928+05:30,3014,Corporate Bonds
2107527,2026-09-24T17:53:41.881+05:30,2902,Corporate Bonds
2116215,2026-09-25T19:22:15.906+05:30,2952,Corporate Bonds
2215864,2026-09-24T11:09:21.89+05:30,2982,Corporate Bonds
860322,2026-09-24T23:31:27.858+05:30,3006,Corporate Bonds
2030922,2026-09-24T17:42:50.153+05:30,2858,Corporate Bonds
2116215,2026-09-25T19:22:18.066+05:30,2952,Corporate Bonds
1219678,2026-09-26T11:26:35.172+05:30,2883,Corporate Bonds
2213999,2026-09-25T13:57:01.97+05:30,3014,Corporate Bonds
870272,2026-09-25T13:18:28.592+05:30,3014,Corporate Bonds
920192,2026-09-25T14:25:09.807+05:30,2506,Corporate Bonds
972670,2026-09-28T19:44:32.648+05:30,2335,Corporate Bonds
1597258,2026-09-25T13:16:53.215+05:30,1873,Corporate Bonds
1664313,2026-09-26T20:53:46.92+05:30,2942,Securitized Debt Instruments
575599,2026-09-25T12:31:30.685+05:30,2941,Corporate Bonds
2218500,2026-09-26T08:34:30.922+05:30,2941,Corporate Bonds
1057448,2026-09-25T22:26:16.405+05:30,2930,Corporate Bonds
2194484,2026-09-24T22:27:58.682+05:30,2942,Securitized Debt Instruments
2201253,2026-09-28T12:24:34.35+05:30,2769,Corporate Bonds
2220097,2026-09-27T12:13:50.186+05:30,2964,Corporate Bonds
2216602,2026-09-27T17:54:22.852+05:30,2812,Corporate Bonds
1446363,2026-09-24T11:43:29.927+05:30,2751,Corporate Bonds
2217188,2026-09-25T09:59:41.22+05:30,2757,Corporate Bonds
2216187,2026-09-24T14:57:17.952+05:30,2074,Mutual Funds
671109,2026-09-26T16:34:44.695+05:30,2643,Securitized Debt Instruments
2221057,2026-09-28T03:42:34.01+05:30,2941,Corporate Bonds
2213999,2026-09-24T10:23:38.159+05:30,3014,Corporate Bonds
2154687,2026-09-24T13:34:18.872+05:30,2867,Corporate Bonds
2206679,2026-09-24T15:58:41.024+05:30,2874,Corporate Bonds
2215702,2026-09-24T07:26:05.671+05:30,3006,Corporate Bonds
2064768,2026-09-25T20:05:17.409+05:30,2955,Corporate Bonds
2061803,2026-09-27T13:27:41.409+05:30,3014,Corporate Bonds
2085243,2026-09-25T12:17:02.319+05:30,2895,Corporate Bonds
99386,2026-09-24T07:04:31.984+05:30,2868,Corporate Bonds
2102210,2026-09-28T11:19:48.674+05:30,2873,XCase
1393530,2026-09-26T21:37:51.357+05:30,2964,Corporate Bonds
2198109,2026-09-26T10:40:54.562+05:30,2930,Corporate Bonds
1625910,2026-09-27T10:06:59.254+05:30,2969,XCase
2215315,2026-09-24T08:00:22.656+05:30,2982,Corporate Bonds
1858261,2026-09-24T20:32:31.827+05:30,2873,XCase
1829303,2026-09-26T15:07:19.756+05:30,2982,Corporate Bonds
65582,2026-09-24T16:04:10.993+05:30,2751,Corporate Bonds
2105455,2026-09-28T21:15:19.304+05:30,2874,Corporate Bonds
2140404,2026-09-28T11:07:49.268+05:30,3024,Corporate Bonds
2171622,2026-09-25T19:56:52.823+05:30,2952,Corporate Bonds
2068671,2026-09-28T16:09:22.323+05:30,2922,Corporate Bonds
1169084,2026-09-24T13:12:57.567+05:30,2858,Corporate Bonds
2199822,2026-09-27T13:30:06.647+05:30,2412,Corporate Bonds
593079,2026-09-24T17:14:30.429+05:30,2881,Corporate Bonds
2116215,2026-09-25T19:22:20.416+05:30,2952,Corporate Bonds
2090528,2026-09-28T17:49:51.502+05:30,2955,Corporate Bonds
2219295,2026-09-26T18:36:19.673+05:30,2850,Corporate Bonds
2053457,2026-09-26T16:16:07.28+05:30,2769,Corporate Bonds
500825,2026-09-24T13:34:40.932+05:30,3014,Corporate Bonds
1049567,2026-09-24T13:08:27.349+05:30,3014,Corporate Bonds
2219176,2026-09-28T12:58:39.243+05:30,2895,Corporate Bonds
1623673,2026-09-27T06:25:30.787+05:30,1239,High Yield FDs
2199822,2026-09-27T13:26:54.138+05:30,2930,Corporate Bonds
876512,2026-09-27T19:22:28.118+05:30,2930,Corporate Bonds
1536044,2026-09-27T23:45:44.399+05:30,3025,Corporate Bonds
2216835,2026-09-24T23:09:42.122+05:30,2875,Corporate Bonds
2217423,2026-09-25T13:07:13.453+05:30,2918,Corporate Bonds
1162075,2026-09-27T22:26:43.867+05:30,2794,Corporate Bonds
786973,2026-09-28T11:40:32.966+05:30,2874,Corporate Bonds
1289640,2026-09-24T10:59:51.519+05:30,2794,Corporate Bonds
2193399,2026-09-28T10:34:59.479+05:30,1095,High Yield FDs
1701346,2026-09-28T19:56:00.853+05:30,2895,Corporate Bonds
2221169,2026-09-28T14:47:36.584+05:30,2941,Corporate Bonds
2116215,2026-09-28T13:24:26.395+05:30,2941,Corporate Bonds
2033369,2026-09-24T20:46:38.836+05:30,2643,Securitized Debt Instruments
343308,2026-09-27T00:15:31.879+05:30,2922,Corporate Bonds
1071134,2026-09-24T23:39:29.149+05:30,2873,XCase
2152361,2026-09-26T16:50:17.584+05:30,1292,High Yield FDs
1391313,2026-09-25T18:26:21.858+05:30,2942,Securitized Debt Instruments
25036,2026-09-28T22:42:02.937+05:30,2849,Corporate Bonds
2109276,2026-09-26T11:03:10.235+05:30,2982,Corporate Bonds
1685214,2026-09-27T11:23:35.437+05:30,2953,Corporate Bonds
2215315,2026-09-24T08:12:29.797+05:30,2781,Corporate Bonds
1049595,2026-09-24T11:20:26.849+05:30,3014,Corporate Bonds
1735698,2026-09-27T02:46:40.188+05:30,2751,Corporate Bonds
1021633,2026-09-27T11:06:01.632+05:30,2902,Corporate Bonds
2199770,2026-09-24T11:59:32.769+05:30,3014,Corporate Bonds
821138,2026-09-27T08:37:29.996+05:30,2643,Securitized Debt Instruments
2205820,2026-09-26T11:02:52.115+05:30,2867,Corporate Bonds
742472,2026-09-28T10:33:11.699+05:30,2883,Corporate Bonds
576736,2026-09-26T10:53:39.84+05:30,2867,Corporate Bonds
831659,2026-09-25T17:10:47.994+05:30,2867,Corporate Bonds
845608,2026-09-26T16:38:02.425+05:30,2778,Corporate Bonds
1936428,2026-09-27T13:06:51.565+05:30,1292,High Yield FDs
1359227,2026-09-28T14:08:50.433+05:30,2883,Corporate Bonds
2206106,2026-09-26T18:06:25.119+05:30,2941,Corporate Bonds
1634452,2026-09-25T07:58:34.064+05:30,2643,Securitized Debt Instruments
2218790,2026-09-26T12:47:35.458+05:30,2781,Corporate Bonds
1391306,2026-09-25T14:25:18.671+05:30,2942,Securitized Debt Instruments
2221397,2026-09-28T10:57:18.354+05:30,2794,Corporate Bonds
1196784,2026-09-25T12:32:43.296+05:30,2938,Corporate Bonds
1504372,2026-09-28T05:25:24.506+05:30,1873,Corporate Bonds
2221014,2026-09-28T15:44:20.3+05:30,2982,Corporate Bonds
2071481,2026-09-24T21:04:47.618+05:30,2872,Corporate Bonds
103320,2026-09-26T17:03:11.527+05:30,2964,Corporate Bonds
1028790,2026-09-25T11:36:05.534+05:30,2751,Corporate Bonds
2164564,2026-09-26T14:43:21.845+05:30,2992,Corporate Bonds
1450883,2026-09-24T18:53:33.327+05:30,2850,Corporate Bonds
,2026-09-25T23:41:01.604+05:30,3014,Corporate Bonds
319454,2026-09-25T09:35:33.099+05:30,2872,Corporate Bonds
2217478,2026-09-25T13:03:04.285+05:30,1239,High Yield FDs
2221441,2026-09-28T11:33:38.664+05:30,2850,Corporate Bonds
908507,2026-09-25T10:32:10.459+05:30,2812,Corporate Bonds
2034208,2026-09-26T10:06:52.756+05:30,2867,Corporate Bonds
654777,2026-09-25T12:32:49.823+05:30,1873,Corporate Bonds
1932057,2026-09-25T12:50:41.981+05:30,2932,Corporate Bonds
738572,2026-09-28T13:53:22.862+05:30,2964,Corporate Bonds
1800559,2026-09-24T15:34:58.599+05:30,1873,Corporate Bonds
725358,2026-09-25T09:21:41.559+05:30,2843,Corporate Bonds
1475766,2026-09-24T16:44:09.794+05:30,2942,Securitized Debt Instruments
386328,2026-09-24T14:36:17.605+05:30,1873,Corporate Bonds
2216136,2026-09-25T04:19:46.594+05:30,2872,Corporate Bonds
2191286,2026-09-25T13:31:31.883+05:30,2880,Corporate Bonds
1042695,2026-09-28T19:52:43.337+05:30,2955,Corporate Bonds
2143505,2026-09-26T15:16:55.571+05:30,2751,Corporate Bonds
2219150,2026-09-26T16:14:20.245+05:30,2982,Corporate Bonds
2128509,2026-09-28T22:12:13.294+05:30,3014,Corporate Bonds
1973073,2026-09-25T13:52:03.97+05:30,1239,High Yield FDs
553178,2026-09-28T10:56:09.925+05:30,2964,Corporate Bonds
559201,2026-09-28T18:40:35.279+05:30,3014,Corporate Bonds
776677,2026-09-26T22:47:49.446+05:30,3014,Corporate Bonds
2082788,2026-09-24T23:45:25.172+05:30,2781,Corporate Bonds
2158880,2026-09-24T20:28:53.667+05:30,2895,Corporate Bonds
2184413,2026-09-24T10:56:02.339+05:30,2899,Mutual Funds
6517,2026-09-26T10:14:08.281+05:30,2794,Corporate Bonds
1707541,2026-09-28T10:45:52.283+05:30,1873,Corporate Bonds
2205156,2026-09-26T07:33:04.917+05:30,2952,Corporate Bonds
1417606,2026-09-27T12:58:25.677+05:30,2942,Securitized Debt Instruments
1815430,2026-09-25T15:27:24.428+05:30,2729,Mutual Funds
2204137,2026-09-28T10:33:43.032+05:30,2867,Corporate Bonds
2221484,2026-09-28T12:00:19.484+05:30,2906,Corporate Bonds
1077009,2026-09-25T13:13:57.996+05:30,2874,Corporate Bonds
1664313,2026-09-26T20:53:22.374+05:30,2942,Securitized Debt Instruments
336237,2026-09-24T15:39:35.798+05:30,2881,Corporate Bonds
2187416,2026-09-24T08:21:00.246+05:30,2751,Corporate Bonds
2051713,2026-09-27T11:18:59.238+05:30,2867,Corporate Bonds
672693,2026-09-27T00:02:29.435+05:30,2867,Corporate Bonds
2193809,2026-09-24T21:09:59.451+05:30,2906,Corporate Bonds
2045528,2026-09-24T11:34:52.604+05:30,3014,Corporate Bonds
2208930,2026-09-28T14:22:26.036+05:30,2922,Corporate Bonds
1604210,2026-09-28T18:28:39.83+05:30,2872,Corporate Bonds
2122519,2026-09-24T09:46:38.951+05:30,2895,Corporate Bonds
1174402,2026-09-25T07:08:36.922+05:30,2812,Corporate Bonds
2085243,2026-09-28T16:45:42.148+05:30,2407,Corporate Bonds
1767433,2026-09-27T02:00:06.161+05:30,1239,High Yield FDs
2217842,2026-09-25T17:46:21.255+05:30,2874,Corporate Bonds
1912122,2026-09-24T18:08:33.82+05:30,1873,Corporate Bonds
2145420,2026-09-27T14:10:38.871+05:30,1292,High Yield FDs
1554748,2026-09-26T11:15:36.316+05:30,2752,Corporate Bonds
145076,2026-09-26T11:11:53.64+05:30,2941,Corporate Bonds
672905,2026-09-28T10:00:23.487+05:30,2964,Corporate Bonds
1695174,2026-09-26T06:59:31.032+05:30,2751,Corporate Bonds
2216573,2026-09-24T20:50:37.667+05:30,3014,Corporate Bonds
2110279,2026-09-24T18:12:22.223+05:30,2850,Corporate Bonds
93406,2026-09-27T21:57:25.563+05:30,2769,Corporate Bonds
1962015,2026-09-26T19:02:09.215+05:30,2872,Corporate Bonds
2221626,2026-09-28T21:13:41.586+05:30,3023,Corporate Bonds
1978998,2026-09-26T23:09:53.631+05:30,2895,Corporate Bonds
1515411,2026-09-24T11:37:27.421+05:30,2981,Corporate Bonds
2195823,2026-09-26T12:32:02.567+05:30,2931,Corporate Bonds
2152361,2026-09-26T17:21:33.417+05:30,1239,High Yield FDs
165799,2026-09-24T19:40:14.57+05:30,3014,Corporate Bonds
1917344,2026-09-24T21:06:25.489+05:30,2822,XCase
2219737,2026-09-27T19:01:22.957+05:30,2751,Corporate Bonds
2170031,2026-09-25T09:51:19.271+05:30,2867,Corporate Bonds
2200984,2026-09-28T20:24:25.839+05:30,2643,Securitized Debt Instruments
2113932,2026-09-28T10:42:40.199+05:30,2895,Corporate Bonds
529623,2026-09-24T17:51:12.745+05:30,3014,Corporate Bonds
2201530,2026-09-28T12:27:46.471+05:30,3014,Corporate Bonds
1918344,2026-09-24T08:57:57.561+05:30,2887,Corporate Bonds
712455,2026-09-28T09:25:19.549+05:30,2856,Corporate Bonds
2219176,2026-09-27T21:17:49.784+05:30,2895,Corporate Bonds
1797339,2026-09-28T08:55:12.514+05:30,2881,Corporate Bonds
1118772,2026-09-27T11:44:30.264+05:30,2812,Corporate Bonds
2218980,2026-09-26T19:33:32.355+05:30,2907,Corporate Bonds
2107391,2026-09-27T09:39:56.708+05:30,2902,Corporate Bonds
1405296,2026-09-24T14:08:29.244+05:30,3014,Corporate Bonds
726813,2026-09-24T17:27:40.788+05:30,1292,High Yield FDs
2133104,2026-09-27T15:00:19.284+05:30,2074,Mutual Funds
723817,2026-09-25T10:25:07.822+05:30,2955,Corporate Bonds
2219652,2026-09-27T00:27:36.046+05:30,2856,Corporate Bonds
1863388,2026-09-27T13:49:16.545+05:30,2942,Securitized Debt Instruments
2121223,2026-09-28T19:58:54.653+05:30,2849,Corporate Bonds
1957088,2026-09-28T17:52:05.194+05:30,2643,Securitized Debt Instruments
2198894,2026-09-24T16:40:54.759+05:30,2643,Securitized Debt Instruments
858527,2026-09-24T07:15:08.702+05:30,2940,Corporate Bonds
1843692,2026-09-28T20:23:53.497+05:30,2955,Corporate Bonds
2099901,2026-09-25T13:17:57.622+05:30,2794,Corporate Bonds
2189727,2026-09-28T19:16:18.406+05:30,2887,Corporate Bonds
1948967,2026-09-24T14:38:53.335+05:30,3014,Corporate Bonds
1948827,2026-09-26T17:57:00.285+05:30,2883,Corporate Bonds
2212025,2026-09-26T12:13:10.191+05:30,2982,Corporate Bonds
1829303,2026-09-24T21:25:00.519+05:30,2850,Corporate Bonds
2174057,2026-09-25T10:56:37.667+05:30,2997,Corporate Bonds
2156512,2026-09-25T22:17:26.765+05:30,2881,Corporate Bonds
2088578,2026-09-28T11:29:16.296+05:30,2643,Securitized Debt Instruments
2214747,2026-09-24T17:00:35+05:30,2982,Corporate Bonds
1273682,2026-09-25T15:56:57.31+05:30,2895,Corporate Bonds
1713325,2026-09-28T17:49:49.634+05:30,2880,Corporate Bonds
1701346,2026-09-25T10:33:14.14+05:30,2981,Corporate Bonds
1726673,2026-09-25T17:10:55.415+05:30,2982,Corporate Bonds
2207919,2026-09-24T23:28:04.826+05:30,2867,Corporate Bonds
1616652,2026-09-27T02:46:49.165+05:30,2794,Corporate Bonds
2216985,2026-09-25T02:48:18.471+05:30,2899,Mutual Funds
793342,2026-09-27T18:15:08.934+05:30,2902,Corporate Bonds
1677764,2026-09-26T09:04:30.787+05:30,2942,Securitized Debt Instruments
2202666,2026-09-24T21:35:13.774+05:30,2872,Corporate Bonds
2140404,2026-09-28T11:02:30.825+05:30,3024,Corporate Bonds
1355941,2026-09-28T18:21:42.253+05:30,2881,Corporate Bonds
1771184,2026-09-26T22:02:50.232+05:30,2867,Corporate Bonds
2160403,2026-09-25T14:47:34.288+05:30,2771,Corporate Bonds
198115,2026-09-24T00:23:42.373+05:30,2895,Corporate Bonds
2107391,2026-09-27T09:51:08.571+05:30,2902,Corporate Bonds
965844,2026-09-28T16:14:56.39+05:30,2932,Corporate Bonds
519449,2026-09-25T09:55:17.063+05:30,2982,Corporate Bonds
1420931,2026-09-25T07:51:34.701+05:30,2858,Corporate Bonds
1764283,2026-09-25T14:16:37.972+05:30,2955,Corporate Bonds
1042695,2026-09-28T19:48:37.906+05:30,3014,Corporate Bonds
322711,2026-09-28T17:28:13.543+05:30,2729,Mutual Funds
2215970,2026-09-24T11:51:27.245+05:30,2911,Mutual Funds
2195068,2026-09-28T11:47:17.541+05:30,2729,Mutual Funds
1191654,2026-09-24T15:40:09.341+05:30,2867,Corporate Bonds
1118772,2026-09-27T11:43:47.473+05:30,2506,Corporate Bonds
1061140,2026-09-26T09:18:04.32+05:30,2860,Corporate Bonds
1912788,2026-09-27T14:10:18.951+05:30,2942,Securitized Debt Instruments
1437268,2026-09-24T14:52:09.15+05:30,2881,Corporate Bonds
2164564,2026-09-28T20:42:37.123+05:30,2992,Corporate Bonds
2219932,2026-09-27T11:54:38.776+05:30,1292,High Yield FDs
299540,2026-09-26T20:00:48.64+05:30,3014,Corporate Bonds
,2026-09-28T18:55:38.861+05:30,2850,Corporate Bonds
1187796,2026-09-25T14:45:39.578+05:30,1239,High Yield FDs
2185000,2026-09-25T16:33:01.768+05:30,3014,Corporate Bonds
878936,2026-09-28T11:55:49.654+05:30,2883,Corporate Bonds
510191,2026-09-24T10:32:47.301+05:30,2918,Corporate Bonds
655446,2026-09-26T22:13:25.097+05:30,2856,Corporate Bonds
1435021,2026-09-27T00:51:24.914+05:30,2751,Corporate Bonds
1392863,2026-09-28T10:11:49.409+05:30,2964,Corporate Bonds
765886,2026-09-28T15:39:50.94+05:30,2856,Corporate Bonds
1981250,2026-09-28T12:16:28.838+05:30,2883,Corporate Bonds
1913035,2026-09-24T15:31:19.066+05:30,1873,Corporate Bonds
1696112,2026-09-28T17:10:35.09+05:30,2867,Corporate Bonds
1847515,2026-09-24T23:30:36.702+05:30,2899,Mutual Funds
1934578,2026-09-28T14:06:32.839+05:30,3024,Corporate Bonds
2140452,2026-09-28T09:25:26.937+05:30,3014,Corporate Bonds
1991216,2026-09-25T10:43:43.083+05:30,2895,Corporate Bonds
1580963,2026-09-26T15:17:43.401+05:30,2873,XCase
1013547,2026-09-26T03:42:11.042+05:30,2982,Corporate Bonds
2217572,2026-09-25T13:43:35.307+05:30,2982,Corporate Bonds
1726655,2026-09-27T23:10:16.333+05:30,3014,Corporate Bonds
951196,2026-09-27T21:39:02.219+05:30,2873,XCase
1181116,2026-09-27T09:28:44.063+05:30,2902,Corporate Bonds
1651535,2026-09-24T19:02:13.515+05:30,2942,Securitized Debt Instruments
1755221,2026-09-28T20:26:59.204+05:30,2407,Corporate Bonds
738423,2026-09-25T22:32:24.981+05:30,2867,Corporate Bonds
910494,2026-09-26T17:07:03.826+05:30,2964,Corporate Bonds
1293025,2026-09-25T21:23:15.868+05:30,2883,Corporate Bonds
1180375,2026-09-26T21:26:19.15+05:30,2881,Corporate Bonds
1817287,2026-09-28T19:48:04.749+05:30,2842,Corporate Bonds
2217175,2026-09-25T19:22:07.109+05:30,2858,Corporate Bonds
1289679,2026-09-26T11:51:15.306+05:30,2856,Corporate Bonds
2215315,2026-09-24T07:57:53.801+05:30,2941,Corporate Bonds
1236217,2026-09-25T14:19:49.736+05:30,2843,Corporate Bonds
1536424,2026-09-26T13:13:36.676+05:30,2981,Corporate Bonds
2180446,2026-09-24T13:55:05.426+05:30,2883,Corporate Bonds
2211499,2026-09-24T09:15:47.526+05:30,2982,Corporate Bonds
1174147,2026-09-24T10:57:30.524+05:30,2950,Corporate Bonds
440350,2026-09-24T02:03:43.646+05:30,2942,Securitized Debt Instruments
2215315,2026-09-24T08:05:21.602+05:30,2930,Corporate Bonds
1609853,2026-09-25T11:29:56.747+05:30,2643,Securitized Debt Instruments
2055867,2026-09-24T08:38:10.129+05:30,2751,Corporate Bonds
859158,2026-09-25T09:42:24.124+05:30,2964,Corporate Bonds
1429690,2026-09-28T04:13:49.971+05:30,2952,Corporate Bonds
319454,2026-09-25T10:22:31.588+05:30,2931,Corporate Bonds
772713,2026-09-24T21:08:46.017+05:30,2643,Securitized Debt Instruments
1963971,2026-09-25T20:21:44.71+05:30,2986,Corporate Bonds
1009159,2026-09-26T12:08:31.539+05:30,2867,Corporate Bonds
1655682,2026-09-25T20:50:31.72+05:30,2850,Corporate Bonds
831645,2026-09-26T23:14:01.56+05:30,2856,Corporate Bonds
2045528,2026-09-24T11:25:10.158+05:30,3014,Corporate Bonds
1151116,2026-09-28T01:29:33.072+05:30,2412,Corporate Bonds
1597841,2026-09-28T23:09:09.795+05:30,1239,High Yield FDs
1887949,2026-09-28T16:24:45.95+05:30,3024,Corporate Bonds
1948827,2026-09-28T12:53:02.104+05:30,2883,Corporate Bonds
1398634,2026-09-28T15:09:59.004+05:30,2955,Corporate Bonds
2170031,2026-09-27T12:43:57.949+05:30,2883,Corporate Bonds
1281871,2026-09-26T16:46:39.156+05:30,2769,Corporate Bonds
998762,2026-09-28T14:11:25.752+05:30,3024,Corporate Bonds
1552968,2026-09-25T17:51:46.259+05:30,2609,Corporate Bonds
654775,2026-09-24T11:36:16.194+05:30,2879,Corporate Bonds
1399738,2026-09-24T18:46:59.701+05:30,2812,Corporate Bonds
1959743,2026-09-25T13:48:57.823+05:30,2843,Corporate Bonds
739574,2026-09-24T20:25:28.605+05:30,3014,Corporate Bonds
1149114,2026-09-28T11:48:27.335+05:30,2902,Corporate Bonds
1101792,2026-09-25T19:39:02.947+05:30,2643,Securitized Debt Instruments
1329834,2026-09-26T23:44:58.669+05:30,2872,Corporate Bonds
2203197,2026-09-28T10:13:37.813+05:30,2872,Corporate Bonds
2202965,2026-09-26T13:54:37.961+05:30,2982,Corporate Bonds
2198416,2026-09-25T19:47:33.154+05:30,2951,Corporate Bonds
1063946,2026-09-25T13:57:15.954+05:30,3020,Corporate Bonds
2217602,2026-09-25T15:26:04.168+05:30,2956,Corporate Bonds
1211803,2026-09-26T08:25:57.892+05:30,2919,Corporate Bonds
1458267,2026-09-27T06:30:57.284+05:30,2951,Corporate Bonds
1251468,2026-09-27T23:51:46.68+05:30,2850,Corporate Bonds
2218905,2026-09-28T15:49:33.38+05:30,2956,Corporate Bonds
851393,2026-09-28T22:12:54.642+05:30,2849,Corporate Bonds
1867370,2026-09-26T12:44:14.621+05:30,3014,Corporate Bonds
1780106,2026-09-28T08:09:28.481+05:30,3023,Corporate Bonds
1168222,2026-09-28T16:19:14.648+05:30,2954,Corporate Bonds
2219377,2026-09-26T20:32:01.284+05:30,2751,Corporate Bonds
2221838,2026-09-28T16:37:20.487+05:30,2873,XCase
1371924,2026-09-25T10:47:20.073+05:30,2883,Corporate Bonds
1458737,2026-09-24T11:19:27.127+05:30,3014,Corporate Bonds
1878218,2026-09-28T07:43:46.701+05:30,2872,Corporate Bonds
2180241,2026-09-25T10:00:17.219+05:30,2855,Corporate Bonds
502687,2026-09-25T12:10:58.268+05:30,1873,Corporate Bonds
1697992,2026-09-28T15:05:15.836+05:30,3024,Corporate Bonds
2073853,2026-09-25T11:47:51.588+05:30,1873,Corporate Bonds
1348741,2026-09-27T16:15:23.171+05:30,2643,Securitized Debt Instruments
1590834,2026-09-26T07:23:05.377+05:30,2922,Corporate Bonds
975820,2026-09-26T19:40:29.83+05:30,2849,Corporate Bonds
1974382,2026-09-27T20:52:44.952+05:30,1239,High Yield FDs
49245,2026-09-28T18:42:54.565+05:30,2895,Corporate Bonds
881217,2026-09-25T09:12:09.543+05:30,1873,Corporate Bonds
1299818,2026-09-24T22:58:37.938+05:30,2986,Corporate Bonds
1348583,2026-09-28T01:20:09.337+05:30,3025,Corporate Bonds
671109,2026-09-26T16:34:45.947+05:30,2643,Securitized Debt Instruments
1713325,2026-09-28T17:55:51.469+05:30,2955,Corporate Bonds
1689967,2026-09-25T18:50:45.046+05:30,2953,Corporate Bonds
2156061,2026-09-28T09:34:08.803+05:30,3024,Corporate Bonds
993403,2026-09-28T21:27:45.255+05:30,2455,Corporate Bonds
2216246,2026-09-24T15:47:27.642+05:30,2609,Corporate Bonds
1804037,2026-09-25T14:47:44.166+05:30,2930,Corporate Bonds
2209055,2026-09-28T13:04:34.211+05:30,2849,Corporate Bonds
2175537,2026-09-25T11:12:43.515+05:30,2874,Corporate Bonds
1134571,2026-09-27T10:08:35.438+05:30,2964,Corporate Bonds
1938036,2026-09-28T17:36:20.41+05:30,2849,Corporate Bonds
2216246,2026-09-24T15:52:43.291+05:30,2609,Corporate Bonds
313462,2026-09-26T13:29:36.769+05:30,2982,Corporate Bonds
1974382,2026-09-27T22:07:36.645+05:30,1239,High Yield FDs
2140404,2026-09-28T11:05:22.642+05:30,3024,Corporate Bonds
1496531,2026-09-27T16:37:45.291+05:30,1873,Corporate Bonds
30231,2026-09-26T02:43:56.442+05:30,2855,Corporate Bonds
2201253,2026-09-28T12:23:29.959+05:30,2769,Corporate Bonds
1620643,2026-09-24T05:53:54.843+05:30,2729,Mutual Funds
2107391,2026-09-27T09:08:19.759+05:30,2843,Corporate Bonds
1055834,2026-09-24T09:13:08.295+05:30,2747,Corporate Bonds
2218500,2026-09-26T08:34:30.227+05:30,2941,Corporate Bonds
2107391,2026-09-27T09:54:20.561+05:30,1096,High Yield FDs
1475766,2026-09-25T12:02:28.711+05:30,2874,Corporate Bonds
1151116,2026-09-28T01:34:48.387+05:30,2412,Corporate Bonds
2215702,2026-09-27T00:30:16.465+05:30,3006,Corporate Bonds
2000837,2026-09-28T11:46:10.939+05:30,3014,Corporate Bonds
745343,2026-09-25T18:20:32.696+05:30,2942,Securitized Debt Instruments
2216824,2026-09-24T22:55:16.426+05:30,2751,Corporate Bonds
2163686,2026-09-24T17:27:48.228+05:30,2863,Corporate Bonds
2196151,2026-09-25T18:52:32.655+05:30,2643,Securitized Debt Instruments
1487889,2026-09-26T18:52:38.334+05:30,2856,Corporate Bonds
2209125,2026-09-27T12:29:31.489+05:30,2956,Corporate Bonds
349802,2026-09-28T06:57:51.317+05:30,2867,Corporate Bonds
1431328,2026-09-24T15:45:45.06+05:30,2856,Corporate Bonds
1450883,2026-09-25T20:19:11.403+05:30,2895,Corporate Bonds
2216246,2026-09-24T15:42:41.502+05:30,2609,Corporate Bonds
2220511,2026-09-27T17:27:28.458+05:30,1873,Corporate Bonds
712289,2026-09-28T15:47:21.556+05:30,2955,Corporate Bonds
1843692,2026-09-28T12:21:28.674+05:30,2955,Corporate Bonds
2193399,2026-09-24T17:56:28.347+05:30,1095,High Yield FDs
739686,2026-09-25T09:20:04.49+05:30,2872,Corporate Bonds
520614,2026-09-25T15:34:09.845+05:30,2883,Corporate Bonds
2206679,2026-09-26T10:21:31.194+05:30,2868,Corporate Bonds
1832862,2026-09-24T20:24:02.822+05:30,2982,Corporate Bonds
1385901,2026-09-28T14:21:02.935+05:30,2964,Corporate Bonds
28297,2026-09-24T10:39:39.483+05:30,2883,Corporate Bonds
2189876,2026-09-25T15:31:27.539+05:30,2941,Corporate Bonds
2079196,2026-09-25T14:10:14.887+05:30,2907,Corporate Bonds
1619694,2026-09-25T16:42:17.136+05:30,2940,Corporate Bonds
2206679,2026-09-24T16:01:46.117+05:30,2499,Corporate Bonds
2156061,2026-09-28T09:33:29.457+05:30,3024,Corporate Bonds
1144382,2026-09-25T19:53:50.778+05:30,2941,Corporate Bonds
2202965,2026-09-26T13:54:37.089+05:30,2982,Corporate Bonds
2165962,2026-09-24T11:33:53.201+05:30,2895,Corporate Bonds
1719363,2026-09-28T16:30:29.547+05:30,2407,Corporate Bonds
2217585,2026-09-25T13:44:14.768+05:30,2881,Corporate Bonds
2184413,2026-09-24T10:41:23.469+05:30,2729,Mutual Funds
2005180,2026-09-28T13:52:32.939+05:30,2872,Corporate Bonds
2217478,2026-09-26T18:43:32.021+05:30,2899,Mutual Funds
1475766,2026-09-25T12:02:54.109+05:30,2874,Corporate Bonds
2181544,2026-09-25T09:53:55.764+05:30,1873,Corporate Bonds
978518,2026-09-26T09:40:23.237+05:30,2964,Corporate Bonds
2195823,2026-09-26T12:37:32.43+05:30,2932,Corporate Bonds
2217842,2026-09-25T17:53:17.466+05:30,2964,Corporate Bonds
2170031,2026-09-27T12:48:02.668+05:30,2867,Corporate Bonds
2210936,2026-09-27T11:38:01.408+05:30,2964,Corporate Bonds
1910910,2026-09-24T23:00:30.509+05:30,2856,Corporate Bonds
2217188,2026-09-25T10:02:10.284+05:30,2757,Corporate Bonds
437662,2026-09-27T14:29:16.593+05:30,2729,Mutual Funds
1688581,2026-09-25T14:03:53.062+05:30,2752,Corporate Bonds
1069638,2026-09-26T12:02:16.974+05:30,2872,Corporate Bonds
1802359,2026-09-24T11:25:13.165+05:30,2955,Corporate Bonds
1377268,2026-09-24T22:02:09.002+05:30,2883,Corporate Bonds
1399738,2026-09-24T18:44:03.015+05:30,2812,Corporate Bonds
451400,2026-09-25T11:57:45.877+05:30,2867,Corporate Bonds
2218185,2026-09-26T07:39:37.317+05:30,2982,Corporate Bonds
1062933,2026-09-26T11:36:19.928+05:30,2919,Corporate Bonds
1177042,2026-09-25T07:23:39.005+05:30,2955,Corporate Bonds
2191552,2026-09-27T20:37:00.939+05:30,2868,Corporate Bonds
2184413,2026-09-24T10:53:25.967+05:30,2899,Mutual Funds
607566,2026-09-25T13:35:50.287+05:30,2955,Corporate Bonds
1965320,2026-09-24T23:34:09.952+05:30,2895,Corporate Bonds
1180633,2026-09-24T14:17:14.912+05:30,2860,Corporate Bonds
2013163,2026-09-25T22:09:08.295+05:30,2863,Corporate Bonds
2216234,2026-09-24T15:17:45.334+05:30,2982,Corporate Bonds
912634,2026-09-26T20:35:13.105+05:30,2942,Securitized Debt Instruments
2204905,2026-09-26T08:38:32+05:30,2941,Corporate Bonds
76140,2026-09-27T11:28:56.081+05:30,2883,Corporate Bonds
2202965,2026-09-26T13:53:51.481+05:30,2982,Corporate Bonds
1976411,2026-09-25T10:30:00.043+05:30,2997,Corporate Bonds
1813501,2026-09-24T17:40:11.106+05:30,1239,High Yield FDs
803884,2026-09-28T12:32:35.313+05:30,2751,Corporate Bonds
91283,2026-09-25T14:52:21.754+05:30,2964,Corporate Bonds
1398634,2026-09-25T19:44:05.213+05:30,2883,Corporate Bonds
2207756,2026-09-25T09:54:23.337+05:30,2849,Corporate Bonds
2178964,2026-09-27T14:30:42.749+05:30,2872,Corporate Bonds
2202041,2026-09-24T16:39:33.712+05:30,2729,Mutual Funds
625688,2026-09-24T11:40:53.764+05:30,1239,High Yield FDs
2139864,2026-09-27T09:26:34.524+05:30,2881,Corporate Bonds
1419834,2026-09-26T01:30:49.608+05:30,2955,Corporate Bonds
1963875,2026-09-27T16:14:07.06+05:30,2895,Corporate Bonds
738779,2026-09-24T19:19:40.513+05:30,2856,Corporate Bonds
1781027,2026-09-27T15:13:52.188+05:30,2964,Corporate Bonds
892433,2026-09-28T00:18:49.704+05:30,3014,Corporate Bonds
313462,2026-09-26T13:26:21.191+05:30,2982,Corporate Bonds
1162075,2026-09-27T22:25:48.928+05:30,2918,Corporate Bonds
2208608,2026-09-25T12:03:47.448+05:30,2858,Corporate Bonds
2219514,2026-09-27T15:48:00.708+05:30,2895,Corporate Bonds
1303527,2026-09-27T19:58:12.539+05:30,2752,Corporate Bonds
1265647,2026-09-27T13:41:18.678+05:30,2867,Corporate Bonds
2188981,2026-09-26T13:58:05.042+05:30,3014,Corporate Bonds
2211550,2026-09-24T06:53:37.691+05:30,2643,Securitized Debt Instruments
2180446,2026-09-24T13:54:40.483+05:30,2883,Corporate Bonds
743595,2026-09-24T15:22:49.733+05:30,2964,Corporate Bonds
1508804,2026-09-26T07:01:40.611+05:30,2964,Corporate Bonds
944631,2026-09-27T18:15:00.273+05:30,2867,Corporate Bonds
953084,2026-09-26T10:31:00.863+05:30,2751,Corporate Bonds
828184,2026-09-28T16:17:55.72+05:30,2873,XCase
1616460,2026-09-24T19:21:36.788+05:30,2911,Mutual Funds
1458747,2026-09-28T11:32:02.959+05:30,2867,Corporate Bonds
1173950,2026-09-24T22:40:08.281+05:30,2895,Corporate Bonds
2010364,2026-09-24T00:32:00.03+05:30,2856,Corporate Bonds
1460501,2026-09-24T20:43:11.045+05:30,2955,Corporate Bonds
2178737,2026-09-25T10:14:58.628+05:30,2881,Corporate Bonds
521775,2026-09-25T12:47:56.651+05:30,2964,Corporate Bonds
1181730,2026-09-26T22:05:41.434+05:30,2856,Corporate Bonds
2198416,2026-09-28T19:51:28.008+05:30,1873,Corporate Bonds
2214640,2026-09-25T20:15:27.1+05:30,2964,Corporate Bonds
213473,2026-09-28T13:43:07.536+05:30,2955,Corporate Bonds
2177572,2026-09-26T14:30:21.854+05:30,3006,Corporate Bonds
2134555,2026-09-25T14:42:02.456+05:30,2858,Corporate Bonds
1124187,2026-09-25T15:17:43.622+05:30,2873,XCase
40150,2026-09-24T15:37:21.815+05:30,1873,Corporate Bonds
2193399,2026-09-24T18:07:50.285+05:30,1292,High Yield FDs
2192184,2026-09-27T09:00:21.572+05:30,2964,Corporate Bonds
62938,2026-09-24T17:58:47.59+05:30,2881,Corporate Bonds
2042831,2026-09-25T19:42:56.07+05:30,2941,Corporate Bonds
1358772,2026-09-26T09:49:11.679+05:30,2751,Corporate Bonds
1282340,2026-09-28T17:01:13.483+05:30,2757,Corporate Bonds
2219652,2026-09-27T16:25:09.094+05:30,2794,Corporate Bonds
2187621,2026-09-28T23:44:19.615+05:30,1873,Corporate Bonds
790773,2026-09-27T17:25:02.189+05:30,2856,Corporate Bonds
2065006,2026-09-26T11:24:22.371+05:30,2781,Corporate Bonds
2211431,2026-09-24T12:08:44.463+05:30,3006,Corporate Bonds
2215340,2026-09-24T09:07:39.644+05:30,2856,Corporate Bonds
2212174,2026-09-24T08:02:03.805+05:30,2930,Corporate Bonds
915791,2026-09-25T15:13:36.036+05:30,3014,Corporate Bonds
1857453,2026-09-25T18:21:20.335+05:30,2941,Corporate Bonds
739932,2026-09-25T11:35:31.532+05:30,2883,Corporate Bonds
584056,2026-09-25T15:42:05.083+05:30,3014,Corporate Bonds
1701346,2026-09-24T08:17:24.317+05:30,2957,Corporate Bonds
2047784,2026-09-25T19:43:41.64+05:30,2932,Corporate Bonds
2187621,2026-09-28T10:14:36.464+05:30,1873,Corporate Bonds
2123114,2026-09-25T15:01:59.748+05:30,2942,Securitized Debt Instruments
1917344,2026-09-24T21:07:59.891+05:30,3006,Corporate Bonds
1704999,2026-09-27T08:14:37.662+05:30,2964,Corporate Bonds
1042695,2026-09-28T19:48:56.124+05:30,3014,Corporate Bonds
2213502,2026-09-24T14:39:15.417+05:30,2850,Corporate Bonds
319454,2026-09-28T09:35:39.672+05:30,2874,Corporate Bonds
1726246,2026-09-24T21:26:59.831+05:30,1873,Corporate Bonds
835258,2026-09-27T09:31:14.418+05:30,2918,Corporate Bonds
2145420,2026-09-25T20:34:45.205+05:30,1292,High Yield FDs
1372010,2026-09-25T15:22:16.058+05:30,2873,XCase
84094,2026-09-26T09:32:31.702+05:30,2883,Corporate Bonds
920192,2026-09-24T15:01:01.367+05:30,2506,Corporate Bonds
1063425,2026-09-25T18:51:49.774+05:30,2932,Corporate Bonds
2217175,2026-09-28T12:00:37.584+05:30,2858,Corporate Bonds
2064681,2026-09-27T13:15:35.273+05:30,2883,Corporate Bonds
690973,2026-09-24T22:40:59.949+05:30,2643,Securitized Debt Instruments
1699203,2026-09-28T16:23:51.018+05:30,2930,Corporate Bonds
1962015,2026-09-26T18:57:40.63+05:30,2883,Corporate Bonds
660298,2026-09-27T13:10:44.229+05:30,2956,Corporate Bonds
1375328,2026-09-25T23:07:18.211+05:30,2993,XCase
2218634,2026-09-27T08:53:06.339+05:30,2874,Corporate Bonds
1779031,2026-09-26T09:13:29.313+05:30,2932,Corporate Bonds
2212610,2026-09-25T21:51:11.647+05:30,3014,Corporate Bonds
1688581,2026-09-25T14:22:16.447+05:30,2942,Securitized Debt Instruments
1879437,2026-09-25T22:06:14.348+05:30,2794,Corporate Bonds
1677656,2026-09-25T15:26:16.792+05:30,2902,Corporate Bonds
2128985,2026-09-24T23:39:40.732+05:30,2941,Corporate Bonds
1329834,2026-09-26T23:57:35.483+05:30,2872,Corporate Bonds
1887949,2026-09-28T02:23:40.73+05:30,2895,Corporate Bonds
2205707,2026-09-27T20:30:03.835+05:30,3025,Corporate Bonds
1830073,2026-09-24T19:39:18.093+05:30,2955,Corporate Bonds
2220949,2026-09-27T23:53:18.219+05:30,2729,Mutual Funds
2202576,2026-09-24T11:27:29.6+05:30,2643,Securitized Debt Instruments
1317786,2026-09-26T19:34:37.035+05:30,2867,Corporate Bonds
2222267,2026-09-28T21:41:35.685+05:30,2982,Corporate Bonds
2138639,2026-09-24T13:45:33.104+05:30,3006,Corporate Bonds
2215947,2026-09-28T22:16:04.301+05:30,1873,Corporate Bonds
2010364,2026-09-24T08:59:17.336+05:30,2856,Corporate Bonds
2200458,2026-09-26T12:26:58.01+05:30,2942,Securitized Debt Instruments
741463,2026-09-28T20:57:56.583+05:30,2883,Corporate Bonds
1443549,2026-09-24T13:06:39.533+05:30,2881,Corporate Bonds
975996,2026-09-24T20:05:42.852+05:30,2872,Corporate Bonds
1507122,2026-09-25T13:46:30.479+05:30,2850,Corporate Bonds
1619008,2026-09-24T10:27:59.813+05:30,3014,Corporate Bonds
2198109,2026-09-28T12:56:47.962+05:30,3024,Corporate Bonds
2218833,2026-09-26T12:36:42.436+05:30,2982,Corporate Bonds
1082477,2026-09-26T13:01:53.943+05:30,2875,Corporate Bonds
2183852,2026-09-24T10:36:30.053+05:30,2955,Corporate Bonds
959925,2026-09-28T02:28:16.912+05:30,3014,Corporate Bonds
884074,2026-09-28T00:35:44.63+05:30,2964,Corporate Bonds
1686687,2026-09-24T19:28:33.07+05:30,2955,Corporate Bonds
2124804,2026-09-26T12:20:32.996+05:30,2982,Corporate Bonds
1671711,2026-09-24T13:52:54.557+05:30,2842,Corporate Bonds
370865,2026-09-27T13:11:26.952+05:30,2751,Corporate Bonds
1320809,2026-09-25T19:18:30.838+05:30,2964,Corporate Bonds
933948,2026-09-28T11:14:49.248+05:30,3024,Corporate Bonds
708762,2026-09-24T13:13:29.721+05:30,2942,Securitized Debt Instruments
1148227,2026-09-26T13:19:52.402+05:30,1873,Corporate Bonds
2199314,2026-09-26T05:44:24.334+05:30,2969,XCase
2211283,2026-09-28T13:44:12.51+05:30,2856,Corporate Bonds
296508,2026-09-26T10:16:20.373+05:30,2883,Corporate Bonds
2217860,2026-09-25T17:36:26.639+05:30,2982,Corporate Bonds
1936679,2026-09-24T13:48:59.103+05:30,3014,Corporate Bonds
893908,2026-09-24T07:33:12.551+05:30,2942,Securitized Debt Instruments
1308172,2026-09-27T21:34:28.512+05:30,3014,Corporate Bonds
2192184,2026-09-27T09:01:23.731+05:30,2964,Corporate Bonds
1574275,2026-09-26T10:24:22.554+05:30,2872,Corporate Bonds
1891095,2026-09-27T22:06:54.21+05:30,2867,Corporate Bonds
1800559,2026-09-24T15:21:04.63+05:30,1873,Corporate Bonds
1092596,2026-09-25T13:19:21.976+05:30,2946,Corporate Bonds
1041782,2026-09-27T07:58:30.932+05:30,2867,Corporate Bonds
2047784,2026-09-25T19:01:17.91+05:30,2932,Corporate Bonds
1440152,2026-09-25T19:19:10.411+05:30,2849,Corporate Bonds
1387784,2026-09-27T15:07:22.673+05:30,2909,Corporate Bonds
520614,2026-09-25T07:52:37.943+05:30,2867,Corporate Bonds
1977466,2026-09-24T17:41:52.085+05:30,2902,Corporate Bonds
2218762,2026-09-28T12:04:03.063+05:30,2964,Corporate Bonds
651368,2026-09-25T18:18:34.217+05:30,2957,Corporate Bonds
2188910,2026-09-27T23:02:50.502+05:30,2955,Corporate Bonds
1488992,2026-09-24T16:52:15.511+05:30,3014,Corporate Bonds
620594,2026-09-28T00:57:49.757+05:30,2981,Corporate Bonds
2219623,2026-09-27T07:56:48.647+05:30,3006,Corporate Bonds
1049594,2026-09-26T12:16:35.224+05:30,2849,Corporate Bonds
1278155,2026-09-24T19:04:05.929+05:30,2729,Mutual Funds
1932057,2026-09-25T13:33:19.95+05:30,2643,Securitized Debt Instruments
2076765,2026-09-26T09:21:23.152+05:30,2982,Corporate Bonds
2010364,2026-09-24T00:30:40.422+05:30,2856,Corporate Bonds
2116215,2026-09-25T19:22:15.825+05:30,2952,Corporate Bonds
580748,2026-09-28T08:55:24.875+05:30,1239,High Yield FDs
1177042,2026-09-25T08:28:59.846+05:30,2955,Corporate Bonds
2133104,2026-09-27T15:16:25.475+05:30,2074,Mutual Funds
1879762,2026-09-24T15:49:14.266+05:30,2981,Corporate Bonds
697628,2026-09-28T17:35:27.479+05:30,2729,Mutual Funds
2147123,2026-09-27T13:52:35.221+05:30,2895,Corporate Bonds
10,2026-09-26T19:53:32.42+05:30,2954,Corporate Bonds
1621770,2026-09-27T11:25:33.371+05:30,2867,Corporate Bonds
2216408,2026-09-26T23:48:38.988+05:30,2964,Corporate Bonds
2209125,2026-09-25T13:16:10.314+05:30,2956,Corporate Bonds
2217602,2026-09-25T14:00:25.136+05:30,2956,Corporate Bonds
2212002,2026-09-24T12:49:15.34+05:30,2812,Corporate Bonds
1850848,2026-09-24T09:17:03.84+05:30,2794,Corporate Bonds
1393530,2026-09-27T08:39:39.781+05:30,2757,Corporate Bonds
2188102,2026-09-27T09:47:46.874+05:30,1873,Corporate Bonds
1260608,2026-09-25T09:56:04.122+05:30,2895,Corporate Bonds
708412,2026-09-24T17:03:00.922+05:30,2883,Corporate Bonds
2170717,2026-09-26T17:19:19.77+05:30,2873,XCase
2209094,2026-09-25T22:01:22.104+05:30,2873,XCase
1158140,2026-09-26T16:06:46.696+05:30,2964,Corporate Bonds
2069064,2026-09-24T20:26:37.361+05:30,2881,Corporate Bonds
1917852,2026-09-24T21:32:36.29+05:30,2982,Corporate Bonds
2219652,2026-09-27T00:18:35.439+05:30,2902,Corporate Bonds
1994574,2026-09-25T09:22:03.328+05:30,1873,Corporate Bonds
2109711,2026-09-27T16:17:39.885+05:30,2868,Corporate Bonds
1990531,2026-09-26T09:52:00.449+05:30,2858,Corporate Bonds
1320809,2026-09-25T19:18:32.433+05:30,2964,Corporate Bonds
2220097,2026-09-27T12:18:15.392+05:30,1873,Corporate Bonds
2169070,2026-09-25T13:05:23.806+05:30,1873,Corporate Bonds
2214001,2026-09-25T10:53:25.498+05:30,2751,Corporate Bonds
898869,2026-09-28T09:45:13.253+05:30,2863,Corporate Bonds
1721228,2026-09-27T10:23:30.007+05:30,2955,Corporate Bonds
2218124,2026-09-27T07:51:33.149+05:30,3006,Corporate Bonds
2212745,2026-09-25T19:59:17.741+05:30,1292,High Yield FDs
1110881,2026-09-24T11:03:10.422+05:30,3014,Corporate Bonds
607566,2026-09-25T13:39:24.853+05:30,2981,Corporate Bonds
2182686,2026-09-26T00:42:42.836+05:30,2964,Corporate Bonds
2042771,2026-09-24T21:37:25.732+05:30,2956,Corporate Bonds
2116215,2026-09-25T19:22:20.869+05:30,2952,Corporate Bonds
1590834,2026-09-26T07:21:35.963+05:30,2922,Corporate Bonds
1547791,2026-09-28T07:47:39.033+05:30,2951,Corporate Bonds
1527000,2026-09-24T12:14:22.809+05:30,2969,XCase
1526507,2026-09-24T09:28:02.11+05:30,2942,Securitized Debt Instruments
2206089,2026-09-27T16:50:35.102+05:30,2952,Corporate Bonds
1734466,2026-09-27T12:28:34.595+05:30,2956,Corporate Bonds
1207534,2026-09-25T18:33:58.811+05:30,2964,Corporate Bonds
1502630,2026-09-24T13:24:45.4+05:30,1873,Corporate Bonds
2191286,2026-09-24T15:16:13.366+05:30,2895,Corporate Bonds
1237414,2026-09-24T19:17:02.242+05:30,2849,Corporate Bonds
970718,2026-09-24T06:55:59.794+05:30,1873,Corporate Bonds
1219680,2026-09-24T22:14:16.725+05:30,2849,Corporate Bonds
1222514,2026-09-25T08:06:19.802+05:30,2794,Corporate Bonds
521743,2026-09-26T19:40:37.632+05:30,2955,Corporate Bonds
1283386,2026-09-27T07:57:10.457+05:30,2895,Corporate Bonds
2183221,2026-09-26T01:37:44.162+05:30,3014,Corporate Bonds
1664313,2026-09-26T20:53:53.108+05:30,2942,Securitized Debt Instruments
2197990,2026-09-25T21:40:13.556+05:30,2872,Corporate Bonds
2074723,2026-09-28T19:34:20.833+05:30,1239,High Yield FDs
2119098,2026-09-24T13:35:44.766+05:30,2981,Corporate Bonds
1735698,2026-09-27T02:54:59.435+05:30,3006,Corporate Bonds
1948145,2026-09-25T16:18:13.985+05:30,2849,Corporate Bonds
1099567,2026-09-24T00:29:48.91+05:30,2942,Securitized Debt Instruments
2197182,2026-09-25T10:38:19.907+05:30,2911,Mutual Funds
1727855,2026-09-24T10:47:12.204+05:30,3014,Corporate Bonds
958692,2026-09-26T06:16:14.102+05:30,3014,Corporate Bonds
2202666,2026-09-24T18:45:34.894+05:30,2858,Corporate Bonds
820469,2026-09-28T11:22:08.237+05:30,2879,Corporate Bonds
191488,2026-09-25T10:35:17.769+05:30,2942,Securitized Debt Instruments
1399738,2026-09-24T18:46:57.555+05:30,2812,Corporate Bonds
2218980,2026-09-26T19:33:02.72+05:30,2907,Corporate Bonds
304926,2026-09-27T18:59:21.396+05:30,2850,Corporate Bonds
2043318,2026-09-24T18:25:29.061+05:30,3014,Corporate Bonds
1980227,2026-09-24T22:54:21.951+05:30,2849,Corporate Bonds
2212904,2026-09-24T08:19:33.376+05:30,2850,Corporate Bonds
2217025,2026-09-27T20:28:42.353+05:30,2850,Corporate Bonds
1703603,2026-09-26T10:46:31.247+05:30,2981,Corporate Bonds
2059652,2026-09-28T19:17:27.356+05:30,2952,Corporate Bonds
2079196,2026-09-25T14:10:12.364+05:30,2907,Corporate Bonds
1965777,2026-09-25T18:57:15.551+05:30,2867,Corporate Bonds
584056,2026-09-25T15:28:44.807+05:30,2872,Corporate Bonds
2123455,2026-09-24T09:01:35.87+05:30,1873,Corporate Bonds
828184,2026-09-28T16:17:58.31+05:30,2873,XCase
2222165,2026-09-28T20:29:04.816+05:30,2751,Corporate Bonds
1046132,2026-09-28T20:44:50.985+05:30,2981,Corporate Bonds
2156039,2026-09-28T10:40:52.88+05:30,1873,Corporate Bonds
2201474,2026-09-24T11:39:30.209+05:30,3014,Corporate Bonds
2204137,2026-09-28T10:29:18.4+05:30,2883,Corporate Bonds
1976548,2026-09-27T20:39:50.138+05:30,2751,Corporate Bonds
2221610,2026-09-28T13:22:42.677+05:30,2872,Corporate Bonds
523729,2026-09-24T20:58:44.985+05:30,2867,Corporate Bonds
2184413,2026-09-24T10:53:35.267+05:30,2899,Mutual Funds
1101792,2026-09-26T10:16:30.623+05:30,2643,Securitized Debt Instruments
1602988,2026-09-24T06:51:25.403+05:30,2930,Corporate Bonds
2218124,2026-09-27T07:45:18.688+05:30,3006,Corporate Bonds
1029867,2026-09-24T17:02:28.114+05:30,2964,Corporate Bonds
2059853,2026-09-28T12:44:33.133+05:30,2873,XCase
1884014,2026-09-26T07:23:59.697+05:30,2850,Corporate Bonds
1246566,2026-09-24T14:08:01.761+05:30,3014,Corporate Bonds
2216110,2026-09-24T14:31:48.773+05:30,1873,Corporate Bonds
1720403,2026-09-28T19:13:58.833+05:30,3014,Corporate Bonds
2193220,2026-09-28T12:27:20.089+05:30,2881,Corporate Bonds
899821,2026-09-26T23:52:17.196+05:30,2964,Corporate Bonds
2219176,2026-09-28T13:08:37.473+05:30,2982,Corporate Bonds
2064275,2026-09-25T02:59:45.238+05:30,1873,Corporate Bonds
2218653,2026-09-26T10:34:11.99+05:30,2872,Corporate Bonds
655446,2026-09-26T20:53:09.623+05:30,2964,Corporate Bonds
2193399,2026-09-25T10:48:31.868+05:30,1239,High Yield FDs
828173,2026-09-27T19:44:29.64+05:30,3025,Corporate Bonds
2206620,2026-09-24T22:15:02.486+05:30,3014,Corporate Bonds
2043318,2026-09-24T18:27:27.315+05:30,3014,Corporate Bonds
2220609,2026-09-27T18:44:05.792+05:30,2643,Securitized Debt Instruments
690635,2026-09-25T22:18:03.429+05:30,2981,Corporate Bonds
2217905,2026-09-25T18:11:39.244+05:30,2964,Corporate Bonds
356462,2026-09-25T12:10:34.881+05:30,1292,High Yield FDs
1219680,2026-09-24T22:15:52.336+05:30,2849,Corporate Bonds
2117382,2026-09-25T09:47:28.787+05:30,3014,Corporate Bonds
1086844,2026-09-24T14:09:00.169+05:30,2858,Corporate Bonds
2215804,2026-09-24T19:05:46.125+05:30,2941,Corporate Bonds
1711283,2026-09-26T13:10:48.223+05:30,2955,Corporate Bonds
2217423,2026-09-25T12:25:38.821+05:30,2881,Corporate Bonds
1475766,2026-09-25T12:03:41.856+05:30,2874,Corporate Bonds
1828011,2026-09-28T21:53:02.038+05:30,2895,Corporate Bonds
871366,2026-09-25T13:03:12.424+05:30,2883,Corporate Bonds
2217788,2026-09-25T16:28:57.782+05:30,3006,Corporate Bonds
1118094,2026-09-25T21:16:34.022+05:30,2883,Corporate Bonds
1719670,2026-09-25T14:38:42.038+05:30,2964,Corporate Bonds
2163512,2026-09-27T19:19:20.507+05:30,2895,Corporate Bonds
1132687,2026-09-28T12:59:26.971+05:30,2883,Corporate Bonds
2190100,2026-09-26T15:38:08.031+05:30,2794,Corporate Bonds
2215942,2026-09-25T11:15:11.879+05:30,2932,Corporate Bonds
2193752,2026-09-28T11:37:02.937+05:30,2930,Corporate Bonds
2034990,2026-09-26T11:37:14.753+05:30,2895,Corporate Bonds
2184659,2026-09-24T19:49:38.853+05:30,3014,Corporate Bonds
65582,2026-09-25T14:06:02.889+05:30,2907,Corporate Bonds
2221610,2026-09-28T13:30:58.2+05:30,2872,Corporate Bonds
6442,2026-09-25T12:14:20.21+05:30,3006,Corporate Bonds
2215804,2026-09-24T19:21:52.644+05:30,2941,Corporate Bonds
1180917,2026-09-24T11:22:37.488+05:30,3014,Corporate Bonds
1149418,2026-09-24T13:28:36.098+05:30,2856,Corporate Bonds
2220859,2026-09-27T23:27:41.48+05:30,2941,Corporate Bonds
,2026-09-25T15:58:23.032+05:30,2879,Corporate Bonds
1351152,2026-09-26T11:06:00.96+05:30,2982,Corporate Bonds
1458747,2026-09-28T11:32:08.032+05:30,2867,Corporate Bonds
2215419,2026-09-26T13:33:02.075+05:30,2881,Corporate Bonds
1400088,2026-09-26T13:14:14.054+05:30,2867,Corporate Bonds
2209125,2026-09-27T12:31:28.858+05:30,2982,Corporate Bonds
1678999,2026-09-27T18:39:32.535+05:30,2867,Corporate Bonds
2210500,2026-09-24T11:31:53.274+05:30,3014,Corporate Bonds
2139314,2026-09-26T10:11:04.383+05:30,2895,Corporate Bonds
2213240,2026-09-24T11:06:16.238+05:30,3014,Corporate Bonds
2044230,2026-09-26T08:39:09.993+05:30,3014,Corporate Bonds
2103357,2026-09-27T19:20:17.223+05:30,2874,Corporate Bonds
339532,2026-09-24T17:05:35.191+05:30,3014,Corporate Bonds
2109686,2026-09-26T18:25:45.656+05:30,2873,XCase
2220859,2026-09-28T18:27:11.219+05:30,2941,Corporate Bonds
2103357,2026-09-27T19:00:31.169+05:30,2930,Corporate Bonds
1399738,2026-09-24T18:44:31.382+05:30,1873,Corporate Bonds
1837187,2026-09-27T17:35:20.887+05:30,2964,Corporate Bonds
61321,2026-09-26T20:37:48.441+05:30,2982,Corporate Bonds
2163512,2026-09-27T21:52:18.588+05:30,2895,Corporate Bonds
1845253,2026-09-26T21:00:26.442+05:30,2951,Corporate Bonds
1298157,2026-09-25T11:19:53.05+05:30,2879,Corporate Bonds
1302906,2026-09-24T06:59:46.176+05:30,1873,Corporate Bonds
2218991,2026-09-26T14:50:18.383+05:30,2982,Corporate Bonds
842964,2026-09-24T13:08:14.084+05:30,2911,Mutual Funds
1393530,2026-09-24T20:14:48.692+05:30,2880,Corporate Bonds
2195171,2026-09-27T13:24:38.759+05:30,2895,Corporate Bonds
1299818,2026-09-24T22:52:25.196+05:30,2782,Corporate Bonds
1752216,2026-09-24T21:06:05.716+05:30,2930,Corporate Bonds
2041515,2026-09-28T14:38:21.999+05:30,2872,Corporate Bonds
28297,2026-09-24T10:48:11.317+05:30,2858,Corporate Bonds
1255077,2026-09-25T17:36:31.113+05:30,2994,Corporate Bonds
480817,2026-09-28T12:23:34.108+05:30,2951,Corporate Bonds
950408,2026-09-27T21:17:55.241+05:30,2952,Corporate Bonds
1685214,2026-09-27T11:23:37.833+05:30,2953,Corporate Bonds
2212550,2026-09-24T09:44:03.437+05:30,2942,Securitized Debt Instruments
801567,2026-09-25T17:24:38.312+05:30,2867,Corporate Bonds
2114009,2026-09-28T12:30:36.148+05:30,2868,Corporate Bonds
2047723,2026-09-25T14:03:18.19+05:30,2942,Securitized Debt Instruments
2153682,2026-09-27T13:06:16.067+05:30,2794,Corporate Bonds
2211296,2026-09-27T22:40:48.64+05:30,2930,Corporate Bonds
958692,2026-09-26T06:00:59.184+05:30,2867,Corporate Bonds
2180215,2026-09-25T13:36:51.839+05:30,1873,Corporate Bonds
1136824,2026-09-26T11:08:09.674+05:30,2942,Securitized Debt Instruments
1764926,2026-09-26T14:01:24.602+05:30,3014,Corporate Bonds
1049359,2026-09-24T19:11:16.277+05:30,2964,Corporate Bonds
1912991,2026-09-25T20:01:55.303+05:30,2883,Corporate Bonds
1849844,2026-09-24T15:01:35.324+05:30,2874,Corporate Bonds
2030606,2026-09-24T17:49:41.575+05:30,2964,Corporate Bonds
1080394,2026-09-26T20:27:10.593+05:30,1239,High Yield FDs
1549655,2026-09-26T22:02:00.294+05:30,2850,Corporate Bonds
2220239,2026-09-27T17:20:20.992+05:30,2874,Corporate Bonds
6442,2026-09-25T12:08:44.015+05:30,3006,Corporate Bonds
2208457,2026-09-24T14:42:51.572+05:30,2794,Corporate Bonds
2116215,2026-09-25T19:22:20.781+05:30,2952,Corporate Bonds
1601971,2026-09-25T18:01:32.909+05:30,1873,Corporate Bonds
1973073,2026-09-25T13:17:33.034+05:30,2941,Corporate Bonds
2219316,2026-09-28T18:51:11.257+05:30,2751,Corporate Bonds
627526,2026-09-24T15:52:43.436+05:30,2874,Corporate Bonds
1793278,2026-09-26T08:55:41.708+05:30,1873,Corporate Bonds
1014242,2026-09-27T22:38:17.088+05:30,2431,Corporate Bonds
1736569,2026-09-26T15:40:54.318+05:30,2982,Corporate Bonds
1044754,2026-09-24T00:29:57.103+05:30,2883,Corporate Bonds
745308,2026-09-26T19:00:01.947+05:30,2872,Corporate Bonds
1374253,2026-09-28T23:01:42.645+05:30,2881,Corporate Bonds
2216985,2026-09-25T02:49:24.713+05:30,2899,Mutual Funds
2203494,2026-09-24T19:37:49.727+05:30,2881,Corporate Bonds
1570974,2026-09-27T21:54:29.037+05:30,2867,Corporate Bonds
1730124,2026-09-24T15:03:42.869+05:30,2643,Securitized Debt Instruments
2198891,2026-09-26T12:44:00.684+05:30,2954,Corporate Bonds
65582,2026-09-25T16:05:43.426+05:30,2881,Corporate Bonds
708700,2026-09-25T20:45:06.432+05:30,2942,Securitized Debt Instruments
2043925,2026-09-26T11:09:11.431+05:30,1095,High Yield FDs
2115530,2026-09-26T19:37:30.35+05:30,2992,Corporate Bonds
2221639,2026-09-28T13:44:14.779+05:30,2954,Corporate Bonds
2145974,2026-09-28T11:08:31.88+05:30,2867,Corporate Bonds
1973073,2026-09-25T13:22:13.954+05:30,1239,High Yield FDs
1055614,2026-09-27T02:03:54.836+05:30,2873,XCase
2060703,2026-09-26T18:05:43.256+05:30,2858,Corporate Bonds
2085280,2026-09-24T14:55:55.203+05:30,3014,Corporate Bonds
2213240,2026-09-24T11:23:19.142+05:30,2895,Corporate Bonds
2188910,2026-09-27T00:40:06.906+05:30,2955,Corporate Bonds
2034990,2026-09-24T20:50:20.985+05:30,3014,Corporate Bonds
1770547,2026-09-27T13:48:46.031+05:30,2895,Corporate Bonds
1904834,2026-09-27T12:49:31.012+05:30,2883,Corporate Bonds
1750757,2026-09-26T09:15:29.241+05:30,1873,Corporate Bonds
2213784,2026-09-26T00:53:45.7+05:30,2751,Corporate Bonds
2072565,2026-09-25T12:28:55.606+05:30,2982,Corporate Bonds
1983161,2026-09-28T19:51:36.731+05:30,1873,Corporate Bonds
2149332,2026-09-28T21:50:41.809+05:30,2751,Corporate Bonds
1393530,2026-09-24T20:29:41.897+05:30,2751,Corporate Bonds
1774977,2026-09-25T20:12:14.383+05:30,2982,Corporate Bonds
2195159,2026-09-28T10:32:47.243+05:30,2769,Corporate Bonds
1515411,2026-09-24T11:45:01.654+05:30,2981,Corporate Bonds
140376,2026-09-27T10:39:21.761+05:30,2951,Corporate Bonds
2215942,2026-09-25T14:33:33.741+05:30,2874,Corporate Bonds
2211748,2026-09-24T11:58:27.53+05:30,3006,Corporate Bonds
1736133,2026-09-28T08:40:41.643+05:30,2956,Corporate Bonds
1475766,2026-09-25T12:39:12.032+05:30,2895,Corporate Bonds
652961,2026-09-26T09:33:40.748+05:30,3006,Corporate Bonds
178773,2026-09-28T17:30:36.261+05:30,2872,Corporate Bonds
2142078,2026-09-25T23:18:24.299+05:30,2942,Securitized Debt Instruments
776337,2026-09-28T09:05:39.523+05:30,2873,XCase
10564,2026-09-26T23:59:42.454+05:30,2964,Corporate Bonds
1177042,2026-09-25T08:28:40.94+05:30,2955,Corporate Bonds
1789683,2026-09-26T23:28:49.399+05:30,2941,Corporate Bonds
915791,2026-09-24T20:22:59.646+05:30,3014,Corporate Bonds
2209125,2026-09-25T10:17:12.944+05:30,2956,Corporate Bonds
1120649,2026-09-27T20:46:04.426+05:30,2856,Corporate Bonds
322711,2026-09-28T17:26:09.775+05:30,2729,Mutual Funds
2195850,2026-09-24T00:21:41.674+05:30,2895,Corporate Bonds
1847695,2026-09-27T10:01:28.112+05:30,2895,Corporate Bonds
1121348,2026-09-28T10:56:59.593+05:30,2875,Corporate Bonds
1498056,2026-09-25T18:04:19.958+05:30,2881,Corporate Bonds
679806,2026-09-26T01:22:43.684+05:30,2955,Corporate Bonds
726065,2026-09-27T13:31:59.19+05:30,2930,Corporate Bonds
1493007,2026-09-28T20:30:06.126+05:30,2981,Corporate Bonds
2195823,2026-09-25T17:50:38.166+05:30,2942,Securitized Debt Instruments
2211296,2026-09-27T23:00:21.745+05:30,3014,Corporate Bonds
1260488,2026-09-25T17:14:59.412+05:30,2843,Corporate Bonds
2139149,2026-09-27T12:20:43.299+05:30,2964,Corporate Bonds
868706,2026-09-28T20:06:44.854+05:30,2940,Corporate Bonds
2030094,2026-09-24T11:11:07.344+05:30,2969,XCase
2110863,2026-09-26T09:19:26.529+05:30,2964,Corporate Bonds
2216136,2026-09-24T14:02:46.747+05:30,1873,Corporate Bonds
1290631,2026-09-25T20:53:24.751+05:30,2879,Corporate Bonds
2195823,2026-09-25T13:33:57.368+05:30,3014,Corporate Bonds
2090671,2026-09-28T14:47:48.974+05:30,2932,Corporate Bonds
2218140,2026-09-27T19:59:11.689+05:30,2964,Corporate Bonds
296508,2026-09-26T10:29:14.84+05:30,2873,XCase
1804966,2026-09-25T12:15:21.321+05:30,2955,Corporate Bonds
2077999,2026-09-27T11:05:36.552+05:30,2951,Corporate Bonds
1082477,2026-09-26T13:02:39.948+05:30,2875,Corporate Bonds
1858087,2026-09-27T20:27:27.919+05:30,2895,Corporate Bonds
1554748,2026-09-26T11:15:16.742+05:30,2752,Corporate Bonds
1862582,2026-09-26T05:58:07.059+05:30,2964,Corporate Bonds
2116215,2026-09-25T19:22:17.457+05:30,2952,Corporate Bonds
1189844,2026-09-26T22:17:00.011+05:30,3014,Corporate Bonds
1053965,2026-09-25T17:42:54.784+05:30,2887,Corporate Bonds
1315916,2026-09-26T14:20:41.15+05:30,2883,Corporate Bonds
914518,2026-09-28T10:59:19.665+05:30,3024,Corporate Bonds
770546,2026-09-26T22:17:03.898+05:30,2964,Corporate Bonds
2219356,2026-09-27T08:29:23.309+05:30,2874,Corporate Bonds
2215303,2026-09-24T20:50:09.03+05:30,2956,Corporate Bonds
1833466,2026-09-27T13:54:37.676+05:30,2872,Corporate Bonds
76140,2026-09-26T21:49:47.37+05:30,2883,Corporate Bonds
65582,2026-09-25T11:15:19.312+05:30,2907,Corporate Bonds
2195391,2026-09-25T16:12:45.266+05:30,3014,Corporate Bonds
1023828,2026-09-25T17:08:29.337+05:30,2794,Corporate Bonds
2215329,2026-09-26T08:24:58.457+05:30,2941,Corporate Bonds
1976411,2026-09-25T10:29:59.379+05:30,2997,Corporate Bonds
1303993,2026-09-25T16:18:27.092+05:30,2997,Corporate Bonds
2058069,2026-09-25T15:13:13.547+05:30,3014,Corporate Bonds
617762,2026-09-26T20:24:53.326+05:30,2867,Corporate Bonds
1994853,2026-09-24T17:42:32.782+05:30,3014,Corporate Bonds
2189675,2026-09-28T01:22:15.145+05:30,2941,Corporate Bonds
2217555,2026-09-25T13:30:49.773+05:30,3014,Corporate Bonds
2115478,2026-09-26T15:01:52.628+05:30,2941,Corporate Bonds
1964654,2026-09-27T12:40:17.713+05:30,2955,Corporate Bonds
2041515,2026-09-25T14:55:58.399+05:30,2858,Corporate Bonds
247814,2026-09-28T06:37:25.672+05:30,2881,Corporate Bonds
1676210,2026-09-27T19:23:41.098+05:30,2951,Corporate Bonds
1668048,2026-09-25T13:32:33.751+05:30,2902,Corporate Bonds
1057666,2026-09-27T22:05:37.19+05:30,2919,Corporate Bonds
2218991,2026-09-26T15:51:11.286+05:30,1292,High Yield FDs
2218193,2026-09-25T22:35:03.489+05:30,2881,Corporate Bonds
2217308,2026-09-25T11:10:12.516+05:30,1873,Corporate Bonds
1695865,2026-09-24T13:00:54.646+05:30,2883,Corporate Bonds
1873312,2026-09-24T10:24:31.904+05:30,2850,Corporate Bonds
2147164,2026-09-26T09:24:17.751+05:30,2953,Corporate Bonds
2184026,2026-09-25T11:43:30.68+05:30,3014,Corporate Bonds
160752,2026-09-27T23:25:39.181+05:30,2887,Corporate Bonds
2139660,2026-09-28T08:52:50.94+05:30,2858,Corporate Bonds
2160534,2026-09-25T13:17:01.023+05:30,2997,Corporate Bonds
1214885,2026-09-24T19:28:42.037+05:30,2868,Corporate Bonds
351771,2026-09-25T09:34:29.555+05:30,2506,Corporate Bonds
1554748,2026-09-26T11:15:29.965+05:30,2752,Corporate Bonds
1896921,2026-09-28T12:20:17.971+05:30,3024,Corporate Bonds
889432,2026-09-25T12:26:44.542+05:30,2872,Corporate Bonds
279416,2026-09-28T17:51:34.019+05:30,2412,Corporate Bonds
1532149,2026-09-28T18:12:20.788+05:30,2950,Corporate Bonds
2221838,2026-09-28T16:36:39.963+05:30,2873,XCase
2115825,2026-09-28T10:04:54.831+05:30,2955,Corporate Bonds
1043797,2026-09-24T09:58:08.384+05:30,2643,Securitized Debt Instruments
1271910,2026-09-28T10:39:24.09+05:30,3014,Corporate Bonds
1011785,2026-09-25T19:14:23.588+05:30,2964,Corporate Bonds
2116215,2026-09-25T19:22:15.563+05:30,2952,Corporate Bonds
2102210,2026-09-28T11:15:49.254+05:30,2955,Corporate Bonds
2216470,2026-09-27T08:05:33.493+05:30,2767,Corporate Bonds
2046374,2026-09-25T07:35:44.326+05:30,3006,Corporate Bonds
180808,2026-09-28T13:19:36.637+05:30,2900,Corporate Bonds
2216835,2026-09-25T23:44:55.964+05:30,2952,Corporate Bonds
30370,2026-09-26T13:22:59.316+05:30,2767,Corporate Bonds
2199009,2026-09-25T19:31:29.412+05:30,2981,Corporate Bonds
1286425,2026-09-27T09:50:05.875+05:30,2849,Corporate Bonds
2151815,2026-09-26T14:17:41.077+05:30,2942,Securitized Debt Instruments
2002379,2026-09-28T11:23:42.316+05:30,2872,Corporate Bonds
2042938,2026-09-26T21:46:34.666+05:30,1239,High Yield FDs
770546,2026-09-26T08:03:50.85+05:30,2964,Corporate Bonds
2021781,2026-09-25T19:16:36.563+05:30,3014,Corporate Bonds
2173922,2026-09-28T14:20:05.134+05:30,2850,Corporate Bonds
2074368,2026-09-25T11:07:42.295+05:30,2883,Corporate Bonds
293788,2026-09-28T21:01:56.863+05:30,2455,Corporate Bonds
1630696,2026-09-26T17:47:32.493+05:30,2872,Corporate Bonds
2215702,2026-09-24T14:17:01.794+05:30,2922,Corporate Bonds
2217681,2026-09-25T14:49:15.428+05:30,2874,Corporate Bonds
98689,2026-09-26T13:59:16.498+05:30,2941,Corporate Bonds
1731965,2026-09-28T18:33:06.967+05:30,2981,Corporate Bonds
1144220,2026-09-24T22:30:39.064+05:30,2942,Securitized Debt Instruments
2186859,2026-09-27T20:00:23.266+05:30,2930,Corporate Bonds
962157,2026-09-25T16:08:26.804+05:30,2794,Corporate Bonds
953908,2026-09-26T10:38:09.261+05:30,2964,Corporate Bonds
2182686,2026-09-26T00:48:32.485+05:30,2942,Securitized Debt Instruments
1105819,2026-09-28T19:31:30.551+05:30,2902,Corporate Bonds
1104040,2026-09-25T13:55:58.259+05:30,3020,Corporate Bonds
1960712,2026-09-27T21:54:14.585+05:30,2873,XCase
105275,2026-09-24T13:33:45.651+05:30,2969,XCase
2221194,2026-09-28T08:32:40.611+05:30,2952,Corporate Bonds
1849099,2026-09-24T15:02:14.015+05:30,1873,Corporate Bonds
804200,2026-09-24T21:17:55.823+05:30,2867,Corporate Bonds
2145420,2026-09-25T21:14:42.556+05:30,1292,High Yield FDs
1506752,2026-09-25T20:20:40.149+05:30,2964,Corporate Bonds
2078475,2026-09-24T09:16:51.221+05:30,2751,Corporate Bonds
136902,2026-09-24T12:17:07.012+05:30,2883,Corporate Bonds
729669,2026-09-27T19:46:23.625+05:30,2940,Corporate Bonds
1306247,2026-09-25T05:29:50.179+05:30,2872,Corporate Bonds
1019555,2026-09-25T11:56:05.794+05:30,2873,XCase
972509,2026-09-24T14:55:16.187+05:30,3014,Corporate Bonds
1511310,2026-09-25T10:32:46.318+05:30,2955,Corporate Bonds
,2026-09-28T19:18:23.24+05:30,2907,Corporate Bonds
17669,2026-09-28T13:46:44.865+05:30,2930,Corporate Bonds
1711344,2026-09-27T10:58:56.526+05:30,2842,Corporate Bonds
2180022,2026-09-28T18:56:24.909+05:30,2873,XCase
1315916,2026-09-26T14:20:39.806+05:30,2883,Corporate Bonds
1321676,2026-09-25T18:36:32.247+05:30,2643,Securitized Debt Instruments
2216136,2026-09-25T04:12:03.111+05:30,2872,Corporate Bonds
868706,2026-09-28T06:01:08.784+05:30,2895,Corporate Bonds
2068102,2026-09-24T21:33:20.483+05:30,2867,Corporate Bonds
1761049,2026-09-25T17:03:00.186+05:30,3014,Corporate Bonds
2205166,2026-09-27T19:12:39.031+05:30,1239,High Yield FDs
1930107,2026-09-24T13:40:26.875+05:30,2883,Corporate Bonds
1796085,2026-09-28T12:25:19.471+05:30,2964,Corporate Bonds
313462,2026-09-26T13:29:36.528+05:30,2982,Corporate Bonds
2160132,2026-09-26T20:58:03.559+05:30,2964,Corporate Bonds
1800690,2026-09-26T17:14:42.823+05:30,2873,XCase
2075089,2026-09-28T09:24:31.597+05:30,2969,XCase
2214822,2026-09-24T22:48:20.991+05:30,2850,Corporate Bonds
1701346,2026-09-28T19:53:02.152+05:30,2895,Corporate Bonds
2052116,2026-09-27T12:35:21.327+05:30,2867,Corporate Bonds
2201389,2026-09-25T12:59:56.502+05:30,2431,Corporate Bonds
1719670,2026-09-24T20:22:44.599+05:30,2941,Corporate Bonds
1793694,2026-09-25T12:28:18.063+05:30,2872,Corporate Bonds
2201348,2026-09-24T12:38:20.653+05:30,3014,Corporate Bonds
1903646,2026-09-28T22:20:31.782+05:30,1239,High Yield FDs
2107391,2026-09-27T09:30:51.966+05:30,2872,Corporate Bonds
2221316,2026-09-28T09:53:49.551+05:30,2941,Corporate Bonds
2190735,2026-09-28T23:27:52.376+05:30,1873,Corporate Bonds
638656,2026-09-25T12:16:45.722+05:30,2867,Corporate Bonds
2208930,2026-09-26T10:21:55.012+05:30,2868,Corporate Bonds
915791,2026-09-28T07:24:18.263+05:30,3014,Corporate Bonds
930894,2026-09-25T23:14:28.777+05:30,2955,Corporate Bonds
2217509,2026-09-25T15:11:23.419+05:30,2941,Corporate Bonds
2216648,2026-09-26T17:32:25.381+05:30,2643,Securitized Debt Instruments
1843137,2026-09-24T18:53:37.124+05:30,3014,Corporate Bonds
603523,2026-09-28T15:37:43.921+05:30,1873,Corporate Bonds
195699,2026-09-28T11:30:22.498+05:30,1292,High Yield FDs
730742,2026-09-24T00:36:21.896+05:30,1239,High Yield FDs
1194967,2026-09-24T09:30:02.632+05:30,2937,Corporate Bonds
2209094,2026-09-24T21:42:53.64+05:30,2981,Corporate Bonds
1050344,2026-09-25T11:35:14.645+05:30,2767,Corporate Bonds
998324,2026-09-24T01:42:52.045+05:30,2881,Corporate Bonds
1515984,2026-09-24T09:21:27.713+05:30,2850,Corporate Bonds
1080394,2026-09-26T20:19:07.385+05:30,1239,High Yield FDs
2220425,2026-09-28T16:44:13.152+05:30,2771,Corporate Bonds
2036677,2026-09-24T07:33:57.724+05:30,2867,Corporate Bonds
2211999,2026-09-24T15:58:01.867+05:30,3014,Corporate Bonds
2107391,2026-09-28T15:38:47.489+05:30,2769,Corporate Bonds
2051474,2026-09-24T17:52:14.608+05:30,2981,Corporate Bonds
652961,2026-09-26T09:20:52.546+05:30,1292,High Yield FDs
965678,2026-09-28T23:53:21.073+05:30,2850,Corporate Bonds
1411948,2026-09-26T23:45:38.471+05:30,2981,Corporate Bonds
2222165,2026-09-28T20:46:27.515+05:30,2751,Corporate Bonds
2215425,2026-09-24T17:52:59.218+05:30,2982,Corporate Bonds
2199009,2026-09-25T19:59:30.376+05:30,2955,Corporate Bonds
1676210,2026-09-28T22:00:22.388+05:30,1873,Corporate Bonds
1166472,2026-09-25T16:41:24.798+05:30,2872,Corporate Bonds
1785385,2026-09-24T11:16:24.274+05:30,2942,Securitized Debt Instruments
5545,2026-09-24T12:40:18.548+05:30,2982,Corporate Bonds
2216110,2026-09-25T13:54:45.424+05:30,1873,Corporate Bonds
1016643,2026-09-27T20:16:59.932+05:30,2895,Corporate Bonds
2220859,2026-09-28T17:04:22.831+05:30,2850,Corporate Bonds
2155110,2026-09-28T13:07:01.536+05:30,2895,Corporate Bonds
2185430,2026-09-25T09:48:16.133+05:30,2932,Corporate Bonds
1374253,2026-09-28T22:40:27.908+05:30,2881,Corporate Bonds
2217136,2026-09-27T07:13:53.371+05:30,2781,Corporate Bonds
1714525,2026-09-24T01:00:30.539+05:30,1873,Corporate Bonds
1515679,2026-09-26T14:37:35.612+05:30,2955,Corporate Bonds
842546,2026-09-26T15:20:40.049+05:30,2955,Corporate Bonds
588498,2026-09-26T17:19:31.064+05:30,2982,Corporate Bonds
397760,2026-09-26T21:37:30.863+05:30,2867,Corporate Bonds
2182686,2026-09-26T00:39:47.279+05:30,2858,Corporate Bonds
962157,2026-09-25T14:18:33.122+05:30,2794,Corporate Bonds
2194209,2026-09-24T18:00:02.092+05:30,2969,XCase
2039236,2026-09-25T08:22:41.236+05:30,2747,Corporate Bonds
1590834,2026-09-26T07:21:38.867+05:30,2922,Corporate Bonds
2107391,2026-09-28T16:31:35.398+05:30,2794,Corporate Bonds
2221662,2026-09-28T13:50:32.577+05:30,2751,Corporate Bonds
886826,2026-09-25T11:10:34.863+05:30,3014,Corporate Bonds
2205582,2026-09-24T10:52:37.2+05:30,2941,Corporate Bonds
1172105,2026-09-27T13:38:42.483+05:30,2941,Corporate Bonds
934877,2026-09-27T20:38:14.187+05:30,3014,Corporate Bonds
2206108,2026-09-24T23:20:46.795+05:30,2506,Corporate Bonds
2055867,2026-09-24T11:24:43.46+05:30,3014,Corporate Bonds
2010364,2026-09-24T09:43:57.01+05:30,2950,Corporate Bonds
2175819,2026-09-25T20:03:22.165+05:30,2952,Corporate Bonds
1351152,2026-09-26T11:05:34.435+05:30,2982,Corporate Bonds
2180215,2026-09-24T10:23:30.669+05:30,1873,Corporate Bonds
2060797,2026-09-28T13:00:42.14+05:30,2941,Corporate Bonds
690973,2026-09-24T22:41:19.845+05:30,2643,Securitized Debt Instruments
2095453,2026-09-25T11:22:53.313+05:30,2997,Corporate Bonds
2133104,2026-09-27T15:37:12.843+05:30,2074,Mutual Funds
2216858,2026-09-26T22:48:40.215+05:30,2855,Corporate Bonds
2220085,2026-09-28T10:02:49.169+05:30,1873,Corporate Bonds
42253,2026-09-28T23:38:12.578+05:30,2842,Corporate Bonds
889432,2026-09-24T13:55:08.185+05:30,3014,Corporate Bonds
2053457,2026-09-28T17:55:09.737+05:30,2867,Corporate Bonds
463080,2026-09-28T15:00:22.96+05:30,2964,Corporate Bonds
2095453,2026-09-25T11:40:20.023+05:30,2643,Securitized Debt Instruments
1162075,2026-09-28T09:34:04.611+05:30,2794,Corporate Bonds
65582,2026-09-28T20:37:45.764+05:30,2907,Corporate Bonds
1184032,2026-09-25T17:29:50.351+05:30,2942,Securitized Debt Instruments
1984640,2026-09-27T08:20:27.546+05:30,3006,Corporate Bonds
2205166,2026-09-27T19:16:42.464+05:30,1239,High Yield FDs
1236635,2026-09-28T22:05:14.46+05:30,2867,Corporate Bonds
463080,2026-09-27T09:36:14.972+05:30,2872,Corporate Bonds
1761883,2026-09-28T17:07:56.446+05:30,2982,Corporate Bonds
2207555,2026-09-24T19:27:06.918+05:30,2858,Corporate Bonds
1701346,2026-09-25T10:32:55.876+05:30,2981,Corporate Bonds
1514346,2026-09-28T09:37:01.927+05:30,3024,Corporate Bonds
2216136,2026-09-24T15:02:31.454+05:30,1873,Corporate Bonds
1049594,2026-09-25T12:02:56.36+05:30,3014,Corporate Bonds
2121424,2026-09-27T17:44:31.413+05:30,2941,Corporate Bonds
1429690,2026-09-25T15:53:24.255+05:30,2952,Corporate Bonds
1351152,2026-09-26T11:05:26.754+05:30,2982,Corporate Bonds
2210903,2026-09-24T07:51:34.981+05:30,3006,Corporate Bonds
2108898,2026-09-28T12:29:31.684+05:30,1292,High Yield FDs
932325,2026-09-28T19:19:50.701+05:30,2887,Corporate Bonds
2218273,2026-09-27T12:40:58.186+05:30,2956,Corporate Bonds
1904945,2026-09-25T18:41:33.726+05:30,2879,Corporate Bonds
1813538,2026-09-27T09:22:43.949+05:30,2942,Securitized Debt Instruments
2216899,2026-09-26T16:26:13.681+05:30,2942,Securitized Debt Instruments
1520427,2026-09-28T01:29:45.591+05:30,2930,Corporate Bonds
2185957,2026-09-25T20:17:05.047+05:30,2850,Corporate Bonds
770546,2026-09-27T00:02:13.643+05:30,2881,Corporate Bonds
2126734,2026-09-27T13:22:51.546+05:30,2964,Corporate Bonds
592229,2026-09-28T08:10:46.599+05:30,2506,Corporate Bonds
2220604,2026-09-27T18:45:10.205+05:30,2964,Corporate Bonds
1957076,2026-09-25T12:41:54.953+05:30,2997,Corporate Bonds
2209495,2026-09-26T16:51:28.329+05:30,2729,Mutual Funds
839687,2026-09-24T15:47:04.481+05:30,3014,Corporate Bonds
655465,2026-09-25T23:16:12.194+05:30,3014,Corporate Bonds
652961,2026-09-26T09:32:27.718+05:30,3006,Corporate Bonds
1998971,2026-09-26T13:24:05.578+05:30,2867,Corporate Bonds
1408541,2026-09-28T10:15:29.052+05:30,1873,Corporate Bonds
2221874,2026-09-28T16:18:23.309+05:30,2956,Corporate Bonds
103320,2026-09-26T17:03:53.213+05:30,2964,Corporate Bonds
2190735,2026-09-25T17:55:44.32+05:30,1873,Corporate Bonds
1095653,2026-09-25T20:10:51.353+05:30,2986,Corporate Bonds
998324,2026-09-24T01:36:15.813+05:30,2881,Corporate Bonds
2051474,2026-09-24T00:07:48.488+05:30,2849,Corporate Bonds
1077680,2026-09-28T16:34:24.842+05:30,1292,High Yield FDs
977397,2026-09-24T00:58:57.187+05:30,1292,High Yield FDs
2177572,2026-09-26T14:43:19.244+05:30,2952,Corporate Bonds
520614,2026-09-25T07:52:40.221+05:30,2867,Corporate Bonds
2217220,2026-09-25T09:32:18.689+05:30,2942,Securitized Debt Instruments
2219209,2026-09-27T11:28:22.721+05:30,2074,Mutual Funds
997197,2026-09-28T14:29:28.678+05:30,2868,Corporate Bonds
828173,2026-09-27T19:47:31.869+05:30,2952,Corporate Bonds
2214596,2026-09-28T12:00:03.938+05:30,3025,Corporate Bonds
2193399,2026-09-24T18:01:45.763+05:30,1096,High Yield FDs
1284471,2026-09-27T12:56:25.971+05:30,2964,Corporate Bonds
1982830,2026-09-25T13:12:41.073+05:30,3014,Corporate Bonds
2166312,2026-09-25T21:26:31.288+05:30,2850,Corporate Bonds
1797150,2026-09-27T06:49:22.556+05:30,2879,Corporate Bonds
1130569,2026-09-25T15:36:04.808+05:30,2919,Corporate Bonds
1793694,2026-09-25T12:16:09.163+05:30,2883,Corporate Bonds
1804037,2026-09-25T12:43:46.481+05:30,2981,Corporate Bonds
2217788,2026-09-25T16:41:40.686+05:30,3006,Corporate Bonds
397760,2026-09-26T21:25:14.808+05:30,2867,Corporate Bonds
763123,2026-09-27T23:18:02.169+05:30,2856,Corporate Bonds
17601,2026-09-24T21:20:00.16+05:30,2867,Corporate Bonds
919076,2026-09-26T11:02:08.299+05:30,2873,XCase
2191286,2026-09-24T14:25:04.617+05:30,2855,Corporate Bonds
722587,2026-09-28T08:32:38.258+05:30,2769,Corporate Bonds
1393530,2026-09-27T08:23:51.91+05:30,2918,Corporate Bonds
1538318,2026-09-26T09:59:30.839+05:30,2769,Corporate Bonds
315143,2026-09-26T09:12:57.827+05:30,2982,Corporate Bonds
2129904,2026-09-25T22:58:12.646+05:30,3014,Corporate Bonds
2076765,2026-09-24T13:20:58.235+05:30,3014,Corporate Bonds
1277673,2026-09-27T14:23:34.293+05:30,3014,Corporate Bonds
1055834,2026-09-24T09:08:47.186+05:30,2881,Corporate Bonds
2212896,2026-09-28T09:38:14.287+05:30,2982,Corporate Bonds
2064257,2026-09-25T21:22:41.228+05:30,2881,Corporate Bonds
810759,2026-09-26T18:21:23.391+05:30,2955,Corporate Bonds
677312,2026-09-26T11:29:45.818+05:30,2997,Corporate Bonds
2205241,2026-09-25T13:30:10.069+05:30,2881,Corporate Bonds
1255327,2026-09-27T12:38:31.359+05:30,2993,XCase
821138,2026-09-27T08:06:53.644+05:30,1873,Corporate Bonds
259589,2026-09-28T16:28:01.376+05:30,2964,Corporate Bonds
576524,2026-09-27T15:03:42.085+05:30,2911,Mutual Funds
2201530,2026-09-28T12:27:53.462+05:30,3014,Corporate Bonds
1508628,2026-09-25T18:10:49.862+05:30,2867,Corporate Bonds
2193399,2026-09-24T17:33:58.944+05:30,1292,High Yield FDs
726813,2026-09-24T17:18:35.959+05:30,1095,High Yield FDs
1752216,2026-09-24T21:07:18.877+05:30,2930,Corporate Bonds
2114009,2026-09-24T21:25:57.627+05:30,1239,High Yield FDs
2193399,2026-09-24T17:54:21.225+05:30,1292,High Yield FDs
2079196,2026-09-24T12:31:32.489+05:30,2907,Corporate Bonds
1280155,2026-09-27T23:14:31.273+05:30,2879,Corporate Bonds
1398634,2026-09-25T01:56:13.701+05:30,2955,Corporate Bonds
1984892,2026-09-28T21:15:22.168+05:30,1873,Corporate Bonds
1977085,2026-09-28T13:46:56.623+05:30,2941,Corporate Bonds
1118772,2026-09-27T17:52:29.116+05:30,2751,Corporate Bonds
1771184,2026-09-25T20:26:44.27+05:30,2867,Corporate Bonds
1412038,2026-09-24T16:00:31.401+05:30,1873,Corporate Bonds
2216136,2026-09-24T14:47:29.319+05:30,2794,Corporate Bonds
180808,2026-09-28T13:22:53.949+05:30,2925,Corporate Bonds
2217487,2026-09-27T22:46:33.279+05:30,2751,Corporate Bonds
2039236,2026-09-25T08:15:27.71+05:30,3014,Corporate Bonds
1120802,2026-09-28T16:49:35.689+05:30,2867,Corporate Bonds
2116215,2026-09-25T19:22:19.238+05:30,2952,Corporate Bonds
30927,2026-09-26T17:51:21.932+05:30,2964,Corporate Bonds
237212,2026-09-27T18:45:03.269+05:30,2895,Corporate Bonds
2074231,2026-09-24T10:01:10.732+05:30,2883,Corporate Bonds
2138739,2026-09-28T12:08:39.403+05:30,2887,Corporate Bonds
1458267,2026-09-27T07:08:17.105+05:30,2752,Corporate Bonds
2107391,2026-09-27T09:30:48.49+05:30,2872,Corporate Bonds
2188392,2026-09-27T15:42:31.361+05:30,2964,Corporate Bonds
,2026-09-28T18:55:58.144+05:30,2850,Corporate Bonds
2215959,2026-09-24T14:42:42.187+05:30,1873,Corporate Bonds
1919110,2026-09-28T20:50:22.3+05:30,2867,Corporate Bonds
1793694,2026-09-25T12:25:03.333+05:30,2881,Corporate Bonds
920124,2026-09-26T17:04:12.026+05:30,2751,Corporate Bonds
1265103,2026-09-28T11:40:04.83+05:30,2883,Corporate Bonds
2192638,2026-09-26T19:35:41.327+05:30,2941,Corporate Bonds
322711,2026-09-28T17:24:53.806+05:30,2902,Corporate Bonds
1736569,2026-09-26T15:39:44.78+05:30,2982,Corporate Bonds
2084917,2026-09-26T14:45:04.389+05:30,1873,Corporate Bonds
2162023,2026-09-28T17:27:15.027+05:30,2941,Corporate Bonds
1445403,2026-09-28T07:53:58.897+05:30,2883,Corporate Bonds
2142149,2026-09-25T10:12:56.2+05:30,2908,Corporate Bonds
2215315,2026-09-24T08:03:28.616+05:30,2850,Corporate Bonds
1823791,2026-09-26T13:47:53.852+05:30,2964,Corporate Bonds
1195296,2026-09-25T12:34:34.544+05:30,2879,Corporate Bonds
1462594,2026-09-24T14:57:12.933+05:30,2751,Corporate Bonds
468335,2026-09-26T19:16:55.407+05:30,2942,Securitized Debt Instruments
1680825,2026-09-28T08:51:39.97+05:30,3025,Corporate Bonds
2082849,2026-09-26T18:03:36.799+05:30,2849,Corporate Bonds
1199382,2026-09-24T13:18:01.727+05:30,2776,Corporate Bonds
1126771,2026-09-25T23:41:17.589+05:30,2879,Corporate Bonds
1098980,2026-09-27T15:21:55.845+05:30,2955,Corporate Bonds
1534298,2026-09-26T15:04:19.155+05:30,2840,Corporate Bonds
1893042,2026-09-26T15:47:02.112+05:30,2872,Corporate Bonds
1110373,2026-09-25T12:58:17.328+05:30,2879,Corporate Bonds
857114,2026-09-26T01:32:59.017+05:30,2849,Corporate Bonds
1962563,2026-09-26T21:47:29.086+05:30,1239,High Yield FDs
708369,2026-09-24T17:45:03.209+05:30,1292,High Yield FDs
91283,2026-09-25T14:48:22.327+05:30,2932,Corporate Bonds
2191286,2026-09-25T12:50:56.301+05:30,2955,Corporate Bonds
2199980,2026-09-26T11:33:26.975+05:30,2643,Securitized Debt Instruments
1399057,2026-09-27T09:52:57.15+05:30,2942,Securitized Debt Instruments
1575880,2026-09-24T15:26:51.583+05:30,1292,High Yield FDs
1909201,2026-09-25T13:28:47.305+05:30,3014,Corporate Bonds
2038263,2026-09-25T14:17:22.393+05:30,3014,Corporate Bonds
1962563,2026-09-24T21:30:42.423+05:30,1239,High Yield FDs
1249346,2026-09-27T08:15:40.74+05:30,2881,Corporate Bonds
1475766,2026-09-25T12:39:11.692+05:30,2895,Corporate Bonds
1265103,2026-09-24T01:01:19.264+05:30,2867,Corporate Bonds
62938,2026-09-24T17:54:16.579+05:30,2918,Corporate Bonds
2208930,2026-09-25T17:54:26.388+05:30,2881,Corporate Bonds
1779031,2026-09-26T09:08:49.122+05:30,2872,Corporate Bonds
2144812,2026-09-26T10:51:55.94+05:30,2856,Corporate Bonds
2116215,2026-09-25T19:22:18.567+05:30,2952,Corporate Bonds
1721468,2026-09-27T23:41:41.747+05:30,2951,Corporate Bonds
1386671,2026-09-24T03:23:51.969+05:30,2883,Corporate Bonds
1679054,2026-09-28T15:29:05.327+05:30,2643,Securitized Debt Instruments
850780,2026-09-27T08:51:45.657+05:30,2883,Corporate Bonds
2068102,2026-09-25T18:10:49.07+05:30,2794,Corporate Bonds
2089542,2026-09-28T08:45:55.747+05:30,2881,Corporate Bonds
1616284,2026-09-24T10:32:13.78+05:30,2942,Securitized Debt Instruments
920192,2026-09-24T14:52:47.424+05:30,2767,Corporate Bonds
2116215,2026-09-25T19:22:17.564+05:30,2952,Corporate Bonds
2211621,2026-09-27T14:59:27.041+05:30,2982,Corporate Bonds
746190,2026-09-25T06:59:26.052+05:30,2767,Corporate Bonds
1101131,2026-09-24T12:45:01.338+05:30,2910,Corporate Bonds
1194704,2026-09-27T17:09:36.643+05:30,2880,Corporate Bonds
2202610,2026-09-26T21:27:34.813+05:30,2850,Corporate Bonds
2156873,2026-09-27T12:01:04.888+05:30,2867,Corporate Bonds
842964,2026-09-24T13:04:25.099+05:30,2911,Mutual Funds
743866,2026-09-24T21:57:14.662+05:30,2964,Corporate Bonds
2169984,2026-09-26T16:09:06.674+05:30,2941,Corporate Bonds
2127710,2026-09-24T19:33:07.502+05:30,3014,Corporate Bonds
2067634,2026-09-24T17:20:41.829+05:30,2499,Corporate Bonds
1260488,2026-09-25T17:40:56.509+05:30,2981,Corporate Bonds
2074538,2026-09-24T01:10:37.582+05:30,2982,Corporate Bonds
1556494,2026-09-25T10:09:25.997+05:30,2997,Corporate Bonds
2216722,2026-09-25T20:06:24.986+05:30,2771,Corporate Bonds
1003130,2026-09-24T13:32:41.15+05:30,2895,Corporate Bonds
2219248,2026-09-26T17:52:20.413+05:30,2942,Securitized Debt Instruments
2116215,2026-09-25T19:22:20.612+05:30,2952,Corporate Bonds
877632,2026-09-27T22:45:28.746+05:30,2858,Corporate Bonds
1306247,2026-09-24T21:57:57.556+05:30,2872,Corporate Bonds
835258,2026-09-27T09:43:29.215+05:30,2918,Corporate Bonds
190692,2026-09-25T08:53:58.558+05:30,2643,Securitized Debt Instruments
1297371,2026-09-27T17:34:51.897+05:30,2955,Corporate Bonds
1075384,2026-09-24T14:29:16.107+05:30,2986,Corporate Bonds
1845003,2026-09-25T11:12:57.963+05:30,1095,High Yield FDs
2095453,2026-09-25T11:29:22.819+05:30,2941,Corporate Bonds
937401,2026-09-26T09:00:46.196+05:30,2922,Corporate Bonds
356462,2026-09-28T22:56:50.108+05:30,2794,Corporate Bonds
1528434,2026-09-27T14:10:58.944+05:30,2964,Corporate Bonds
779427,2026-09-24T12:29:46.731+05:30,3014,Corporate Bonds
1894596,2026-09-28T01:21:19.504+05:30,2856,Corporate Bonds
2035975,2026-09-27T20:00:34.101+05:30,2643,Securitized Debt Instruments
2178819,2026-09-25T16:04:20.396+05:30,2941,Corporate Bonds
2206679,2026-09-25T05:29:22.131+05:30,2868,Corporate Bonds
1829303,2026-09-26T10:28:58.92+05:30,2982,Corporate Bonds
2206679,2026-09-26T17:46:26.095+05:30,2868,Corporate Bonds
1250586,2026-09-24T14:29:19.302+05:30,2986,Corporate Bonds
959925,2026-09-24T13:00:29.747+05:30,3014,Corporate Bonds
1981480,2026-09-24T12:51:58.316+05:30,1873,Corporate Bonds
2053486,2026-09-24T20:14:15.218+05:30,2883,Corporate Bonds
349802,2026-09-28T06:59:00.871+05:30,2867,Corporate Bonds
2216254,2026-09-24T15:41:29.975+05:30,3014,Corporate Bonds
2099366,2026-09-28T09:37:13.223+05:30,2431,Corporate Bonds
2221217,2026-09-28T08:44:25.564+05:30,2941,Corporate Bonds
671109,2026-09-26T16:34:43.95+05:30,2643,Securitized Debt Instruments
1813501,2026-09-24T17:41:16.295+05:30,1239,High Yield FDs
2096765,2026-09-24T09:41:08.772+05:30,2895,Corporate Bonds
1168222,2026-09-28T16:14:38.38+05:30,3025,Corporate Bonds
907759,2026-09-27T17:13:11.965+05:30,2930,Corporate Bonds
2140833,2026-09-26T22:15:05.202+05:30,3014,Corporate Bonds
2010364,2026-09-24T09:45:01.125+05:30,2950,Corporate Bonds
1359110,2026-09-25T20:32:46.51+05:30,2879,Corporate Bonds
29613,2026-09-25T17:26:23.439+05:30,2951,Corporate Bonds
2198120,2026-09-24T16:14:28.763+05:30,2883,Corporate Bonds
1820039,2026-09-24T08:21:30.679+05:30,2964,Corporate Bonds
2116215,2026-09-25T19:22:16.426+05:30,2952,Corporate Bonds
1407780,2026-09-26T11:38:09.344+05:30,2942,Securitized Debt Instruments
46908,2026-09-26T23:00:45.296+05:30,2751,Corporate Bonds
2116215,2026-09-25T18:03:23.538+05:30,2830,Corporate Bonds
723599,2026-09-27T01:18:18.76+05:30,2982,Corporate Bonds
1983161,2026-09-24T19:08:45.605+05:30,1873,Corporate Bonds
1438343,2026-09-26T14:06:18.591+05:30,3014,Corporate Bonds
1271910,2026-09-27T07:52:38.443+05:30,2930,Corporate Bonds
975996,2026-09-24T20:01:55.27+05:30,2872,Corporate Bonds
880562,2026-09-26T11:07:43.03+05:30,2867,Corporate Bonds
1628923,2026-09-28T22:00:38.75+05:30,1873,Corporate Bonds
1480347,2026-09-28T14:49:26.483+05:30,2867,Corporate Bonds
2215130,2026-09-24T22:05:56.921+05:30,2771,Corporate Bonds
2212193,2026-09-28T17:07:45.929+05:30,2850,Corporate Bonds
2103171,2026-09-28T19:21:44.554+05:30,2843,Corporate Bonds
2208395,2026-09-24T16:13:53.815+05:30,2902,Corporate Bonds
1475766,2026-09-25T12:02:28.719+05:30,2874,Corporate Bonds
352,2026-09-25T10:20:00.856+05:30,2942,Securitized Debt Instruments
1261827,2026-09-25T14:15:06.404+05:30,3014,Corporate Bonds
2221856,2026-09-28T19:06:11.101+05:30,2982,Corporate Bonds
769296,2026-09-26T08:01:09.807+05:30,2858,Corporate Bonds
1645206,2026-09-28T22:50:56.652+05:30,1873,Corporate Bonds
1169084,2026-09-24T12:42:10.807+05:30,2955,Corporate Bonds
1837329,2026-09-27T00:43:20.183+05:30,2751,Corporate Bonds
2116215,2026-09-25T19:22:21.131+05:30,2952,Corporate Bonds
2177572,2026-09-28T07:46:24.219+05:30,3025,Corporate Bonds
2081326,2026-09-27T06:04:24.554+05:30,2883,Corporate Bonds
2216573,2026-09-24T20:44:01.086+05:30,2850,Corporate Bonds
1748891,2026-09-27T19:19:24.741+05:30,2858,Corporate Bonds
1493679,2026-09-26T20:17:05.75+05:30,2867,Corporate Bonds
915791,2026-09-24T12:02:16.247+05:30,3014,Corporate Bonds
801567,2026-09-24T13:23:37.237+05:30,2879,Corporate Bonds
2116215,2026-09-25T19:22:17.223+05:30,2952,Corporate Bonds
173285,2026-09-25T23:10:12.584+05:30,2930,Corporate Bonds
1298147,2026-09-24T12:29:51.306+05:30,3014,Corporate Bonds
2214640,2026-09-25T12:07:21.683+05:30,2643,Securitized Debt Instruments
2220036,2026-09-27T11:58:57.251+05:30,2919,Corporate Bonds
2217842,2026-09-25T18:01:25.475+05:30,2964,Corporate Bonds
739574,2026-09-24T11:38:18.448+05:30,3014,Corporate Bonds
1311856,2026-09-24T19:09:36.167+05:30,2883,Corporate Bonds
2044990,2026-09-25T09:11:53.662+05:30,2872,Corporate Bonds
1398634,2026-09-28T15:09:58.684+05:30,2955,Corporate Bonds
1258378,2026-09-25T23:38:08.418+05:30,2883,Corporate Bonds
1291976,2026-09-24T00:01:34.147+05:30,2863,Corporate Bonds
1520427,2026-09-28T02:20:28.732+05:30,2895,Corporate Bonds
944015,2026-09-25T17:39:29.641+05:30,2883,Corporate Bonds
2216110,2026-09-25T13:55:51.74+05:30,1873,Corporate Bonds
1889771,2026-09-25T10:43:53.999+05:30,2930,Corporate Bonds
950408,2026-09-27T19:50:13.68+05:30,2993,XCase
2206679,2026-09-27T08:30:58.786+05:30,2868,Corporate Bonds
1906490,2026-09-27T09:09:28.617+05:30,2856,Corporate Bonds
1150813,2026-09-28T21:04:55.761+05:30,2407,Corporate Bonds
1052719,2026-09-28T22:41:59.011+05:30,2883,Corporate Bonds
588743,2026-09-24T12:48:04.2+05:30,2883,Corporate Bonds
2156039,2026-09-28T10:47:12.863+05:30,2850,Corporate Bonds
1282938,2026-09-25T22:50:01.445+05:30,2881,Corporate Bonds
981192,2026-09-26T17:02:07.993+05:30,2922,Corporate Bonds
1508628,2026-09-27T08:37:31.477+05:30,2867,Corporate Bonds
2105455,2026-09-28T21:11:38.61+05:30,2880,Corporate Bonds
715615,2026-09-24T13:16:30.386+05:30,3014,Corporate Bonds
887918,2026-09-28T07:32:02.884+05:30,2902,Corporate Bonds
1983161,2026-09-25T19:47:33.661+05:30,2952,Corporate Bonds
2111426,2026-09-27T10:02:48.115+05:30,2767,Corporate Bonds
1845253,2026-09-25T21:44:51.064+05:30,2953,Corporate Bonds
1498056,2026-09-28T19:06:39.026+05:30,2751,Corporate Bonds
972319,2026-09-27T11:32:38.073+05:30,2982,Corporate Bonds
747991,2026-09-26T18:48:48.276+05:30,2969,XCase
1542735,2026-09-26T11:37:53.158+05:30,2942,Securitized Debt Instruments
1122535,2026-09-26T19:24:47.397+05:30,2941,Corporate Bonds
1053409,2026-09-27T22:04:11.9+05:30,2909,Corporate Bonds
1508628,2026-09-27T10:18:18.228+05:30,2867,Corporate Bonds
995649,2026-09-25T17:31:30.274+05:30,2883,Corporate Bonds
712759,2026-09-28T10:39:56.24+05:30,2883,Corporate Bonds
839687,2026-09-24T14:44:40.936+05:30,3014,Corporate Bonds
2131070,2026-09-24T19:46:34.847+05:30,2868,Corporate Bonds
784112,2026-09-27T17:42:35.281+05:30,2899,Mutual Funds
2222165,2026-09-28T20:47:57.036+05:30,2751,Corporate Bonds
2054608,2026-09-24T11:34:07.75+05:30,3014,Corporate Bonds
1515679,2026-09-25T00:36:54.806+05:30,2849,Corporate Bonds
1496268,2026-09-28T08:11:45.638+05:30,2955,Corporate Bonds
2209542,2026-09-25T10:16:35.686+05:30,3006,Corporate Bonds
2213521,2026-09-24T14:30:46.239+05:30,2941,Corporate Bonds
76140,2026-09-27T11:28:47.942+05:30,2883,Corporate Bonds
1737974,2026-09-24T22:11:21.43+05:30,2955,Corporate Bonds
1211803,2026-09-26T08:21:57.7+05:30,2919,Corporate Bonds
1296882,2026-09-25T17:24:34.668+05:30,2953,Corporate Bonds
1815430,2026-09-27T08:37:35.129+05:30,2751,Corporate Bonds
2188392,2026-09-27T15:38:13.568+05:30,2883,Corporate Bonds
937680,2026-09-28T19:27:16.334+05:30,2941,Corporate Bonds
125358,2026-09-24T11:10:14.645+05:30,3014,Corporate Bonds
1951435,2026-09-28T22:10:11.041+05:30,2941,Corporate Bonds
1539440,2026-09-25T19:32:43.474+05:30,2941,Corporate Bonds
1488137,2026-09-25T11:50:06.796+05:30,2840,Corporate Bonds
1211803,2026-09-26T08:15:11.129+05:30,2947,Corporate Bonds
2215700,2026-09-24T07:08:40.724+05:30,1873,Corporate Bonds
1873312,2026-09-25T18:33:44.627+05:30,2911,Mutual Funds
1625049,2026-09-28T21:30:50.886+05:30,2982,Corporate Bonds
2139467,2026-09-25T19:33:01.364+05:30,2868,Corporate Bonds
1625910,2026-09-27T10:07:23.029+05:30,2969,XCase
1514346,2026-09-24T18:29:33.216+05:30,2895,Corporate Bonds
2170690,2026-09-28T15:53:56.051+05:30,2874,Corporate Bonds
2169076,2026-09-26T15:59:22.644+05:30,2982,Corporate Bonds
910494,2026-09-24T11:47:44.172+05:30,3014,Corporate Bonds
2220571,2026-09-27T18:25:54.349+05:30,2956,Corporate Bonds
1443837,2026-09-28T11:12:57.571+05:30,2867,Corporate Bonds
1892616,2026-09-28T12:23:08.785+05:30,3024,Corporate Bonds
2217842,2026-09-25T18:41:12.658+05:30,2964,Corporate Bonds
2187621,2026-09-25T21:17:35.828+05:30,1873,Corporate Bonds
1520610,2026-09-28T16:17:16.56+05:30,1873,Corporate Bonds
1075858,2026-09-24T23:09:55.145+05:30,2858,Corporate Bonds
990163,2026-09-28T20:54:23.793+05:30,1239,High Yield FDs
2086082,2026-09-28T10:26:30.36+05:30,1095,High Yield FDs
2199770,2026-09-24T11:59:31.324+05:30,3014,Corporate Bonds
2202666,2026-09-28T05:06:37.626+05:30,2872,Corporate Bonds
1055129,2026-09-27T11:53:59.804+05:30,2951,Corporate Bonds
2213520,2026-09-27T19:56:39.267+05:30,2850,Corporate Bonds
1795643,2026-09-27T11:17:02.739+05:30,2982,Corporate Bonds
1973073,2026-09-25T13:19:19.735+05:30,1239,High Yield FDs
2193399,2026-09-24T10:08:31.983+05:30,1095,High Yield FDs
2105270,2026-09-27T08:43:12.485+05:30,2982,Corporate Bonds
1311856,2026-09-24T19:10:44.366+05:30,2883,Corporate Bonds
1964654,2026-09-27T12:37:30.694+05:30,2955,Corporate Bonds
2218258,2026-09-26T00:02:25.802+05:30,3006,Corporate Bonds
1517236,2026-09-28T14:59:14.121+05:30,2982,Corporate Bonds
2219623,2026-09-26T23:46:04.21+05:30,2890,Corporate Bonds
2053075,2026-09-26T09:37:00.686+05:30,2982,Corporate Bonds
857784,2026-09-26T14:42:43.606+05:30,1239,High Yield FDs
2194705,2026-09-26T07:37:37.665+05:30,2951,Corporate Bonds
2010364,2026-09-25T14:41:21.757+05:30,2950,Corporate Bonds
1984876,2026-09-28T18:01:42.235+05:30,2840,Corporate Bonds
839687,2026-09-24T15:46:34.467+05:30,3014,Corporate Bonds
747991,2026-09-26T18:48:46.633+05:30,2969,XCase
2195823,2026-09-24T05:40:46.552+05:30,2940,Corporate Bonds
319454,2026-09-24T10:08:27.707+05:30,3014,Corporate Bonds
1515679,2026-09-24T22:07:01.147+05:30,2957,Corporate Bonds
1834483,2026-09-26T16:44:05.502+05:30,2751,Corporate Bonds
1271910,2026-09-28T10:44:51.444+05:30,2964,Corporate Bonds
960600,2026-09-24T16:14:10.413+05:30,2883,Corporate Bonds
123222,2026-09-26T20:19:42.035+05:30,2883,Corporate Bonds
915791,2026-09-28T07:23:14.348+05:30,2412,Corporate Bonds
1556515,2026-09-28T18:01:43.053+05:30,2843,Corporate Bonds
2176033,2026-09-25T14:55:18.721+05:30,2895,Corporate Bonds
883847,2026-09-25T09:08:29.984+05:30,2930,Corporate Bonds
2128509,2026-09-25T23:40:10.42+05:30,3014,Corporate Bonds
1288156,2026-09-24T14:28:14.337+05:30,2937,Corporate Bonds
835504,2026-09-27T22:54:32.842+05:30,2981,Corporate Bonds
1180633,2026-09-24T14:06:01.991+05:30,2774,Corporate Bonds
1719363,2026-09-27T18:03:07.038+05:30,2955,Corporate Bonds
1282340,2026-09-28T17:02:07.669+05:30,2757,Corporate Bonds
1210138,2026-09-26T09:23:49.537+05:30,1292,High Yield FDs
2215280,2026-09-24T21:23:34.496+05:30,2895,Corporate Bonds
375934,2026-09-26T13:29:59.847+05:30,2872,Corporate Bonds
2055867,2026-09-24T08:41:57.262+05:30,3006,Corporate Bonds
2175918,2026-09-28T17:35:36.156+05:30,2881,Corporate Bonds
957896,2026-09-24T14:12:48.76+05:30,2895,Corporate Bonds
709201,2026-09-25T20:58:39.931+05:30,2982,Corporate Bonds
1508804,2026-09-26T10:01:59.919+05:30,2867,Corporate Bonds
17669,2026-09-28T13:46:10.271+05:30,2930,Corporate Bonds
1812712,2026-09-25T21:19:45.252+05:30,3006,Corporate Bonds
1019555,2026-09-24T20:00:48.695+05:30,2769,Corporate Bonds
137045,2026-09-25T08:00:28.698+05:30,2882,Corporate Bonds
202482,2026-09-28T07:01:20.413+05:30,2964,Corporate Bonds
654777,2026-09-28T21:48:14.602+05:30,3014,Corporate Bonds
2130951,2026-09-26T14:40:47.453+05:30,2843,Corporate Bonds
2071071,2026-09-28T12:25:31.163+05:30,2900,Corporate Bonds
2215280,2026-09-24T09:04:34.44+05:30,1873,Corporate Bonds
2219377,2026-09-27T20:17:40.149+05:30,2812,Corporate Bonds
2105669,2026-09-28T00:19:48.232+05:30,2867,Corporate Bonds
880361,2026-09-24T13:57:43.986+05:30,1292,High Yield FDs
2219008,2026-09-26T15:40:46.368+05:30,2941,Corporate Bonds
1445372,2026-09-25T18:52:51.496+05:30,2952,Corporate Bonds
1523595,2026-09-26T10:28:55.858+05:30,2873,XCase
2178870,2026-09-24T18:07:39.76+05:30,2074,Mutual Funds
109898,2026-09-25T22:04:07.865+05:30,1873,Corporate Bonds
1091020,2026-09-28T08:16:57.289+05:30,3026,Corporate Bonds
819905,2026-09-25T17:10:52.977+05:30,2872,Corporate Bonds
2216568,2026-09-24T20:29:06.841+05:30,2941,Corporate Bonds
1355941,2026-09-28T18:21:45.902+05:30,2881,Corporate Bonds
2205166,2026-09-27T13:59:05.987+05:30,1239,High Yield FDs
1118869,2026-09-25T11:22:28.998+05:30,2872,Corporate Bonds
2159758,2026-09-27T22:04:15.968+05:30,2930,Corporate Bonds
679806,2026-09-26T18:27:35.943+05:30,2883,Corporate Bonds
1595153,2026-09-24T16:49:08.143+05:30,1292,High Yield FDs
1124030,2026-09-27T12:23:21.467+05:30,2986,Corporate Bonds
2209125,2026-09-27T12:33:13.095+05:30,2956,Corporate Bonds
2152407,2026-09-25T14:46:34.778+05:30,2850,Corporate Bonds
937401,2026-09-25T17:57:41.915+05:30,2922,Corporate Bonds
1719670,2026-09-25T14:38:42.526+05:30,2964,Corporate Bonds
2199009,2026-09-26T21:06:20.707+05:30,2955,Corporate Bonds
1022276,2026-09-25T18:52:41.391+05:30,2867,Corporate Bonds
2149390,2026-09-28T04:21:17.598+05:30,1095,High Yield FDs
1740026,2026-09-25T14:21:10.553+05:30,2872,Corporate Bonds
2039236,2026-09-25T11:37:09.01+05:30,2781,Corporate Bonds
2217879,2026-09-25T17:51:28.435+05:30,2941,Corporate Bonds
2194484,2026-09-24T22:27:26.665+05:30,2942,Securitized Debt Instruments
2217842,2026-09-25T18:23:23.23+05:30,2902,Corporate Bonds
1000702,2026-09-25T17:22:19.246+05:30,2982,Corporate Bonds
1179416,2026-09-25T15:12:14.054+05:30,2997,Corporate Bonds
2140404,2026-09-28T12:18:12.949+05:30,3024,Corporate Bonds
2130875,2026-09-25T19:38:44.436+05:30,3014,Corporate Bonds
2145013,2026-09-27T13:36:08.183+05:30,2902,Corporate Bonds
2111125,2026-09-25T12:26:25.557+05:30,3014,Corporate Bonds
2178964,2026-09-27T14:16:37.633+05:30,2850,Corporate Bonds
1984387,2026-09-24T01:37:45.645+05:30,2955,Corporate Bonds
1429690,2026-09-28T04:10:03.12+05:30,2952,Corporate Bonds
2122209,2026-09-25T12:59:22.628+05:30,2942,Securitized Debt Instruments
2217284,2026-09-25T10:47:04.717+05:30,2941,Corporate Bonds
1913035,2026-09-24T15:37:34.281+05:30,1873,Corporate Bonds
1745359,2026-09-28T19:59:18.603+05:30,2952,Corporate Bonds
512421,2026-09-26T10:46:53.002+05:30,2953,Corporate Bonds
1608020,2026-09-27T12:40:30.439+05:30,2942,Securitized Debt Instruments
1986243,2026-09-27T22:53:27.603+05:30,2895,Corporate Bonds
732568,2026-09-28T11:45:00.799+05:30,3024,Corporate Bonds
722587,2026-09-28T08:27:57.727+05:30,2955,Corporate Bonds
2219366,2026-09-26T19:23:35.214+05:30,2751,Corporate Bonds
842747,2026-09-27T23:33:15.931+05:30,2883,Corporate Bonds
2065006,2026-09-27T14:33:14.641+05:30,2895,Corporate Bonds
874310,2026-09-24T11:27:23.428+05:30,2643,Securitized Debt Instruments
514220,2026-09-24T17:29:52.067+05:30,2858,Corporate Bonds
1321676,2026-09-24T18:58:12.548+05:30,2643,Securitized Debt Instruments
704742,2026-09-25T23:12:35.344+05:30,2954,Corporate Bonds
2178964,2026-09-27T14:24:04.526+05:30,2771,Corporate Bonds
1695841,2026-09-24T11:02:54.708+05:30,2767,Corporate Bonds
1885718,2026-09-27T21:13:25.155+05:30,1873,Corporate Bonds
2183383,2026-09-28T09:31:52.546+05:30,2956,Corporate Bonds
2011535,2026-09-27T16:01:25.611+05:30,1873,Corporate Bonds
652961,2026-09-25T16:39:33.392+05:30,1095,High Yield FDs
2212002,2026-09-24T13:05:15.143+05:30,2950,Corporate Bonds
1766488,2026-09-24T14:44:08.463+05:30,2982,Corporate Bonds
1022276,2026-09-24T14:52:33.667+05:30,2412,Corporate Bonds
1948827,2026-09-28T12:50:38.46+05:30,2883,Corporate Bonds
2202877,2026-09-25T18:36:17.257+05:30,2982,Corporate Bonds
1405296,2026-09-27T23:42:49.713+05:30,2867,Corporate Bonds
65582,2026-09-27T17:18:54.919+05:30,2907,Corporate Bonds
1121348,2026-09-28T10:58:52.679+05:30,2875,Corporate Bonds
2078354,2026-09-24T10:09:00.173+05:30,2883,Corporate Bonds
1917808,2026-09-28T21:53:02.005+05:30,2407,Corporate Bonds
1616074,2026-09-28T14:55:58.169+05:30,2922,Corporate Bonds
36409,2026-09-24T19:25:25.881+05:30,2964,Corporate Bonds
1237414,2026-09-24T18:58:47.407+05:30,2902,Corporate Bonds
1144873,2026-09-26T11:50:15.544+05:30,2964,Corporate Bonds
421948,2026-09-26T10:01:23.223+05:30,2794,Corporate Bonds
803884,2026-09-28T12:32:34.138+05:30,2751,Corporate Bonds
2218610,2026-09-27T21:39:29.113+05:30,2982,Corporate Bonds
1977466,2026-09-24T17:41:55.908+05:30,2902,Corporate Bonds
1064871,2026-09-27T00:24:19.831+05:30,2942,Securitized Debt Instruments
2216136,2026-09-24T15:02:20.841+05:30,1873,Corporate Bonds
2215059,2026-09-24T10:37:45.956+05:30,2767,Corporate Bonds
287118,2026-09-25T17:53:44.221+05:30,2951,Corporate Bonds
1580963,2026-09-28T20:01:22.736+05:30,2883,Corporate Bonds
20998,2026-09-24T12:21:12.706+05:30,2873,XCase
2117900,2026-09-26T15:23:52.106+05:30,2981,Corporate Bonds
2035696,2026-09-24T21:12:57.81+05:30,2950,Corporate Bonds
1828011,2026-09-28T21:56:28.626+05:30,2895,Corporate Bonds
1310872,2026-09-26T22:23:36.487+05:30,2867,Corporate Bonds
2198120,2026-09-27T00:08:14.92+05:30,2996,Corporate Bonds
46908,2026-09-26T20:16:45.028+05:30,2751,Corporate Bonds
356462,2026-09-25T11:34:30.065+05:30,1239,High Yield FDs
2209125,2026-09-27T12:28:20.574+05:30,2956,Corporate Bonds
1554748,2026-09-26T11:15:26.56+05:30,2752,Corporate Bonds
2203253,2026-09-24T11:21:26.61+05:30,1873,Corporate Bonds
418224,2026-09-26T10:38:43.07+05:30,2942,Securitized Debt Instruments
421948,2026-09-26T09:54:37.101+05:30,1873,Corporate Bonds
2198169,2026-09-25T07:36:19.589+05:30,2895,Corporate Bonds
2213240,2026-09-24T11:25:04.134+05:30,2747,Corporate Bonds
2219174,2026-09-27T14:54:04.196+05:30,2757,Corporate Bonds
1547791,2026-09-28T07:48:02.209+05:30,2951,Corporate Bonds
2209877,2026-09-26T18:22:53.58+05:30,2982,Corporate Bonds
2217021,2026-09-25T05:23:45.875+05:30,1873,Corporate Bonds
2053457,2026-09-27T16:59:13.049+05:30,2883,Corporate Bonds
530966,2026-09-25T14:54:19.031+05:30,1873,Corporate Bonds
1891041,2026-09-28T19:41:59.244+05:30,2335,Corporate Bonds
2220492,2026-09-27T17:25:48.267+05:30,1873,Corporate Bonds
1974382,2026-09-25T04:58:17.535+05:30,2757,Corporate Bonds
2214822,2026-09-24T22:40:36.623+05:30,2850,Corporate Bonds
2163821,2026-09-24T12:45:06.496+05:30,2922,Corporate Bonds
2212733,2026-09-24T16:43:27.73+05:30,2982,Corporate Bonds
1797339,2026-09-26T23:51:02.767+05:30,3006,Corporate Bonds
2048638,2026-09-28T02:22:23.2+05:30,2873,XCase
2209190,2026-09-28T21:55:11.684+05:30,2919,Corporate Bonds
1298157,2026-09-24T11:23:14.537+05:30,2858,Corporate Bonds
136902,2026-09-24T12:20:10.332+05:30,2883,Corporate Bonds
211798,2026-09-24T10:27:08.776+05:30,1873,Corporate Bonds
375934,2026-09-26T13:29:10.059+05:30,2872,Corporate Bonds
1162075,2026-09-28T22:30:07.636+05:30,2918,Corporate Bonds
2211581,2026-09-27T17:38:50.264+05:30,2868,Corporate Bonds
2107391,2026-09-28T15:42:23.179+05:30,1096,High Yield FDs
1095264,2026-09-25T22:22:10.79+05:30,2873,XCase
2212581,2026-09-27T17:33:47.391+05:30,2794,Corporate Bonds
1979268,2026-09-27T08:36:35.999+05:30,2751,Corporate Bonds
1744221,2026-09-28T16:26:11.63+05:30,2643,Securitized Debt Instruments
2049143,2026-09-25T10:50:41.677+05:30,2982,Corporate Bonds
745343,2026-09-24T08:49:39.08+05:30,2942,Securitized Debt Instruments
1385901,2026-09-27T23:19:06.346+05:30,2964,Corporate Bonds
1727210,2026-09-25T10:22:57.893+05:30,2997,Corporate Bonds
1928156,2026-09-27T19:46:33.517+05:30,2856,Corporate Bonds
1351896,2026-09-24T12:57:51.256+05:30,2867,Corporate Bonds
2147733,2026-09-28T08:07:43.951+05:30,2856,Corporate Bonds
2217905,2026-09-25T18:12:35.006+05:30,2964,Corporate Bonds
2208930,2026-09-26T10:16:33.445+05:30,2757,Corporate Bonds
319454,2026-09-28T09:40:23.297+05:30,2412,Corporate Bonds
2219932,2026-09-27T10:28:07.431+05:30,1239,High Yield FDs
2086082,2026-09-28T11:18:43.772+05:30,1095,High Yield FDs
2207034,2026-09-25T20:49:04.99+05:30,2794,Corporate Bonds
1019555,2026-09-25T11:51:43.752+05:30,2883,Corporate Bonds
1663000,2026-09-26T10:20:51.161+05:30,2751,Corporate Bonds
780312,2026-09-27T15:57:29.066+05:30,2431,Corporate Bonds
2120435,2026-09-28T19:29:26.63+05:30,2895,Corporate Bonds
2220859,2026-09-27T23:06:23.318+05:30,2941,Corporate Bonds
194173,2026-09-27T13:13:09.751+05:30,2942,Securitized Debt Instruments
672693,2026-09-25T01:18:08.066+05:30,1873,Corporate Bonds
1616284,2026-09-24T10:33:12.208+05:30,2942,Securitized Debt Instruments
2069108,2026-09-24T22:12:33.753+05:30,2902,Corporate Bonds
1197772,2026-09-25T11:03:09.897+05:30,2964,Corporate Bonds
677312,2026-09-26T11:29:45.792+05:30,2997,Corporate Bonds
2175947,2026-09-28T17:51:57.327+05:30,2952,Corporate Bonds
1597841,2026-09-28T23:02:31.723+05:30,1239,High Yield FDs
1601971,2026-09-25T19:16:16.162+05:30,1873,Corporate Bonds
1633729,2026-09-26T05:14:36.31+05:30,2872,Corporate Bonds
1528980,2026-09-27T18:14:17.589+05:30,2849,Corporate Bonds
2214121,2026-09-24T08:49:58.019+05:30,2982,Corporate Bonds
2147074,2026-09-28T19:44:49.861+05:30,2982,Corporate Bonds
2221610,2026-09-28T13:34:45.288+05:30,1873,Corporate Bonds
2090671,2026-09-28T09:07:08.797+05:30,2953,Corporate Bonds
2149051,2026-09-28T12:51:37.495+05:30,2895,Corporate Bonds
2217793,2026-09-25T19:56:40.271+05:30,2982,Corporate Bonds
319454,2026-09-28T09:43:51.407+05:30,2956,Corporate Bonds
1255036,2026-09-25T19:26:18.606+05:30,2794,Corporate Bonds
2169126,2026-09-25T07:44:41.918+05:30,2868,Corporate Bonds
2034340,2026-09-27T22:02:44.159+05:30,2895,Corporate Bonds
2149213,2026-09-27T21:30:06.38+05:30,2949,Corporate Bonds
954233,2026-09-24T16:23:07.335+05:30,3014,Corporate Bonds
2106199,2026-09-24T12:04:57.467+05:30,2881,Corporate Bonds
1532149,2026-09-26T00:50:23.225+05:30,2964,Corporate Bonds
1166472,2026-09-25T12:37:19.352+05:30,2997,Corporate Bonds
1815430,2026-09-24T20:11:20.329+05:30,2729,Mutual Funds
2177565,2026-09-24T12:05:58.434+05:30,2941,Corporate Bonds
1822453,2026-09-28T23:23:13.5+05:30,2751,Corporate Bonds
671109,2026-09-26T16:34:52.142+05:30,2643,Securitized Debt Instruments
2112120,2026-09-28T08:10:06.153+05:30,2881,Corporate Bonds
1150813,2026-09-28T21:06:59.43+05:30,2407,Corporate Bonds
1244968,2026-09-28T19:57:17.579+05:30,2643,Securitized Debt Instruments
1165042,2026-09-26T22:32:17.849+05:30,2867,Corporate Bonds
915791,2026-09-24T11:59:35.721+05:30,3014,Corporate Bonds
1688407,2026-09-24T18:15:03.402+05:30,2964,Corporate Bonds
652269,2026-09-26T15:18:21.058+05:30,2867,Corporate Bonds
956159,2026-09-27T14:54:36.08+05:30,2769,Corporate Bonds
1287354,2026-09-25T12:51:37.387+05:30,2609,Corporate Bonds
2019218,2026-09-27T07:03:57.376+05:30,3006,Corporate Bonds
1532149,2026-09-25T19:55:15.103+05:30,2951,Corporate Bonds
1926339,2026-09-24T15:45:13.998+05:30,2883,Corporate Bonds
1294244,2026-09-28T18:34:25.162+05:30,2955,Corporate Bonds
2145420,2026-09-25T21:23:33.957+05:30,2881,Corporate Bonds
2195906,2026-09-27T11:34:27.401+05:30,2964,Corporate Bonds
1430448,2026-09-24T19:15:39.195+05:30,3014,Corporate Bonds
432978,2026-09-25T01:41:31.298+05:30,2981,Corporate Bonds
2161948,2026-09-24T17:03:47.429+05:30,2883,Corporate Bonds
2208930,2026-09-25T17:42:24.549+05:30,1873,Corporate Bonds
499784,2026-09-25T18:48:29.773+05:30,2902,Corporate Bonds
1685214,2026-09-27T11:23:32.982+05:30,2953,Corporate Bonds
1515399,2026-09-27T18:47:23.724+05:30,2858,Corporate Bonds
1978524,2026-09-24T18:57:32.828+05:30,2747,Corporate Bonds
2214404,2026-09-26T21:50:58.618+05:30,2850,Corporate Bonds
2010364,2026-09-24T00:13:35.022+05:30,2840,Corporate Bonds
1420931,2026-09-25T07:54:07.167+05:30,2858,Corporate Bonds
710880,2026-09-27T22:48:59.614+05:30,2883,Corporate Bonds
342460,2026-09-25T13:54:54.754+05:30,2955,Corporate Bonds
2215419,2026-09-26T13:19:35.115+05:30,2954,Corporate Bonds
2109656,2026-09-28T20:01:57.965+05:30,3025,Corporate Bonds
2217258,2026-09-25T10:18:16.992+05:30,2781,Corporate Bonds
1118952,2026-09-27T14:49:43.621+05:30,2900,Corporate Bonds
2030922,2026-09-24T17:42:07.946+05:30,2858,Corporate Bonds
1778141,2026-09-28T10:24:53.501+05:30,2872,Corporate Bonds
1120749,2026-09-24T21:50:09.451+05:30,2822,XCase
2065207,2026-09-26T11:43:55.182+05:30,2867,Corporate Bonds
1840391,2026-09-26T06:19:22.933+05:30,2867,Corporate Bonds
2165714,2026-09-28T01:23:26.744+05:30,2941,Corporate Bonds
2147082,2026-09-28T14:37:00.774+05:30,3023,Corporate Bonds
1321676,2026-09-24T12:37:42.917+05:30,2643,Securitized Debt Instruments
1175738,2026-09-26T00:42:01.767+05:30,2954,Corporate Bonds
1515653,2026-09-24T11:56:40.022+05:30,1873,Corporate Bonds
1794721,2026-09-24T16:16:13.537+05:30,2932,Corporate Bonds
1904945,2026-09-25T17:49:27.701+05:30,2879,Corporate Bonds
1986243,2026-09-27T23:13:06.377+05:30,2895,Corporate Bonds
1804037,2026-09-25T14:43:10.596+05:30,2849,Corporate Bonds
1846696,2026-09-25T15:59:40.785+05:30,2942,Securitized Debt Instruments
801567,2026-09-24T07:07:00.13+05:30,2930,Corporate Bonds
1973938,2026-09-25T17:01:24.868+05:30,2883,Corporate Bonds
1884342,2026-09-24T18:44:21.333+05:30,2872,Corporate Bonds
779773,2026-09-24T17:34:59.64+05:30,2843,Corporate Bonds
1923186,2026-09-25T10:19:22.979+05:30,2873,XCase
1124187,2026-09-25T15:17:04.366+05:30,2873,XCase
2188227,2026-09-25T17:05:30.508+05:30,1292,High Yield FDs
1277673,2026-09-27T21:39:55.911+05:30,2902,Corporate Bonds
2111661,2026-09-27T13:08:41.877+05:30,2781,Corporate Bonds
915791,2026-09-24T12:00:10.66+05:30,3014,Corporate Bonds
2216957,2026-09-26T23:24:51.295+05:30,2906,Corporate Bonds
2176040,2026-09-26T11:48:17.787+05:30,2858,Corporate Bonds
1042695,2026-09-28T19:54:43.365+05:30,2874,Corporate Bonds
6442,2026-09-25T12:08:44.46+05:30,3006,Corporate Bonds
2088788,2026-09-24T01:14:37.74+05:30,2856,Corporate Bonds
2173922,2026-09-28T15:55:02.477+05:30,2506,Corporate Bonds
2156512,2026-09-25T22:17:10.335+05:30,2881,Corporate Bonds
2218169,2026-09-25T22:19:02.825+05:30,3006,Corporate Bonds
2220153,2026-09-27T13:08:24.882+05:30,2982,Corporate Bonds
1872815,2026-09-24T19:57:20.778+05:30,2932,Corporate Bonds
2219254,2026-09-26T23:42:41.212+05:30,2863,Corporate Bonds
11711,2026-09-25T21:07:35.222+05:30,2964,Corporate Bonds
2121325,2026-09-26T12:17:49.734+05:30,2982,Corporate Bonds
762471,2026-09-24T17:31:22.525+05:30,3014,Corporate Bonds
1192394,2026-09-27T01:31:43.133+05:30,2982,Corporate Bonds
1431051,2026-09-28T18:42:07.638+05:30,2643,Securitized Debt Instruments
1095264,2026-09-24T16:45:05.29+05:30,2868,Corporate Bonds
1534298,2026-09-26T15:03:07.322+05:30,2840,Corporate Bonds
998324,2026-09-24T01:36:16.132+05:30,2881,Corporate Bonds
1650715,2026-09-25T21:54:24.085+05:30,1239,High Yield FDs
2195171,2026-09-27T13:34:43.132+05:30,2895,Corporate Bonds
1475766,2026-09-25T12:48:56.866+05:30,1873,Corporate Bonds
1360147,2026-09-25T10:00:49.187+05:30,2849,Corporate Bonds
30231,2026-09-24T23:21:13.374+05:30,2942,Securitized Debt Instruments
1293654,2026-09-25T20:45:00.387+05:30,2873,XCase
1843137,2026-09-24T18:48:23.289+05:30,3014,Corporate Bonds
1288156,2026-09-24T17:28:57.929+05:30,2994,Corporate Bonds
2159614,2026-09-28T22:14:16.758+05:30,2875,Corporate Bonds
1668039,2026-09-24T15:02:36.918+05:30,3014,Corporate Bonds
1977085,2026-09-28T13:46:57.055+05:30,2941,Corporate Bonds
459476,2026-09-24T15:11:26.786+05:30,3014,Corporate Bonds
1496531,2026-09-27T17:10:59.74+05:30,2412,Corporate Bonds
2007588,2026-09-24T15:21:40.239+05:30,3014,Corporate Bonds
2128509,2026-09-25T23:33:01.745+05:30,2955,Corporate Bonds
1963971,2026-09-25T20:31:30.487+05:30,2932,Corporate Bonds
1047830,2026-09-25T14:28:00.544+05:30,2940,Corporate Bonds
2176137,2026-09-28T17:07:44.522+05:30,2954,Corporate Bonds
2008220,2026-09-28T18:46:08.082+05:30,2643,Securitized Debt Instruments
1841099,2026-09-27T00:05:17.23+05:30,2881,Corporate Bonds
2195171,2026-09-27T13:28:38.402+05:30,2895,Corporate Bonds
2193399,2026-09-25T10:40:05.132+05:30,1095,High Yield FDs
65582,2026-09-24T16:05:32.408+05:30,2907,Corporate Bonds
1321974,2026-09-27T10:28:16.342+05:30,2867,Corporate Bonds
2043960,2026-09-26T07:15:33.965+05:30,3014,Corporate Bonds
28297,2026-09-24T10:48:09.788+05:30,2858,Corporate Bonds
1291101,2026-09-26T19:19:52.919+05:30,2992,Corporate Bonds
510191,2026-09-24T10:35:24.946+05:30,2431,Corporate Bonds
1815430,2026-09-25T10:53:43.261+05:30,2930,Corporate Bonds
2123449,2026-09-24T13:12:55.266+05:30,3014,Corporate Bonds
2117382,2026-09-25T09:47:30.225+05:30,3014,Corporate Bonds
1130569,2026-09-25T15:35:57.947+05:30,2919,Corporate Bonds
1587967,2026-09-28T19:44:45.507+05:30,1873,Corporate Bonds
2221554,2026-09-28T12:35:56.735+05:30,2850,Corporate Bonds
1919207,2026-09-24T21:58:31.635+05:30,1873,Corporate Bonds
993403,2026-09-28T21:27:07.713+05:30,2455,Corporate Bonds
1104163,2026-09-24T13:50:46.915+05:30,2751,Corporate Bonds
1940463,2026-09-27T17:20:42.603+05:30,2868,Corporate Bonds
215667,2026-09-24T20:24:24.063+05:30,2932,Corporate Bonds
1043797,2026-09-24T10:16:51.647+05:30,2643,Securitized Debt Instruments
1906560,2026-09-25T22:27:28.529+05:30,2883,Corporate Bonds
2109686,2026-09-24T12:19:53.182+05:30,2873,XCase
416176,2026-09-25T20:47:50.077+05:30,2909,Corporate Bonds
2195466,2026-09-26T12:35:35.729+05:30,2757,Corporate Bonds
1981250,2026-09-24T15:44:02.601+05:30,2883,Corporate Bonds
2081859,2026-09-24T10:37:23.309+05:30,2941,Corporate Bonds
1265103,2026-09-28T11:42:31.63+05:30,2883,Corporate Bonds
1980334,2026-09-27T20:04:39.932+05:30,3014,Corporate Bonds
2210903,2026-09-24T07:42:43.474+05:30,2751,Corporate Bonds
872218,2026-09-28T12:52:07.105+05:30,2842,Corporate Bonds
1761249,2026-09-26T09:55:50.153+05:30,2872,Corporate Bonds
1796611,2026-09-25T13:49:51.456+05:30,2867,Corporate Bonds
1075858,2026-09-24T23:08:30.261+05:30,2858,Corporate Bonds
2164564,2026-09-26T14:40:23.519+05:30,2992,Corporate Bonds
1194780,2026-09-25T14:12:37.684+05:30,2873,XCase
355757,2026-09-24T15:25:19.747+05:30,2883,Corporate Bonds
1033420,2026-09-27T12:30:00.727+05:30,2931,Corporate Bonds
2139467,2026-09-25T19:43:23.21+05:30,2881,Corporate Bonds
980105,2026-09-24T13:03:06.262+05:30,2941,Corporate Bonds
2219422,2026-09-26T20:18:10.834+05:30,2751,Corporate Bonds
1019555,2026-09-25T11:51:40.878+05:30,2883,Corporate Bonds
1250625,2026-09-24T15:37:28.152+05:30,2867,Corporate Bonds
2218124,2026-09-27T08:35:40.841+05:30,3006,Corporate Bonds
2059823,2026-09-27T16:32:48.12+05:30,2902,Corporate Bonds
1653122,2026-09-24T21:33:36.944+05:30,2751,Corporate Bonds
841170,2026-09-26T10:46:17.482+05:30,2872,Corporate Bonds
1664313,2026-09-26T20:53:50.635+05:30,2942,Securitized Debt Instruments
846638,2026-09-27T11:32:53.625+05:30,2883,Corporate Bonds
421948,2026-09-26T09:53:41.21+05:30,1873,Corporate Bonds
2213999,2026-09-24T10:23:28.939+05:30,3014,Corporate Bonds
1916419,2026-09-25T12:39:50.738+05:30,2997,Corporate Bonds
1163111,2026-09-25T13:16:16.195+05:30,2993,XCase
2010364,2026-09-24T09:46:41.384+05:30,2856,Corporate Bonds
1262735,2026-09-27T11:27:23.681+05:30,2941,Corporate Bonds
469290,2026-09-26T19:51:43.456+05:30,2867,Corporate Bonds
2191960,2026-09-24T15:00:18.691+05:30,1873,Corporate Bonds
2213240,2026-09-24T11:24:52.955+05:30,2747,Corporate Bonds
196996,2026-09-28T11:56:03.848+05:30,2767,Corporate Bonds
194173,2026-09-27T13:24:23.063+05:30,2412,Corporate Bonds
2214994,2026-09-24T22:49:47.479+05:30,2751,Corporate Bonds
2108898,2026-09-28T12:56:59.673+05:30,2982,Corporate Bonds
690973,2026-09-24T22:40:57.248+05:30,2643,Securitized Debt Instruments
901935,2026-09-26T23:05:12.103+05:30,1292,High Yield FDs
1514513,2026-09-25T23:53:55.058+05:30,2872,Corporate Bonds
939987,2026-09-24T14:22:44.539+05:30,1239,High Yield FDs
1923186,2026-09-24T12:26:40.019+05:30,2942,Securitized Debt Instruments
65582,2026-09-27T10:42:47.103+05:30,2907,Corporate Bonds
1463468,2026-09-28T08:21:10.386+05:30,2964,Corporate Bonds
1956239,2026-09-25T19:43:34.142+05:30,2751,Corporate Bonds
,2026-09-28T06:58:11.754+05:30,2883,Corporate Bonds
1630696,2026-09-26T17:48:10.723+05:30,2872,Corporate Bonds
879805,2026-09-26T10:01:14.915+05:30,2873,XCase
515729,2026-09-25T19:38:33.758+05:30,2942,Securitized Debt Instruments
2198120,2026-09-27T12:16:38.115+05:30,2930,Corporate Bonds
748340,2026-09-27T23:14:23.552+05:30,2643,Securitized Debt Instruments
2190990,2026-09-26T10:18:45.054+05:30,2955,Corporate Bonds
2190033,2026-09-24T14:14:22.265+05:30,3014,Corporate Bonds
2175947,2026-09-28T17:51:55.634+05:30,2952,Corporate Bonds
2107391,2026-09-27T09:08:30.02+05:30,2843,Corporate Bonds
2178027,2026-09-28T11:19:40.832+05:30,2867,Corporate Bonds
1597841,2026-09-28T23:11:12.974+05:30,1239,High Yield FDs
1931581,2026-09-25T12:58:21.931+05:30,2855,Corporate Bonds
1287354,2026-09-25T12:38:24.787+05:30,2940,Corporate Bonds
1719670,2026-09-25T19:36:26.973+05:30,2964,Corporate Bonds
1197404,2026-09-28T14:47:49.782+05:30,2964,Corporate Bonds
980105,2026-09-24T13:03:09.591+05:30,2941,Corporate Bonds
239794,2026-09-25T17:03:06.332+05:30,2942,Securitized Debt Instruments
916458,2026-09-24T10:33:00.753+05:30,2949,Corporate Bonds
887025,2026-09-25T09:26:18.563+05:30,1873,Corporate Bonds
2053893,2026-09-27T13:47:16.818+05:30,2895,Corporate Bonds
538382,2026-09-24T12:49:41.805+05:30,2942,Securitized Debt Instruments
207361,2026-09-28T23:10:57.787+05:30,2996,Corporate Bonds
2204472,2026-09-25T15:39:06.319+05:30,2941,Corporate Bonds
2220466,2026-09-28T15:48:36.179+05:30,2907,Corporate Bonds
2005180,2026-09-25T11:20:28.83+05:30,2872,Corporate Bonds
535695,2026-09-28T18:05:25.301+05:30,2972,Corporate Bonds
1216144,2026-09-28T23:35:29.111+05:30,2881,Corporate Bonds
2217497,2026-09-25T17:55:10.214+05:30,2954,Corporate Bonds
2215315,2026-09-24T08:03:29.093+05:30,2850,Corporate Bonds
856597,2026-09-25T22:14:32.249+05:30,2981,Corporate Bonds
530966,2026-09-25T15:01:13.205+05:30,1873,Corporate Bonds
779636,2026-09-26T19:00:29.212+05:30,2867,Corporate Bonds
1813501,2026-09-26T20:39:52.662+05:30,2883,Corporate Bonds
652269,2026-09-26T15:22:39.432+05:30,2867,Corporate Bonds
1515517,2026-09-25T21:40:33.572+05:30,2883,Corporate Bonds
2218308,2026-09-26T00:38:48.992+05:30,2882,Corporate Bonds
1884342,2026-09-24T18:40:57.231+05:30,2883,Corporate Bonds
2196968,2026-09-28T13:53:09.413+05:30,2918,Corporate Bonds
1842121,2026-09-25T22:58:19.857+05:30,2883,Corporate Bonds
697628,2026-09-28T17:32:13.417+05:30,2729,Mutual Funds
966357,2026-09-24T12:26:54.131+05:30,2879,Corporate Bonds
1590834,2026-09-26T07:27:06.304+05:30,2907,Corporate Bonds
198671,2026-09-25T02:21:56.057+05:30,2751,Corporate Bonds
707747,2026-09-27T01:23:10.844+05:30,2895,Corporate Bonds
2128044,2026-09-24T19:20:09.394+05:30,3014,Corporate Bonds
1832715,2026-09-28T02:33:22.331+05:30,2872,Corporate Bonds
664337,2026-09-27T02:58:38.677+05:30,2982,Corporate Bonds
1393226,2026-09-26T10:09:16.837+05:30,2982,Corporate Bonds
1148227,2026-09-24T11:13:42.014+05:30,2867,Corporate Bonds
1690515,2026-09-28T12:52:38.928+05:30,2729,Mutual Funds
998324,2026-09-24T01:36:14.197+05:30,2881,Corporate Bonds
2190990,2026-09-26T10:23:14.778+05:30,2955,Corporate Bonds
2082849,2026-09-28T21:52:47.78+05:30,3014,Corporate Bonds
2072868,2026-09-25T17:15:46.547+05:30,2942,Securitized Debt Instruments
1180633,2026-09-24T14:05:08.716+05:30,2992,Corporate Bonds
2214088,2026-09-25T00:22:23.027+05:30,2868,Corporate Bonds
463080,2026-09-25T15:09:01.991+05:30,2964,Corporate Bonds
2195757,2026-09-27T09:49:01.82+05:30,2856,Corporate Bonds
1233424,2026-09-28T21:35:51.795+05:30,2887,Corporate Bonds
2207919,2026-09-24T23:25:29.174+05:30,3014,Corporate Bonds
2208930,2026-09-28T14:22:22.739+05:30,2922,Corporate Bonds
65582,2026-09-25T14:16:48.531+05:30,2867,Corporate Bonds
1950224,2026-09-26T12:35:13.641+05:30,2969,XCase
296508,2026-09-26T10:10:37.315+05:30,2964,Corporate Bonds
2149332,2026-09-25T01:16:40.01+05:30,2751,Corporate Bonds
1554748,2026-09-26T11:15:33.398+05:30,2752,Corporate Bonds
1830845,2026-09-27T08:56:18.9+05:30,2883,Corporate Bonds
1282340,2026-09-28T17:00:55.012+05:30,2757,Corporate Bonds
2218905,2026-09-27T12:28:33.334+05:30,2930,Corporate Bonds
932325,2026-09-28T19:09:28.269+05:30,1292,High Yield FDs
1958229,2026-09-24T20:56:39.958+05:30,1873,Corporate Bonds
2180446,2026-09-24T01:40:31.92+05:30,2883,Corporate Bonds
2209055,2026-09-28T13:10:59.568+05:30,2867,Corporate Bonds
1425968,2026-09-27T16:31:58.201+05:30,1873,Corporate Bonds
1889771,2026-09-28T13:55:31.612+05:30,2867,Corporate Bonds
2204280,2026-09-25T18:01:53.219+05:30,2982,Corporate Bonds
937401,2026-09-25T17:57:35.841+05:30,2922,Corporate Bonds
1053409,2026-09-27T22:02:23.973+05:30,2994,Corporate Bonds
1377652,2026-09-26T09:13:27.121+05:30,2752,Corporate Bonds
2112120,2026-09-28T08:12:17.361+05:30,2881,Corporate Bonds
180222,2026-09-27T19:50:26.151+05:30,2952,Corporate Bonds
1038314,2026-09-25T00:13:38.191+05:30,3006,Corporate Bonds
837385,2026-09-24T22:54:27.488+05:30,3014,Corporate Bonds
2215702,2026-09-27T22:08:46.011+05:30,3025,Corporate Bonds
181919,2026-09-28T13:16:30.666+05:30,2867,Corporate Bonds
1664313,2026-09-26T20:53:53.772+05:30,2942,Securitized Debt Instruments
1063946,2026-09-25T13:55:59.119+05:30,3020,Corporate Bonds
2205241,2026-09-26T01:26:41.006+05:30,2850,Corporate Bonds
564357,2026-09-25T19:42:35.227+05:30,2883,Corporate Bonds
2140684,2026-09-25T19:32:27.144+05:30,2922,Corporate Bonds
2102212,2026-09-24T11:39:00.637+05:30,3014,Corporate Bonds
2221969,2026-09-28T17:50:02.511+05:30,2964,Corporate Bonds
2201389,2026-09-25T12:59:29.787+05:30,2506,Corporate Bonds
1906490,2026-09-27T09:08:42.376+05:30,2856,Corporate Bonds
2123114,2026-09-26T17:16:08.733+05:30,2955,Corporate Bonds
842964,2026-09-24T13:04:10.813+05:30,2911,Mutual Funds
709269,2026-09-24T23:53:55.512+05:30,2955,Corporate Bonds
1139328,2026-09-27T22:35:19.343+05:30,2856,Corporate Bonds
2065006,2026-09-25T07:56:35.992+05:30,2956,Corporate Bonds
1042548,2026-09-25T17:41:57.82+05:30,2997,Corporate Bonds
1832872,2026-09-24T03:32:09.304+05:30,2733,Corporate Bonds
797715,2026-09-28T12:17:23.394+05:30,2856,Corporate Bonds
1425968,2026-09-27T16:25:29.278+05:30,2951,Corporate Bonds
2148549,2026-09-25T21:28:47.632+05:30,2954,Corporate Bonds
1175738,2026-09-28T01:28:06.044+05:30,2751,Corporate Bonds
893117,2026-09-27T10:59:26.218+05:30,2849,Corporate Bonds
2217482,2026-09-25T12:54:55.798+05:30,2908,Corporate Bonds
1631295,2026-09-25T22:11:28.297+05:30,3014,Corporate Bonds
940433,2026-09-24T12:12:43.345+05:30,2767,Corporate Bonds
1075456,2026-09-26T12:14:19.749+05:30,3023,Corporate Bonds
2053893,2026-09-27T13:53:54.213+05:30,2942,Securitized Debt Instruments
1264362,2026-09-24T09:56:06.23+05:30,3014,Corporate Bonds
2214532,2026-09-25T20:55:33.386+05:30,2643,Securitized Debt Instruments
2219356,2026-09-26T19:38:27.469+05:30,2942,Securitized Debt Instruments
2116215,2026-09-25T19:22:20.695+05:30,2952,Corporate Bonds
2013163,2026-09-25T22:14:50.605+05:30,2932,Corporate Bonds
277407,2026-09-27T21:55:54.326+05:30,2757,Corporate Bonds
2150045,2026-09-25T21:17:11.122+05:30,2951,Corporate Bonds
2117382,2026-09-25T13:17:20.785+05:30,3014,Corporate Bonds
977397,2026-09-24T00:55:12.956+05:30,1292,High Yield FDs
1205933,2026-09-28T10:38:23.397+05:30,2431,Corporate Bonds
141227,2026-09-28T23:44:39.324+05:30,2752,Corporate Bonds
1496118,2026-09-28T20:21:52.786+05:30,2981,Corporate Bonds
1364808,2026-09-27T18:33:23.115+05:30,2964,Corporate Bonds
2000698,2026-09-27T11:12:09.032+05:30,2952,Corporate Bonds
2216428,2026-09-24T18:17:56.569+05:30,2858,Corporate Bonds
1980334,2026-09-27T19:43:55.463+05:30,1239,High Yield FDs
1124187,2026-09-25T15:18:00.072+05:30,2873,XCase
1158140,2026-09-26T16:05:13.451+05:30,2964,Corporate Bonds
2219652,2026-09-27T16:11:10.947+05:30,2902,Corporate Bonds
29712,2026-09-26T17:50:06.919+05:30,2964,Corporate Bonds
2218317,2026-09-26T08:28:00.804+05:30,2863,Corporate Bonds
514220,2026-09-24T17:17:38.44+05:30,2955,Corporate Bonds
715908,2026-09-25T14:22:54.799+05:30,2867,Corporate Bonds
1845253,2026-09-25T21:24:45.815+05:30,2951,Corporate Bonds
2222198,2026-09-28T20:51:54.311+05:30,2932,Corporate Bonds
471571,2026-09-27T23:19:33.258+05:30,3014,Corporate Bonds
2024371,2026-09-28T15:54:15.066+05:30,2895,Corporate Bonds
2221969,2026-09-28T17:49:45.583+05:30,2964,Corporate Bonds
2086082,2026-09-28T11:10:47.602+05:30,1095,High Yield FDs
1719670,2026-09-25T14:56:19.242+05:30,2956,Corporate Bonds
875959,2026-09-28T12:30:54.413+05:30,3024,Corporate Bonds
239794,2026-09-25T17:05:21.251+05:30,3014,Corporate Bonds
910201,2026-09-24T17:34:05.779+05:30,2855,Corporate Bonds
2163512,2026-09-27T21:55:29.887+05:30,2895,Corporate Bonds
2195757,2026-09-27T09:54:22.092+05:30,2875,Corporate Bonds
835258,2026-09-27T09:35:19.271+05:30,2918,Corporate Bonds
382010,2026-09-25T15:49:28.319+05:30,2982,Corporate Bonds
1077652,2026-09-26T18:30:03.865+05:30,3014,Corporate Bonds
1664313,2026-09-26T22:03:21.728+05:30,2941,Corporate Bonds
1021633,2026-09-26T10:43:51.521+05:30,2751,Corporate Bonds
1634939,2026-09-24T00:06:06.574+05:30,1239,High Yield FDs
1298147,2026-09-28T12:01:19.573+05:30,2883,Corporate Bonds
2109686,2026-09-24T12:26:46.437+05:30,2873,XCase
1844587,2026-09-27T22:45:19.067+05:30,3026,Corporate Bonds
2215280,2026-09-24T20:55:40.542+05:30,2941,Corporate Bonds
1650715,2026-09-24T15:24:36.321+05:30,2881,Corporate Bonds
2107391,2026-09-27T09:08:25.717+05:30,2843,Corporate Bonds
2127091,2026-09-27T19:50:57.807+05:30,2867,Corporate Bonds
2218557,2026-09-26T20:56:33.598+05:30,2931,Corporate Bonds
915791,2026-09-25T15:10:22.684+05:30,3014,Corporate Bonds
697628,2026-09-28T17:34:16.64+05:30,2729,Mutual Funds
1022276,2026-09-24T14:52:27.155+05:30,2412,Corporate Bonds
489295,2026-09-24T08:39:17.79+05:30,2867,Corporate Bonds
2064257,2026-09-25T21:25:22.569+05:30,2930,Corporate Bonds
1059091,2026-09-24T09:07:12.063+05:30,2986,Corporate Bonds
2221230,2026-09-28T08:52:44.274+05:30,2881,Corporate Bonds
2074538,2026-09-24T01:13:08.618+05:30,2982,Corporate Bonds
1050344,2026-09-26T08:14:22.03+05:30,2940,Corporate Bonds
1907003,2026-09-25T19:37:09.057+05:30,2925,Corporate Bonds
2217905,2026-09-25T18:12:12.85+05:30,2964,Corporate Bonds
2188298,2026-09-25T11:29:22.319+05:30,2982,Corporate Bonds
883252,2026-09-24T14:38:55.126+05:30,2849,Corporate Bonds
2199775,2026-09-28T19:08:47.254+05:30,2868,Corporate Bonds
710880,2026-09-25T22:04:42.241+05:30,2856,Corporate Bonds
1282334,2026-09-27T09:45:06.689+05:30,2951,Corporate Bonds
2218130,2026-09-26T22:01:30.092+05:30,2729,Mutual Funds
2215947,2026-09-28T22:08:19.006+05:30,1873,Corporate Bonds
2177456,2026-09-25T18:49:56.07+05:30,2942,Securitized Debt Instruments
827675,2026-09-24T02:42:21.981+05:30,2955,Corporate Bonds
2216665,2026-09-26T09:50:53.722+05:30,1292,High Yield FDs
2129494,2026-09-25T21:35:05.055+05:30,2941,Corporate Bonds
2103171,2026-09-28T19:18:34.59+05:30,2843,Corporate Bonds
1542339,2026-09-25T01:57:55.162+05:30,2872,Corporate Bonds
2220407,2026-09-27T16:04:05.792+05:30,2874,Corporate Bonds
103653,2026-09-25T10:40:32.867+05:30,2919,Corporate Bonds
1475766,2026-09-25T12:02:57.026+05:30,2874,Corporate Bonds
1881124,2026-09-24T10:19:48.802+05:30,2883,Corporate Bonds
2105270,2026-09-27T08:43:11.553+05:30,2982,Corporate Bonds
1080394,2026-09-26T21:17:36.184+05:30,1239,High Yield FDs
1992176,2026-09-26T20:43:45.398+05:30,2951,Corporate Bonds
1044291,2026-09-25T01:09:02.824+05:30,2895,Corporate Bonds
703302,2026-09-25T18:51:22.021+05:30,2951,Corporate Bonds
2159614,2026-09-24T19:15:38.332+05:30,2643,Securitized Debt Instruments
727783,2026-09-25T22:37:22.735+05:30,2931,Corporate Bonds
2149332,2026-09-24T13:55:26.172+05:30,2751,Corporate Bonds
1698738,2026-09-28T15:50:56.684+05:30,2964,Corporate Bonds
1334667,2026-09-24T23:04:49.133+05:30,2872,Corporate Bonds
1209328,2026-09-28T11:19:33.458+05:30,2955,Corporate Bonds
924450,2026-09-24T13:58:01.261+05:30,2955,Corporate Bonds
1049855,2026-09-25T18:34:12.269+05:30,2883,Corporate Bonds
,2026-09-28T22:35:46.593+05:30,3014,Corporate Bonds
2219664,2026-09-27T00:24:20.176+05:30,2751,Corporate Bonds
2059829,2026-09-24T17:39:09.211+05:30,1292,High Yield FDs
2187338,2026-09-27T15:34:47.299+05:30,2982,Corporate Bonds
2210936,2026-09-27T11:41:45.639+05:30,2964,Corporate Bonds
2116215,2026-09-25T19:22:18.887+05:30,2952,Corporate Bonds
2217842,2026-09-25T18:04:02.126+05:30,2964,Corporate Bonds
1557051,2026-09-27T09:11:16.256+05:30,2964,Corporate Bonds
1059446,2026-09-27T17:08:17.193+05:30,2643,Securitized Debt Instruments
103653,2026-09-25T12:02:52.564+05:30,2919,Corporate Bonds
1841099,2026-09-26T23:57:20.191+05:30,2881,Corporate Bonds
2212454,2026-09-27T15:14:32.753+05:30,2873,XCase
651368,2026-09-25T18:18:48.131+05:30,2957,Corporate Bonds
1532149,2026-09-25T19:55:55.832+05:30,2951,Corporate Bonds
651368,2026-09-25T18:09:59.022+05:30,2964,Corporate Bonds
1534298,2026-09-26T14:30:17.961+05:30,2918,Corporate Bonds
2051713,2026-09-27T11:11:24.571+05:30,2867,Corporate Bonds
613537,2026-09-28T12:20:51.183+05:30,2867,Corporate Bonds
2093453,2026-09-24T17:00:58.875+05:30,3014,Corporate Bonds
776337,2026-09-28T09:08:18.62+05:30,2873,XCase
2195906,2026-09-27T11:38:46.312+05:30,2964,Corporate Bonds
643930,2026-09-24T14:19:48.501+05:30,2881,Corporate Bonds
2217025,2026-09-27T20:19:38.199+05:30,2830,Corporate Bonds
1458267,2026-09-27T06:30:39.938+05:30,2951,Corporate Bonds
292718,2026-09-27T16:35:06.115+05:30,2751,Corporate Bonds
2220503,2026-09-27T17:22:44.341+05:30,2863,Corporate Bonds
2108898,2026-09-28T12:58:43.218+05:30,2850,Corporate Bonds
2149332,2026-09-26T19:39:32.169+05:30,2751,Corporate Bonds
2218169,2026-09-25T22:08:43.067+05:30,2729,Mutual Funds
2211499,2026-09-28T16:30:43.079+05:30,2883,Corporate Bonds
50225,2026-09-24T11:02:06.254+05:30,3014,Corporate Bonds
1918619,2026-09-25T21:33:17.591+05:30,2951,Corporate Bonds
1946670,2026-09-25T09:16:06.378+05:30,2868,Corporate Bonds
1115962,2026-09-26T08:17:51.959+05:30,1873,Corporate Bonds
1520978,2026-09-25T00:31:13.428+05:30,2942,Securitized Debt Instruments
2216187,2026-09-24T14:28:04.806+05:30,2941,Corporate Bonds
1401664,2026-09-24T13:32:18.808+05:30,3014,Corporate Bonds
1832872,2026-09-24T03:43:32.815+05:30,2895,Corporate Bonds
1180633,2026-09-24T14:07:31.036+05:30,2873,XCase
980105,2026-09-24T13:03:09.885+05:30,2941,Corporate Bonds
1936428,2026-09-27T16:49:27.599+05:30,2895,Corporate Bonds
137045,2026-09-25T07:42:19.258+05:30,2895,Corporate Bonds
1846696,2026-09-25T11:17:53.22+05:30,2942,Securitized Debt Instruments
873855,2026-09-24T10:52:22.608+05:30,2881,Corporate Bonds
1673811,2026-09-24T09:44:28.359+05:30,2856,Corporate Bonds
899821,2026-09-28T06:52:59.217+05:30,2881,Corporate Bonds
468335,2026-09-26T19:20:09.052+05:30,2873,XCase
2212002,2026-09-24T12:55:31.421+05:30,2918,Corporate Bonds
1105819,2026-09-28T19:08:20.976+05:30,2902,Corporate Bonds
1044291,2026-09-24T15:56:59.57+05:30,2867,Corporate Bonds
1498887,2026-09-27T20:35:24.164+05:30,2930,Corporate Bonds
2128985,2026-09-24T23:37:04.248+05:30,3014,Corporate Bonds
684340,2026-09-24T08:54:36.367+05:30,2941,Corporate Bonds
1948145,2026-09-24T11:56:00.065+05:30,3014,Corporate Bonds
2001743,2026-09-27T11:24:19.215+05:30,2812,Corporate Bonds
2215420,2026-09-24T07:52:17.679+05:30,2982,Corporate Bonds
663559,2026-09-28T10:46:50.078+05:30,2883,Corporate Bonds
1604879,2026-09-25T14:00:13.544+05:30,2982,Corporate Bonds
2220646,2026-09-27T19:52:37.47+05:30,2850,Corporate Bonds
2215420,2026-09-24T07:56:20.504+05:30,2956,Corporate Bonds
671109,2026-09-26T16:34:48.748+05:30,2643,Securitized Debt Instruments
50726,2026-09-28T22:43:11.968+05:30,2883,Corporate Bonds
2195466,2026-09-26T10:29:44.752+05:30,2856,Corporate Bonds
2191286,2026-09-25T13:57:03.8+05:30,2747,Corporate Bonds
2160840,2026-09-28T14:14:30.392+05:30,2883,Corporate Bonds
1080394,2026-09-27T10:35:38.599+05:30,1239,High Yield FDs
928385,2026-09-25T18:36:11.424+05:30,2955,Corporate Bonds
1172105,2026-09-27T13:41:53.578+05:30,2751,Corporate Bonds
1288156,2026-09-26T08:39:11.731+05:30,2431,Corporate Bonds
2156039,2026-09-28T10:48:53.671+05:30,2850,Corporate Bonds
2116215,2026-09-25T19:22:19.43+05:30,2952,Corporate Bonds
1634642,2026-09-26T21:26:44.696+05:30,1292,High Yield FDs
1093780,2026-09-26T16:15:44.124+05:30,2964,Corporate Bonds
220398,2026-09-25T08:35:44.475+05:30,2942,Securitized Debt Instruments
1850848,2026-09-24T09:16:09.225+05:30,2794,Corporate Bonds
1781027,2026-09-27T15:26:03.028+05:30,2951,Corporate Bonds
2147669,2026-09-28T01:09:26.115+05:30,2981,Corporate Bonds
2215897,2026-09-24T17:26:14.025+05:30,2895,Corporate Bonds
1524078,2026-09-28T11:39:50.881+05:30,3024,Corporate Bonds
2139467,2026-09-25T18:32:27.881+05:30,2868,Corporate Bonds
1480347,2026-09-28T11:43:42.097+05:30,2867,Corporate Bonds
576736,2026-09-26T10:49:43.148+05:30,2867,Corporate Bonds
508350,2026-09-28T10:14:38.6+05:30,3024,Corporate Bonds
499784,2026-09-25T18:55:24.103+05:30,2964,Corporate Bonds
1508628,2026-09-27T08:15:47.058+05:30,2867,Corporate Bonds
1158462,2026-09-26T17:26:28.834+05:30,2867,Corporate Bonds
2215280,2026-09-24T09:15:27.296+05:30,2874,Corporate Bonds
1236217,2026-09-25T14:42:17.204+05:30,2843,Corporate Bonds
1464377,2026-09-24T14:49:52.094+05:30,2883,Corporate Bonds
2025404,2026-09-27T17:18:03.339+05:30,2964,Corporate Bonds
2202576,2026-09-24T11:31:16.143+05:30,2643,Securitized Debt Instruments
2213502,2026-09-24T07:09:51.769+05:30,2982,Corporate Bonds
2155285,2026-09-24T11:19:38.545+05:30,3014,Corporate Bonds
2219736,2026-09-28T20:23:51.209+05:30,2954,Corporate Bonds
651368,2026-09-25T18:11:49.291+05:30,3014,Corporate Bonds
98689,2026-09-26T19:35:10.259+05:30,2982,Corporate Bonds
2076765,2026-09-26T09:21:23.582+05:30,2982,Corporate Bonds
1459953,2026-09-25T21:21:47.427+05:30,2849,Corporate Bonds
2198109,2026-09-25T15:53:31.746+05:30,3014,Corporate Bonds
2184413,2026-09-24T10:53:43.627+05:30,2899,Mutual Funds
772075,2026-09-26T12:39:19.493+05:30,2881,Corporate Bonds
65582,2026-09-24T22:18:33.948+05:30,2751,Corporate Bonds
319454,2026-09-25T10:19:47.963+05:30,2771,Corporate Bonds
322711,2026-09-28T17:25:30.76+05:30,2729,Mutual Funds
535695,2026-09-24T13:17:05.548+05:30,2911,Mutual Funds
2222307,2026-09-28T22:46:17.895+05:30,1239,High Yield FDs
2139467,2026-09-25T19:45:09.941+05:30,2881,Corporate Bonds
1321676,2026-09-25T10:45:44.492+05:30,2643,Securitized Debt Instruments
1089663,2026-09-28T09:07:44.011+05:30,2909,Corporate Bonds
2095453,2026-09-25T11:23:18.363+05:30,2997,Corporate Bonds
2219337,2026-09-28T14:57:40.809+05:30,2781,Corporate Bonds
468335,2026-09-28T14:20:54.914+05:30,2769,Corporate Bonds
842964,2026-09-24T13:04:36.005+05:30,2911,Mutual Funds
963249,2026-09-24T00:53:47.888+05:30,2942,Securitized Debt Instruments
1597159,2026-09-28T10:43:28.302+05:30,2872,Corporate Bonds
1019555,2026-09-26T12:55:10.582+05:30,2872,Corporate Bonds
1714525,2026-09-24T00:58:51.035+05:30,2982,Corporate Bonds
747302,2026-09-26T12:22:44.747+05:30,2907,Corporate Bonds
1078761,2026-09-26T15:38:53.395+05:30,2781,Corporate Bonds
811132,2026-09-26T09:37:09.396+05:30,2982,Corporate Bonds
1765810,2026-09-27T12:19:48.943+05:30,2955,Corporate Bonds
1484813,2026-09-26T02:15:57.511+05:30,2951,Corporate Bonds
1685214,2026-09-27T11:23:37.192+05:30,2953,Corporate Bonds
2205091,2026-09-26T10:38:25.999+05:30,1095,High Yield FDs
2209542,2026-09-24T12:54:30.936+05:30,3006,Corporate Bonds
2068712,2026-09-24T12:24:45.607+05:30,2883,Corporate Bonds
224356,2026-09-28T16:34:10.973+05:30,2883,Corporate Bonds
1298147,2026-09-28T00:31:43.25+05:30,2751,Corporate Bonds
2218807,2026-09-26T12:15:32.927+05:30,2751,Corporate Bonds
2193399,2026-09-24T10:14:12.025+05:30,1096,High Yield FDs
2213502,2026-09-24T06:51:55.601+05:30,2850,Corporate Bonds
2217366,2026-09-25T11:09:26.322+05:30,2729,Mutual Funds
1515653,2026-09-24T11:58:25.628+05:30,1873,Corporate Bonds
226239,2026-09-26T12:50:23.164+05:30,2964,Corporate Bonds
2084378,2026-09-28T01:03:53.104+05:30,3026,Corporate Bonds
2140474,2026-09-28T08:55:12.519+05:30,2955,Corporate Bonds
2186972,2026-09-28T13:44:14.805+05:30,2982,Corporate Bonds
2222102,2026-09-28T19:50:44.253+05:30,2874,Corporate Bonds
1987026,2026-09-28T13:08:12.77+05:30,2964,Corporate Bonds
1351152,2026-09-26T11:09:38.725+05:30,2982,Corporate Bonds
2209542,2026-09-26T20:35:32.4+05:30,2954,Corporate Bonds
1165042,2026-09-26T22:33:00.444+05:30,2883,Corporate Bonds
1963971,2026-09-25T20:17:32.552+05:30,2986,Corporate Bonds
1150237,2026-09-27T14:37:36.261+05:30,2867,Corporate Bonds
2215913,2026-09-24T12:07:01.045+05:30,3006,Corporate Bonds
2216136,2026-09-24T15:02:32.338+05:30,1873,Corporate Bonds
847862,2026-09-28T19:24:25.649+05:30,3014,Corporate Bonds
474409,2026-09-25T22:01:36.142+05:30,3014,Corporate Bonds
254989,2026-09-28T21:45:10.306+05:30,2849,Corporate Bonds
995649,2026-09-27T09:06:23.516+05:30,2867,Corporate Bonds
2118519,2026-09-26T15:55:54.136+05:30,3014,Corporate Bonds
726813,2026-09-24T17:15:51.979+05:30,1239,High Yield FDs
1090669,2026-09-26T09:44:12.647+05:30,2919,Corporate Bonds
2215042,2026-09-25T08:57:08.824+05:30,2906,Corporate Bonds
356462,2026-09-25T12:06:35.529+05:30,1239,High Yield FDs
1603310,2026-09-25T07:50:28.818+05:30,2872,Corporate Bonds
1761249,2026-09-26T11:13:57.515+05:30,2867,Corporate Bonds
2215913,2026-09-24T12:08:49.476+05:30,3006,Corporate Bonds
792281,2026-09-28T23:24:46.073+05:30,2407,Corporate Bonds
1724282,2026-09-26T14:28:20.178+05:30,2964,Corporate Bonds
845608,2026-09-26T16:37:48.732+05:30,2778,Corporate Bonds
1475766,2026-09-25T12:48:54.3+05:30,1873,Corporate Bonds
85749,2026-09-26T15:53:55.508+05:30,2867,Corporate Bonds
2213859,2026-09-28T20:35:01.11+05:30,2867,Corporate Bonds
1443549,2026-09-24T13:09:13.155+05:30,2881,Corporate Bonds
2209542,2026-09-25T10:26:00.625+05:30,3006,Corporate Bonds
2146307,2026-09-26T15:56:55.096+05:30,2864,Corporate Bonds
1948120,2026-09-25T20:14:16.315+05:30,2931,Corporate Bonds
2073853,2026-09-25T11:50:29.995+05:30,1873,Corporate Bonds
1217296,2026-09-26T12:18:02.938+05:30,2942,Securitized Debt Instruments
1595153,2026-09-24T16:48:51.043+05:30,1292,High Yield FDs
944267,2026-09-25T19:46:05.413+05:30,2982,Corporate Bonds
2220859,2026-09-28T14:16:39.77+05:30,2941,Corporate Bonds
2127361,2026-09-26T21:10:04.192+05:30,2940,Corporate Bonds
1063425,2026-09-25T18:50:37.702+05:30,2932,Corporate Bonds
2202666,2026-09-25T22:17:01.209+05:30,2872,Corporate Bonds
2054937,2026-09-28T19:52:46.642+05:30,2867,Corporate Bonds
2081326,2026-09-27T06:06:03.117+05:30,2883,Corporate Bonds
2200984,2026-09-28T20:24:37.18+05:30,2643,Securitized Debt Instruments
426059,2026-09-24T19:31:34.156+05:30,3014,Corporate Bonds
1552974,2026-09-27T07:57:27.148+05:30,2951,Corporate Bonds
2217025,2026-09-27T20:27:44.227+05:30,2850,Corporate Bonds
671109,2026-09-26T16:34:50.311+05:30,2643,Securitized Debt Instruments
1192394,2026-09-28T00:31:01.994+05:30,1873,Corporate Bonds
469545,2026-09-25T11:41:50.213+05:30,2881,Corporate Bonds
1571899,2026-09-27T11:56:50.71+05:30,2951,Corporate Bonds
2214121,2026-09-24T08:41:49.59+05:30,2771,Corporate Bonds
1163111,2026-09-25T13:23:25.386+05:30,2993,XCase
2113932,2026-09-28T10:40:09.743+05:30,2895,Corporate Bonds
1874956,2026-09-25T23:13:08.184+05:30,2895,Corporate Bonds
1591613,2026-09-24T16:56:33.808+05:30,3014,Corporate Bonds
555201,2026-09-25T09:54:03.974+05:30,2751,Corporate Bonds
897864,2026-09-26T18:32:32.845+05:30,2964,Corporate Bonds
2034340,2026-09-25T08:54:48.295+05:30,2942,Securitized Debt Instruments
1036480,2026-09-26T23:37:38.758+05:30,2942,Securitized Debt Instruments
1993032,2026-09-24T18:53:11.723+05:30,2982,Corporate Bonds
2221230,2026-09-28T10:46:21.974+05:30,2881,Corporate Bonds
1812712,2026-09-25T21:06:57.826+05:30,3006,Corporate Bonds
2158893,2026-09-25T10:27:24.897+05:30,2883,Corporate Bonds
1646737,2026-09-24T19:08:23.71+05:30,2751,Corporate Bonds
1237414,2026-09-24T18:59:23.6+05:30,2902,Corporate Bonds
1730396,2026-09-25T11:57:14.045+05:30,2883,Corporate Bonds
61321,2026-09-26T20:21:03.955+05:30,2982,Corporate Bonds
2216665,2026-09-28T11:54:51.543+05:30,1239,High Yield FDs
2104333,2026-09-27T19:02:04.939+05:30,2863,Corporate Bonds
889332,2026-09-25T17:23:18.758+05:30,2953,Corporate Bonds
858994,2026-09-28T14:21:21.703+05:30,2902,Corporate Bonds
1186349,2026-09-25T11:23:33.419+05:30,2997,Corporate Bonds
2219206,2026-09-26T17:07:24.047+05:30,2899,Mutual Funds
2217112,2026-09-27T22:43:25.155+05:30,1873,Corporate Bonds
2187621,2026-09-28T09:59:33.323+05:30,2982,Corporate Bonds
145121,2026-09-24T09:56:28.993+05:30,3014,Corporate Bonds
1205933,2026-09-28T11:09:51.797+05:30,2431,Corporate Bonds
1534298,2026-09-27T06:39:25.644+05:30,1292,High Yield FDs
671109,2026-09-26T16:34:45.448+05:30,2643,Securitized Debt Instruments
1379301,2026-09-26T23:03:14.034+05:30,2867,Corporate Bonds
2219623,2026-09-26T23:33:30.602+05:30,1095,High Yield FDs
2108898,2026-09-28T12:55:08.738+05:30,2941,Corporate Bonds
1365121,2026-09-28T12:03:55.233+05:30,2856,Corporate Bonds
1308090,2026-09-24T10:24:06.089+05:30,2867,Corporate Bonds
2193862,2026-09-25T17:26:09.269+05:30,2982,Corporate Bonds
2218762,2026-09-28T12:11:31.404+05:30,2969,XCase
2218526,2026-09-26T17:45:48.354+05:30,2872,Corporate Bonds
1023717,2026-09-27T08:11:55.126+05:30,2942,Securitized Debt Instruments
1663000,2026-09-26T10:21:11.252+05:30,2751,Corporate Bonds
1625910,2026-09-25T13:52:09.159+05:30,2919,Corporate Bonds
2199775,2026-09-28T19:15:43.034+05:30,2868,Corporate Bonds
2217793,2026-09-25T19:37:34.149+05:30,2982,Corporate Bonds
2147546,2026-09-24T17:51:35.238+05:30,2855,Corporate Bonds
2222307,2026-09-28T22:35:44.15+05:30,1239,High Yield FDs
1510768,2026-09-28T15:12:20.055+05:30,2964,Corporate Bonds
2212985,2026-09-25T12:17:28.681+05:30,2782,Corporate Bonds
2192619,2026-09-24T23:44:23.278+05:30,2922,Corporate Bonds
542484,2026-09-26T09:14:12.058+05:30,3014,Corporate Bonds
1755654,2026-09-24T05:57:46.999+05:30,2922,Corporate Bonds
2133531,2026-09-24T10:01:31.707+05:30,2982,Corporate Bonds
1878218,2026-09-28T07:36:41.537+05:30,2883,Corporate Bonds
2147546,2026-09-24T17:54:10.133+05:30,2855,Corporate Bonds
749082,2026-09-24T10:21:18.573+05:30,3014,Corporate Bonds
956373,2026-09-28T15:54:32.575+05:30,3014,Corporate Bonds
2218184,2026-09-25T22:57:40.345+05:30,2930,Corporate Bonds
2202988,2026-09-24T16:23:43.536+05:30,2781,Corporate Bonds
940816,2026-09-26T19:45:52.901+05:30,2942,Securitized Debt Instruments
2105455,2026-09-28T21:11:37.632+05:30,2880,Corporate Bonds
2153669,2026-09-28T08:26:28.136+05:30,2952,Corporate Bonds
1936679,2026-09-24T13:48:55.657+05:30,3014,Corporate Bonds
2208395,2026-09-25T09:44:47.067+05:30,2997,Corporate Bonds
1967396,2026-09-27T09:13:17.22+05:30,2872,Corporate Bonds
740629,2026-09-28T16:29:36.687+05:30,2895,Corporate Bonds
1597841,2026-09-28T23:05:06.161+05:30,1239,High Yield FDs
2113234,2026-09-24T17:19:12.102+05:30,3014,Corporate Bonds
1232840,2026-09-28T01:09:52.66+05:30,2872,Corporate Bonds
2176033,2026-09-25T14:11:10.085+05:30,2981,Corporate Bonds
296508,2026-09-26T10:31:44.393+05:30,3014,Corporate Bonds
67891,2026-09-24T10:12:17.527+05:30,1873,Corporate Bonds
351771,2026-09-25T14:17:12.029+05:30,2964,Corporate Bonds
1294170,2026-09-28T12:54:41.712+05:30,2874,Corporate Bonds
2218807,2026-09-26T12:14:09.356+05:30,2751,Corporate Bonds
2213521,2026-09-24T12:43:05.145+05:30,2982,Corporate Bonds
2218991,2026-09-26T19:39:12.812+05:30,1292,High Yield FDs
613894,2026-09-24T10:19:37.792+05:30,3014,Corporate Bonds
2195159,2026-09-28T10:31:57.372+05:30,2769,Corporate Bonds
2218500,2026-09-26T08:47:08.721+05:30,2863,Corporate Bonds
2195850,2026-09-24T00:13:36.568+05:30,2855,Corporate Bonds
2173308,2026-09-28T22:11:14.268+05:30,2751,Corporate Bonds
2137477,2026-09-27T13:22:37.637+05:30,2964,Corporate Bonds
870242,2026-09-24T15:15:25.6+05:30,3014,Corporate Bonds
1554748,2026-09-26T11:15:20.064+05:30,2752,Corporate Bonds
2005180,2026-09-25T11:20:13.978+05:30,2872,Corporate Bonds
1120817,2026-09-25T13:11:15.4+05:30,2872,Corporate Bonds
2218199,2026-09-25T22:42:29.137+05:30,2769,Corporate Bonds
246038,2026-09-24T08:10:08.643+05:30,2964,Corporate Bonds
468335,2026-09-28T14:21:36.048+05:30,2769,Corporate Bonds
2084893,2026-09-26T01:10:44.565+05:30,2872,Corporate Bonds
1556765,2026-09-25T11:09:20.331+05:30,1873,Corporate Bonds
1971444,2026-09-26T18:48:11.322+05:30,2867,Corporate Bonds
2190526,2026-09-24T23:37:19.522+05:30,2887,Corporate Bonds
1003934,2026-09-26T23:45:19.607+05:30,2883,Corporate Bonds
202482,2026-09-28T07:06:18.842+05:30,2964,Corporate Bonds
2156061,2026-09-28T09:51:20.074+05:30,3024,Corporate Bonds
1646578,2026-09-25T22:15:08.291+05:30,2964,Corporate Bonds
9733,2026-09-25T06:48:53.223+05:30,2930,Corporate Bonds
2208113,2026-09-28T09:56:39.774+05:30,2964,Corporate Bonds
2054608,2026-09-24T11:32:27.914+05:30,3014,Corporate Bonds
1752605,2026-09-26T11:19:45.905+05:30,2982,Corporate Bonds
2053690,2026-09-27T16:33:45.357+05:30,2883,Corporate Bonds
778666,2026-09-27T21:52:42.425+05:30,2867,Corporate Bonds
801567,2026-09-28T15:09:03.918+05:30,2867,Corporate Bonds
1655443,2026-09-24T01:39:33.344+05:30,2881,Corporate Bonds
1358356,2026-09-24T16:27:26.162+05:30,1873,Corporate Bonds
2199980,2026-09-24T21:55:29.799+05:30,2873,XCase
1740026,2026-09-24T15:15:59.264+05:30,2955,Corporate Bonds
2216484,2026-09-24T19:03:20.944+05:30,2881,Corporate Bonds
1146312,2026-09-27T19:11:21.501+05:30,2867,Corporate Bonds
2198109,2026-09-25T18:11:21.694+05:30,2964,Corporate Bonds
692285,2026-09-25T09:10:35.871+05:30,2867,Corporate Bonds
2215280,2026-09-24T21:17:34.519+05:30,2895,Corporate Bonds
2023679,2026-09-24T21:44:00.828+05:30,2883,Corporate Bonds
1697992,2026-09-28T22:45:57.135+05:30,2952,Corporate Bonds
1514513,2026-09-25T23:53:58.04+05:30,2872,Corporate Bonds
879494,2026-09-24T17:37:43.406+05:30,3014,Corporate Bonds
1117114,2026-09-24T03:30:32.91+05:30,2832,Corporate Bonds
1736621,2026-09-25T00:27:10.244+05:30,2942,Securitized Debt Instruments
2198133,2026-09-27T14:32:15.282+05:30,2994,Corporate Bonds
2221471,2026-09-28T11:43:54.216+05:30,2872,Corporate Bonds
1475766,2026-09-25T12:02:27.613+05:30,2874,Corporate Bonds
2213550,2026-09-24T20:25:21.212+05:30,2872,Corporate Bonds
2158264,2026-09-27T18:46:54.963+05:30,2952,Corporate Bonds
184977,2026-09-24T19:34:12.719+05:30,2643,Securitized Debt Instruments
2207291,2026-09-26T14:18:16.998+05:30,2964,Corporate Bonds
780846,2026-09-26T19:28:18.605+05:30,2942,Securitized Debt Instruments
2217136,2026-09-25T18:52:09.983+05:30,2982,Corporate Bonds
2217497,2026-09-25T17:32:28.34+05:30,2881,Corporate Bonds
1253814,2026-09-26T10:30:52.202+05:30,2867,Corporate Bonds
2196968,2026-09-28T13:54:44.653+05:30,2918,Corporate Bonds
2212193,2026-09-28T16:00:39.028+05:30,2873,XCase
2097211,2026-09-26T17:56:04.209+05:30,2850,Corporate Bonds
1884164,2026-09-24T08:59:49.687+05:30,2733,Corporate Bonds
2177405,2026-09-28T18:34:19.334+05:30,3026,Corporate Bonds
1443837,2026-09-24T12:32:51.691+05:30,2867,Corporate Bonds
1118772,2026-09-27T13:01:07.67+05:30,2751,Corporate Bonds
1760186,2026-09-24T11:27:25.412+05:30,1292,High Yield FDs
1399738,2026-09-24T18:44:12.06+05:30,2812,Corporate Bonds
1688359,2026-09-25T23:50:54.75+05:30,2883,Corporate Bonds
2217509,2026-09-25T15:40:48.685+05:30,2850,Corporate Bonds
1737974,2026-09-24T22:06:43.999+05:30,2969,XCase
2162037,2026-09-25T07:09:21.626+05:30,2941,Corporate Bonds
1824823,2026-09-24T05:27:09.461+05:30,2982,Corporate Bonds
1408860,2026-09-26T05:55:31.876+05:30,2794,Corporate Bonds
1468625,2026-09-27T07:33:36.195+05:30,2964,Corporate Bonds
1493223,2026-09-24T13:18:32.618+05:30,1873,Corporate Bonds
1255327,2026-09-26T10:01:39.408+05:30,2431,Corporate Bonds
1304114,2026-09-27T10:57:22.996+05:30,2964,Corporate Bonds
2107504,2026-09-25T22:11:06.755+05:30,1873,Corporate Bonds
1205933,2026-09-28T10:38:25.922+05:30,2431,Corporate Bonds
1255767,2026-09-28T12:48:00.652+05:30,2849,Corporate Bonds
1496447,2026-09-28T22:57:56.411+05:30,2455,Corporate Bonds
1254223,2026-09-25T10:54:01.824+05:30,2969,XCase
2130875,2026-09-25T19:38:41.713+05:30,3014,Corporate Bonds
1934724,2026-09-28T14:57:52.736+05:30,2794,Corporate Bonds
1319080,2026-09-25T16:21:54.373+05:30,2909,Corporate Bonds
1792413,2026-09-24T15:13:09.544+05:30,3014,Corporate Bonds
1401441,2026-09-27T15:01:13.892+05:30,2751,Corporate Bonds
864759,2026-09-24T10:59:03.071+05:30,2932,Corporate Bonds
775248,2026-09-25T17:47:20.172+05:30,2794,Corporate Bonds
1385901,2026-09-28T14:22:51.06+05:30,2964,Corporate Bonds
739574,2026-09-24T20:44:39.54+05:30,3014,Corporate Bonds
2213650,2026-09-25T19:08:34.837+05:30,1292,High Yield FDs
2206816,2026-09-28T21:04:24.961+05:30,3025,Corporate Bonds
1496236,2026-09-24T00:12:21.197+05:30,2895,Corporate Bonds
2160295,2026-09-27T19:26:53.623+05:30,2867,Corporate Bonds
2055439,2026-09-25T14:59:04.054+05:30,2883,Corporate Bonds
885090,2026-09-28T07:08:25.564+05:30,2951,Corporate Bonds
1271910,2026-09-27T07:23:23.436+05:30,2930,Corporate Bonds
1391313,2026-09-25T18:26:19.335+05:30,2942,Securitized Debt Instruments
2144783,2026-09-28T16:26:54.779+05:30,2864,Corporate Bonds
576736,2026-09-26T10:49:04.97+05:30,2867,Corporate Bonds
1013547,2026-09-26T03:43:37.004+05:30,2982,Corporate Bonds
2104502,2026-09-28T18:43:05.685+05:30,2907,Corporate Bonds
1889771,2026-09-25T10:43:55.142+05:30,2930,Corporate Bonds
2098045,2026-09-25T12:33:50.96+05:30,2872,Corporate Bonds
2209055,2026-09-25T19:55:59.829+05:30,2883,Corporate Bonds
538382,2026-09-24T12:43:52.615+05:30,2643,Securitized Debt Instruments
219712,2026-09-24T08:21:14.197+05:30,2767,Corporate Bonds
1544516,2026-09-27T18:36:39.041+05:30,2942,Securitized Debt Instruments
589846,2026-09-28T10:36:12.368+05:30,2843,Corporate Bonds
2000698,2026-09-27T11:20:22.787+05:30,1873,Corporate Bonds
2053457,2026-09-28T17:55:11.785+05:30,2867,Corporate Bonds
1947775,2026-09-25T12:03:45.05+05:30,2895,Corporate Bonds
1884304,2026-09-25T10:11:30.438+05:30,2895,Corporate Bonds
1236163,2026-09-28T13:59:42.689+05:30,2850,Corporate Bonds
1683254,2026-09-24T17:42:47.345+05:30,2883,Corporate Bonds
80910,2026-09-26T17:39:27.306+05:30,2867,Corporate Bonds
2021781,2026-09-25T19:16:38.671+05:30,3014,Corporate Bonds
2218494,2026-09-26T08:37:31.706+05:30,2872,Corporate Bonds
987412,2026-09-27T17:41:43.149+05:30,2964,Corporate Bonds
1517236,2026-09-28T14:59:52.586+05:30,2982,Corporate Bonds
1771184,2026-09-24T08:20:59.542+05:30,2867,Corporate Bonds
1800559,2026-09-24T15:21:06.776+05:30,1873,Corporate Bonds
1671982,2026-09-24T23:15:16.7+05:30,1292,High Yield FDs
1080394,2026-09-26T20:23:13.248+05:30,1239,High Yield FDs
1073532,2026-09-27T11:53:23.548+05:30,2769,Corporate Bonds
739574,2026-09-24T20:44:37.897+05:30,3014,Corporate Bonds
2149332,2026-09-28T21:50:28.568+05:30,2751,Corporate Bonds
2211581,2026-09-27T07:57:38.588+05:30,2941,Corporate Bonds
,2026-09-25T15:49:10.815+05:30,2872,Corporate Bonds
1187796,2026-09-25T14:50:03.073+05:30,1239,High Yield FDs
2216073,2026-09-28T17:26:19.414+05:30,2881,Corporate Bonds
2198133,2026-09-27T14:33:19.596+05:30,2994,Corporate Bonds
830870,2026-09-26T09:08:19.664+05:30,2856,Corporate Bonds
1445372,2026-09-25T19:17:35.028+05:30,2952,Corporate Bonds
1286655,2026-09-25T14:49:26.447+05:30,2850,Corporate Bonds
2218551,2026-09-27T11:13:52.184+05:30,2850,Corporate Bonds
2215804,2026-09-24T19:17:00.721+05:30,2982,Corporate Bonds
1817758,2026-09-28T22:33:43.097+05:30,2867,Corporate Bonds
2047445,2026-09-24T11:55:58.792+05:30,3014,Corporate Bonds
1940153,2026-09-26T12:59:14.815+05:30,2942,Securitized Debt Instruments
2219736,2026-09-28T20:27:40.956+05:30,3025,Corporate Bonds
950408,2026-09-27T21:16:28.169+05:30,2940,Corporate Bonds
584069,2026-09-24T10:51:46.49+05:30,2895,Corporate Bonds
2184570,2026-09-25T10:35:48.337+05:30,1873,Corporate Bonds
1625910,2026-09-25T14:20:25.605+05:30,2873,XCase
2173873,2026-09-28T12:29:01.637+05:30,2751,Corporate Bonds
2190735,2026-09-25T15:56:39.445+05:30,1873,Corporate Bonds
988945,2026-09-25T19:52:01.888+05:30,2942,Securitized Debt Instruments
2209094,2026-09-25T22:14:04.514+05:30,2873,XCase
1524078,2026-09-28T11:46:28.385+05:30,2964,Corporate Bonds
998324,2026-09-24T11:11:02.64+05:30,2881,Corporate Bonds
1081259,2026-09-25T15:59:34.028+05:30,2902,Corporate Bonds
2198120,2026-09-28T21:27:14.661+05:30,2197,Corporate Bonds
1429509,2026-09-27T06:35:36.89+05:30,2954,Corporate Bonds
2206605,2026-09-27T19:32:05.1+05:30,3025,Corporate Bonds
1228861,2026-09-24T11:33:24.951+05:30,2902,Corporate Bonds
1632639,2026-09-28T07:45:41.617+05:30,2964,Corporate Bonds
29613,2026-09-28T11:18:15.737+05:30,2872,Corporate Bonds
393334,2026-09-28T11:30:15.971+05:30,3024,Corporate Bonds
2216899,2026-09-26T16:30:45.121+05:30,2964,Corporate Bonds
1295795,2026-09-25T00:17:02.368+05:30,2781,Corporate Bonds
125358,2026-09-24T11:20:58.883+05:30,2964,Corporate Bonds
2162659,2026-09-28T20:29:21.032+05:30,3025,Corporate Bonds
2217033,2026-09-25T06:14:16.926+05:30,1292,High Yield FDs
2116215,2026-09-25T18:03:25.092+05:30,2830,Corporate Bonds
1865726,2026-09-26T06:19:58.402+05:30,2883,Corporate Bonds
1845253,2026-09-26T21:24:28.791+05:30,2940,Corporate Bonds
730248,2026-09-27T20:49:09.003+05:30,2956,Corporate Bonds
1119090,2026-09-28T09:20:06.276+05:30,1095,High Yield FDs
963917,2026-09-24T20:36:30.517+05:30,2643,Securitized Debt Instruments
2184049,2026-09-28T17:06:10.585+05:30,1873,Corporate Bonds
1868994,2026-09-27T16:08:51.862+05:30,2767,Corporate Bonds
2118343,2026-09-27T22:45:38.502+05:30,2952,Corporate Bonds
1308172,2026-09-27T21:27:51.001+05:30,3014,Corporate Bonds
1951435,2026-09-28T22:08:47.848+05:30,2941,Corporate Bonds
1263432,2026-09-24T16:25:03.416+05:30,2911,Mutual Funds
2189876,2026-09-25T15:41:33.849+05:30,2850,Corporate Bonds
2168426,2026-09-28T10:17:17.793+05:30,2895,Corporate Bonds
2188856,2026-09-28T12:44:28.7+05:30,2932,Corporate Bonds
2215942,2026-09-26T11:50:53.411+05:30,2751,Corporate Bonds
1408322,2026-09-24T22:52:07.737+05:30,2752,Corporate Bonds
637193,2026-09-24T12:17:53.294+05:30,2843,Corporate Bonds
1319088,2026-09-27T23:03:38.684+05:30,2856,Corporate Bonds
2219030,2026-09-26T15:23:06.838+05:30,2942,Securitized Debt Instruments
1817758,2026-09-25T23:50:37.075+05:30,2932,Corporate Bonds
658655,2026-09-27T13:40:55.67+05:30,2964,Corporate Bonds
538382,2026-09-24T13:08:50.673+05:30,2942,Securitized Debt Instruments
1479230,2026-09-28T15:44:29.52+05:30,2902,Corporate Bonds
504364,2026-09-24T06:55:48.641+05:30,2863,Corporate Bonds
2105662,2026-09-24T22:38:12.443+05:30,3014,Corporate Bonds
1719670,2026-09-24T23:09:39.738+05:30,2941,Corporate Bonds
462244,2026-09-26T22:26:05.973+05:30,2412,Corporate Bonds
1664313,2026-09-26T20:54:12.578+05:30,2942,Securitized Debt Instruments
1629615,2026-09-24T11:38:06.968+05:30,2867,Corporate Bonds
2205166,2026-09-27T13:21:58.989+05:30,2953,Corporate Bonds
1820625,2026-09-26T12:36:00.026+05:30,2902,Corporate Bonds
2218579,2026-09-27T08:34:07.47+05:30,2952,Corporate Bonds
155265,2026-09-26T09:35:31.042+05:30,2883,Corporate Bonds
1651535,2026-09-24T18:57:17.147+05:30,2942,Securitized Debt Instruments
1731077,2026-09-28T21:45:46.428+05:30,1873,Corporate Bonds
2034990,2026-09-28T07:30:00.629+05:30,2955,Corporate Bonds
1685214,2026-09-27T11:23:36.741+05:30,2953,Corporate Bonds
1288156,2026-09-24T14:28:18.301+05:30,2937,Corporate Bonds
2059779,2026-09-27T15:07:25.808+05:30,1292,High Yield FDs
1705677,2026-09-26T20:22:37.867+05:30,2883,Corporate Bonds
1840391,2026-09-26T07:58:59.72+05:30,2867,Corporate Bonds
1597258,2026-09-25T13:18:07.266+05:30,2881,Corporate Bonds
2210604,2026-09-27T11:44:49.929+05:30,2982,Corporate Bonds
1846696,2026-09-25T15:57:03.268+05:30,2942,Securitized Debt Instruments
849947,2026-09-26T22:05:39.219+05:30,2751,Corporate Bonds
1240271,2026-09-28T19:58:55.661+05:30,2335,Corporate Bonds
1995849,2026-09-27T10:18:28.255+05:30,2964,Corporate Bonds
584056,2026-09-25T15:39:49.65+05:30,3014,Corporate Bonds
2068102,2026-09-24T21:31:58.818+05:30,2883,Corporate Bonds
827323,2026-09-28T22:10:21.803+05:30,1292,High Yield FDs
1744481,2026-09-27T19:42:27.984+05:30,2757,Corporate Bonds
1748891,2026-09-27T19:21:11.702+05:30,2879,Corporate Bonds
1187840,2026-09-25T02:05:04.469+05:30,2918,Corporate Bonds
603533,2026-09-24T16:09:41.909+05:30,3014,Corporate Bonds
65582,2026-09-25T16:40:42.271+05:30,2907,Corporate Bonds
2208930,2026-09-28T14:23:46.018+05:30,3026,Corporate Bonds
2203930,2026-09-27T23:42:12.73+05:30,1873,Corporate Bonds
584056,2026-09-24T17:39:57.956+05:30,2881,Corporate Bonds
58628,2026-09-28T21:59:35.305+05:30,2872,Corporate Bonds
179906,2026-09-26T07:49:03.633+05:30,1873,Corporate Bonds
182139,2026-09-28T15:03:03.443+05:30,2981,Corporate Bonds
2206679,2026-09-27T08:30:55.495+05:30,2868,Corporate Bonds
1547993,2026-09-25T23:29:33.328+05:30,2751,Corporate Bonds
944631,2026-09-26T11:40:36.585+05:30,2867,Corporate Bonds
123222,2026-09-26T20:39:28.793+05:30,2867,Corporate Bonds
2220646,2026-09-28T20:47:26.301+05:30,2850,Corporate Bonds
738572,2026-09-25T16:03:00.405+05:30,2964,Corporate Bonds
883649,2026-09-27T19:52:57.731+05:30,2872,Corporate Bonds
2216408,2026-09-26T23:44:11.42+05:30,2982,Corporate Bonds
1233424,2026-09-28T23:18:25.642+05:30,2873,XCase
684340,2026-09-24T08:46:20.312+05:30,2941,Corporate Bonds
627526,2026-09-28T13:02:12.011+05:30,2964,Corporate Bonds
2047723,2026-09-28T10:29:09.958+05:30,2874,Corporate Bonds
2165371,2026-09-24T18:56:06.411+05:30,3014,Corporate Bonds
1947387,2026-09-26T20:41:06.134+05:30,2872,Corporate Bonds
2215280,2026-09-24T21:11:17.121+05:30,2850,Corporate Bonds
1028790,2026-09-25T11:33:34.181+05:30,2751,Corporate Bonds
1934982,2026-09-28T19:26:06.837+05:30,2883,Corporate Bonds
2202666,2026-09-24T20:45:27.088+05:30,2872,Corporate Bonds
2044230,2026-09-26T09:06:14.976+05:30,3014,Corporate Bonds
2202576,2026-09-24T11:28:33.538+05:30,2643,Securitized Debt Instruments
2195466,2026-09-26T10:29:01.821+05:30,2964,Corporate Bonds
1651535,2026-09-24T18:33:11.888+05:30,2930,Corporate Bonds
2116215,2026-09-25T19:22:16.096+05:30,2952,Corporate Bonds
1475766,2026-09-25T12:01:51.519+05:30,2874,Corporate Bonds
2177405,2026-09-28T18:32:47.284+05:30,2954,Corporate Bonds
1063497,2026-09-28T09:56:33.447+05:30,1873,Corporate Bonds
1841599,2026-09-24T09:59:14.239+05:30,3014,Corporate Bonds
1013852,2026-09-28T22:03:38.731+05:30,1873,Corporate Bonds
2219932,2026-09-27T10:56:33.365+05:30,1239,High Yield FDs
1740349,2026-09-24T20:46:04.362+05:30,2982,Corporate Bonds
521775,2026-09-28T17:23:40.964+05:30,2729,Mutual Funds
2125644,2026-09-24T12:22:50.054+05:30,3006,Corporate Bonds
1183878,2026-09-27T17:08:44.061+05:30,2932,Corporate Bonds
1063536,2026-09-26T06:11:33.611+05:30,1239,High Yield FDs
2216869,2026-09-24T23:51:23.479+05:30,2982,Corporate Bonds
296508,2026-09-26T10:30:11.893+05:30,2872,Corporate Bonds
1744002,2026-09-27T20:40:07.23+05:30,2902,Corporate Bonds
1435546,2026-09-25T04:20:38.138+05:30,2993,XCase
2217302,2026-09-25T14:30:01.923+05:30,3006,Corporate Bonds
2191552,2026-09-27T20:59:07.466+05:30,3025,Corporate Bonds
1730124,2026-09-24T15:03:43.919+05:30,2643,Securitized Debt Instruments
2115752,2026-09-28T12:32:14.292+05:30,2930,Corporate Bonds
1744481,2026-09-27T19:49:02.982+05:30,2883,Corporate Bonds
770546,2026-09-26T08:20:35.347+05:30,2856,Corporate Bonds
2187621,2026-09-28T10:07:45.419+05:30,1873,Corporate Bonds
1139328,2026-09-24T21:59:46.782+05:30,3014,Corporate Bonds
1689967,2026-09-26T15:16:18.792+05:30,2951,Corporate Bonds
2217905,2026-09-25T18:11:38.963+05:30,2964,Corporate Bonds
1631295,2026-09-25T22:11:48.873+05:30,3014,Corporate Bonds
1253544,2026-09-24T23:23:23.35+05:30,2872,Corporate Bonds
1080394,2026-09-26T21:18:45.571+05:30,1239,High Yield FDs
2219563,2026-09-26T22:15:28.122+05:30,2767,Corporate Bonds
2218614,2026-09-26T22:18:25.217+05:30,2956,Corporate Bonds
1699203,2026-09-26T22:01:18.657+05:30,2964,Corporate Bonds
592229,2026-09-28T14:40:51.889+05:30,2872,Corporate Bonds
1050058,2026-09-24T17:09:06.427+05:30,2964,Corporate Bonds
2153292,2026-09-27T18:59:51.532+05:30,2932,Corporate Bonds
1391306,2026-09-25T14:22:22.819+05:30,1873,Corporate Bonds
732066,2026-09-28T02:15:52.845+05:30,2867,Corporate Bonds
817301,2026-09-25T12:14:28.873+05:30,2881,Corporate Bonds
2215942,2026-09-25T11:10:22.527+05:30,2932,Corporate Bonds
2199810,2026-09-26T13:50:28.889+05:30,2895,Corporate Bonds
923120,2026-09-24T13:16:02.675+05:30,3014,Corporate Bonds
1063946,2026-09-25T13:50:13.002+05:30,3020,Corporate Bonds
2059853,2026-09-28T12:55:47.412+05:30,2969,XCase
2219081,2026-09-26T15:29:19.983+05:30,2941,Corporate Bonds
930300,2026-09-26T12:35:21.883+05:30,2867,Corporate Bonds
1053409,2026-09-27T22:22:38.09+05:30,2994,Corporate Bonds
1540408,2026-09-24T15:42:01.271+05:30,3014,Corporate Bonds
2218905,2026-09-28T15:49:26.02+05:30,2956,Corporate Bonds
2216136,2026-09-24T14:53:21.408+05:30,2918,Corporate Bonds
1986071,2026-09-28T10:31:37.739+05:30,2981,Corporate Bonds
1412252,2026-09-28T17:26:44.25+05:30,1873,Corporate Bonds
2107391,2026-09-27T10:23:29.821+05:30,1873,Corporate Bonds
1458267,2026-09-27T07:00:54.549+05:30,2881,Corporate Bonds
2207262,2026-09-26T05:01:00.8+05:30,2922,Corporate Bonds
145076,2026-09-26T11:15:00.802+05:30,2941,Corporate Bonds
617762,2026-09-26T20:32:55.05+05:30,2883,Corporate Bonds
2051474,2026-09-24T00:08:25.782+05:30,2849,Corporate Bonds
1651402,2026-09-26T08:00:41.317+05:30,2867,Corporate Bonds
1475766,2026-09-25T12:11:00.902+05:30,2940,Corporate Bonds
1057666,2026-09-27T22:05:35.246+05:30,2919,Corporate Bonds
1538318,2026-09-26T10:04:48.056+05:30,2955,Corporate Bonds
1298147,2026-09-24T13:47:05.986+05:30,2955,Corporate Bonds
2068078,2026-09-26T13:03:46.612+05:30,2867,Corporate Bonds
718574,2026-09-26T02:49:06.837+05:30,2849,Corporate Bonds
2193399,2026-09-28T10:41:35.016+05:30,1239,High Yield FDs
2044230,2026-09-26T09:06:43.248+05:30,3014,Corporate Bonds
1635613,2026-09-24T10:26:37.035+05:30,3014,Corporate Bonds
2039339,2026-09-25T15:22:49.32+05:30,2883,Corporate Bonds
2082196,2026-09-25T10:40:49.973+05:30,1292,High Yield FDs
923120,2026-09-24T17:15:19.764+05:30,2942,Securitized Debt Instruments
2008220,2026-09-28T18:45:10.348+05:30,2643,Securitized Debt Instruments
2139314,2026-09-26T10:06:33.475+05:30,2930,Corporate Bonds
1857453,2026-09-25T19:38:25.507+05:30,2850,Corporate Bonds
1480347,2026-09-28T11:37:37.18+05:30,2867,Corporate Bonds
2206679,2026-09-24T15:58:20.85+05:30,2874,Corporate Bonds
991656,2026-09-28T10:37:04.701+05:30,2932,Corporate Bonds
420697,2026-09-26T22:41:21.565+05:30,2867,Corporate Bonds
2216246,2026-09-24T15:35:31.346+05:30,2609,Corporate Bonds
4910,2026-09-28T05:47:55.282+05:30,2431,Corporate Bonds
1016643,2026-09-27T20:16:33.759+05:30,2895,Corporate Bonds
1524832,2026-09-28T20:15:47.391+05:30,3024,Corporate Bonds
2214640,2026-09-28T12:46:10.493+05:30,2881,Corporate Bonds
986525,2026-09-25T15:30:12.363+05:30,2412,Corporate Bonds
2204905,2026-09-26T08:46:58.424+05:30,2941,Corporate Bonds
1903646,2026-09-26T09:34:57.549+05:30,2951,Corporate Bonds
2188102,2026-09-27T08:59:19.643+05:30,2895,Corporate Bonds
2056094,2026-09-24T10:16:38.312+05:30,2932,Corporate Bonds
2207277,2026-09-28T12:20:22.328+05:30,2964,Corporate Bonds
304926,2026-09-27T19:06:14.099+05:30,2956,Corporate Bonds
715100,2026-09-28T22:53:22.779+05:30,2883,Corporate Bonds
1981189,2026-09-25T11:33:27.447+05:30,2982,Corporate Bonds
2193399,2026-09-24T17:53:16.006+05:30,1239,High Yield FDs
1336828,2026-09-26T04:52:15.582+05:30,2918,Corporate Bonds
1957076,2026-09-25T12:42:53.311+05:30,2997,Corporate Bonds
1171762,2026-09-25T11:41:25.258+05:30,2942,Securitized Debt Instruments
864759,2026-09-26T19:00:58.429+05:30,2895,Corporate Bonds
2221014,2026-09-28T16:51:38.207+05:30,2941,Corporate Bonds
2216459,2026-09-25T20:09:46.557+05:30,2850,Corporate Bonds
2128509,2026-09-28T22:16:12.896+05:30,2931,Corporate Bonds
669489,2026-09-24T10:01:30.991+05:30,2941,Corporate Bonds
1277673,2026-09-27T14:21:36.348+05:30,2930,Corporate Bonds
1393530,2026-09-25T07:03:35.963+05:30,2812,Corporate Bonds
2183326,2026-09-25T05:19:48.173+05:30,2767,Corporate Bonds
2107391,2026-09-27T08:52:37.833+05:30,2769,Corporate Bonds
109898,2026-09-25T22:04:02.931+05:30,1873,Corporate Bonds
1253814,2026-09-26T10:33:10.815+05:30,2769,Corporate Bonds
1719450,2026-09-25T11:41:43.62+05:30,2964,Corporate Bonds
915791,2026-09-26T07:24:58.401+05:30,2964,Corporate Bonds
741378,2026-09-25T10:23:36.285+05:30,2902,Corporate Bonds
1993411,2026-09-24T22:26:11.639+05:30,1873,Corporate Bonds
2065538,2026-09-26T18:32:43.682+05:30,2941,Corporate Bonds
2215329,2026-09-24T22:22:01.536+05:30,2982,Corporate Bonds
2139467,2026-09-25T20:46:20.611+05:30,1873,Corporate Bonds
2175133,2026-09-27T10:51:09.415+05:30,2850,Corporate Bonds
627526,2026-09-24T12:51:05.987+05:30,2942,Securitized Debt Instruments
1994853,2026-09-24T17:42:34.229+05:30,3014,Corporate Bonds
2216110,2026-09-25T14:25:28.889+05:30,2982,Corporate Bonds
1442040,2026-09-26T13:52:18.447+05:30,2872,Corporate Bonds
2198120,2026-09-24T18:45:56.207+05:30,2872,Corporate Bonds
1038314,2026-09-25T00:10:47.318+05:30,2941,Corporate Bonds
1597841,2026-09-28T23:07:11.821+05:30,1239,High Yield FDs
220398,2026-09-28T08:39:23.322+05:30,2431,Corporate Bonds
295171,2026-09-28T07:54:49.052+05:30,2867,Corporate Bonds
617762,2026-09-26T20:24:38.092+05:30,2867,Corporate Bonds
2213432,2026-09-28T11:04:00.151+05:30,2751,Corporate Bonds
1187840,2026-09-24T06:15:27.833+05:30,2918,Corporate Bonds
1475766,2026-09-25T12:02:51.611+05:30,2874,Corporate Bonds
2200510,2026-09-27T12:08:13.152+05:30,2956,Corporate Bonds
2210288,2026-09-27T15:32:39.842+05:30,2895,Corporate Bonds
1298157,2026-09-24T11:14:48.041+05:30,2879,Corporate Bonds
2212454,2026-09-27T15:12:12.695+05:30,2982,Corporate Bonds
313462,2026-09-26T13:29:04.653+05:30,2982,Corporate Bonds
1847627,2026-09-25T08:52:04.077+05:30,2919,Corporate Bonds
745308,2026-09-25T15:23:48.555+05:30,2872,Corporate Bonds
671109,2026-09-26T16:34:53.135+05:30,2643,Securitized Debt Instruments
2155506,2026-09-24T17:46:57.501+05:30,3014,Corporate Bonds
2109686,2026-09-24T12:18:04.44+05:30,2873,XCase
198881,2026-09-25T20:17:08.387+05:30,2964,Corporate Bonds
2213814,2026-09-24T10:59:50.563+05:30,2982,Corporate Bonds
1829303,2026-09-26T14:01:36.083+05:30,2982,Corporate Bonds
1334667,2026-09-24T23:06:00.978+05:30,2872,Corporate Bonds
2205027,2026-09-24T21:00:41.532+05:30,2941,Corporate Bonds
2123051,2026-09-24T11:21:33.065+05:30,2993,XCase
752662,2026-09-28T11:40:08.439+05:30,2880,Corporate Bonds
1248393,2026-09-26T17:24:56.307+05:30,2942,Securitized Debt Instruments
2076765,2026-09-26T09:21:20.504+05:30,2982,Corporate Bonds
2219337,2026-09-28T14:50:08.886+05:30,2932,Corporate Bonds
707747,2026-09-27T01:10:55.075+05:30,2895,Corporate Bonds
1280155,2026-09-27T23:00:17.484+05:30,2955,Corporate Bonds
1411478,2026-09-27T17:29:03.631+05:30,1873,Corporate Bonds
2215420,2026-09-25T08:48:40.357+05:30,2956,Corporate Bonds
2153292,2026-09-27T19:16:02.974+05:30,2856,Corporate Bonds
1932057,2026-09-28T13:49:41.742+05:30,2729,Mutual Funds
501184,2026-09-28T15:14:45.214+05:30,1873,Corporate Bonds
2102595,2026-09-27T08:24:51.64+05:30,2969,XCase
1475766,2026-09-25T12:02:02.592+05:30,2874,Corporate Bonds
1699203,2026-09-26T22:02:40.157+05:30,2964,Corporate Bonds
715615,2026-09-25T12:59:34.172+05:30,2873,XCase
2112672,2026-09-26T09:47:47.569+05:30,2964,Corporate Bonds
2220534,2026-09-27T18:00:28.169+05:30,3025,Corporate Bonds
778666,2026-09-24T16:45:56.842+05:30,2981,Corporate Bonds
2199009,2026-09-25T19:29:05.975+05:30,2981,Corporate Bonds
1631295,2026-09-25T22:11:30.458+05:30,3014,Corporate Bonds
1105819,2026-09-28T19:31:56.021+05:30,2902,Corporate Bonds
780312,2026-09-27T17:12:04.474+05:30,2431,Corporate Bonds
2216665,2026-09-28T12:36:01.423+05:30,2850,Corporate Bonds
1171762,2026-09-25T11:41:27.74+05:30,2942,Securitized Debt Instruments
2007588,2026-09-25T18:12:59.632+05:30,3014,Corporate Bonds
2217270,2026-09-28T11:34:57.89+05:30,2767,Corporate Bonds
2220347,2026-09-27T15:35:13.785+05:30,2982,Corporate Bonds
2059853,2026-09-28T13:09:34.936+05:30,3014,Corporate Bonds
1193249,2026-09-25T12:38:28.427+05:30,2964,Corporate Bonds
2215829,2026-09-24T09:56:25.283+05:30,2909,Corporate Bonds
642466,2026-09-25T16:37:45.007+05:30,3014,Corporate Bonds
731532,2026-09-25T23:00:03.436+05:30,2883,Corporate Bonds
154428,2026-09-26T19:43:52.423+05:30,1873,Corporate Bonds
2124276,2026-09-24T21:00:08.772+05:30,2781,Corporate Bonds
1804966,2026-09-25T12:08:00.038+05:30,2955,Corporate Bonds
873855,2026-09-24T10:52:23.226+05:30,2881,Corporate Bonds
2217423,2026-09-25T12:27:02.338+05:30,2881,Corporate Bonds
995388,2026-09-25T12:40:04.684+05:30,2881,Corporate Bonds
1704821,2026-09-27T17:35:47.14+05:30,1239,High Yield FDs
1757491,2026-09-27T12:01:49.499+05:30,2981,Corporate Bonds
2217793,2026-09-25T19:24:45.732+05:30,2941,Corporate Bonds
1081874,2026-09-27T12:49:10.476+05:30,2919,Corporate Bonds
2201253,2026-09-28T12:23:24.541+05:30,2769,Corporate Bonds
708369,2026-09-24T17:26:51.007+05:30,1292,High Yield FDs
2156873,2026-09-27T11:55:06.145+05:30,2643,Securitized Debt Instruments
2034340,2026-09-25T17:03:45.219+05:30,2942,Securitized Debt Instruments
2221230,2026-09-28T09:01:24.093+05:30,2881,Corporate Bonds
2216336,2026-09-28T15:56:53.468+05:30,2895,Corporate Bonds
1623202,2026-09-27T18:13:01.997+05:30,1095,High Yield FDs
2202678,2026-09-24T13:21:17.845+05:30,1873,Corporate Bonds
1966467,2026-09-25T11:47:37.348+05:30,1873,Corporate Bonds
2216246,2026-09-24T15:41:03.121+05:30,2609,Corporate Bonds
1168073,2026-09-27T11:02:32.933+05:30,2895,Corporate Bonds
1354271,2026-09-26T14:36:02.311+05:30,2955,Corporate Bonds
1060058,2026-09-26T19:12:26.226+05:30,2775,Corporate Bonds
2059823,2026-09-25T12:33:18.286+05:30,2855,Corporate Bonds
2135695,2026-09-25T22:01:53.588+05:30,2940,Corporate Bonds
2219932,2026-09-27T12:50:58.158+05:30,2930,Corporate Bonds
2119761,2026-09-25T15:39:54.133+05:30,2771,Corporate Bonds
1171762,2026-09-25T11:41:29.39+05:30,2942,Securitized Debt Instruments
1712765,2026-09-27T08:53:30.803+05:30,2506,Corporate Bonds
2168893,2026-09-25T19:12:59.367+05:30,2883,Corporate Bonds
1320809,2026-09-28T14:11:39.607+05:30,2964,Corporate Bonds
2125644,2026-09-24T12:27:16.679+05:30,2941,Corporate Bonds
2149332,2026-09-25T15:35:59.624+05:30,2881,Corporate Bonds
1902619,2026-09-24T10:30:39.058+05:30,3014,Corporate Bonds
2088578,2026-09-25T22:39:48.001+05:30,2643,Securitized Debt Instruments
809614,2026-09-25T10:38:59.807+05:30,2872,Corporate Bonds
1714525,2026-09-24T00:58:15.182+05:30,2911,Mutual Funds
1176976,2026-09-28T10:04:26.964+05:30,2872,Corporate Bonds
671109,2026-09-26T16:34:55.06+05:30,2643,Securitized Debt Instruments
1351152,2026-09-26T11:09:36.009+05:30,2982,Corporate Bonds
2107391,2026-09-27T10:23:33.869+05:30,1873,Corporate Bonds
979156,2026-09-28T16:18:34.434+05:30,2856,Corporate Bonds
708700,2026-09-24T19:57:19.677+05:30,2964,Corporate Bonds
1115962,2026-09-25T18:50:02.487+05:30,1239,High Yield FDs
1696112,2026-09-28T17:16:26.01+05:30,2867,Corporate Bonds
1166670,2026-09-27T05:26:49.618+05:30,2919,Corporate Bonds
2194172,2026-09-25T06:49:07.916+05:30,2908,Corporate Bonds
2095453,2026-09-25T12:42:31.79+05:30,2895,Corporate Bonds
1719670,2026-09-24T19:57:43.113+05:30,1292,High Yield FDs
1496531,2026-09-27T17:26:00.855+05:30,2895,Corporate Bonds
2034990,2026-09-25T10:09:15.107+05:30,3014,Corporate Bonds
515646,2026-09-28T10:15:41.474+05:30,2964,Corporate Bonds
2215870,2026-09-24T10:34:33.196+05:30,3006,Corporate Bonds
1266085,2026-09-24T15:57:57.762+05:30,1292,High Yield FDs
1940463,2026-09-27T16:57:10.637+05:30,2940,Corporate Bonds
2212193,2026-09-28T17:06:36.654+05:30,2850,Corporate Bonds
1926774,2026-09-26T21:00:48.965+05:30,2942,Securitized Debt Instruments
2123263,2026-09-27T09:08:47.386+05:30,2992,Corporate Bonds
1590834,2026-09-26T07:22:04.75+05:30,2922,Corporate Bonds
697628,2026-09-28T17:35:19.927+05:30,2729,Mutual Funds
2116215,2026-09-25T19:22:19.143+05:30,2952,Corporate Bonds
2213650,2026-09-24T16:37:32.926+05:30,1292,High Yield FDs
821138,2026-09-27T08:38:45.935+05:30,2643,Securitized Debt Instruments
2222112,2026-09-28T20:02:56.509+05:30,2982,Corporate Bonds
352,2026-09-25T10:23:52.759+05:30,2932,Corporate Bonds
2216899,2026-09-26T17:02:00.233+05:30,2964,Corporate Bonds
1315916,2026-09-24T18:29:51.357+05:30,3014,Corporate Bonds
2219254,2026-09-27T14:17:59.179+05:30,2729,Mutual Funds
1424153,2026-09-26T14:05:49.973+05:30,3014,Corporate Bonds
2215303,2026-09-24T20:29:44.045+05:30,2956,Corporate Bonds
1979758,2026-09-26T11:00:38.537+05:30,2942,Securitized Debt Instruments
2198450,2026-09-26T08:23:37.534+05:30,2952,Corporate Bonds
2215332,2026-09-24T11:39:30.637+05:30,2863,Corporate Bonds
610210,2026-09-24T10:52:49.904+05:30,2412,Corporate Bonds
1500918,2026-09-27T13:12:45.755+05:30,2930,Corporate Bonds
1475766,2026-09-25T12:02:26.538+05:30,2874,Corporate Bonds
958692,2026-09-26T06:16:10.545+05:30,3014,Corporate Bonds
2123114,2026-09-25T15:03:01.636+05:30,2942,Securitized Debt Instruments
2195367,2026-09-28T18:32:30.323+05:30,3014,Corporate Bonds
2216484,2026-09-24T19:07:58.07+05:30,2881,Corporate Bonds
1851474,2026-09-28T08:22:47.325+05:30,2867,Corporate Bonds
1101792,2026-09-26T10:18:25.053+05:30,1239,High Yield FDs
2173922,2026-09-28T14:16:07.848+05:30,2751,Corporate Bonds
1616460,2026-09-24T19:19:16.85+05:30,1873,Corporate Bonds
2135695,2026-09-27T19:27:12.854+05:30,2982,Corporate Bonds
1475766,2026-09-25T12:10:30.03+05:30,2940,Corporate Bonds
592229,2026-09-28T07:51:09.832+05:30,2883,Corporate Bonds
1262044,2026-09-27T11:12:51.525+05:30,2919,Corporate Bonds
1531150,2026-09-25T22:25:25.849+05:30,2942,Securitized Debt Instruments
1475766,2026-09-25T12:02:28.71+05:30,2874,Corporate Bonds
2131555,2026-09-27T13:40:25.538+05:30,2867,Corporate Bonds
2039236,2026-09-25T09:51:49.397+05:30,2874,Corporate Bonds
1301799,2026-09-28T10:07:04.406+05:30,2981,Corporate Bonds
1763710,2026-09-25T13:52:44.581+05:30,1873,Corporate Bonds
2188910,2026-09-27T00:47:28.022+05:30,2872,Corporate Bonds
679806,2026-09-26T01:19:03.073+05:30,2955,Corporate Bonds
1279087,2026-09-28T17:24:54.756+05:30,2867,Corporate Bonds
189888,2026-09-28T12:00:07.907+05:30,3014,Corporate Bonds
2111125,2026-09-24T10:17:03.836+05:30,3014,Corporate Bonds
1667641,2026-09-27T15:46:57.421+05:30,2942,Securitized Debt Instruments
747991,2026-09-26T18:48:46.88+05:30,2969,XCase
1332856,2026-09-25T22:24:49.394+05:30,1292,High Yield FDs
2034340,2026-09-27T21:37:21.309+05:30,2895,Corporate Bonds
1719622,2026-09-24T16:36:36.103+05:30,2883,Corporate Bonds
1364091,2026-09-24T21:10:58.454+05:30,3014,Corporate Bonds
1936679,2026-09-24T13:48:52.437+05:30,3014,Corporate Bonds
1781646,2026-09-28T10:40:13.406+05:30,2858,Corporate Bonds
1929037,2026-09-26T09:06:43.014+05:30,2643,Securitized Debt Instruments
1909380,2026-09-24T22:24:07.989+05:30,2872,Corporate Bonds
319056,2026-09-28T19:26:27.165+05:30,3014,Corporate Bonds
2030606,2026-09-24T20:31:23.258+05:30,2907,Corporate Bonds
2217905,2026-09-25T18:11:38.586+05:30,2964,Corporate Bonds
1194704,2026-09-27T17:04:00.027+05:30,2942,Securitized Debt Instruments
881217,2026-09-25T11:20:49.648+05:30,2643,Securitized Debt Instruments
1999922,2026-09-24T11:05:50.655+05:30,2932,Corporate Bonds
246038,2026-09-24T07:56:11.958+05:30,2883,Corporate Bonds
2211499,2026-09-24T09:36:02.927+05:30,2941,Corporate Bonds
2053893,2026-09-27T13:49:54.77+05:30,1873,Corporate Bonds
1885748,2026-09-28T12:09:38.661+05:30,1292,High Yield FDs
2193862,2026-09-25T20:08:50.294+05:30,2930,Corporate Bonds
44126,2026-09-27T08:39:19.351+05:30,2872,Corporate Bonds
2096765,2026-09-24T17:45:54.241+05:30,3014,Corporate Bonds
1173974,2026-09-25T11:23:15.455+05:30,2895,Corporate Bonds
781341,2026-09-24T11:08:23.361+05:30,2850,Corporate Bonds
2201253,2026-09-24T13:42:44.411+05:30,2883,Corporate Bonds
382010,2026-09-25T16:17:31.09+05:30,2982,Corporate Bonds
2005180,2026-09-25T11:29:34.572+05:30,2872,Corporate Bonds
1685214,2026-09-27T11:23:35.072+05:30,2953,Corporate Bonds
2219969,2026-09-27T11:15:13.516+05:30,2930,Corporate Bonds
984203,2026-09-28T09:42:19.955+05:30,2867,Corporate Bonds
638656,2026-09-25T12:16:55.353+05:30,2867,Corporate Bonds
98689,2026-09-27T09:21:02.937+05:30,2982,Corporate Bonds
1940463,2026-09-27T16:55:26.797+05:30,1873,Corporate Bonds
2217792,2026-09-25T16:32:26.104+05:30,1873,Corporate Bonds
2189727,2026-09-25T10:24:01.841+05:30,2887,Corporate Bonds
2215708,2026-09-24T07:39:59.45+05:30,2751,Corporate Bonds
1887949,2026-09-28T23:40:14.104+05:30,2455,Corporate Bonds
1482382,2026-09-24T10:16:27.139+05:30,2867,Corporate Bonds
954633,2026-09-27T12:26:05.928+05:30,2883,Corporate Bonds
2207482,2026-09-25T17:49:32.309+05:30,2881,Corporate Bonds
2107391,2026-09-27T09:53:43.578+05:30,1096,High Yield FDs
1089663,2026-09-28T09:07:22.317+05:30,2822,XCase
2213121,2026-09-26T12:05:25.465+05:30,2850,Corporate Bonds
1796138,2026-09-25T21:53:27.065+05:30,2752,Corporate Bonds
2216596,2026-09-26T19:08:12.169+05:30,2956,Corporate Bonds
1243866,2026-09-26T11:17:21.118+05:30,2909,Corporate Bonds
1060058,2026-09-26T23:20:17.168+05:30,2872,Corporate Bonds
1964757,2026-09-24T16:25:04.114+05:30,2982,Corporate Bonds
2218557,2026-09-26T19:58:35.687+05:30,2895,Corporate Bonds
1044291,2026-09-25T00:57:27.405+05:30,2895,Corporate Bonds
2039236,2026-09-25T09:48:04.609+05:30,2956,Corporate Bonds
1392863,2026-09-28T10:11:47.016+05:30,2964,Corporate Bonds
2173922,2026-09-28T18:39:36.414+05:30,2850,Corporate Bonds
1879918,2026-09-28T13:58:58.725+05:30,2767,Corporate Bonds
2108587,2026-09-26T12:02:58.242+05:30,2850,Corporate Bonds
2205582,2026-09-24T10:06:58.151+05:30,2941,Corporate Bonds
1832598,2026-09-25T19:28:37.494+05:30,2867,Corporate Bonds
2167024,2026-09-28T12:40:15.403+05:30,3024,Corporate Bonds
2208087,2026-09-24T18:08:02.832+05:30,2856,Corporate Bonds
1704821,2026-09-27T17:42:29.782+05:30,1239,High Yield FDs
2214532,2026-09-25T20:25:47.29+05:30,2982,Corporate Bonds
1049594,2026-09-25T12:26:00.066+05:30,2942,Securitized Debt Instruments
1187840,2026-09-27T05:26:41.233+05:30,2918,Corporate Bonds
1319754,2026-09-24T21:34:08.499+05:30,2996,Corporate Bonds
351771,2026-09-25T08:07:42.341+05:30,2942,Securitized Debt Instruments
972319,2026-09-27T11:36:16.071+05:30,2941,Corporate Bonds
1753587,2026-09-28T16:22:07.201+05:30,2902,Corporate Bonds
1385901,2026-09-28T14:21:50.438+05:30,2964,Corporate Bonds
1632546,2026-09-27T14:43:40.918+05:30,2900,Corporate Bonds
1168073,2026-09-26T08:40:36.125+05:30,2822,XCase
76140,2026-09-26T21:42:15.21+05:30,2883,Corporate Bonds
2219932,2026-09-28T20:37:46.169+05:30,1239,High Yield FDs
1115962,2026-09-25T18:57:11.098+05:30,1292,High Yield FDs
1049595,2026-09-28T12:16:33.227+05:30,3014,Corporate Bonds
1171762,2026-09-25T11:36:04.487+05:30,2942,Securitized Debt Instruments
1095264,2026-09-25T22:21:00.86+05:30,2873,XCase
1894132,2026-09-24T12:42:21.669+05:30,3014,Corporate Bonds
1532149,2026-09-25T19:56:07.915+05:30,2951,Corporate Bonds
1133002,2026-09-25T08:39:08.776+05:30,2873,XCase
945264,2026-09-24T11:39:33.491+05:30,2964,Corporate Bonds
1664313,2026-09-26T20:53:46.916+05:30,2942,Securitized Debt Instruments
2219254,2026-09-26T23:37:43.722+05:30,2729,Mutual Funds
2128509,2026-09-28T22:48:02.016+05:30,2930,Corporate Bonds
710880,2026-09-26T10:13:11.23+05:30,2902,Corporate Bonds
2216459,2026-09-25T20:12:05.865+05:30,2982,Corporate Bonds
1454688,2026-09-28T19:02:49.159+05:30,3026,Corporate Bonds
2082196,2026-09-28T11:13:03.766+05:30,1292,High Yield FDs
2000825,2026-09-26T12:10:57.228+05:30,2883,Corporate Bonds
314109,2026-09-25T18:27:36.237+05:30,2907,Corporate Bonds
637193,2026-09-28T00:13:44.018+05:30,2843,Corporate Bonds
1636286,2026-09-25T09:31:10.341+05:30,2868,Corporate Bonds
2200984,2026-09-24T09:25:01.652+05:30,2940,Corporate Bonds
2217572,2026-09-25T13:54:46.272+05:30,2982,Corporate Bonds
2139864,2026-09-27T09:25:31.303+05:30,2881,Corporate Bonds
1667677,2026-09-27T15:42:47.998+05:30,2908,Corporate Bonds
1110881,2026-09-25T14:25:13.19+05:30,2964,Corporate Bonds
2140404,2026-09-28T11:02:28.962+05:30,3024,Corporate Bonds
320102,2026-09-26T16:30:51.832+05:30,2895,Corporate Bonds
2217774,2026-09-26T06:46:56.367+05:30,2952,Corporate Bonds
1973073,2026-09-25T13:34:26.065+05:30,1239,High Yield FDs
1454688,2026-09-28T19:04:38.051+05:30,3026,Corporate Bonds
2107391,2026-09-27T09:08:21.84+05:30,2843,Corporate Bonds
65582,2026-09-25T13:57:22.755+05:30,2907,Corporate Bonds
1165095,2026-09-24T10:35:48.153+05:30,2942,Securitized Debt Instruments
2068102,2026-09-24T21:32:02.121+05:30,2883,Corporate Bonds
28297,2026-09-25T15:51:27.696+05:30,2872,Corporate Bonds
2156061,2026-09-28T09:39:27.19+05:30,3024,Corporate Bonds
1311505,2026-09-28T06:28:53.394+05:30,2872,Corporate Bonds
1792413,2026-09-24T15:10:57.582+05:30,3014,Corporate Bonds
1144,2026-09-24T21:20:50.874+05:30,2747,Corporate Bonds
1764926,2026-09-26T15:51:35.217+05:30,2769,Corporate Bonds
858619,2026-09-28T10:34:26.221+05:30,2881,Corporate Bonds
1280155,2026-09-27T23:21:36.617+05:30,2930,Corporate Bonds
1041782,2026-09-26T12:36:48.862+05:30,2867,Corporate Bonds
671109,2026-09-26T16:34:49.632+05:30,2643,Securitized Debt Instruments
2211296,2026-09-27T22:59:51.069+05:30,3014,Corporate Bonds
943397,2026-09-24T03:40:21.346+05:30,2942,Securitized Debt Instruments
2220894,2026-09-28T21:40:20.258+05:30,2982,Corporate Bonds
214283,2026-09-28T17:56:55.252+05:30,2883,Corporate Bonds
1273682,2026-09-25T15:56:56.049+05:30,2895,Corporate Bonds
1886212,2026-09-27T21:00:31.158+05:30,2872,Corporate Bonds
2204057,2026-09-27T11:54:05.111+05:30,2942,Securitized Debt Instruments
2200984,2026-09-28T20:24:08.278+05:30,2643,Securitized Debt Instruments
1400114,2026-09-28T00:04:19.122+05:30,2955,Corporate Bonds
2220466,2026-09-27T17:37:38.962+05:30,3025,Corporate Bonds
1935207,2026-09-24T18:16:52.744+05:30,2858,Corporate Bonds
2142078,2026-09-25T23:19:46.428+05:30,2942,Securitized Debt Instruments
1845253,2026-09-25T21:20:51.262+05:30,2951,Corporate Bonds
1143168,2026-09-25T15:21:34.906+05:30,2899,Mutual Funds
902152,2026-09-26T20:51:17.243+05:30,2883,Corporate Bonds
1513323,2026-09-25T18:08:14.048+05:30,3014,Corporate Bonds
2221727,2026-09-28T14:47:31.952+05:30,3014,Corporate Bonds
2116215,2026-09-25T19:22:17.123+05:30,2952,Corporate Bonds
2140394,2026-09-24T14:20:56.307+05:30,2942,Securitized Debt Instruments
137045,2026-09-25T08:05:50.527+05:30,2751,Corporate Bonds
1086844,2026-09-24T14:08:10.211+05:30,2883,Corporate Bonds
2064970,2026-09-27T08:12:00.287+05:30,2872,Corporate Bonds
1365315,2026-09-24T19:32:40.584+05:30,3014,Corporate Bonds
2148549,2026-09-25T21:39:25.038+05:30,2941,Corporate Bonds
2059829,2026-09-24T18:29:10.603+05:30,1292,High Yield FDs
2180446,2026-09-24T13:56:27.42+05:30,2883,Corporate Bonds
1938036,2026-09-26T21:34:02.941+05:30,2849,Corporate Bonds
2212549,2026-09-25T20:39:38.257+05:30,2751,Corporate Bonds
1351152,2026-09-26T11:05:49.559+05:30,2982,Corporate Bonds
1266085,2026-09-28T16:25:02.746+05:30,1239,High Yield FDs
319454,2026-09-28T09:30:17.742+05:30,2982,Corporate Bonds
2068671,2026-09-27T22:26:12.959+05:30,3026,Corporate Bonds
1957076,2026-09-25T12:42:18.096+05:30,2997,Corporate Bonds
2175133,2026-09-28T15:41:23.763+05:30,2872,Corporate Bonds
992986,2026-09-27T08:21:27.142+05:30,2794,Corporate Bonds
2218991,2026-09-26T16:01:10.549+05:30,1292,High Yield FDs
65582,2026-09-28T15:50:07.081+05:30,2867,Corporate Bonds
2042831,2026-09-25T19:10:10.335+05:30,2781,Corporate Bonds
1180633,2026-09-24T14:27:26.091+05:30,2925,Corporate Bonds
1885718,2026-09-27T21:28:57.84+05:30,2952,Corporate Bonds
1719363,2026-09-28T00:16:08.346+05:30,2955,Corporate Bonds
1125137,2026-09-26T09:24:25.002+05:30,2867,Corporate Bonds
915791,2026-09-25T15:09:57.115+05:30,3014,Corporate Bonds
1578401,2026-09-24T04:38:41.768+05:30,2751,Corporate Bonds
1575106,2026-09-27T15:42:09.434+05:30,2883,Corporate Bonds
1509825,2026-09-28T19:35:23.424+05:30,3014,Corporate Bonds
1721132,2026-09-24T20:45:20.081+05:30,2883,Corporate Bonds
1148227,2026-09-26T13:15:42.779+05:30,2942,Securitized Debt Instruments
2218610,2026-09-27T21:47:25.617+05:30,2982,Corporate Bonds
125358,2026-09-24T11:04:26.448+05:30,2964,Corporate Bonds
871366,2026-09-25T13:50:11.747+05:30,2769,Corporate Bonds
1681491,2026-09-25T02:35:55.941+05:30,2955,Corporate Bonds
1424153,2026-09-26T15:03:38.532+05:30,3006,Corporate Bonds
2216246,2026-09-24T15:50:35.327+05:30,2609,Corporate Bonds
1042548,2026-09-25T14:09:08.969+05:30,2868,Corporate Bonds
1847850,2026-09-26T15:00:36.967+05:30,2863,Corporate Bonds
1797339,2026-09-28T08:56:01.601+05:30,2881,Corporate Bonds
810528,2026-09-28T16:46:14.199+05:30,2956,Corporate Bonds
487614,2026-09-25T16:43:07.6+05:30,3014,Corporate Bonds
1329834,2026-09-25T18:06:57.546+05:30,2879,Corporate Bonds
313462,2026-09-26T15:17:18.742+05:30,2982,Corporate Bonds
1736133,2026-09-28T08:40:42.07+05:30,2956,Corporate Bonds
2216025,2026-09-24T13:53:40.171+05:30,3014,Corporate Bonds
672693,2026-09-26T00:29:31.086+05:30,1873,Corporate Bonds
692285,2026-09-25T09:09:17.247+05:30,2867,Corporate Bonds
1932057,2026-09-25T18:34:45.702+05:30,2911,Mutual Funds
342460,2026-09-25T13:51:37.426+05:30,2930,Corporate Bonds
838824,2026-09-28T21:03:49.254+05:30,2849,Corporate Bonds
2212581,2026-09-27T17:39:43.574+05:30,2794,Corporate Bonds
2062737,2026-09-24T19:36:13.03+05:30,2941,Corporate Bonds
1171762,2026-09-25T11:37:38.255+05:30,2942,Securitized Debt Instruments
2218762,2026-09-28T12:08:25.405+05:30,3014,Corporate Bonds
509514,2026-09-28T09:57:36.451+05:30,2849,Corporate Bonds
2219063,2026-09-26T15:16:15.044+05:30,2751,Corporate Bonds
1963971,2026-09-25T20:20:12.035+05:30,2986,Corporate Bonds
2129489,2026-09-24T21:10:58.328+05:30,2729,Mutual Funds
1000180,2026-09-28T21:31:00.968+05:30,2842,Corporate Bonds
1258378,2026-09-25T21:19:32.609+05:30,2867,Corporate Bonds
2215280,2026-09-25T07:26:59.842+05:30,2895,Corporate Bonds
2193322,2026-09-25T06:45:54.402+05:30,2868,Corporate Bonds
1930431,2026-09-25T10:41:48.179+05:30,2872,Corporate Bonds
1626756,2026-09-24T15:00:44.524+05:30,3014,Corporate Bonds
2198120,2026-09-26T14:43:57.716+05:30,2879,Corporate Bonds
515729,2026-09-24T09:21:50.169+05:30,1873,Corporate Bonds
760881,2026-09-28T11:42:30.32+05:30,2955,Corporate Bonds
1203237,2026-09-27T14:02:14.855+05:30,2867,Corporate Bonds
2217683,2026-09-25T14:47:02.32+05:30,2918,Corporate Bonds
2170524,2026-09-27T19:28:38.933+05:30,1873,Corporate Bonds
1800690,2026-09-26T17:15:55.627+05:30,2873,XCase
1932099,2026-09-24T21:02:38.998+05:30,2918,Corporate Bonds
2117215,2026-09-28T23:32:45.473+05:30,2982,Corporate Bonds
1412801,2026-09-26T17:37:50.815+05:30,2882,Corporate Bonds
944362,2026-09-28T09:15:25.052+05:30,3014,Corporate Bonds
873958,2026-09-26T20:58:00.971+05:30,2751,Corporate Bonds
2059823,2026-09-25T12:29:10.771+05:30,2902,Corporate Bonds
2116215,2026-09-25T19:22:17.762+05:30,2952,Corporate Bonds
1430448,2026-09-24T11:03:58.337+05:30,2849,Corporate Bonds
2167702,2026-09-25T02:35:25.61+05:30,2506,Corporate Bonds
1411478,2026-09-27T17:34:04.569+05:30,1873,Corporate Bonds
1540408,2026-09-26T19:33:30.236+05:30,2930,Corporate Bonds
1044754,2026-09-25T15:46:03.745+05:30,2883,Corporate Bonds
2107391,2026-09-27T09:11:51.796+05:30,2843,Corporate Bonds
2220194,2026-09-27T14:04:25.347+05:30,2941,Corporate Bonds
1270313,2026-09-28T04:53:54.582+05:30,2955,Corporate Bonds
646645,2026-09-25T10:10:31.42+05:30,3014,Corporate Bonds
835258,2026-09-27T09:45:35.536+05:30,2918,Corporate Bonds
2053457,2026-09-27T18:11:15.385+05:30,2883,Corporate Bonds
190961,2026-09-24T00:44:27.35+05:30,2867,Corporate Bonds
1063425,2026-09-27T17:40:35.018+05:30,2964,Corporate Bonds
953084,2026-09-26T10:43:43.645+05:30,2751,Corporate Bonds
1916307,2026-09-28T19:19:35.562+05:30,2867,Corporate Bonds
1057666,2026-09-27T22:06:48.253+05:30,2919,Corporate Bonds
28297,2026-09-24T10:42:34.904+05:30,2867,Corporate Bonds
2222435,2026-09-28T23:56:30.177+05:30,1873,Corporate Bonds
2032281,2026-09-24T11:44:35.703+05:30,2794,Corporate Bonds
839348,2026-09-24T09:00:29.643+05:30,2867,Corporate Bonds
2221838,2026-09-28T16:35:55.107+05:30,2873,XCase
2216110,2026-09-24T14:31:49.679+05:30,1873,Corporate Bonds
598936,2026-09-24T20:19:05.24+05:30,2981,Corporate Bonds
2202988,2026-09-24T16:08:14.407+05:30,2930,Corporate Bonds
697628,2026-09-28T17:38:57.763+05:30,2729,Mutual Funds
382010,2026-09-25T15:51:10.516+05:30,2982,Corporate Bonds
1374253,2026-09-28T22:44:56.055+05:30,2881,Corporate Bonds
2220590,2026-09-27T18:44:04.086+05:30,2982,Corporate Bonds
1171762,2026-09-25T11:41:28.714+05:30,2942,Securitized Debt Instruments
1158462,2026-09-28T08:16:58.1+05:30,2883,Corporate Bonds
1434620,2026-09-26T21:02:59.281+05:30,2643,Securitized Debt Instruments
2216648,2026-09-26T17:31:37.881+05:30,2941,Corporate Bonds
185512,2026-09-28T09:10:00.784+05:30,2873,XCase
801567,2026-09-25T17:24:36.292+05:30,2867,Corporate Bonds
1887949,2026-09-28T02:26:42.974+05:30,3014,Corporate Bonds
2047784,2026-09-25T19:55:07.705+05:30,2902,Corporate Bonds
2193752,2026-09-25T10:00:27.068+05:30,3014,Corporate Bonds
1176355,2026-09-26T12:40:49.097+05:30,2930,Corporate Bonds
1761249,2026-09-26T09:51:36.517+05:30,2883,Corporate Bonds
1280155,2026-09-27T23:12:36.312+05:30,2872,Corporate Bonds
1370483,2026-09-24T20:49:16.089+05:30,2868,Corporate Bonds
2214532,2026-09-25T20:48:52.806+05:30,2643,Securitized Debt Instruments
1750547,2026-09-25T17:50:10.618+05:30,2867,Corporate Bonds
1310872,2026-09-28T23:06:05.381+05:30,2981,Corporate Bonds
1280732,2026-09-24T07:08:32.428+05:30,1873,Corporate Bonds
697628,2026-09-28T17:31:00.673+05:30,2899,Mutual Funds
1947387,2026-09-26T20:41:01.811+05:30,2872,Corporate Bonds
1019555,2026-09-25T11:53:41.187+05:30,2964,Corporate Bonds
2043925,2026-09-26T11:13:25.093+05:30,1095,High Yield FDs
743866,2026-09-28T18:05:56.416+05:30,2643,Securitized Debt Instruments
833706,2026-09-26T13:38:30.799+05:30,2643,Securitized Debt Instruments
2009941,2026-09-24T17:41:31.584+05:30,2769,Corporate Bonds
227529,2026-09-25T06:07:39.429+05:30,2900,Corporate Bonds
1278118,2026-09-27T08:39:24.98+05:30,1873,Corporate Bonds
2011535,2026-09-28T14:29:33.274+05:30,1873,Corporate Bonds
2207291,2026-09-26T14:01:13.081+05:30,2964,Corporate Bonds
1547954,2026-09-28T20:56:12.833+05:30,2867,Corporate Bonds
325457,2026-09-24T00:05:37.683+05:30,2964,Corporate Bonds
1817758,2026-09-26T17:02:09.8+05:30,2882,Corporate Bonds
2149390,2026-09-28T00:06:04.983+05:30,1095,High Yield FDs
2215639,2026-09-26T17:22:28.366+05:30,2982,Corporate Bonds
2102212,2026-09-24T13:27:20.117+05:30,2867,Corporate Bonds
1151674,2026-09-26T06:43:16.548+05:30,2883,Corporate Bonds
1736133,2026-09-28T08:40:42.089+05:30,2956,Corporate Bonds
1012465,2026-09-28T14:07:03.218+05:30,2981,Corporate Bonds
1973073,2026-09-25T13:21:20.109+05:30,1239,High Yield FDs
1392863,2026-09-28T10:11:51.41+05:30,2964,Corporate Bonds
615001,2026-09-28T23:30:56.18+05:30,2455,Corporate Bonds
774350,2026-09-25T10:05:46.154+05:30,3014,Corporate Bonds
2117039,2026-09-24T17:33:49.115+05:30,2908,Corporate Bonds
877824,2026-09-28T16:42:28.023+05:30,2335,Corporate Bonds
2107391,2026-09-27T09:51:53.165+05:30,1096,High Yield FDs
1136824,2026-09-27T13:39:09.733+05:30,2942,Securitized Debt Instruments
2198109,2026-09-25T18:19:00.939+05:30,2931,Corporate Bonds
2218391,2026-09-26T05:11:31.687+05:30,2941,Corporate Bonds
1035847,2026-09-25T15:15:00.359+05:30,2867,Corporate Bonds
1946670,2026-09-25T09:02:06.402+05:30,2868,Corporate Bonds
2207262,2026-09-26T05:01:00.727+05:30,2922,Corporate Bonds
1408541,2026-09-28T11:48:38.622+05:30,1873,Corporate Bonds
930894,2026-09-25T23:24:49.138+05:30,2895,Corporate Bonds
1367514,2026-09-28T22:30:07.243+05:30,2981,Corporate Bonds
2193015,2026-09-24T18:46:54.08+05:30,2982,Corporate Bonds
1187840,2026-09-28T05:45:03.141+05:30,2918,Corporate Bonds
2191286,2026-09-24T14:00:53.912+05:30,2412,Corporate Bonds
1867156,2026-09-26T17:23:22.212+05:30,2953,Corporate Bonds
2116215,2026-09-25T19:22:18.333+05:30,2952,Corporate Bonds
1311505,2026-09-28T06:32:01.423+05:30,2872,Corporate Bonds
727783,2026-09-25T22:38:21.456+05:30,2931,Corporate Bonds
2052215,2026-09-28T09:59:49.818+05:30,2955,Corporate Bonds
1916393,2026-09-27T13:05:44.974+05:30,2867,Corporate Bonds
2020440,2026-09-24T09:47:26.835+05:30,3014,Corporate Bonds
1479614,2026-09-24T22:18:39.31+05:30,2986,Corporate Bonds
1609387,2026-09-25T14:15:58.995+05:30,2794,Corporate Bonds
674372,2026-09-24T08:52:45.089+05:30,2849,Corporate Bonds
2221661,2026-09-28T14:07:36.312+05:30,3025,Corporate Bonds
2192184,2026-09-24T17:33:30.245+05:30,3006,Corporate Bonds
2187621,2026-09-25T21:18:14.163+05:30,1873,Corporate Bonds
2208930,2026-09-25T17:56:21.984+05:30,2918,Corporate Bonds
520614,2026-09-24T07:42:20.336+05:30,2883,Corporate Bonds
198881,2026-09-25T20:12:37.048+05:30,2964,Corporate Bonds
960600,2026-09-24T16:18:38.272+05:30,2883,Corporate Bonds
1597841,2026-09-28T21:04:18.295+05:30,1239,High Yield FDs
2218524,2026-09-26T08:55:40.879+05:30,2964,Corporate Bonds
2153292,2026-09-27T22:46:53.383+05:30,2867,Corporate Bonds
2190735,2026-09-28T12:35:26.576+05:30,2964,Corporate Bonds
2123825,2026-09-26T15:13:30.402+05:30,2872,Corporate Bonds
1848885,2026-09-26T10:23:07.431+05:30,2867,Corporate Bonds
2069911,2026-09-28T10:26:29.519+05:30,2643,Securitized Debt Instruments
1790014,2026-09-28T17:09:49.813+05:30,2881,Corporate Bonds
2184659,2026-09-24T19:46:56.355+05:30,3014,Corporate Bonds
1779478,2026-09-25T18:36:19.184+05:30,2953,Corporate Bonds
1828011,2026-09-28T21:52:07.462+05:30,2895,Corporate Bonds
2201262,2026-09-25T14:44:55.557+05:30,2881,Corporate Bonds
2060375,2026-09-27T09:44:39.088+05:30,2942,Securitized Debt Instruments
1050344,2026-09-26T08:16:59.975+05:30,2940,Corporate Bonds
1406617,2026-09-28T23:54:41.509+05:30,2922,Corporate Bonds
1651402,2026-09-26T08:00:42.149+05:30,2867,Corporate Bonds
2220425,2026-09-28T12:53:36.073+05:30,2771,Corporate Bonds
2216234,2026-09-27T16:52:50.966+05:30,2982,Corporate Bonds
1690515,2026-09-28T12:48:22.72+05:30,3014,Corporate Bonds
954233,2026-09-24T16:25:21.261+05:30,3014,Corporate Bonds
85749,2026-09-26T15:53:52.662+05:30,2867,Corporate Bonds
2220616,2026-09-28T21:16:09.164+05:30,2751,Corporate Bonds
1359964,2026-09-27T13:31:32.623+05:30,2964,Corporate Bonds
2147479,2026-09-25T10:23:01.983+05:30,2883,Corporate Bonds
1400576,2026-09-27T22:34:07.094+05:30,2953,Corporate Bonds
1140876,2026-09-24T18:17:29.12+05:30,2941,Corporate Bonds
2111661,2026-09-27T13:08:40.281+05:30,2781,Corporate Bonds
2194849,2026-09-28T18:36:44.916+05:30,2982,Corporate Bonds
29613,2026-09-25T16:11:43.225+05:30,2951,Corporate Bonds
781341,2026-09-24T11:10:35.915+05:30,2982,Corporate Bonds
2215702,2026-09-27T00:28:56.751+05:30,2964,Corporate Bonds
1965136,2026-09-25T23:32:11.57+05:30,2867,Corporate Bonds
2102595,2026-09-25T13:55:57.096+05:30,2969,XCase
1065181,2026-09-26T10:43:54.3+05:30,2955,Corporate Bonds
1904834,2026-09-27T12:34:50.404+05:30,2856,Corporate Bonds
1909282,2026-09-28T16:31:22.394+05:30,2996,Corporate Bonds
778666,2026-09-27T21:52:47.087+05:30,2867,Corporate Bonds
1674846,2026-09-28T19:27:58.425+05:30,2881,Corporate Bonds
1130569,2026-09-25T15:47:47.255+05:30,2909,Corporate Bonds
845448,2026-09-27T10:34:05.451+05:30,2794,Corporate Bonds
1790423,2026-09-25T08:43:50.191+05:30,2895,Corporate Bonds
1244968,2026-09-28T20:03:09.176+05:30,2930,Corporate Bonds
1902286,2026-09-24T21:20:58.711+05:30,3014,Corporate Bonds
1405296,2026-09-25T05:33:14.71+05:30,2872,Corporate Bonds
2220195,2026-09-28T00:54:23.441+05:30,3025,Corporate Bonds
2214822,2026-09-24T05:02:10.833+05:30,2956,Corporate Bonds
2131959,2026-09-27T09:20:08.049+05:30,1873,Corporate Bonds
2118519,2026-09-24T16:02:47.266+05:30,3014,Corporate Bonds
2215042,2026-09-25T08:49:46.824+05:30,2830,Corporate Bonds
2116215,2026-09-25T19:22:18.656+05:30,2952,Corporate Bonds
740940,2026-09-24T00:12:22.829+05:30,2895,Corporate Bonds
1359227,2026-09-28T14:11:59.943+05:30,2883,Corporate Bonds
1751657,2026-09-27T05:48:50.103+05:30,2964,Corporate Bonds
1664313,2026-09-26T20:53:46.916+05:30,2942,Securitized Debt Instruments
2211621,2026-09-25T13:05:49.429+05:30,2942,Securitized Debt Instruments
2196141,2026-09-26T21:51:20.028+05:30,2751,Corporate Bonds
2215804,2026-09-25T10:02:25.037+05:30,2941,Corporate Bonds
2202666,2026-09-26T22:56:39.269+05:30,2872,Corporate Bonds
738657,2026-09-24T14:16:13.833+05:30,3014,Corporate Bonds
1419834,2026-09-26T09:52:48.991+05:30,2956,Corporate Bonds
2204642,2026-09-24T15:31:05.311+05:30,2899,Mutual Funds
1173950,2026-09-24T22:24:28.482+05:30,2895,Corporate Bonds
1356788,2026-09-25T10:18:25.187+05:30,2858,Corporate Bonds
1295795,2026-09-28T21:20:51.335+05:30,2781,Corporate Bonds
2158892,2026-09-27T11:06:40.053+05:30,2941,Corporate Bonds
2215303,2026-09-26T07:33:24.392+05:30,2850,Corporate Bonds
1887949,2026-09-28T02:01:15.87+05:30,2953,Corporate Bonds
1483503,2026-09-24T20:42:42.88+05:30,2942,Securitized Debt Instruments
2179123,2026-09-28T16:50:52.051+05:30,2964,Corporate Bonds
1419834,2026-09-26T01:45:17.838+05:30,2956,Corporate Bonds
2121223,2026-09-28T20:01:13.827+05:30,2849,Corporate Bonds
2067235,2026-09-28T11:04:44.531+05:30,2867,Corporate Bonds
1567996,2026-09-27T18:58:08.217+05:30,2872,Corporate Bonds
880513,2026-09-25T18:00:10.733+05:30,2942,Securitized Debt Instruments
2148549,2026-09-27T07:46:53.617+05:30,2982,Corporate Bonds
1757491,2026-09-27T11:29:48.347+05:30,2867,Corporate Bonds
1715663,2026-09-25T13:20:23.796+05:30,2643,Securitized Debt Instruments
1632639,2026-09-27T15:16:21.473+05:30,2880,Corporate Bonds
960522,2026-09-26T18:01:28.888+05:30,2964,Corporate Bonds
,2026-09-26T11:41:47.312+05:30,2942,Securitized Debt Instruments
6678,2026-09-26T11:39:02.788+05:30,2982,Corporate Bonds
730248,2026-09-27T20:47:42.217+05:30,2956,Corporate Bonds
1857453,2026-09-25T20:59:24.421+05:30,2850,Corporate Bonds
1976411,2026-09-25T10:30:02.87+05:30,2997,Corporate Bonds
2019671,2026-09-28T06:20:26.282+05:30,1239,High Yield FDs
2216246,2026-09-24T15:38:49.396+05:30,2609,Corporate Bonds
2218707,2026-09-26T11:19:37.251+05:30,2751,Corporate Bonds
1736133,2026-09-28T08:40:41.951+05:30,2956,Corporate Bonds
2211296,2026-09-27T22:33:11.759+05:30,2955,Corporate Bonds
1192394,2026-09-27T01:36:40.479+05:30,2942,Securitized Debt Instruments
29613,2026-09-25T10:36:39.851+05:30,2887,Corporate Bonds
1664313,2026-09-26T20:53:52.225+05:30,2942,Securitized Debt Instruments
1734835,2026-09-24T12:03:49.045+05:30,2895,Corporate Bonds
1753132,2026-09-24T13:53:43.671+05:30,1873,Corporate Bonds
29265,2026-09-26T19:08:27.035+05:30,2872,Corporate Bonds
2215329,2026-09-26T08:18:11.801+05:30,2941,Corporate Bonds
1217891,2026-09-24T22:52:11.22+05:30,2774,Corporate Bonds
1186476,2026-09-25T23:54:57.376+05:30,2643,Securitized Debt Instruments
1745359,2026-09-28T20:01:34.728+05:30,2952,Corporate Bonds
1176437,2026-09-24T16:51:49.005+05:30,3014,Corporate Bonds
1793255,2026-09-28T23:07:05.93+05:30,2751,Corporate Bonds
2140404,2026-09-28T18:02:53.986+05:30,3024,Corporate Bonds
1664313,2026-09-26T20:53:48.297+05:30,2942,Securitized Debt Instruments
743866,2026-09-24T22:01:39.668+05:30,2643,Securitized Debt Instruments
1134571,2026-09-27T10:11:39.08+05:30,2942,Securitized Debt Instruments
1118772,2026-09-27T11:41:57.965+05:30,2812,Corporate Bonds
2219932,2026-09-28T13:33:44.881+05:30,3014,Corporate Bonds
201821,2026-09-26T11:08:57.054+05:30,2964,Corporate Bonds
1151116,2026-09-28T01:35:52.193+05:30,2412,Corporate Bonds
1557197,2026-09-27T22:39:37.403+05:30,2895,Corporate Bonds
2140357,2026-09-25T13:45:23.312+05:30,2881,Corporate Bonds
2160840,2026-09-27T11:20:28.941+05:30,2953,Corporate Bonds
2217442,2026-09-26T22:39:21.605+05:30,2868,Corporate Bonds
1679040,2026-09-25T11:43:41.161+05:30,2950,Corporate Bonds
159128,2026-09-25T22:29:23.205+05:30,3014,Corporate Bonds
2195443,2026-09-26T12:10:42.229+05:30,2941,Corporate Bonds
2208956,2026-09-24T02:09:22.981+05:30,2969,XCase
2209542,2026-09-24T18:58:04.687+05:30,2643,Securitized Debt Instruments
1965957,2026-09-27T12:50:45.037+05:30,2982,Corporate Bonds
1909540,2026-09-27T20:11:00.632+05:30,1873,Corporate Bonds
2217572,2026-09-25T13:57:23.803+05:30,2982,Corporate Bonds
1197772,2026-09-25T20:10:56.349+05:30,2880,Corporate Bonds
1674846,2026-09-28T19:28:45.567+05:30,2881,Corporate Bonds
1739493,2026-09-24T16:48:11.504+05:30,2643,Securitized Debt Instruments
2102595,2026-09-25T13:55:54.244+05:30,2969,XCase
1893542,2026-09-25T19:41:47.01+05:30,2951,Corporate Bonds
2211527,2026-09-26T01:11:11.787+05:30,2969,XCase
2051162,2026-09-28T20:30:31.243+05:30,2930,Corporate Bonds
1091020,2026-09-25T07:22:18.086+05:30,2863,Corporate Bonds
1002261,2026-09-27T07:47:56.165+05:30,2849,Corporate Bonds
699051,2026-09-26T13:06:08.12+05:30,2751,Corporate Bonds
10490,2026-09-25T08:48:01.898+05:30,2867,Corporate Bonds
2055439,2026-09-25T14:59:07.822+05:30,2883,Corporate Bonds
2217792,2026-09-25T16:35:16.528+05:30,1873,Corporate Bonds
917548,2026-09-24T12:34:10.545+05:30,1873,Corporate Bonds
606876,2026-09-24T06:51:46.32+05:30,2883,Corporate Bonds
2177555,2026-09-26T09:11:44.368+05:30,2872,Corporate Bonds
1671087,2026-09-25T20:52:27.123+05:30,2951,Corporate Bonds
2160430,2026-09-24T18:57:32.919+05:30,2964,Corporate Bonds
2175133,2026-09-27T10:51:41.024+05:30,2850,Corporate Bonds
1611033,2026-09-28T16:47:34.3+05:30,2850,Corporate Bonds
2217270,2026-09-26T10:59:46.106+05:30,2895,Corporate Bonds
441728,2026-09-25T08:41:53.482+05:30,2872,Corporate Bonds
393334,2026-09-28T11:20:37.664+05:30,2964,Corporate Bonds
1922925,2026-09-27T09:28:26.341+05:30,2951,Corporate Bonds
1249346,2026-09-27T08:15:00.735+05:30,2902,Corporate Bonds
1055834,2026-09-24T09:04:45.253+05:30,2830,Corporate Bonds
2221542,2026-09-28T12:22:00.332+05:30,2872,Corporate Bonds
1971034,2026-09-26T22:11:57.926+05:30,2942,Securitized Debt Instruments
1786278,2026-09-25T12:55:27.084+05:30,1873,Corporate Bonds
1124187,2026-09-25T15:23:56.448+05:30,2873,XCase
2219281,2026-09-27T09:11:25.094+05:30,3006,Corporate Bonds
2128509,2026-09-28T22:20:12.205+05:30,3014,Corporate Bonds
958692,2026-09-26T06:16:12.339+05:30,3014,Corporate Bonds
915474,2026-09-28T07:54:38.524+05:30,2643,Securitized Debt Instruments
1063939,2026-09-25T19:30:25.75+05:30,2955,Corporate Bonds
2211296,2026-09-27T23:00:09.269+05:30,3014,Corporate Bonds
1459455,2026-09-26T08:27:18.92+05:30,2873,XCase
772747,2026-09-28T20:15:02.997+05:30,3014,Corporate Bonds
2214822,2026-09-24T01:40:07.473+05:30,2956,Corporate Bonds
771741,2026-09-28T22:49:49.184+05:30,2856,Corporate Bonds
2139024,2026-09-28T13:00:04.347+05:30,2964,Corporate Bonds
375775,2026-09-25T09:13:50.005+05:30,2794,Corporate Bonds
1813501,2026-09-26T21:29:18.306+05:30,1239,High Yield FDs
866820,2026-09-26T23:19:00.619+05:30,2840,Corporate Bonds
2077604,2026-09-27T19:12:33.5+05:30,2881,Corporate Bonds
1314879,2026-09-25T16:51:55.673+05:30,2907,Corporate Bonds
1735500,2026-09-25T17:28:14.313+05:30,2729,Mutual Funds
2198169,2026-09-24T04:14:16.502+05:30,2930,Corporate Bonds
883847,2026-09-28T09:31:37.002+05:30,2883,Corporate Bonds
1280155,2026-09-27T22:57:17.317+05:30,3014,Corporate Bonds
1779026,2026-09-25T12:57:30.211+05:30,2609,Corporate Bonds
2218905,2026-09-27T12:37:17.995+05:30,2874,Corporate Bonds
1351152,2026-09-26T11:05:24.892+05:30,2982,Corporate Bonds
1719670,2026-09-25T15:02:20.509+05:30,2940,Corporate Bonds
1167450,2026-09-26T19:31:41.183+05:30,2872,Corporate Bonds
1297371,2026-09-27T17:35:18.098+05:30,2955,Corporate Bonds
1668039,2026-09-25T18:54:26.017+05:30,2942,Securitized Debt Instruments
2071481,2026-09-24T21:14:54.41+05:30,3014,Corporate Bonds
2210361,2026-09-25T16:05:25.841+05:30,3006,Corporate Bonds
1399738,2026-09-24T18:44:05.522+05:30,2812,Corporate Bonds
1552968,2026-09-25T17:51:02.737+05:30,2609,Corporate Bonds
2078354,2026-09-27T08:51:25.655+05:30,2856,Corporate Bonds
1627587,2026-09-25T02:17:33.136+05:30,2902,Corporate Bonds
1165011,2026-09-28T19:14:56.612+05:30,2947,Corporate Bonds
1099842,2026-09-25T06:32:18.894+05:30,2900,Corporate Bonds
2088142,2026-09-26T11:48:31.952+05:30,2942,Securitized Debt Instruments
1721132,2026-09-24T20:49:33.725+05:30,2858,Corporate Bonds
1850848,2026-09-24T09:09:59.241+05:30,2794,Corporate Bonds
2191927,2026-09-26T17:04:35.095+05:30,2643,Securitized Debt Instruments
1208368,2026-09-28T16:34:49.385+05:30,2964,Corporate Bonds
1651757,2026-09-27T16:06:23.328+05:30,3014,Corporate Bonds
2215987,2026-09-24T12:05:45.071+05:30,2950,Corporate Bonds
2217284,2026-09-25T10:34:54.184+05:30,3014,Corporate Bonds
2193399,2026-09-24T17:29:43.535+05:30,1095,High Yield FDs
2216570,2026-09-24T20:14:52.501+05:30,3006,Corporate Bonds
1041782,2026-09-27T07:46:52.463+05:30,2867,Corporate Bonds
2221498,2026-09-28T20:06:46.569+05:30,2455,Corporate Bonds
1171961,2026-09-26T18:12:13.43+05:30,1873,Corporate Bonds
2168667,2026-09-25T08:34:35.405+05:30,3014,Corporate Bonds
1714525,2026-09-28T17:07:57.554+05:30,2911,Mutual Funds
755581,2026-09-26T18:54:54.758+05:30,2842,Corporate Bonds
724298,2026-09-28T07:21:57.498+05:30,1873,Corporate Bonds
1365315,2026-09-24T08:10:59.862+05:30,2964,Corporate Bonds
2161948,2026-09-24T17:03:45.209+05:30,2883,Corporate Bonds
160752,2026-09-27T23:25:28.336+05:30,2887,Corporate Bonds
778916,2026-09-26T09:19:16.137+05:30,2941,Corporate Bonds
65582,2026-09-25T16:06:38.349+05:30,2907,Corporate Bonds
399142,2026-09-24T10:10:56.908+05:30,3014,Corporate Bonds
2053457,2026-09-27T16:05:48.119+05:30,2867,Corporate Bonds
1211803,2026-09-24T07:47:53.199+05:30,2919,Corporate Bonds
2152361,2026-09-27T08:19:14.809+05:30,1239,High Yield FDs
1513323,2026-09-25T18:09:48.634+05:30,2964,Corporate Bonds
2010364,2026-09-28T13:38:20.028+05:30,2895,Corporate Bonds
655446,2026-09-26T17:04:31.483+05:30,2964,Corporate Bonds
2216858,2026-09-24T23:25:57.94+05:30,2856,Corporate Bonds
1967246,2026-09-27T18:56:35.028+05:30,1873,Corporate Bonds
2156873,2026-09-27T11:49:01.053+05:30,2953,Corporate Bonds
1430448,2026-09-28T13:18:52.941+05:30,2930,Corporate Bonds
1700357,2026-09-26T09:22:59.194+05:30,2982,Corporate Bonds
1887949,2026-09-28T23:34:25.82+05:30,2455,Corporate Bonds
859147,2026-09-26T10:54:25.313+05:30,2951,Corporate Bonds
2111125,2026-09-24T08:55:34.1+05:30,2733,Corporate Bonds
1531150,2026-09-25T10:29:17.085+05:30,2883,Corporate Bonds
1912991,2026-09-25T20:01:42.022+05:30,2867,Corporate Bonds
2010364,2026-09-26T14:03:44.071+05:30,2950,Corporate Bonds
2187621,2026-09-25T20:57:50.56+05:30,1873,Corporate Bonds
295171,2026-09-28T08:39:04.593+05:30,2867,Corporate Bonds
2107391,2026-09-27T09:32:50.132+05:30,1096,High Yield FDs
644136,2026-09-28T11:43:14.109+05:30,2506,Corporate Bonds
2219174,2026-09-27T14:47:51.229+05:30,2881,Corporate Bonds
1911707,2026-09-25T16:44:33.173+05:30,2953,Corporate Bonds
2115707,2026-09-27T13:41:45.469+05:30,2881,Corporate Bonds
956159,2026-09-27T14:49:04.758+05:30,2850,Corporate Bonds
980105,2026-09-24T13:03:07.904+05:30,2941,Corporate Bonds
2202928,2026-09-26T10:58:51.581+05:30,2982,Corporate Bonds
2139864,2026-09-27T09:26:21.369+05:30,2881,Corporate Bonds
1557197,2026-09-27T22:33:02.091+05:30,2867,Corporate Bonds
530966,2026-09-25T14:58:57.668+05:30,2842,Corporate Bonds
2220239,2026-09-27T17:20:00.402+05:30,2874,Corporate Bonds
2219117,2026-09-26T15:55:26.114+05:30,2982,Corporate Bonds
2218105,2026-09-25T22:27:34.788+05:30,2771,Corporate Bonds
661819,2026-09-24T10:37:29.242+05:30,2528,Corporate Bonds
1175738,2026-09-26T17:23:53.275+05:30,2751,Corporate Bonds
2065631,2026-09-28T08:11:53.871+05:30,2907,Corporate Bonds
1673811,2026-09-28T09:19:44.964+05:30,2794,Corporate Bonds
883815,2026-09-28T23:08:08.729+05:30,2856,Corporate Bonds
2213073,2026-09-26T06:10:33.186+05:30,2964,Corporate Bonds
2201389,2026-09-25T13:02:41.192+05:30,2767,Corporate Bonds
2215332,2026-09-24T11:44:06.897+05:30,3006,Corporate Bonds
2190735,2026-09-28T12:35:24.014+05:30,2964,Corporate Bonds
2148549,2026-09-25T21:32:54.993+05:30,2769,Corporate Bonds
2218762,2026-09-28T12:13:55.435+05:30,2993,XCase
2206089,2026-09-25T20:20:22.808+05:30,2956,Corporate Bonds
1752838,2026-09-25T19:20:56.717+05:30,1873,Corporate Bonds
615001,2026-09-28T23:28:12.001+05:30,2455,Corporate Bonds
2159614,2026-09-28T22:11:30.198+05:30,2875,Corporate Bonds
2216363,2026-09-24T17:37:41.552+05:30,2875,Corporate Bonds
672152,2026-09-24T18:43:22.035+05:30,2883,Corporate Bonds
1002220,2026-09-25T14:05:31.573+05:30,2643,Securitized Debt Instruments
1046857,2026-09-25T10:51:07.224+05:30,2769,Corporate Bonds
842964,2026-09-24T13:07:36.168+05:30,2911,Mutual Funds
740629,2026-09-25T12:18:24.245+05:30,3014,Corporate Bonds
657627,2026-09-27T23:51:02.849+05:30,2940,Corporate Bonds
2214640,2026-09-28T17:14:38.553+05:30,2918,Corporate Bonds
2198109,2026-09-25T15:59:11.816+05:30,1873,Corporate Bonds
2203024,2026-09-27T10:49:42.243+05:30,2895,Corporate Bonds
1509307,2026-09-26T06:36:24.661+05:30,2964,Corporate Bonds
2068102,2026-09-24T21:31:03.943+05:30,2843,Corporate Bonds
2219026,2026-09-26T14:48:27.611+05:30,2964,Corporate Bonds
2002013,2026-09-27T00:31:56.284+05:30,2883,Corporate Bonds
39480,2026-09-24T15:53:35.476+05:30,2883,Corporate Bonds
897742,2026-09-27T12:14:59.031+05:30,2883,Corporate Bonds
1965852,2026-09-25T09:09:43.02+05:30,3006,Corporate Bonds
1021532,2026-09-25T09:43:39.104+05:30,2858,Corporate Bonds
1163111,2026-09-25T13:39:29.383+05:30,2993,XCase
535695,2026-09-24T13:12:54.113+05:30,2729,Mutual Funds
1167570,2026-09-26T16:49:18.507+05:30,1873,Corporate Bonds
740629,2026-09-24T14:25:33.987+05:30,3014,Corporate Bonds
2105270,2026-09-27T08:46:58.558+05:30,2982,Corporate Bonds
56839,2026-09-24T13:03:50.117+05:30,2767,Corporate Bonds
1258378,2026-09-25T21:29:06.46+05:30,2873,XCase
1209254,2026-09-27T10:51:59.849+05:30,2867,Corporate Bonds
2009285,2026-09-25T15:23:15.214+05:30,3014,Corporate Bonds
2134007,2026-09-28T08:51:49.084+05:30,2954,Corporate Bonds
1936126,2026-09-25T10:33:01.259+05:30,2880,Corporate Bonds
1912788,2026-09-27T15:27:31.339+05:30,2895,Corporate Bonds
2220036,2026-09-28T14:27:11.536+05:30,2919,Corporate Bonds
1077680,2026-09-28T16:44:34.445+05:30,1292,High Yield FDs
1516700,2026-09-24T17:45:51.162+05:30,2895,Corporate Bonds
1701346,2026-09-28T19:52:43.967+05:30,2895,Corporate Bonds
1794721,2026-09-24T15:39:52.743+05:30,2858,Corporate Bonds
1890366,2026-09-27T23:31:44.264+05:30,1873,Corporate Bonds
1194780,2026-09-25T10:47:26.545+05:30,2981,Corporate Bonds
1136309,2026-09-27T15:50:09.767+05:30,2883,Corporate Bonds
2140404,2026-09-28T13:39:48.971+05:30,3024,Corporate Bonds
1721132,2026-09-24T20:37:21.993+05:30,2883,Corporate Bonds
725719,2026-09-26T17:48:28.961+05:30,2880,Corporate Bonds
319454,2026-09-28T09:38:57.94+05:30,2872,Corporate Bonds
2215905,2026-09-25T06:22:56.392+05:30,2875,Corporate Bonds
2160840,2026-09-24T10:38:42.141+05:30,3014,Corporate Bonds
1851474,2026-09-28T08:19:38.314+05:30,2951,Corporate Bonds
1848885,2026-09-26T10:28:52.062+05:30,2969,XCase
1829303,2026-09-26T13:38:34.275+05:30,2982,Corporate Bonds
2218130,2026-09-26T21:54:01.632+05:30,2729,Mutual Funds
1499812,2026-09-26T12:57:17.521+05:30,2883,Corporate Bonds
1458737,2026-09-24T11:27:27.21+05:30,3014,Corporate Bonds
825721,2026-09-25T22:18:33.097+05:30,2964,Corporate Bonds
1986243,2026-09-27T23:19:17.262+05:30,2751,Corporate Bonds
1620643,2026-09-27T06:29:45.401+05:30,2899,Mutual Funds
2183383,2026-09-25T20:16:14.111+05:30,2895,Corporate Bonds
1049567,2026-09-24T13:09:41.708+05:30,3014,Corporate Bonds
909572,2026-09-27T21:18:40.638+05:30,2872,Corporate Bonds
915791,2026-09-28T07:23:40.95+05:30,2412,Corporate Bonds
2219969,2026-09-27T10:46:43.577+05:30,2941,Corporate Bonds
833706,2026-09-26T13:43:11.093+05:30,2767,Corporate Bonds
739574,2026-09-24T11:38:21.025+05:30,3014,Corporate Bonds
1967246,2026-09-24T06:47:12.528+05:30,2895,Corporate Bonds
2163924,2026-09-27T12:14:29.995+05:30,2812,Corporate Bonds
2045527,2026-09-27T23:14:44.656+05:30,2849,Corporate Bonds
2188392,2026-09-27T15:49:37.659+05:30,2872,Corporate Bonds
845608,2026-09-26T18:47:06.839+05:30,2778,Corporate Bonds
2191286,2026-09-25T12:55:35.07+05:30,2955,Corporate Bonds
1951804,2026-09-24T18:21:16.979+05:30,2867,Corporate Bonds
2220493,2026-09-27T17:08:31.825+05:30,1873,Corporate Bonds
886235,2026-09-25T21:18:16.269+05:30,2863,Corporate Bonds
2047548,2026-09-25T17:35:52.195+05:30,2868,Corporate Bonds
84735,2026-09-25T06:39:55.302+05:30,2993,XCase
2072917,2026-09-26T18:25:33.097+05:30,3023,Corporate Bonds
1845253,2026-09-27T17:23:38.711+05:30,2953,Corporate Bonds
740107,2026-09-26T08:35:23.316+05:30,2874,Corporate Bonds
960847,2026-09-28T09:44:39.868+05:30,2842,Corporate Bonds
1630696,2026-09-28T14:14:19.565+05:30,3024,Corporate Bonds
2217842,2026-09-25T18:39:22.571+05:30,2964,Corporate Bonds
2206578,2026-09-26T17:17:34.773+05:30,2842,Corporate Bonds
1171961,2026-09-26T18:10:53.256+05:30,1873,Corporate Bonds
2214532,2026-09-25T20:33:17.285+05:30,2887,Corporate Bonds
2209483,2026-09-26T12:50:41.608+05:30,3014,Corporate Bonds
1676210,2026-09-27T16:14:03.739+05:30,2951,Corporate Bonds
1161667,2026-09-24T11:46:18.834+05:30,2942,Securitized Debt Instruments
2140404,2026-09-28T11:05:23.982+05:30,3024,Corporate Bonds
1062332,2026-09-28T16:29:29.094+05:30,2994,Corporate Bonds
950408,2026-09-27T20:07:02.101+05:30,2993,XCase
17669,2026-09-28T19:28:09.735+05:30,2197,Corporate Bonds
152852,2026-09-24T07:47:58.582+05:30,2873,XCase
2182912,2026-09-25T01:15:26.568+05:30,2609,Corporate Bonds
1055834,2026-09-24T08:14:40.747+05:30,2781,Corporate Bonds
2198169,2026-09-24T04:13:22.168+05:30,2930,Corporate Bonds
2208395,2026-09-24T16:16:32.19+05:30,2902,Corporate Bonds
1893559,2026-09-28T14:54:19.749+05:30,2858,Corporate Bonds
1691717,2026-09-25T07:28:34.522+05:30,2982,Corporate Bonds
1663000,2026-09-26T10:08:38.596+05:30,2751,Corporate Bonds
2220239,2026-09-27T16:56:32.556+05:30,2874,Corporate Bonds
2217482,2026-09-25T12:35:35.662+05:30,2908,Corporate Bonds
2207291,2026-09-26T14:14:35.627+05:30,2964,Corporate Bonds
1977466,2026-09-24T17:36:06.828+05:30,2932,Corporate Bonds
1230340,2026-09-27T15:59:48.219+05:30,2981,Corporate Bonds
766832,2026-09-25T23:29:59.195+05:30,2955,Corporate Bonds
1017998,2026-09-27T10:40:18.858+05:30,1292,High Yield FDs
6442,2026-09-25T11:45:27.008+05:30,3006,Corporate Bonds
1519317,2026-09-25T15:53:00.765+05:30,2872,Corporate Bonds
1372010,2026-09-28T15:03:31.19+05:30,2895,Corporate Bonds
2197535,2026-09-27T13:37:17.85+05:30,1873,Corporate Bonds
2173810,2026-09-25T10:03:21.545+05:30,2881,Corporate Bonds
2207291,2026-09-26T14:18:40.574+05:30,2964,Corporate Bonds
1879918,2026-09-28T14:08:52.32+05:30,2981,Corporate Bonds
1670746,2026-09-25T21:24:41.575+05:30,1873,Corporate Bonds
2097832,2026-09-27T08:02:31.031+05:30,2907,Corporate Bonds
2155473,2026-09-28T20:08:44.952+05:30,2982,Corporate Bonds
1077652,2026-09-27T19:12:38.438+05:30,3014,Corporate Bonds
1191654,2026-09-26T12:52:44.842+05:30,2883,Corporate Bonds
1824823,2026-09-24T05:27:09.478+05:30,2982,Corporate Bonds
2217379,2026-09-25T11:24:17.627+05:30,2872,Corporate Bonds
1534298,2026-09-26T14:38:39.665+05:30,2918,Corporate Bonds
2213240,2026-09-24T11:12:11.402+05:30,1873,Corporate Bonds
2109686,2026-09-26T18:21:23.111+05:30,2873,XCase
2108443,2026-09-24T22:46:41.292+05:30,2930,Corporate Bonds
650506,2026-09-28T16:23:07.488+05:30,2976,Corporate Bonds
769318,2026-09-24T11:17:53.325+05:30,3014,Corporate Bonds
30582,2026-09-26T17:57:44.348+05:30,2863,Corporate Bonds
2199009,2026-09-26T06:40:29.407+05:30,2955,Corporate Bonds
2217423,2026-09-25T13:10:06.052+05:30,2918,Corporate Bonds
1498887,2026-09-27T20:35:27.646+05:30,2930,Corporate Bonds
770152,2026-09-26T09:12:43.201+05:30,2868,Corporate Bonds
1676210,2026-09-27T16:06:02.155+05:30,2953,Corporate Bonds
202586,2026-09-26T22:49:44.064+05:30,2953,Corporate Bonds
1146312,2026-09-27T19:11:56.657+05:30,2867,Corporate Bonds
1332856,2026-09-27T13:29:09.71+05:30,1239,High Yield FDs
2217788,2026-09-25T16:29:07.062+05:30,3006,Corporate Bonds
1137333,2026-09-24T17:45:23.204+05:30,1239,High Yield FDs
712323,2026-09-25T07:43:00.497+05:30,2930,Corporate Bonds
1075972,2026-09-26T09:24:43.394+05:30,2872,Corporate Bonds
877632,2026-09-27T22:39:25.944+05:30,3014,Corporate Bonds
1190236,2026-09-24T10:45:16.618+05:30,3014,Corporate Bonds
2176033,2026-09-25T14:34:45.163+05:30,2867,Corporate Bonds
1496531,2026-09-27T17:10:59.539+05:30,2412,Corporate Bonds
1428627,2026-09-27T13:07:33.013+05:30,2964,Corporate Bonds
2044230,2026-09-26T08:41:19.809+05:30,3014,Corporate Bonds
2190670,2026-09-25T15:40:11.042+05:30,2881,Corporate Bonds
741463,2026-09-28T20:04:00.035+05:30,2883,Corporate Bonds
,2026-09-26T21:53:10.675+05:30,3006,Corporate Bonds
2217788,2026-09-25T16:41:59.448+05:30,3006,Corporate Bonds
1534298,2026-09-28T08:33:25.182+05:30,2954,Corporate Bonds
978518,2026-09-26T09:45:04.118+05:30,2964,Corporate Bonds
1936126,2026-09-25T17:40:04.84+05:30,2964,Corporate Bonds
2220616,2026-09-27T18:49:25.818+05:30,2751,Corporate Bonds
2156807,2026-09-25T17:03:19.844+05:30,2997,Corporate Bonds
840497,2026-09-24T17:10:18.152+05:30,2609,Corporate Bonds
1800559,2026-09-24T15:33:55.535+05:30,1873,Corporate Bonds
692285,2026-09-25T09:11:35.186+05:30,2867,Corporate Bonds
2208643,2026-09-25T07:39:33.648+05:30,2982,Corporate Bonds
929052,2026-09-24T10:23:19.961+05:30,2867,Corporate Bonds
981192,2026-09-26T17:13:39.457+05:30,2840,Corporate Bonds
2209877,2026-09-28T14:47:50.464+05:30,2982,Corporate Bonds
2199780,2026-09-26T11:38:18.604+05:30,2873,XCase
443216,2026-09-24T12:23:07.333+05:30,3014,Corporate Bonds
411852,2026-09-24T10:32:04.066+05:30,2994,Corporate Bonds
2207945,2026-09-26T11:32:49.066+05:30,2952,Corporate Bonds
2053075,2026-09-26T09:36:52.651+05:30,2982,Corporate Bonds
1358356,2026-09-24T16:28:22.012+05:30,1873,Corporate Bonds
521743,2026-09-26T19:45:36.125+05:30,2969,XCase
1983161,2026-09-26T23:03:03.234+05:30,2952,Corporate Bonds
1259647,2026-09-26T08:26:48.894+05:30,2751,Corporate Bonds
2181816,2026-09-25T20:55:25.726+05:30,2751,Corporate Bonds
887918,2026-09-28T07:32:00.804+05:30,2902,Corporate Bonds
1993933,2026-09-28T15:57:08.476+05:30,2964,Corporate Bonds
1671982,2026-09-24T20:15:14.483+05:30,2922,Corporate Bonds
2053463,2026-09-24T08:18:29.19+05:30,2922,Corporate Bonds
1057781,2026-09-24T01:45:22.961+05:30,2940,Corporate Bonds
1237414,2026-09-26T11:07:07.38+05:30,2843,Corporate Bonds
2212437,2026-09-27T12:58:10.692+05:30,2863,Corporate Bonds
1490562,2026-09-27T05:24:31.266+05:30,2867,Corporate Bonds
48758,2026-09-26T01:29:37.223+05:30,2941,Corporate Bonds
356693,2026-09-26T18:10:30.393+05:30,2982,Corporate Bonds
2009941,2026-09-24T19:01:00.14+05:30,2769,Corporate Bonds
804200,2026-09-24T21:15:44.853+05:30,2883,Corporate Bonds
2219311,2026-09-26T21:52:35.042+05:30,2982,Corporate Bonds
2142740,2026-09-24T20:22:54.364+05:30,2850,Corporate Bonds
2217009,2026-09-25T04:36:30.114+05:30,2863,Corporate Bonds
1475766,2026-09-25T12:35:54.428+05:30,1873,Corporate Bonds
1128570,2026-09-27T17:04:51.218+05:30,2969,XCase
2160430,2026-09-24T18:17:37.283+05:30,2964,Corporate Bonds
2217482,2026-09-25T12:58:20.485+05:30,2908,Corporate Bonds
1832862,2026-09-24T20:19:00.277+05:30,2982,Corporate Bonds
2215861,2026-09-24T17:47:16.557+05:30,2982,Corporate Bonds
1266085,2026-09-25T21:31:13.34+05:30,1239,High Yield FDs
2215864,2026-09-24T11:10:10.991+05:30,2982,Corporate Bonds
1973938,2026-09-25T17:01:00.975+05:30,2883,Corporate Bonds
959925,2026-09-24T13:01:08.854+05:30,3014,Corporate Bonds
1042548,2026-09-25T17:40:29.351+05:30,2997,Corporate Bonds
887683,2026-09-27T00:43:50.762+05:30,2843,Corporate Bonds
1299818,2026-09-24T23:00:43.994+05:30,2986,Corporate Bonds
535695,2026-09-24T13:12:28.166+05:30,2911,Mutual Funds
1400576,2026-09-24T12:27:14.82+05:30,3014,Corporate Bonds
1591613,2026-09-25T17:26:16.066+05:30,2964,Corporate Bonds
649358,2026-09-24T15:43:00.279+05:30,2751,Corporate Bonds
1180819,2026-09-24T07:51:20.799+05:30,2881,Corporate Bonds
2212437,2026-09-27T12:48:26.921+05:30,2729,Mutual Funds
2139467,2026-09-25T20:45:35.467+05:30,1873,Corporate Bonds
2144812,2026-09-26T10:55:56.976+05:30,2856,Corporate Bonds
747991,2026-09-24T11:48:43.824+05:30,3014,Corporate Bonds
2204354,2026-09-25T21:25:27.171+05:30,2922,Corporate Bonds
1502916,2026-09-25T11:05:12.559+05:30,2875,Corporate Bonds
1120802,2026-09-26T20:19:54.076+05:30,2867,Corporate Bonds
2198169,2026-09-25T07:29:07.229+05:30,2895,Corporate Bonds
1963875,2026-09-24T10:04:27.051+05:30,3014,Corporate Bonds
470774,2026-09-27T11:51:50.379+05:30,2919,Corporate Bonds
2122835,2026-09-26T00:48:21.826+05:30,2867,Corporate Bonds
2189727,2026-09-28T19:22:33.83+05:30,2887,Corporate Bonds
2191552,2026-09-24T23:56:36.01+05:30,3006,Corporate Bonds
1496531,2026-09-27T17:22:56.612+05:30,2895,Corporate Bonds
1149418,2026-09-24T13:29:58.333+05:30,2856,Corporate Bonds
1583458,2026-09-26T16:42:29.643+05:30,2954,Corporate Bonds
2088151,2026-09-28T12:17:44.425+05:30,2951,Corporate Bonds
2126175,2026-09-24T21:56:33.805+05:30,3014,Corporate Bonds
990898,2026-09-24T18:24:58.388+05:30,2858,Corporate Bonds
1479614,2026-09-24T22:19:07.748+05:30,2986,Corporate Bonds
2199770,2026-09-24T12:00:27.964+05:30,3014,Corporate Bonds
2215784,2026-09-24T08:57:43.377+05:30,1873,Corporate Bonds
2108443,2026-09-26T22:26:15.93+05:30,2930,Corporate Bonds
2205156,2026-09-26T06:57:41.293+05:30,2964,Corporate Bonds
1866270,2026-09-26T20:09:43.909+05:30,2895,Corporate Bonds
1230340,2026-09-27T16:01:26.498+05:30,2879,Corporate Bonds
62938,2026-09-24T17:54:27.712+05:30,2918,Corporate Bonds
1930371,2026-09-25T22:07:03.462+05:30,1239,High Yield FDs
1893542,2026-09-25T19:45:59.932+05:30,2643,Securitized Debt Instruments
2186263,2026-09-27T11:17:20.497+05:30,1873,Corporate Bonds
1180633,2026-09-24T14:19:04.045+05:30,2986,Corporate Bonds
1666038,2026-09-26T13:44:09.098+05:30,2955,Corporate Bonds
2167702,2026-09-25T02:54:48.92+05:30,2930,Corporate Bonds
2218653,2026-09-27T08:01:54.652+05:30,3006,Corporate Bonds
2146307,2026-09-26T11:54:52.873+05:30,2864,Corporate Bonds
1222514,2026-09-25T07:43:51.079+05:30,2930,Corporate Bonds
2216596,2026-09-27T07:12:25.101+05:30,2850,Corporate Bonds
2218596,2026-09-28T23:08:47.818+05:30,2781,Corporate Bonds
1889460,2026-09-27T06:06:56.049+05:30,2881,Corporate Bonds
1962107,2026-09-28T11:30:20.303+05:30,2930,Corporate Bonds
789661,2026-09-25T16:51:13.038+05:30,2932,Corporate Bonds
1796083,2026-09-28T11:52:05.81+05:30,2880,Corporate Bonds
911558,2026-09-25T12:33:23.98+05:30,2881,Corporate Bonds
1053448,2026-09-25T10:19:23.768+05:30,2850,Corporate Bonds
2215329,2026-09-24T22:16:24.011+05:30,2982,Corporate Bonds
1685214,2026-09-27T11:23:37.328+05:30,2953,Corporate Bonds
1986071,2026-09-28T10:12:52.57+05:30,2981,Corporate Bonds
30231,2026-09-25T10:22:12.738+05:30,2949,Corporate Bonds
809614,2026-09-25T14:04:27.258+05:30,2858,Corporate Bonds
2064257,2026-09-25T21:24:03.035+05:30,2932,Corporate Bonds
1075297,2026-09-25T09:27:15.867+05:30,2883,Corporate Bonds
2200431,2026-09-26T12:36:25.52+05:30,2922,Corporate Bonds
2219008,2026-09-26T15:02:31.379+05:30,2982,Corporate Bonds
881271,2026-09-26T09:47:58.567+05:30,2868,Corporate Bonds
950408,2026-09-27T21:31:19.079+05:30,2895,Corporate Bonds
1397512,2026-09-28T22:31:33.105+05:30,2872,Corporate Bonds
2145420,2026-09-25T21:32:24.957+05:30,2918,Corporate Bonds
2183852,2026-09-24T10:36:23.111+05:30,2955,Corporate Bonds
2042831,2026-09-25T19:20:53.032+05:30,2942,Securitized Debt Instruments
319454,2026-09-28T09:44:02.105+05:30,2956,Corporate Bonds
1019555,2026-09-24T12:47:11.155+05:30,3014,Corporate Bonds
2116215,2026-09-25T19:22:21.917+05:30,2952,Corporate Bonds
1616460,2026-09-24T19:32:12.513+05:30,1292,High Yield FDs
2151815,2026-09-26T14:36:29.728+05:30,2918,Corporate Bonds
1634939,2026-09-27T22:15:37.688+05:30,2954,Corporate Bonds
795243,2026-09-25T22:00:52.992+05:30,2993,XCase
1931581,2026-09-25T12:57:28.418+05:30,2855,Corporate Bonds
944631,2026-09-27T18:14:20.872+05:30,2867,Corporate Bonds
2048947,2026-09-28T20:54:31.561+05:30,2947,Corporate Bonds
1840391,2026-09-25T09:43:22.106+05:30,1873,Corporate Bonds
2217587,2026-09-25T13:43:32.815+05:30,2964,Corporate Bonds
2111265,2026-09-25T20:26:22.168+05:30,2872,Corporate Bonds
879805,2026-09-26T10:01:15.164+05:30,2873,XCase
1633630,2026-09-25T09:37:02.432+05:30,2981,Corporate Bonds
1532825,2026-09-28T22:23:42.876+05:30,2941,Corporate Bonds
28297,2026-09-27T09:30:09.737+05:30,2981,Corporate Bonds
2215905,2026-09-26T14:51:00.265+05:30,2954,Corporate Bonds
920192,2026-09-24T14:44:11.558+05:30,2879,Corporate Bonds
2201389,2026-09-25T12:58:55.034+05:30,1873,Corporate Bonds
2200283,2026-09-24T10:19:56.024+05:30,3014,Corporate Bonds
960600,2026-09-24T17:25:15.434+05:30,2868,Corporate Bonds
2215639,2026-09-26T18:57:35.343+05:30,2982,Corporate Bonds
2123114,2026-09-28T18:52:35.12+05:30,2856,Corporate Bonds
2195823,2026-09-25T13:40:17.416+05:30,1873,Corporate Bonds
2217555,2026-09-25T13:28:19.369+05:30,2982,Corporate Bonds
460566,2026-09-28T22:46:13.201+05:30,2895,Corporate Bonds
835504,2026-09-27T22:27:58.561+05:30,2932,Corporate Bonds
1946670,2026-09-25T09:23:50.082+05:30,2902,Corporate Bonds
1023828,2026-09-25T17:10:32.483+05:30,2771,Corporate Bonds
2216406,2026-09-24T17:45:03.568+05:30,2918,Corporate Bonds
1279606,2026-09-25T18:57:27.455+05:30,2849,Corporate Bonds
469290,2026-09-26T19:31:50.158+05:30,2883,Corporate Bonds
1022276,2026-09-25T18:55:45.792+05:30,2883,Corporate Bonds
1289679,2026-09-26T11:53:02.926+05:30,2964,Corporate Bonds
1250625,2026-09-26T20:05:37.741+05:30,2940,Corporate Bonds
2221879,2026-09-28T17:44:10.496+05:30,2952,Corporate Bonds
2214640,2026-09-28T17:12:46.886+05:30,2895,Corporate Bonds
849947,2026-09-24T22:31:53.27+05:30,3006,Corporate Bonds
2214640,2026-09-28T12:11:17.913+05:30,2643,Securitized Debt Instruments
49245,2026-09-28T18:43:10.882+05:30,2895,Corporate Bonds
2159758,2026-09-27T17:19:45.287+05:30,2930,Corporate Bonds
2105455,2026-09-28T21:32:41.55+05:30,2872,Corporate Bonds
1688581,2026-09-25T14:17:31.762+05:30,2887,Corporate Bonds
1490562,2026-09-26T16:12:00.225+05:30,2643,Securitized Debt Instruments
816890,2026-09-24T15:10:29.703+05:30,2932,Corporate Bonds
1671982,2026-09-24T20:19:56.957+05:30,2922,Corporate Bonds
2193399,2026-09-28T10:39:11.537+05:30,1096,High Yield FDs
160153,2026-09-24T11:39:37.607+05:30,2964,Corporate Bonds
1297240,2026-09-24T06:37:44.249+05:30,2849,Corporate Bonds
828759,2026-09-25T11:48:04.288+05:30,2867,Corporate Bonds
2198416,2026-09-28T19:54:29.454+05:30,2335,Corporate Bonds
2220195,2026-09-27T14:10:25.335+05:30,2930,Corporate Bonds
2198133,2026-09-28T14:44:52.381+05:30,2994,Corporate Bonds
2217793,2026-09-25T19:29:00.099+05:30,2941,Corporate Bonds
2218169,2026-09-25T22:25:52.172+05:30,3006,Corporate Bonds
1475766,2026-09-25T12:02:27.99+05:30,2874,Corporate Bonds
672693,2026-09-26T00:26:16.963+05:30,1873,Corporate Bonds
2181497,2026-09-28T12:41:17.553+05:30,2952,Corporate Bonds
1236217,2026-09-25T14:19:05.738+05:30,2843,Corporate Bonds
1721228,2026-09-27T10:33:15.312+05:30,2981,Corporate Bonds
2180703,2026-09-27T21:30:23.709+05:30,2850,Corporate Bonds
973724,2026-09-28T20:19:07.805+05:30,3024,Corporate Bonds
2207241,2026-09-28T13:03:38.793+05:30,2993,XCase
1829303,2026-09-26T10:25:23.511+05:30,2982,Corporate Bonds
1430448,2026-09-24T11:04:29.082+05:30,2849,Corporate Bonds
1405296,2026-09-25T08:09:50.793+05:30,2867,Corporate Bonds
1730437,2026-09-25T14:18:35.397+05:30,2911,Mutual Funds
557066,2026-09-26T13:58:40.889+05:30,2895,Corporate Bonds
1101236,2026-09-25T08:01:44.745+05:30,2992,Corporate Bonds
832908,2026-09-24T21:53:55.861+05:30,2922,Corporate Bonds
2128509,2026-09-28T22:21:08.479+05:30,3014,Corporate Bonds
1118869,2026-09-25T11:22:48.603+05:30,2872,Corporate Bonds
2198169,2026-09-25T07:33:57.293+05:30,2895,Corporate Bonds
2176246,2026-09-28T23:16:05.938+05:30,2981,Corporate Bonds
1715663,2026-09-25T13:26:07.199+05:30,2643,Securitized Debt Instruments
,2026-09-25T18:06:52.739+05:30,2932,Corporate Bonds
2221856,2026-09-28T18:59:32.902+05:30,2982,Corporate Bonds
2219515,2026-09-27T09:02:13.517+05:30,3006,Corporate Bonds
1466725,2026-09-25T10:26:13.669+05:30,2941,Corporate Bonds
1070709,2026-09-27T21:30:14.224+05:30,2993,XCase
769245,2026-09-25T05:12:46.856+05:30,1873,Corporate Bonds
1011591,2026-09-24T13:30:21.982+05:30,2643,Securitized Debt Instruments
1120817,2026-09-28T11:08:53.487+05:30,2872,Corporate Bonds
1650715,2026-09-25T14:23:06.665+05:30,2881,Corporate Bonds
1419834,2026-09-26T01:28:41.669+05:30,2506,Corporate Bonds
2206313,2026-09-24T15:27:35.304+05:30,2956,Corporate Bonds
1251468,2026-09-27T23:50:48.749+05:30,2850,Corporate Bonds
1195296,2026-09-25T12:32:15.319+05:30,2879,Corporate Bonds
1893559,2026-09-28T12:21:57.92+05:30,2872,Corporate Bonds
2147082,2026-09-25T09:04:00.247+05:30,2993,XCase
1849082,2026-09-24T17:08:37.374+05:30,2850,Corporate Bonds
2204057,2026-09-27T11:40:06.282+05:30,1873,Corporate Bonds
1848382,2026-09-27T13:38:23.01+05:30,2952,Corporate Bonds
1664313,2026-09-26T20:53:47.617+05:30,2942,Securitized Debt Instruments
29712,2026-09-27T09:51:36.762+05:30,2940,Corporate Bonds
1515679,2026-09-24T14:00:09.484+05:30,2849,Corporate Bonds
1699203,2026-09-28T16:12:04.582+05:30,3010,Corporate Bonds
1277673,2026-09-25T21:44:20.094+05:30,3014,Corporate Bonds
2152361,2026-09-26T17:31:38.462+05:30,1239,High Yield FDs
627526,2026-09-28T13:02:09.943+05:30,2964,Corporate Bonds
2148176,2026-09-28T13:38:35.388+05:30,2856,Corporate Bonds
65582,2026-09-24T22:20:27.493+05:30,2907,Corporate Bonds
198115,2026-09-27T09:20:57.804+05:30,2930,Corporate Bonds
1965957,2026-09-27T13:05:48.267+05:30,2751,Corporate Bonds
1144220,2026-09-24T22:30:08.204+05:30,2942,Securitized Debt Instruments
2213073,2026-09-26T06:41:24.245+05:30,2982,Corporate Bonds
789153,2026-09-27T18:28:16.791+05:30,2842,Corporate Bonds
153926,2026-09-27T10:07:09.717+05:30,2751,Corporate Bonds
963917,2026-09-24T20:36:33.837+05:30,2643,Securitized Debt Instruments
835258,2026-09-27T09:44:14.409+05:30,2918,Corporate Bonds
1845253,2026-09-25T21:37:27.184+05:30,2951,Corporate Bonds
1934899,2026-09-27T21:40:09.534+05:30,2872,Corporate Bonds
2071481,2026-09-24T21:09:44.562+05:30,2769,Corporate Bonds
915791,2026-09-26T07:26:27.327+05:30,2964,Corporate Bonds
2105455,2026-09-28T21:41:02.296+05:30,2932,Corporate Bonds
529623,2026-09-24T17:50:05.384+05:30,3014,Corporate Bonds
870513,2026-09-24T16:28:40.563+05:30,2849,Corporate Bonds
460566,2026-09-28T22:45:56.806+05:30,2895,Corporate Bonds
2033143,2026-09-26T09:35:03.92+05:30,2982,Corporate Bonds
2220036,2026-09-27T12:42:54.546+05:30,2919,Corporate Bonds
366910,2026-09-27T19:26:55.752+05:30,2918,Corporate Bonds
1475766,2026-09-25T12:03:41.292+05:30,2874,Corporate Bonds
2215947,2026-09-28T22:07:00.642+05:30,3014,Corporate Bonds
2211499,2026-09-24T09:38:15.594+05:30,2850,Corporate Bonds
1800559,2026-09-24T15:22:12.429+05:30,1873,Corporate Bonds
1800559,2026-09-24T15:20:48.539+05:30,1873,Corporate Bonds
2218625,2026-09-26T19:05:34.807+05:30,2781,Corporate Bonds
2088151,2026-09-28T12:17:46.081+05:30,2951,Corporate Bonds
863711,2026-09-26T20:42:41.52+05:30,2881,Corporate Bonds
2190735,2026-09-26T13:07:56.506+05:30,1873,Corporate Bonds
2214659,2026-09-24T16:32:44.03+05:30,2890,Corporate Bonds
2202928,2026-09-27T10:29:55.738+05:30,2781,Corporate Bonds
1209328,2026-09-28T11:17:28.26+05:30,2955,Corporate Bonds
,2026-09-25T15:44:00.708+05:30,2997,Corporate Bonds
1977529,2026-09-24T21:13:04.904+05:30,3014,Corporate Bonds
2214759,2026-09-26T10:18:21.13+05:30,2941,Corporate Bonds
76140,2026-09-26T21:32:40.263+05:30,2883,Corporate Bonds
720528,2026-09-27T18:15:24.599+05:30,2942,Securitized Debt Instruments
2053457,2026-09-27T18:15:15.001+05:30,2867,Corporate Bonds
1171961,2026-09-27T10:51:27.74+05:30,1873,Corporate Bonds
1801001,2026-09-25T14:49:38.328+05:30,2883,Corporate Bonds
1455648,2026-09-28T21:56:26.662+05:30,2867,Corporate Bonds
2215702,2026-09-27T00:30:40.72+05:30,3006,Corporate Bonds
1627587,2026-09-25T01:50:01.328+05:30,2911,Mutual Funds
1142426,2026-09-25T00:45:33.713+05:30,2994,Corporate Bonds
1104040,2026-09-25T13:50:10.882+05:30,3020,Corporate Bonds
1815430,2026-09-25T10:55:43.694+05:30,2769,Corporate Bonds
1604210,2026-09-28T18:29:59.102+05:30,3014,Corporate Bonds
2112073,2026-09-28T10:19:18.421+05:30,2895,Corporate Bonds
2193399,2026-09-24T17:38:14.176+05:30,1239,High Yield FDs
796991,2026-09-27T20:55:01.202+05:30,2902,Corporate Bonds
1740026,2026-09-24T15:07:08.492+05:30,2955,Corporate Bonds
1266085,2026-09-28T16:24:22.975+05:30,1239,High Yield FDs
859019,2026-09-27T17:08:53.167+05:30,2942,Securitized Debt Instruments
2123114,2026-09-28T18:57:05.674+05:30,2931,Corporate Bonds
1804260,2026-09-25T09:45:32.241+05:30,2942,Securitized Debt Instruments
1690515,2026-09-28T13:06:45.835+05:30,2729,Mutual Funds
2182686,2026-09-26T00:33:27.391+05:30,3014,Corporate Bonds
2217302,2026-09-26T14:44:53.395+05:30,2643,Securitized Debt Instruments
2205166,2026-09-28T22:42:02.052+05:30,1239,High Yield FDs
291255,2026-09-27T07:40:59.036+05:30,2964,Corporate Bonds
769245,2026-09-25T05:16:45.077+05:30,2643,Securitized Debt Instruments
1547231,2026-09-28T22:12:57.806+05:30,3014,Corporate Bonds
1475766,2026-09-25T12:02:52.549+05:30,2874,Corporate Bonds
2215332,2026-09-24T11:37:27.857+05:30,2863,Corporate Bonds
1044291,2026-09-24T15:48:13.028+05:30,2964,Corporate Bonds
2207919,2026-09-24T23:28:27.257+05:30,2867,Corporate Bonds
1946670,2026-09-25T09:27:01.99+05:30,1292,High Yield FDs
1173974,2026-09-25T11:13:50.279+05:30,2942,Securitized Debt Instruments
2205027,2026-09-24T21:11:53.607+05:30,3006,Corporate Bonds
1101131,2026-09-24T12:49:11.87+05:30,2910,Corporate Bonds
857784,2026-09-26T14:39:44.516+05:30,1239,High Yield FDs
2116215,2026-09-25T19:22:21.291+05:30,2952,Corporate Bonds
1800106,2026-09-24T00:05:25.509+05:30,1873,Corporate Bonds
504364,2026-09-24T06:56:37.762+05:30,2907,Corporate Bonds
2220691,2026-09-27T20:00:17.899+05:30,1873,Corporate Bonds
2034340,2026-09-25T08:43:03.157+05:30,2942,Securitized Debt Instruments
2144075,2026-09-24T07:58:05.154+05:30,2774,Corporate Bonds
2215420,2026-09-24T09:39:43.172+05:30,2942,Securitized Debt Instruments
2117900,2026-09-26T12:15:06.862+05:30,2981,Corporate Bonds
1978947,2026-09-28T01:01:35.502+05:30,2769,Corporate Bonds
1063178,2026-09-26T22:55:47.286+05:30,2883,Corporate Bonds
2209190,2026-09-28T17:09:38.483+05:30,2919,Corporate Bonds
855239,2026-09-25T16:03:35.113+05:30,3006,Corporate Bonds
1194704,2026-09-27T12:32:00.017+05:30,2964,Corporate Bonds
1778626,2026-09-25T15:18:40.304+05:30,3014,Corporate Bonds
1804966,2026-09-25T12:09:49.42+05:30,2955,Corporate Bonds
889432,2026-09-24T13:54:11.882+05:30,3014,Corporate Bonds
2113932,2026-09-28T10:40:08.47+05:30,2895,Corporate Bonds
1377652,2026-09-26T09:13:04.28+05:30,2752,Corporate Bonds
1250586,2026-09-24T14:28:27.167+05:30,2986,Corporate Bonds
2065784,2026-09-27T11:23:23.467+05:30,2883,Corporate Bonds
2186972,2026-09-28T21:46:16.961+05:30,2982,Corporate Bonds
2209205,2026-09-24T18:41:09.165+05:30,1873,Corporate Bonds
707747,2026-09-27T01:04:37.341+05:30,2895,Corporate Bonds
601543,2026-09-25T10:24:43.346+05:30,3014,Corporate Bonds
1664313,2026-09-26T20:53:46.916+05:30,2942,Securitized Debt Instruments
2133104,2026-09-26T07:51:58.103+05:30,2074,Mutual Funds
192861,2026-09-28T21:03:38.623+05:30,2643,Securitized Debt Instruments
1393530,2026-09-24T21:27:22.009+05:30,2751,Corporate Bonds
2205156,2026-09-26T06:57:41.724+05:30,2964,Corporate Bonds
889432,2026-09-24T13:56:35.785+05:30,3014,Corporate Bonds
2217478,2026-09-26T14:14:32.455+05:30,1239,High Yield FDs
2219932,2026-09-28T13:36:44.675+05:30,3014,Corporate Bonds
1507122,2026-09-25T16:53:38.87+05:30,3014,Corporate Bonds
858821,2026-09-28T19:03:12.248+05:30,3025,Corporate Bonds
1633630,2026-09-24T11:55:27.11+05:30,2867,Corporate Bonds
2208189,2026-09-24T13:30:32.122+05:30,2982,Corporate Bonds
2068102,2026-09-24T21:31:55.504+05:30,2883,Corporate Bonds
1736133,2026-09-28T08:40:42.098+05:30,2956,Corporate Bonds
697628,2026-09-28T17:36:37.516+05:30,2729,Mutual Funds
296508,2026-09-26T10:18:07.09+05:30,2867,Corporate Bonds
752562,2026-09-27T19:02:47.593+05:30,2751,Corporate Bonds
76140,2026-09-26T21:27:39.887+05:30,2883,Corporate Bonds
2220036,2026-09-28T14:19:57.24+05:30,2919,Corporate Bonds
1152732,2026-09-25T09:21:30.964+05:30,2858,Corporate Bonds
2173922,2026-09-28T14:14:58.091+05:30,2751,Corporate Bonds
2216755,2026-09-24T22:26:45.183+05:30,2757,Corporate Bonds
2198120,2026-09-25T08:52:13.378+05:30,3014,Corporate Bonds
897742,2026-09-27T12:09:54.877+05:30,1873,Corporate Bonds
1934982,2026-09-28T19:58:00.24+05:30,2407,Corporate Bonds
1228861,2026-09-24T11:30:59.788+05:30,2902,Corporate Bonds
1813501,2026-09-26T20:44:35.552+05:30,2867,Corporate Bonds
1022572,2026-09-24T19:38:52.173+05:30,2781,Corporate Bonds
1044754,2026-09-25T15:44:07.86+05:30,2883,Corporate Bonds
965678,2026-09-28T07:14:40.104+05:30,2850,Corporate Bonds
1804260,2026-09-25T09:46:34.003+05:30,2942,Securitized Debt Instruments
2204354,2026-09-25T19:54:50.901+05:30,2922,Corporate Bonds
652463,2026-09-25T21:48:25.37+05:30,2843,Corporate Bonds
1111440,2026-09-26T18:33:29.999+05:30,2919,Corporate Bonds
1778141,2026-09-28T10:37:17.311+05:30,2872,Corporate Bonds
649670,2026-09-27T10:33:29.781+05:30,2769,Corporate Bonds
1716826,2026-09-26T09:03:13.23+05:30,2964,Corporate Bonds
2216858,2026-09-24T23:32:24.231+05:30,2499,Corporate Bonds
2010364,2026-09-24T00:16:14.147+05:30,2840,Corporate Bonds
2214640,2026-09-25T14:35:04.899+05:30,2942,Securitized Debt Instruments
1150259,2026-09-25T14:42:17.532+05:30,3014,Corporate Bonds
1515640,2026-09-26T21:34:27.453+05:30,2867,Corporate Bonds
1843137,2026-09-24T18:53:32.986+05:30,3014,Corporate Bonds
2216596,2026-09-27T14:32:17.13+05:30,2982,Corporate Bonds
708369,2026-09-24T17:31:08.633+05:30,1292,High Yield FDs
2189702,2026-09-28T09:33:27.822+05:30,2781,Corporate Bonds
2209190,2026-09-28T21:38:53.077+05:30,2919,Corporate Bonds
2217270,2026-09-28T11:18:22.545+05:30,1873,Corporate Bonds
899949,2026-09-24T10:44:30.919+05:30,2412,Corporate Bonds
2202666,2026-09-25T22:11:21.176+05:30,2872,Corporate Bonds
715615,2026-09-28T15:01:47.319+05:30,2856,Corporate Bonds
159128,2026-09-25T22:32:33.852+05:30,2930,Corporate Bonds
2213650,2026-09-25T19:05:00.204+05:30,1292,High Yield FDs
65469,2026-09-24T00:57:09.91+05:30,2964,Corporate Bonds
954540,2026-09-25T11:36:51.1+05:30,2932,Corporate Bonds
2005180,2026-09-28T14:02:36.977+05:30,3014,Corporate Bonds
2194053,2026-09-26T12:53:50.654+05:30,2982,Corporate Bonds
2219551,2026-09-26T22:28:37.533+05:30,2729,Mutual Funds
1784234,2026-09-24T16:24:01.392+05:30,1873,Corporate Bonds
2041515,2026-09-24T15:04:38.626+05:30,3014,Corporate Bonds
1912991,2026-09-25T20:01:27.266+05:30,2867,Corporate Bonds
538382,2026-09-25T17:36:52.611+05:30,2955,Corporate Bonds
2222102,2026-09-28T19:57:59.297+05:30,2874,Corporate Bonds
2190735,2026-09-28T12:58:41.046+05:30,2964,Corporate Bonds
2219050,2026-09-28T05:55:56.357+05:30,2899,Mutual Funds
2217894,2026-09-25T17:52:36.181+05:30,1873,Corporate Bonds
772713,2026-09-24T21:07:24.452+05:30,2643,Securitized Debt Instruments
1019555,2026-09-24T12:50:12.549+05:30,2849,Corporate Bonds
941587,2026-09-24T11:37:15.504+05:30,2883,Corporate Bonds
1480347,2026-09-28T11:41:24.831+05:30,2867,Corporate Bonds
2140634,2026-09-24T18:33:50.537+05:30,2499,Corporate Bonds
2216246,2026-09-24T15:41:35.639+05:30,2609,Corporate Bonds
796148,2026-09-24T23:18:24.099+05:30,3014,Corporate Bonds
2206679,2026-09-25T16:32:40.113+05:30,2942,Securitized Debt Instruments
2217258,2026-09-25T10:13:43.889+05:30,2982,Corporate Bonds
2201730,2026-09-25T20:45:01.391+05:30,2964,Corporate Bonds
2218946,2026-09-26T13:54:10.187+05:30,2895,Corporate Bonds
1697992,2026-09-27T20:48:56.744+05:30,1239,High Yield FDs
17669,2026-09-28T13:46:28.561+05:30,2412,Corporate Bonds
2034990,2026-09-27T18:53:41.434+05:30,2955,Corporate Bonds
1022276,2026-09-25T18:50:46.073+05:30,2942,Securitized Debt Instruments
2105455,2026-09-28T21:32:47.77+05:30,2872,Corporate Bonds
189888,2026-09-28T11:36:35.486+05:30,2880,Corporate Bonds
742111,2026-09-25T01:14:59.642+05:30,3014,Corporate Bonds
1651402,2026-09-26T08:06:15.645+05:30,2867,Corporate Bonds
1625337,2026-09-28T13:13:42.114+05:30,2922,Corporate Bonds
845808,2026-09-25T17:55:36.202+05:30,2981,Corporate Bonds
1513323,2026-09-25T18:06:31.19+05:30,2930,Corporate Bonds
2145420,2026-09-25T20:24:48.556+05:30,1292,High Yield FDs
671109,2026-09-26T16:34:54.075+05:30,2643,Securitized Debt Instruments
426059,2026-09-24T19:37:27.297+05:30,3014,Corporate Bonds
2166312,2026-09-25T21:13:17.372+05:30,2850,Corporate Bonds
606090,2026-09-24T09:26:01.023+05:30,2902,Corporate Bonds
724480,2026-09-27T01:26:35.516+05:30,2872,Corporate Bonds
1944802,2026-09-25T21:08:38.312+05:30,2867,Corporate Bonds
535695,2026-09-24T13:09:20.201+05:30,2911,Mutual Funds
1151727,2026-09-25T11:44:43.252+05:30,2969,XCase
815212,2026-09-28T20:14:23.949+05:30,3024,Corporate Bonds
2216760,2026-09-24T22:14:05.741+05:30,2751,Corporate Bonds
2046374,2026-09-25T07:30:20.875+05:30,3006,Corporate Bonds
1050344,2026-09-25T12:30:23.988+05:30,2767,Corporate Bonds
5302,2026-09-26T10:21:51.055+05:30,2993,XCase
2218557,2026-09-27T17:30:59.451+05:30,2932,Corporate Bonds
2151042,2026-09-26T10:03:16.353+05:30,2867,Corporate Bonds
1320809,2026-09-25T19:15:31.618+05:30,2964,Corporate Bonds
2212437,2026-09-27T12:58:48.859+05:30,2863,Corporate Bonds
2217774,2026-09-25T16:25:30.485+05:30,2941,Corporate Bonds
387790,2026-09-26T18:21:49.594+05:30,2964,Corporate Bonds
2218885,2026-09-26T13:12:24.898+05:30,2941,Corporate Bonds
65582,2026-09-24T19:05:16.826+05:30,2867,Corporate Bonds
1947650,2026-09-27T08:49:36.65+05:30,2895,Corporate Bonds
2200393,2026-09-27T10:00:08.948+05:30,3006,Corporate Bonds
1532258,2026-09-28T22:58:42.239+05:30,3014,Corporate Bonds
1042548,2026-09-26T14:06:33.81+05:30,2942,Securitized Debt Instruments
1511455,2026-09-28T12:58:58.13+05:30,3024,Corporate Bonds
1771184,2026-09-25T20:30:42.486+05:30,2867,Corporate Bonds
1974382,2026-09-25T06:11:11.884+05:30,2882,Corporate Bonds
1993943,2026-09-26T20:02:40.697+05:30,2872,Corporate Bonds
599661,2026-09-26T15:38:05.809+05:30,3006,Corporate Bonds
1804037,2026-09-25T12:42:22.934+05:30,2849,Corporate Bonds
2109773,2026-09-27T22:48:01.576+05:30,2873,XCase
679806,2026-09-26T02:46:11.876+05:30,2955,Corporate Bonds
264335,2026-09-26T17:46:09.823+05:30,3014,Corporate Bonds
2198109,2026-09-25T18:11:18.75+05:30,2964,Corporate Bonds
2085132,2026-09-25T13:06:22.678+05:30,2922,Corporate Bonds
1542735,2026-09-26T11:44:04.761+05:30,2942,Securitized Debt Instruments
1479614,2026-09-24T22:23:36.584+05:30,2986,Corporate Bonds
338889,2026-09-25T16:29:14.074+05:30,2883,Corporate Bonds
731276,2026-09-25T12:20:21.461+05:30,1239,High Yield FDs
2217995,2026-09-25T19:39:20.586+05:30,2506,Corporate Bonds
1813501,2026-09-28T20:35:24.302+05:30,1239,High Yield FDs
1308090,2026-09-24T10:23:19.397+05:30,2867,Corporate Bonds
1044382,2026-09-28T10:13:05.079+05:30,3026,Corporate Bonds
1211803,2026-09-26T08:17:55.208+05:30,2919,Corporate Bonds
1426892,2026-09-25T12:49:22.686+05:30,2867,Corporate Bonds
1044291,2026-09-24T15:48:08.563+05:30,2964,Corporate Bonds
1321676,2026-09-25T13:12:04.016+05:30,2643,Securitized Debt Instruments
1803488,2026-09-28T03:43:39.166+05:30,2883,Corporate Bonds
2160840,2026-09-27T11:30:44.837+05:30,2872,Corporate Bonds
2219652,2026-09-27T16:08:39.561+05:30,2856,Corporate Bonds
2195637,2026-09-24T18:23:14.732+05:30,3014,Corporate Bonds
770546,2026-09-26T08:12:23.451+05:30,2964,Corporate Bonds
710597,2026-09-25T16:27:11.61+05:30,2767,Corporate Bonds
2220308,2026-09-27T15:03:16.585+05:30,2850,Corporate Bonds
1980227,2026-09-24T22:39:20.671+05:30,2840,Corporate Bonds
2207555,2026-09-24T19:27:06.532+05:30,2858,Corporate Bonds
2199822,2026-09-27T13:29:13.169+05:30,2412,Corporate Bonds
1533166,2026-09-24T06:08:21.114+05:30,2881,Corporate Bonds
2216147,2026-09-24T14:45:59.18+05:30,3006,Corporate Bonds
1041782,2026-09-27T07:59:19.488+05:30,2867,Corporate Bonds
923120,2026-09-24T17:19:07.76+05:30,2942,Securitized Debt Instruments
2135695,2026-09-27T19:39:52.861+05:30,2781,Corporate Bonds
792281,2026-09-27T09:54:44.733+05:30,1873,Corporate Bonds
584069,2026-09-24T11:19:55.8+05:30,2895,Corporate Bonds
1053965,2026-09-25T12:33:47.735+05:30,2752,Corporate Bonds
2221457,2026-09-28T11:30:13.779+05:30,2729,Mutual Funds
1386009,2026-09-25T12:42:49.154+05:30,2883,Corporate Bonds
1186349,2026-09-25T11:23:32.362+05:30,2997,Corporate Bonds
1409570,2026-09-25T14:11:19.899+05:30,2850,Corporate Bonds
1283143,2026-09-25T00:12:06.628+05:30,2781,Corporate Bonds
1974382,2026-09-27T22:07:03.18+05:30,1239,High Yield FDs
949208,2026-09-25T15:18:12.388+05:30,2922,Corporate Bonds
2207918,2026-09-25T13:38:09.03+05:30,3014,Corporate Bonds
1912788,2026-09-27T16:37:59.536+05:30,2942,Securitized Debt Instruments
2205166,2026-09-28T22:06:49.345+05:30,1239,High Yield FDs
1019555,2026-09-25T11:51:48.976+05:30,2883,Corporate Bonds
1144873,2026-09-26T11:49:52.234+05:30,2964,Corporate Bonds
2218946,2026-09-26T15:02:41.241+05:30,2964,Corporate Bonds
2202965,2026-09-26T13:54:37.089+05:30,2982,Corporate Bonds
749082,2026-09-24T22:28:12.572+05:30,3014,Corporate Bonds
828184,2026-09-28T16:17:53.194+05:30,2873,XCase
893117,2026-09-27T10:40:09.057+05:30,2981,Corporate Bonds
2219843,2026-09-27T08:49:02.211+05:30,2982,Corporate Bonds
1077652,2026-09-26T18:45:49.172+05:30,3014,Corporate Bonds
939848,2026-09-27T07:54:51.773+05:30,2867,Corporate Bonds
949208,2026-09-24T13:04:18.394+05:30,2922,Corporate Bonds
296508,2026-09-26T10:10:30.136+05:30,2964,Corporate Bonds
2132268,2026-09-24T11:58:01.352+05:30,2930,Corporate Bonds
873654,2026-09-25T11:04:56.269+05:30,2872,Corporate Bonds
2221838,2026-09-28T16:36:40.858+05:30,2873,XCase
2217793,2026-09-25T19:37:37.349+05:30,2982,Corporate Bonds
2215734,2026-09-24T20:49:11.101+05:30,3014,Corporate Bonds
870272,2026-09-25T13:18:19.154+05:30,3014,Corporate Bonds
41077,2026-09-27T17:08:07.892+05:30,2874,Corporate Bonds
1863327,2026-09-25T10:23:38.839+05:30,2643,Securitized Debt Instruments
2159614,2026-09-28T22:11:48.767+05:30,2875,Corporate Bonds
1193249,2026-09-25T12:39:12.47+05:30,2964,Corporate Bonds
1681830,2026-09-24T20:34:24.663+05:30,2751,Corporate Bonds
2215804,2026-09-25T09:59:01.767+05:30,2941,Corporate Bonds
2060703,2026-09-26T17:55:33.921+05:30,2858,Corporate Bonds
476260,2026-09-26T04:19:09.247+05:30,3014,Corporate Bonds
1302539,2026-09-26T17:59:36.432+05:30,2982,Corporate Bonds
1475766,2026-09-25T12:03:22.997+05:30,2874,Corporate Bonds
1736569,2026-09-28T21:31:03.169+05:30,2982,Corporate Bonds
1620643,2026-09-26T06:26:07.682+05:30,1239,High Yield FDs
2219242,2026-09-26T17:43:01.115+05:30,2941,Corporate Bonds
1003452,2026-09-25T23:06:38.551+05:30,2868,Corporate Bonds
1894132,2026-09-25T12:05:35.396+05:30,2942,Securitized Debt Instruments
1321676,2026-09-28T19:31:49.394+05:30,2643,Securitized Debt Instruments
2216620,2026-09-24T20:49:34.634+05:30,2941,Corporate Bonds
1284487,2026-09-24T14:04:58.547+05:30,2902,Corporate Bonds
1055834,2026-09-24T08:12:02.914+05:30,2832,Corporate Bonds
220398,2026-09-25T19:03:52.378+05:30,2942,Securitized Debt Instruments
1887949,2026-09-28T23:35:34.665+05:30,2940,Corporate Bonds
1645206,2026-09-28T22:49:05.495+05:30,1873,Corporate Bonds
742111,2026-09-25T00:58:53.911+05:30,2747,Corporate Bonds
1759048,2026-09-25T10:24:08.735+05:30,3014,Corporate Bonds
409478,2026-09-24T11:26:50.18+05:30,3014,Corporate Bonds
1515640,2026-09-26T21:35:00.613+05:30,2879,Corporate Bonds
2116215,2026-09-25T19:22:16.805+05:30,2952,Corporate Bonds
1779478,2026-09-25T18:39:04.587+05:30,2951,Corporate Bonds
2218614,2026-09-26T11:56:46.917+05:30,2956,Corporate Bonds
1319754,2026-09-24T21:49:43.783+05:30,2431,Corporate Bonds
1629467,2026-09-27T18:19:15.213+05:30,2906,Corporate Bonds
1377268,2026-09-24T22:02:11.386+05:30,2883,Corporate Bonds
1590834,2026-09-26T07:27:56.585+05:30,2907,Corporate Bonds
2064619,2026-09-28T12:31:26.536+05:30,2895,Corporate Bonds
2194431,2026-09-26T00:45:03.971+05:30,2993,XCase
2217021,2026-09-25T05:20:07.218+05:30,2872,Corporate Bonds
2219737,2026-09-28T15:47:20.72+05:30,2881,Corporate Bonds
510191,2026-09-24T10:36:47.068+05:30,2883,Corporate Bonds
1412252,2026-09-27T10:43:01.878+05:30,2902,Corporate Bonds
2195757,2026-09-27T09:57:19.26+05:30,2951,Corporate Bonds
2218601,2026-09-26T10:01:48.148+05:30,2941,Corporate Bonds
1719670,2026-09-25T11:11:38.208+05:30,2956,Corporate Bonds
1724282,2026-09-26T12:34:56.584+05:30,2964,Corporate Bonds
1712824,2026-09-26T17:31:05.043+05:30,2964,Corporate Bonds
2220651,2026-09-27T21:23:05.948+05:30,2643,Securitized Debt Instruments
2199768,2026-09-26T17:38:47.11+05:30,2887,Corporate Bonds
2195466,2026-09-26T10:34:03.407+05:30,2856,Corporate Bonds
1986243,2026-09-27T23:04:22.082+05:30,2751,Corporate Bonds
1475766,2026-09-25T12:02:27.615+05:30,2874,Corporate Bonds
2220894,2026-09-27T23:12:34.344+05:30,2982,Corporate Bonds
1063425,2026-09-27T18:07:51.81+05:30,2964,Corporate Bonds
2219515,2026-09-27T09:00:51.737+05:30,3006,Corporate Bonds
1209328,2026-09-28T12:50:45.532+05:30,2872,Corporate Bonds
1003130,2026-09-24T13:31:54.833+05:30,2895,Corporate Bonds
1334313,2026-09-28T14:20:32.799+05:30,3024,Corporate Bonds
1049855,2026-09-25T18:42:35.615+05:30,2981,Corporate Bonds
1881124,2026-09-24T10:20:32.692+05:30,2883,Corporate Bonds
2177456,2026-09-25T19:00:04.86+05:30,2883,Corporate Bonds
1676210,2026-09-27T19:37:04.906+05:30,2951,Corporate Bonds
1837071,2026-09-24T12:16:33.848+05:30,2881,Corporate Bonds
2205054,2026-09-24T17:27:56.266+05:30,3014,Corporate Bonds
2063402,2026-09-25T18:09:31.962+05:30,2883,Corporate Bonds
1685214,2026-09-27T11:23:36.352+05:30,2953,Corporate Bonds
2220269,2026-09-27T14:14:10.054+05:30,2751,Corporate Bonds
2219254,2026-09-26T23:10:25.31+05:30,2729,Mutual Funds
1180917,2026-09-25T11:40:36.999+05:30,2942,Securitized Debt Instruments
1887949,2026-09-28T02:23:26.39+05:30,2895,Corporate Bonds
1719450,2026-09-25T11:44:45.417+05:30,2883,Corporate Bonds
2215329,2026-09-26T07:31:32.574+05:30,2781,Corporate Bonds
993403,2026-09-25T11:41:06.291+05:30,1873,Corporate Bonds
2188392,2026-09-27T15:29:30.269+05:30,2843,Corporate Bonds
2030606,2026-09-25T18:21:37.549+05:30,2922,Corporate Bonds
776874,2026-09-24T21:12:03.904+05:30,2918,Corporate Bonds
1299378,2026-09-24T07:27:46.242+05:30,1873,Corporate Bonds
872218,2026-09-28T12:50:40.144+05:30,2842,Corporate Bonds
1264081,2026-09-24T20:26:01.743+05:30,2883,Corporate Bonds
30231,2026-09-26T15:33:52.337+05:30,2881,Corporate Bonds
728645,2026-09-24T19:54:51.508+05:30,2412,Corporate Bonds
2073853,2026-09-25T11:47:08.177+05:30,1873,Corporate Bonds
65582,2026-09-25T14:16:46.898+05:30,2867,Corporate Bonds
1967385,2026-09-24T21:10:31.698+05:30,2922,Corporate Bonds
2116215,2026-09-25T19:22:18.757+05:30,2952,Corporate Bonds
2217487,2026-09-27T22:44:07.439+05:30,2751,Corporate Bonds
649670,2026-09-27T10:27:21.653+05:30,2769,Corporate Bonds
1515399,2026-09-27T18:43:11.414+05:30,2981,Corporate Bonds
2219932,2026-09-28T20:39:52.8+05:30,1239,High Yield FDs
1515517,2026-09-25T21:40:34.376+05:30,2883,Corporate Bonds
1707893,2026-09-25T17:56:17.87+05:30,2955,Corporate Bonds
738423,2026-09-25T22:32:27.019+05:30,2867,Corporate Bonds
2175133,2026-09-28T15:34:59.152+05:30,2850,Corporate Bonds
137045,2026-09-25T08:05:54.214+05:30,2751,Corporate Bonds
2217302,2026-09-25T12:24:43.13+05:30,2881,Corporate Bonds
2220194,2026-09-27T14:21:19.998+05:30,2952,Corporate Bonds
2215042,2026-09-25T08:50:21.387+05:30,2830,Corporate Bonds
2144075,2026-09-28T07:44:07.586+05:30,2782,Corporate Bonds
10564,2026-09-26T23:58:28.966+05:30,2964,Corporate Bonds
1405296,2026-09-28T23:02:58.286+05:30,2849,Corporate Bonds
2208930,2026-09-28T14:23:47.907+05:30,3026,Corporate Bonds
2198109,2026-09-25T18:11:00.249+05:30,2964,Corporate Bonds
1315916,2026-09-27T13:20:11.322+05:30,2867,Corporate Bonds
1556494,2026-09-25T12:13:46.581+05:30,2997,Corporate Bonds
2215280,2026-09-24T20:40:48.744+05:30,1873,Corporate Bonds
2214596,2026-09-28T12:00:46.13+05:30,3025,Corporate Bonds
2214640,2026-09-28T12:13:39.794+05:30,2643,Securitized Debt Instruments
2214532,2026-09-25T20:38:54.258+05:30,2895,Corporate Bonds
2206106,2026-09-26T17:54:56.554+05:30,2899,Mutual Funds
2116215,2026-09-25T19:22:18.146+05:30,2952,Corporate Bonds
2030606,2026-09-24T20:46:45.776+05:30,2907,Corporate Bonds
319454,2026-09-28T09:40:53.258+05:30,2412,Corporate Bonds
2220294,2026-09-27T14:33:16.051+05:30,2941,Corporate Bonds
2034340,2026-09-25T08:57:36.698+05:30,2942,Securitized Debt Instruments
575092,2026-09-26T15:48:18.926+05:30,2883,Corporate Bonds
2047723,2026-09-25T19:26:56.64+05:30,2874,Corporate Bonds
2216722,2026-09-25T20:06:26.116+05:30,2771,Corporate Bonds
863711,2026-09-26T20:38:30.176+05:30,2881,Corporate Bonds
9017,2026-09-27T14:27:17.517+05:30,2850,Corporate Bonds
1759048,2026-09-25T08:48:52.81+05:30,2883,Corporate Bonds
1714525,2026-09-24T01:07:34.362+05:30,2733,Corporate Bonds
735291,2026-09-24T21:06:07.806+05:30,1873,Corporate Bonds
208381,2026-09-26T22:45:46.441+05:30,2964,Corporate Bonds
830408,2026-09-27T13:26:24.295+05:30,2895,Corporate Bonds
2208395,2026-09-24T20:23:01.329+05:30,2902,Corporate Bonds
2193322,2026-09-24T22:51:47.823+05:30,2942,Securitized Debt Instruments
1797339,2026-09-26T23:51:12.711+05:30,3006,Corporate Bonds
1334313,2026-09-28T14:37:58.863+05:30,2868,Corporate Bonds
1923186,2026-09-25T10:20:28.266+05:30,2873,XCase
421948,2026-09-26T09:57:30.128+05:30,2942,Securitized Debt Instruments
1938315,2026-09-25T20:01:43.939+05:30,2930,Corporate Bonds
2171622,2026-09-25T19:56:55.312+05:30,2952,Corporate Bonds
535695,2026-09-28T17:37:43.251+05:30,2729,Mutual Funds
2220646,2026-09-28T20:39:35.056+05:30,2850,Corporate Bonds
2220894,2026-09-27T22:59:13.575+05:30,2982,Corporate Bonds
2193220,2026-09-24T10:04:35.313+05:30,2643,Securitized Debt Instruments
2215059,2026-09-24T10:51:32.193+05:30,1873,Corporate Bonds
1719670,2026-09-25T11:11:37.732+05:30,2956,Corporate Bonds
356462,2026-09-25T12:12:11.279+05:30,1292,High Yield FDs
2158264,2026-09-27T21:37:50.832+05:30,2781,Corporate Bonds
1648238,2026-09-24T16:55:40.573+05:30,2930,Corporate Bonds
2105455,2026-09-28T21:02:44.742+05:30,2955,Corporate Bonds
2221969,2026-09-28T17:49:42.848+05:30,2964,Corporate Bonds
654903,2026-09-28T14:06:40.507+05:30,2955,Corporate Bonds
1441539,2026-09-26T10:30:48.392+05:30,2955,Corporate Bonds
209709,2026-09-25T17:32:47.286+05:30,1873,Corporate Bonds
2218130,2026-09-26T21:53:48.231+05:30,2729,Mutual Funds
521903,2026-09-27T21:52:01.412+05:30,3026,Corporate Bonds
1908937,2026-09-25T15:22:24.698+05:30,3014,Corporate Bonds
1704999,2026-09-27T08:13:33.481+05:30,2880,Corporate Bonds
1041782,2026-09-26T12:32:07.371+05:30,2981,Corporate Bonds
2060703,2026-09-26T18:02:42.203+05:30,2858,Corporate Bonds
1793694,2026-09-25T12:17:31.782+05:30,2883,Corporate Bonds
1518967,2026-09-27T12:51:09.589+05:30,2964,Corporate Bonds
871246,2026-09-28T10:50:01.645+05:30,2855,Corporate Bonds
2218790,2026-09-26T12:15:08.886+05:30,2941,Corporate Bonds
10564,2026-09-27T20:07:00.171+05:30,2873,XCase
1695841,2026-09-24T10:53:31.962+05:30,2955,Corporate Bonds
1294822,2026-09-25T05:37:55.629+05:30,2911,Mutual Funds
1823342,2026-09-26T23:00:39.25+05:30,2883,Corporate Bonds
1236217,2026-09-25T14:19:34.481+05:30,2843,Corporate Bonds
2220553,2026-09-27T18:10:54.22+05:30,3025,Corporate Bonds
535695,2026-09-24T13:20:05.252+05:30,2729,Mutual Funds
1174402,2026-09-25T07:03:19.208+05:30,2812,Corporate Bonds
2194172,2026-09-25T07:00:55.234+05:30,2729,Mutual Funds
2217555,2026-09-27T23:17:19.86+05:30,2771,Corporate Bonds
2207034,2026-09-25T22:16:14.983+05:30,2794,Corporate Bonds
1786278,2026-09-25T12:55:30.495+05:30,1873,Corporate Bonds
1023717,2026-09-28T09:49:02.546+05:30,1873,Corporate Bonds
931668,2026-09-27T10:37:36.947+05:30,1292,High Yield FDs
2116215,2026-09-25T19:22:17.67+05:30,2952,Corporate Bonds
2053457,2026-09-27T16:59:41.593+05:30,2883,Corporate Bonds
2107391,2026-09-27T09:11:30.299+05:30,2996,Corporate Bonds
1516700,2026-09-24T17:51:39.026+05:30,2964,Corporate Bonds
708412,2026-09-24T19:04:42.03+05:30,2872,Corporate Bonds
1959023,2026-09-24T17:01:18.536+05:30,2956,Corporate Bonds
1282736,2026-09-25T14:04:03.448+05:30,2855,Corporate Bonds
1815430,2026-09-25T10:49:46.238+05:30,2930,Corporate Bonds
1615486,2026-09-28T19:44:45.693+05:30,1873,Corporate Bonds
1936428,2026-09-27T11:39:24.54+05:30,2767,Corporate Bonds
2216665,2026-09-25T11:00:17.424+05:30,1292,High Yield FDs
1480347,2026-09-28T11:37:36.336+05:30,2867,Corporate Bonds
1118094,2026-09-26T13:31:01.725+05:30,2942,Securitized Debt Instruments
2193399,2026-09-24T17:53:45.49+05:30,1095,High Yield FDs
1399738,2026-09-24T18:46:08.741+05:30,2812,Corporate Bonds
2210288,2026-09-27T15:33:21.067+05:30,2895,Corporate Bonds
1405296,2026-09-27T23:24:23.052+05:30,2930,Corporate Bonds
2218169,2026-09-25T22:16:32.341+05:30,2729,Mutual Funds
1031643,2026-09-27T09:32:10.441+05:30,2883,Corporate Bonds
1957088,2026-09-25T17:26:19.993+05:30,2951,Corporate Bonds
1191976,2026-09-27T15:11:49.329+05:30,2431,Corporate Bonds
49245,2026-09-28T18:50:29.673+05:30,2932,Corporate Bonds
1786278,2026-09-25T12:53:32.596+05:30,1873,Corporate Bonds
953552,2026-09-25T22:07:03.978+05:30,2752,Corporate Bonds
2154388,2026-09-28T09:54:48.227+05:30,3024,Corporate Bonds
65582,2026-09-24T19:06:38.087+05:30,2751,Corporate Bonds
880004,2026-09-27T10:39:30.974+05:30,2981,Corporate Bonds
2211499,2026-09-28T16:37:25.569+05:30,2752,Corporate Bonds
1496531,2026-09-27T17:15:46.555+05:30,2895,Corporate Bonds
2207262,2026-09-27T12:11:58.605+05:30,2922,Corporate Bonds
293788,2026-09-28T21:01:08.115+05:30,2407,Corporate Bonds
1458737,2026-09-24T11:16:16.217+05:30,3014,Corporate Bonds
1866117,2026-09-26T10:55:15.431+05:30,2964,Corporate Bonds
2198891,2026-09-26T12:43:59.008+05:30,2954,Corporate Bonds
1003452,2026-09-28T14:53:21.808+05:30,2757,Corporate Bonds
1667677,2026-09-27T15:29:02.155+05:30,3025,Corporate Bonds
949208,2026-09-26T15:55:38.67+05:30,2922,Corporate Bonds
1698708,2026-09-26T10:44:27.911+05:30,2982,Corporate Bonds
287340,2026-09-27T22:05:09.008+05:30,2867,Corporate Bonds
810759,2026-09-26T17:43:01.738+05:30,2955,Corporate Bonds
1601971,2026-09-25T18:01:12.011+05:30,1873,Corporate Bonds
697628,2026-09-28T17:39:10.545+05:30,2729,Mutual Funds
29613,2026-09-24T12:01:55.571+05:30,3014,Corporate Bonds
2219337,2026-09-28T14:49:01.718+05:30,2932,Corporate Bonds
1064871,2026-09-27T09:18:04.895+05:30,2867,Corporate Bonds
2096765,2026-09-24T13:56:21.497+05:30,3014,Corporate Bonds
2082788,2026-09-24T23:44:14.245+05:30,2781,Corporate Bonds
195699,2026-09-27T19:04:06.188+05:30,1292,High Yield FDs
971824,2026-09-28T23:20:32.59+05:30,2643,Securitized Debt Instruments
2213121,2026-09-26T12:03:59.272+05:30,2850,Corporate Bonds
1992097,2026-09-25T15:07:13.204+05:30,2969,XCase
2005180,2026-09-28T13:57:31.838+05:30,3014,Corporate Bonds
2206679,2026-09-25T22:27:29.022+05:30,2868,Corporate Bonds
963249,2026-09-24T00:48:16.34+05:30,1873,Corporate Bonds
2217482,2026-09-25T12:34:49.315+05:30,2908,Corporate Bonds
189888,2026-09-28T11:23:05.604+05:30,3024,Corporate Bonds
1623673,2026-09-27T06:19:56.863+05:30,1292,High Yield FDs
2219254,2026-09-27T14:26:12.769+05:30,2729,Mutual Funds
2004524,2026-09-26T15:51:52.642+05:30,2981,Corporate Bonds
2216246,2026-09-24T15:44:57.173+05:30,2609,Corporate Bonds
1265103,2026-09-24T01:28:39.711+05:30,2867,Corporate Bonds
1879918,2026-09-26T19:09:11.869+05:30,2867,Corporate Bonds
2219334,2026-09-28T12:17:44.227+05:30,2751,Corporate Bonds
1039421,2026-09-24T08:36:45.43+05:30,2942,Securitized Debt Instruments
1197772,2026-09-25T11:40:40.208+05:30,2880,Corporate Bonds
1790825,2026-09-27T18:32:44.849+05:30,2951,Corporate Bonds
2115341,2026-09-24T09:22:28.114+05:30,2874,Corporate Bonds
2214102,2026-09-26T09:25:33.568+05:30,2982,Corporate Bonds
2198908,2026-09-27T10:29:14.087+05:30,2729,Mutual Funds
514187,2026-09-24T18:51:10.416+05:30,2867,Corporate Bonds
1298157,2026-09-25T16:34:44.548+05:30,2858,Corporate Bonds
2116215,2026-09-25T19:22:20.513+05:30,2952,Corporate Bonds
2179736,2026-09-24T23:32:07.003+05:30,2942,Securitized Debt Instruments
1235816,2026-09-28T17:34:48.044+05:30,2982,Corporate Bonds
1304519,2026-09-25T14:20:31.242+05:30,2747,Corporate Bonds
2019821,2026-09-27T10:33:00.709+05:30,2873,XCase
779773,2026-09-24T17:35:00.806+05:30,2843,Corporate Bonds
2214640,2026-09-28T17:16:11.546+05:30,2643,Securitized Debt Instruments
2116215,2026-09-25T19:22:21.399+05:30,2952,Corporate Bonds
739932,2026-09-28T10:37:03.601+05:30,2883,Corporate Bonds
2217509,2026-09-25T15:28:47.599+05:30,2964,Corporate Bonds
2089202,2026-09-25T11:41:14.482+05:30,1239,High Yield FDs
2102210,2026-09-28T11:32:22.296+05:30,2883,Corporate Bonds
1043797,2026-09-24T10:23:49.992+05:30,2643,Securitized Debt Instruments
1493145,2026-09-24T21:41:36.197+05:30,2412,Corporate Bonds
1306152,2026-09-28T09:37:03.163+05:30,2883,Corporate Bonds
2188020,2026-09-25T21:20:52.362+05:30,2794,Corporate Bonds
1488884,2026-09-27T23:45:55.716+05:30,2919,Corporate Bonds
1695841,2026-09-24T10:50:19.541+05:30,2843,Corporate Bonds
1948145,2026-09-25T11:53:35.628+05:30,2955,Corporate Bonds
842964,2026-09-24T13:04:17.503+05:30,2911,Mutual Funds
2208087,2026-09-24T13:15:54.968+05:30,3014,Corporate Bonds
1909282,2026-09-28T16:23:59.028+05:30,2996,Corporate Bonds
1536044,2026-09-27T15:43:22.356+05:30,2964,Corporate Bonds
2164564,2026-09-25T12:39:54.729+05:30,2986,Corporate Bonds
1528185,2026-09-27T13:20:25.649+05:30,2873,XCase
2217682,2026-09-25T15:39:50.648+05:30,2982,Corporate Bonds
2116215,2026-09-25T19:22:17.348+05:30,2952,Corporate Bonds
2173520,2026-09-24T22:13:56.386+05:30,2883,Corporate Bonds
2071756,2026-09-28T12:57:06.105+05:30,2843,Corporate Bonds
986525,2026-09-25T15:31:03.484+05:30,3014,Corporate Bonds
2220132,2026-09-28T13:16:54.421+05:30,2956,Corporate Bonds
2065006,2026-09-26T11:27:51.813+05:30,2956,Corporate Bonds
2072865,2026-09-28T11:12:36.181+05:30,3024,Corporate Bonds
2200458,2026-09-26T12:45:20.542+05:30,2856,Corporate Bonds
2206679,2026-09-24T15:55:09.748+05:30,3014,Corporate Bonds
889432,2026-09-26T10:43:42.734+05:30,2981,Corporate Bonds
677609,2026-09-25T23:38:13.193+05:30,2850,Corporate Bonds
2216570,2026-09-24T20:10:38.142+05:30,2751,Corporate Bonds
2183326,2026-09-25T05:21:25.937+05:30,2872,Corporate Bonds
2218963,2026-09-26T15:55:13.921+05:30,2850,Corporate Bonds
2220195,2026-09-27T20:33:18.066+05:30,2931,Corporate Bonds
2182373,2026-09-27T22:50:50.477+05:30,3014,Corporate Bonds
1320811,2026-09-25T23:01:22.349+05:30,2873,XCase
2198894,2026-09-24T16:39:25.321+05:30,2643,Securitized Debt Instruments
2191552,2026-09-27T20:20:50.471+05:30,1292,High Yield FDs
2065006,2026-09-27T14:33:03.258+05:30,2895,Corporate Bonds
1173950,2026-09-25T07:10:15.477+05:30,2895,Corporate Bonds
2216573,2026-09-24T20:39:00.457+05:30,2771,Corporate Bonds
61321,2026-09-26T20:21:22.426+05:30,2982,Corporate Bonds
2141010,2026-09-26T11:14:11.291+05:30,2751,Corporate Bonds
2045527,2026-09-25T10:58:50.544+05:30,2776,Corporate Bonds
2220824,2026-09-27T21:46:54.362+05:30,2643,Securitized Debt Instruments
839415,2026-09-24T13:26:25.169+05:30,3014,Corporate Bonds
1387784,2026-09-27T15:06:49.577+05:30,2909,Corporate Bonds
1386695,2026-09-24T10:52:05.665+05:30,3014,Corporate Bonds
319454,2026-09-24T09:56:31.032+05:30,3014,Corporate Bonds
2213784,2026-09-24T18:42:29.269+05:30,3006,Corporate Bonds
1534197,2026-09-24T03:38:02.331+05:30,2907,Corporate Bonds
2149434,2026-09-27T06:17:35.607+05:30,2850,Corporate Bonds
2209125,2026-09-26T11:38:33.012+05:30,2956,Corporate Bonds
2220036,2026-09-27T13:23:18.746+05:30,2919,Corporate Bonds
2164340,2026-09-27T12:24:27.304+05:30,2879,Corporate Bonds
2191286,2026-09-24T14:29:50.269+05:30,2931,Corporate Bonds
159593,2026-09-27T21:22:15.372+05:30,1239,High Yield FDs
2189727,2026-09-25T10:37:17.335+05:30,2887,Corporate Bonds
1118094,2026-09-26T13:37:56.999+05:30,2911,Mutual Funds
1535701,2026-09-25T18:25:48.101+05:30,2757,Corporate Bonds
2171204,2026-09-26T12:33:15.715+05:30,2952,Corporate Bonds
1118952,2026-09-26T14:38:01.762+05:30,2873,XCase
2010364,2026-09-27T16:38:37.551+05:30,2856,Corporate Bonds
923094,2026-09-28T19:49:22.699+05:30,3014,Corporate Bonds
2198416,2026-09-26T23:02:59.5+05:30,2951,Corporate Bonds
1704922,2026-09-28T10:55:40.715+05:30,2964,Corporate Bonds
2190100,2026-09-24T22:45:58.362+05:30,2751,Corporate Bonds
1060058,2026-09-26T19:14:51.101+05:30,2775,Corporate Bonds
2160877,2026-09-27T16:35:08.693+05:30,2867,Corporate Bonds
2148467,2026-09-28T19:51:19.145+05:30,3014,Corporate Bonds
2219337,2026-09-28T14:49:18.112+05:30,2932,Corporate Bonds
2215639,2026-09-24T17:46:55.541+05:30,2982,Corporate Bonds
1386163,2026-09-24T10:44:50.463+05:30,2883,Corporate Bonds
671109,2026-09-26T16:34:46.885+05:30,2643,Securitized Debt Instruments
746718,2026-09-24T12:12:17.013+05:30,2499,Corporate Bonds
2186497,2026-09-27T18:32:44.653+05:30,2729,Mutual Funds
2116215,2026-09-25T19:22:17.026+05:30,2952,Corporate Bonds
2137230,2026-09-25T08:00:02.612+05:30,1239,High Yield FDs
2209055,2026-09-28T13:10:17.375+05:30,2867,Corporate Bonds
770546,2026-09-26T08:00:06.91+05:30,2964,Corporate Bonds
462726,2026-09-24T14:46:47.362+05:30,2883,Corporate Bonds
65582,2026-09-25T09:37:36.305+05:30,2751,Corporate Bonds
2206679,2026-09-24T15:58:41.361+05:30,2874,Corporate Bonds
620594,2026-09-27T22:59:39.565+05:30,2769,Corporate Bonds
620045,2026-09-26T17:18:33.825+05:30,2867,Corporate Bonds
2162659,2026-09-28T20:30:14.392+05:30,3025,Corporate Bonds
2221610,2026-09-28T13:38:59.628+05:30,2882,Corporate Bonds
2221468,2026-09-28T11:41:52.804+05:30,2872,Corporate Bonds
2158264,2026-09-27T19:52:43.657+05:30,3025,Corporate Bonds
1974382,2026-09-27T20:59:05.97+05:30,1239,High Yield FDs
2210732,2026-09-24T23:43:23.297+05:30,3006,Corporate Bonds
2220085,2026-09-28T09:44:36.22+05:30,1873,Corporate Bonds
1772195,2026-09-26T21:29:50.658+05:30,2955,Corporate Bonds
1296666,2026-09-26T09:43:53.909+05:30,2881,Corporate Bonds
2216570,2026-09-24T20:10:37.878+05:30,2751,Corporate Bonds
1719670,2026-09-24T16:22:13.446+05:30,2941,Corporate Bonds
211245,2026-09-28T09:32:34.418+05:30,2964,Corporate Bonds
65582,2026-09-26T16:24:15.267+05:30,2751,Corporate Bonds
2075089,2026-09-28T09:26:16.789+05:30,2873,XCase
2090671,2026-09-28T09:11:48.564+05:30,2953,Corporate Bonds
1144092,2026-09-26T13:10:43.083+05:30,2856,Corporate Bonds
2216136,2026-09-25T00:01:26.312+05:30,2872,Corporate Bonds
2218991,2026-09-26T15:53:50.96+05:30,1292,High Yield FDs
2202965,2026-09-26T13:55:01.674+05:30,2982,Corporate Bonds
1496531,2026-09-27T16:39:18.552+05:30,2895,Corporate Bonds
1740349,2026-09-24T20:41:11.617+05:30,2982,Corporate Bonds
2116215,2026-09-28T13:22:59.031+05:30,2952,Corporate Bonds
1050344,2026-09-25T12:38:47.757+05:30,2767,Corporate Bonds
953552,2026-09-25T22:07:24.42+05:30,2752,Corporate Bonds
1829303,2026-09-26T14:58:11.026+05:30,2982,Corporate Bonds
1311505,2026-09-28T06:13:33.647+05:30,2872,Corporate Bonds
1889687,2026-09-25T11:49:44.798+05:30,3014,Corporate Bonds
2218421,2026-09-26T11:34:27.568+05:30,2906,Corporate Bonds
2209223,2026-09-24T22:20:13.272+05:30,3014,Corporate Bonds
2203783,2026-09-24T15:50:33.94+05:30,2751,Corporate Bonds
1580963,2026-09-26T15:22:57.744+05:30,2867,Corporate Bonds
2187621,2026-09-28T09:38:00.515+05:30,1873,Corporate Bonds
1552974,2026-09-27T07:54:18.265+05:30,1873,Corporate Bonds
1713559,2026-09-24T17:09:37.737+05:30,2955,Corporate Bonds
1531132,2026-09-26T15:08:46.045+05:30,2930,Corporate Bonds
1193249,2026-09-25T12:47:35.537+05:30,2969,XCase
2221230,2026-09-28T08:58:12.624+05:30,2881,Corporate Bonds
2195496,2026-09-26T21:40:39.081+05:30,1873,Corporate Bonds
734598,2026-09-28T21:27:04.751+05:30,2890,Corporate Bonds
2220859,2026-09-27T23:30:30.758+05:30,2941,Corporate Bonds
950941,2026-09-24T01:39:25.039+05:30,2856,Corporate Bonds
127410,2026-09-25T12:38:53.356+05:30,2883,Corporate Bonds
1719670,2026-09-25T14:38:43.338+05:30,2964,Corporate Bonds
1475766,2026-09-25T12:02:26.542+05:30,2874,Corporate Bonds
1496447,2026-09-28T22:52:38.916+05:30,2982,Corporate Bonds
1564620,2026-09-28T10:33:31.97+05:30,1873,Corporate Bonds
1041782,2026-09-26T12:53:51.695+05:30,2942,Securitized Debt Instruments
2116215,2026-09-28T13:24:30.606+05:30,2941,Corporate Bonds
2030094,2026-09-24T10:10:37.463+05:30,2969,XCase
68509,2026-09-24T12:58:16.49+05:30,2849,Corporate Bonds
1508804,2026-09-27T11:20:20.442+05:30,2942,Securitized Debt Instruments
2142078,2026-09-25T23:18:45.479+05:30,2942,Securitized Debt Instruments
1351152,2026-09-26T11:09:35.014+05:30,2982,Corporate Bonds
1431100,2026-09-27T00:29:50.632+05:30,2856,Corporate Bonds
1203237,2026-09-27T12:15:30.674+05:30,2867,Corporate Bonds
1849493,2026-09-28T23:15:28.996+05:30,2955,Corporate Bonds
2216602,2026-09-24T20:51:29.243+05:30,1873,Corporate Bonds
870129,2026-09-24T11:43:25.801+05:30,2867,Corporate Bonds
329808,2026-09-25T20:19:26.112+05:30,2074,Mutual Funds
893908,2026-09-24T07:30:16.545+05:30,2942,Securitized Debt Instruments
1534298,2026-09-27T06:43:45.188+05:30,1292,High Yield FDs
2218653,2026-09-27T08:01:50.476+05:30,3006,Corporate Bonds
2116215,2026-09-25T19:22:16.927+05:30,2952,Corporate Bonds
1652540,2026-09-25T12:45:26.775+05:30,2955,Corporate Bonds
2217217,2026-09-25T09:54:23.739+05:30,2729,Mutual Funds
1230340,2026-09-27T16:49:38.463+05:30,2879,Corporate Bonds
2199770,2026-09-24T12:24:47.845+05:30,2850,Corporate Bonds
1049567,2026-09-24T13:08:28.944+05:30,3014,Corporate Bonds
1033823,2026-09-25T10:41:01.277+05:30,2794,Corporate Bonds
2218833,2026-09-26T13:07:08.601+05:30,2982,Corporate Bonds
1688407,2026-09-24T10:43:02.995+05:30,3014,Corporate Bonds
1879762,2026-09-24T15:47:44.27+05:30,2981,Corporate Bonds
1180917,2026-09-25T11:36:12.945+05:30,2964,Corporate Bonds
2072605,2026-09-26T08:42:42.788+05:30,2872,Corporate Bonds
514187,2026-09-25T18:15:37.059+05:30,2911,Mutual Funds
2056094,2026-09-27T09:30:14.736+05:30,2643,Securitized Debt Instruments
1671666,2026-09-25T10:08:45.973+05:30,2895,Corporate Bonds
1393530,2026-09-26T23:52:41.402+05:30,2918,Corporate Bonds
1282340,2026-09-28T17:00:41.219+05:30,2757,Corporate Bonds
850961,2026-09-24T14:24:29.924+05:30,2981,Corporate Bonds
845608,2026-09-24T21:59:06.089+05:30,2778,Corporate Bonds
538382,2026-09-24T13:11:11.266+05:30,2942,Securitized Debt Instruments
2212610,2026-09-25T21:41:20.171+05:30,2856,Corporate Bonds
354667,2026-09-25T13:54:08.924+05:30,2895,Corporate Bonds
1254223,2026-09-24T22:46:45.457+05:30,2883,Corporate Bonds
1509428,2026-09-28T09:44:24.356+05:30,2850,Corporate Bonds
1524078,2026-09-28T11:42:02.649+05:30,3024,Corporate Bonds
777334,2026-09-26T07:47:09.507+05:30,2751,Corporate Bonds
1181730,2026-09-26T22:36:53.728+05:30,2856,Corporate Bonds
2190241,2026-09-27T22:49:31.201+05:30,1239,High Yield FDs
2002379,2026-09-28T11:23:40.349+05:30,2872,Corporate Bonds
2209542,2026-09-24T13:00:55.995+05:30,3006,Corporate Bonds
1443953,2026-09-27T08:32:14.957+05:30,2873,XCase
1063425,2026-09-24T16:47:05.644+05:30,2868,Corporate Bonds
1616652,2026-09-24T10:09:28.014+05:30,3014,Corporate Bonds
967340,2026-09-27T11:32:31.161+05:30,2902,Corporate Bonds
1751361,2026-09-26T12:32:23.27+05:30,2964,Corporate Bonds
1796083,2026-09-28T12:22:19.661+05:30,2794,Corporate Bonds
2218579,2026-09-27T08:39:02.456+05:30,2954,Corporate Bonds
2217270,2026-09-26T10:57:43.365+05:30,2956,Corporate Bonds
1609853,2026-09-25T11:28:38.445+05:30,2643,Securitized Debt Instruments
1242864,2026-09-25T10:16:05.284+05:30,2907,Corporate Bonds
1711352,2026-09-26T15:45:10.511+05:30,2964,Corporate Bonds
974107,2026-09-25T21:18:51.364+05:30,2881,Corporate Bonds
1680836,2026-09-26T08:34:02.059+05:30,2951,Corporate Bonds
2214674,2026-09-28T17:54:59.154+05:30,2954,Corporate Bonds
521775,2026-09-28T17:26:00.975+05:30,2899,Mutual Funds
1065335,2026-09-28T10:18:57.469+05:30,2431,Corporate Bonds
2219254,2026-09-27T14:18:36.37+05:30,2729,Mutual Funds
264335,2026-09-24T19:55:05.25+05:30,3014,Corporate Bonds
2062737,2026-09-24T19:35:28.374+05:30,2941,Corporate Bonds
2216899,2026-09-26T16:23:52.8+05:30,2942,Securitized Debt Instruments
2113894,2026-09-25T09:11:28.047+05:30,2955,Corporate Bonds
28297,2026-09-24T10:44:44.361+05:30,2506,Corporate Bonds
2218257,2026-09-25T23:41:47.533+05:30,2872,Corporate Bonds
1039421,2026-09-26T10:39:49.617+05:30,2942,Securitized Debt Instruments
1184601,2026-09-24T11:30:57.327+05:30,3014,Corporate Bonds
1280155,2026-09-27T23:14:07.855+05:30,2879,Corporate Bonds
2162164,2026-09-26T08:29:11.768+05:30,2969,XCase
1646578,2026-09-28T16:01:47.018+05:30,2849,Corporate Bonds
2222128,2026-09-28T19:59:48.6+05:30,2911,Mutual Funds
1003211,2026-09-25T08:43:46.583+05:30,2812,Corporate Bonds
1609118,2026-09-25T14:51:26.2+05:30,1292,High Yield FDs
2147546,2026-09-24T18:11:28.041+05:30,2881,Corporate Bonds
915791,2026-09-26T07:37:01.042+05:30,3014,Corporate Bonds
1982830,2026-09-25T13:03:15.416+05:30,3014,Corporate Bonds
1761296,2026-09-25T12:52:29.935+05:30,2907,Corporate Bonds
962157,2026-09-25T16:08:34.134+05:30,2794,Corporate Bonds
815212,2026-09-27T20:27:30.996+05:30,2769,Corporate Bonds
2128509,2026-09-28T22:25:53.848+05:30,3014,Corporate Bonds
1187840,2026-09-26T05:41:40.872+05:30,2918,Corporate Bonds
1104040,2026-09-25T13:57:14.486+05:30,3020,Corporate Bonds
1689967,2026-09-26T15:15:38.215+05:30,2951,Corporate Bonds
2082849,2026-09-28T22:02:47.187+05:30,3014,Corporate Bonds
1173950,2026-09-25T07:11:13.628+05:30,2895,Corporate Bonds
1680825,2026-09-28T08:48:40.858+05:30,2964,Corporate Bonds
2203012,2026-09-28T12:55:35.999+05:30,3024,Corporate Bonds
1399738,2026-09-24T18:46:05.044+05:30,2812,Corporate Bonds
959925,2026-09-24T13:11:53.916+05:30,3014,Corporate Bonds
786973,2026-09-28T11:14:02.649+05:30,2874,Corporate Bonds
1315916,2026-09-24T18:29:49.597+05:30,3014,Corporate Bonds
1879762,2026-09-24T15:52:31.674+05:30,2981,Corporate Bonds
1186038,2026-09-24T19:39:31.417+05:30,2902,Corporate Bonds
981192,2026-09-26T16:56:52.811+05:30,2953,Corporate Bonds
321869,2026-09-26T23:11:39.619+05:30,2872,Corporate Bonds
2220651,2026-09-27T21:01:03.821+05:30,3014,Corporate Bonds
2143504,2026-09-28T00:29:53.692+05:30,2883,Corporate Bonds
1947650,2026-09-28T11:11:16.84+05:30,2964,Corporate Bonds
1993032,2026-09-24T19:16:27.438+05:30,2941,Corporate Bonds
1711093,2026-09-26T13:12:55.507+05:30,2930,Corporate Bonds
1180819,2026-09-24T20:08:10.301+05:30,2881,Corporate Bonds
1664313,2026-09-26T20:53:46.917+05:30,2942,Securitized Debt Instruments
712759,2026-09-24T17:38:03.154+05:30,2843,Corporate Bonds
319056,2026-09-28T19:29:38.482+05:30,2858,Corporate Bonds
2192557,2026-09-28T18:35:01.603+05:30,2930,Corporate Bonds
1283461,2026-09-24T16:42:40.102+05:30,2883,Corporate Bonds
1053448,2026-09-25T14:50:25.564+05:30,2850,Corporate Bonds
160153,2026-09-24T11:41:22.98+05:30,2964,Corporate Bonds
2217146,2026-09-25T08:44:29.567+05:30,3014,Corporate Bonds
1697992,2026-09-28T00:03:14.9+05:30,1239,High Yield FDs
1830845,2026-09-25T23:42:39.492+05:30,2767,Corporate Bonds
2059853,2026-09-28T12:44:56.182+05:30,2873,XCase
2143622,2026-09-24T17:41:21.72+05:30,2941,Corporate Bonds
1999254,2026-09-27T09:05:10.138+05:30,2956,Corporate Bonds
1685214,2026-09-27T11:23:37.673+05:30,2953,Corporate Bonds
615001,2026-09-28T23:25:13.228+05:30,2455,Corporate Bonds
990163,2026-09-28T20:58:32.468+05:30,1239,High Yield FDs
2212193,2026-09-28T17:08:06.952+05:30,2850,Corporate Bonds
2145420,2026-09-27T14:11:08.202+05:30,1292,High Yield FDs
2166225,2026-09-24T14:10:55.841+05:30,2881,Corporate Bonds
2207795,2026-09-26T12:47:46.822+05:30,2895,Corporate Bonds
864759,2026-09-26T18:58:34.81+05:30,2942,Securitized Debt Instruments
2199009,2026-09-25T17:12:44.428+05:30,2849,Corporate Bonds
264335,2026-09-24T19:51:57.151+05:30,3014,Corporate Bonds
708369,2026-09-24T18:13:46.213+05:30,1239,High Yield FDs
2208189,2026-09-24T13:33:10.067+05:30,2982,Corporate Bonds
2218137,2026-09-26T14:14:45.713+05:30,3006,Corporate Bonds
1191654,2026-09-24T09:59:28.412+05:30,2849,Corporate Bonds
2037800,2026-09-26T16:04:05.581+05:30,2895,Corporate Bonds
1101792,2026-09-25T19:39:10.274+05:30,2643,Securitized Debt Instruments
2221542,2026-09-28T12:20:55.04+05:30,2872,Corporate Bonds
2219008,2026-09-26T15:03:04.043+05:30,2982,Corporate Bonds
1703603,2026-09-24T05:06:15.068+05:30,2883,Corporate Bonds
669489,2026-09-24T10:02:11.873+05:30,2941,Corporate Bonds
2173308,2026-09-28T23:19:18.769+05:30,2830,Corporate Bonds
2217126,2026-09-25T08:41:30.107+05:30,2868,Corporate Bonds
1838726,2026-09-27T22:39:07.15+05:30,2873,XCase
1050344,2026-09-26T07:35:28.628+05:30,2767,Corporate Bonds
829183,2026-09-25T10:33:22.025+05:30,2918,Corporate Bonds
1095672,2026-09-24T15:20:07.951+05:30,3014,Corporate Bonds
2030094,2026-09-25T09:31:40.316+05:30,2751,Corporate Bonds
859019,2026-09-27T17:10:14.804+05:30,2942,Securitized Debt Instruments
1430448,2026-09-24T11:04:29.726+05:30,2849,Corporate Bonds
2217683,2026-09-25T14:57:10.1+05:30,2882,Corporate Bonds
16147,2026-09-25T19:53:30.329+05:30,2867,Corporate Bonds
743866,2026-09-28T16:54:21.828+05:30,2643,Securitized Debt Instruments
2209594,2026-09-26T20:10:38.21+05:30,2850,Corporate Bonds
1843692,2026-09-28T20:19:24.327+05:30,2955,Corporate Bonds
1744002,2026-09-27T20:28:13.977+05:30,2856,Corporate Bonds
981192,2026-09-26T16:49:13.472+05:30,2907,Corporate Bonds
2034970,2026-09-26T13:27:06.459+05:30,2883,Corporate Bonds
1283461,2026-09-24T16:42:32.383+05:30,2883,Corporate Bonds
1728723,2026-09-28T19:46:51.365+05:30,3014,Corporate Bonds
264335,2026-09-26T17:49:36.453+05:30,3014,Corporate Bonds
652463,2026-09-25T13:30:06.087+05:30,2981,Corporate Bonds
514546,2026-09-27T21:07:52.137+05:30,2895,Corporate Bonds
1175780,2026-09-27T09:05:21.107+05:30,2875,Corporate Bonds
707747,2026-09-27T01:39:51.089+05:30,2895,Corporate Bonds
1632546,2026-09-27T14:43:58.719+05:30,2900,Corporate Bonds
742858,2026-09-24T23:19:04.433+05:30,2942,Securitized Debt Instruments
1298157,2026-09-25T09:33:38.615+05:30,2872,Corporate Bonds
2195757,2026-09-27T09:52:51.196+05:30,2875,Corporate Bonds
1431100,2026-09-26T21:09:33.02+05:30,2964,Corporate Bonds
769245,2026-09-25T05:13:40.735+05:30,1873,Corporate Bonds
1391313,2026-09-25T18:26:24.051+05:30,2942,Securitized Debt Instruments
2174325,2026-09-28T09:26:32.158+05:30,1873,Corporate Bonds
1041782,2026-09-26T13:41:22.092+05:30,2752,Corporate Bonds
5302,2026-09-26T10:14:39.519+05:30,2942,Securitized Debt Instruments
1796083,2026-09-28T11:51:15.07+05:30,2880,Corporate Bonds
1308172,2026-09-27T21:29:50.055+05:30,3014,Corporate Bonds
2116215,2026-09-25T19:22:17.872+05:30,2952,Corporate Bonds
1173950,2026-09-25T07:51:46.349+05:30,2895,Corporate Bonds
740629,2026-09-25T12:13:44.284+05:30,3014,Corporate Bonds
776874,2026-09-24T21:15:00.871+05:30,1292,High Yield FDs
2219366,2026-09-26T19:47:19.036+05:30,2964,Corporate Bonds
1294244,2026-09-28T18:34:07.721+05:30,2955,Corporate Bonds
1290914,2026-09-25T10:26:56.083+05:30,2986,Corporate Bonds
2065006,2026-09-27T14:34:56.605+05:30,2895,Corporate Bonds
939737,2026-09-28T15:54:35.457+05:30,2895,Corporate Bonds
1753132,2026-09-24T13:53:39.675+05:30,1873,Corporate Bonds
2047723,2026-09-25T14:07:22.32+05:30,2942,Securitized Debt Instruments
1063425,2026-09-27T17:43:36.382+05:30,2964,Corporate Bonds
1173974,2026-09-25T11:12:40.921+05:30,2942,Securitized Debt Instruments
2212597,2026-09-24T15:22:39.802+05:30,3014,Corporate Bonds
871366,2026-09-25T13:50:55.611+05:30,2769,Corporate Bonds
1771184,2026-09-26T07:54:20.4+05:30,2867,Corporate Bonds
2220839,2026-09-27T23:20:44.495+05:30,2868,Corporate Bonds
2184659,2026-09-25T06:27:21.808+05:30,3014,Corporate Bonds
2002283,2026-09-27T16:07:50.267+05:30,2856,Corporate Bonds
2111125,2026-09-24T18:10:38.994+05:30,3014,Corporate Bonds
2152361,2026-09-26T16:42:10.051+05:30,1292,High Yield FDs
2217270,2026-09-25T10:29:52.116+05:30,2942,Securitized Debt Instruments
1230340,2026-09-27T16:50:48.038+05:30,2879,Corporate Bonds
1965320,2026-09-24T23:26:33.41+05:30,2412,Corporate Bonds
2159250,2026-09-24T16:30:50.408+05:30,2964,Corporate Bonds
1480347,2026-09-28T11:34:41.217+05:30,2872,Corporate Bonds
660298,2026-09-27T13:06:59.076+05:30,2941,Corporate Bonds
1042548,2026-09-25T09:13:52.849+05:30,2964,Corporate Bonds
1101792,2026-09-25T19:39:08.264+05:30,2643,Securitized Debt Instruments
2217905,2026-09-25T18:12:13.322+05:30,2964,Corporate Bonds
822889,2026-09-26T23:19:18.901+05:30,3014,Corporate Bonds
2116215,2026-09-25T19:22:19.059+05:30,2952,Corporate Bonds
1800450,2026-09-24T22:17:59.009+05:30,2882,Corporate Bonds
772713,2026-09-25T19:33:30.805+05:30,2643,Securitized Debt Instruments
2060375,2026-09-27T09:46:41.984+05:30,2942,Securitized Debt Instruments
173285,2026-09-28T23:32:47.857+05:30,3014,Corporate Bonds
1158462,2026-09-28T00:43:21.222+05:30,2867,Corporate Bonds
2219339,2026-09-26T19:43:55.73+05:30,2781,Corporate Bonds
679806,2026-09-26T18:17:06.823+05:30,2955,Corporate Bonds
2219954,2026-09-27T10:35:13.087+05:30,2751,Corporate Bonds
1938913,2026-09-24T19:20:01.63+05:30,2955,Corporate Bonds
783497,2026-09-27T14:39:05.398+05:30,2867,Corporate Bonds
738779,2026-09-24T19:18:52.743+05:30,2856,Corporate Bonds
915791,2026-09-25T15:11:53.235+05:30,3014,Corporate Bonds
2213894,2026-09-24T09:37:47.152+05:30,1873,Corporate Bonds
2200984,2026-09-28T20:24:44.761+05:30,2643,Securitized Debt Instruments
1231657,2026-09-26T15:35:46.694+05:30,3006,Corporate Bonds
2209877,2026-09-24T00:35:20.065+05:30,2982,Corporate Bonds
1963875,2026-09-27T16:11:02.35+05:30,2895,Corporate Bonds
1837329,2026-09-27T09:52:35.088+05:30,2757,Corporate Bonds
986525,2026-09-25T15:30:08.714+05:30,2412,Corporate Bonds
2199009,2026-09-25T22:12:35.675+05:30,2955,Corporate Bonds
547250,2026-09-24T18:24:17.954+05:30,2873,XCase
1448315,2026-09-27T14:00:23.906+05:30,2982,Corporate Bonds
23283,2026-09-27T14:52:52.682+05:30,2882,Corporate Bonds
1536588,2026-09-28T13:06:46.908+05:30,2981,Corporate Bonds
2044230,2026-09-27T08:34:18.007+05:30,3014,Corporate Bonds
843512,2026-09-27T14:25:20.683+05:30,2843,Corporate Bonds
2184026,2026-09-25T11:39:38.323+05:30,2880,Corporate Bonds
2065006,2026-09-27T14:55:58.037+05:30,2895,Corporate Bonds
1752216,2026-09-25T22:25:34.764+05:30,3014,Corporate Bonds
2152361,2026-09-26T17:29:31.891+05:30,1239,High Yield FDs
1891095,2026-09-27T22:10:43.15+05:30,2872,Corporate Bonds
259855,2026-09-24T13:57:02.04+05:30,3014,Corporate Bonds
1640091,2026-09-25T14:18:23.584+05:30,2918,Corporate Bonds
2162164,2026-09-26T08:23:13.181+05:30,2996,Corporate Bonds
793459,2026-09-26T17:43:19.537+05:30,2867,Corporate Bonds
1992176,2026-09-26T20:43:04.464+05:30,2951,Corporate Bonds
2207262,2026-09-26T04:56:05.293+05:30,2922,Corporate Bonds
65582,2026-09-24T16:04:12.875+05:30,2751,Corporate Bonds
510621,2026-09-25T15:23:36.115+05:30,2953,Corporate Bonds
895325,2026-09-24T18:50:10.02+05:30,2942,Securitized Debt Instruments
1143168,2026-09-25T15:16:37.283+05:30,2899,Mutual Funds
1311836,2026-09-27T10:34:31.598+05:30,2883,Corporate Bonds
859147,2026-09-26T10:58:55.269+05:30,2953,Corporate Bonds
742806,2026-09-28T23:31:58.474+05:30,2867,Corporate Bonds
1984892,2026-09-28T21:09:00.634+05:30,2407,Corporate Bonds
747991,2026-09-26T18:49:02.77+05:30,2969,XCase
2127089,2026-09-28T12:53:38.646+05:30,2881,Corporate Bonds
1120802,2026-09-28T00:25:08.037+05:30,2867,Corporate Bonds
2204128,2026-09-25T13:29:10.994+05:30,2942,Securitized Debt Instruments
1891041,2026-09-28T19:42:40.942+05:30,2335,Corporate Bonds
886300,2026-09-28T15:44:36.743+05:30,2867,Corporate Bonds
2034990,2026-09-25T10:40:13.943+05:30,1873,Corporate Bonds
2040853,2026-09-26T20:37:32.685+05:30,1873,Corporate Bonds
2153292,2026-09-27T22:46:11.855+05:30,2867,Corporate Bonds
2198416,2026-09-24T19:08:40.845+05:30,1873,Corporate Bonds
2139365,2026-09-28T11:40:26.532+05:30,2964,Corporate Bonds
1077160,2026-09-24T07:59:03.927+05:30,2873,XCase
1281034,2026-09-27T11:46:07.281+05:30,2867,Corporate Bonds
2074435,2026-09-24T12:29:00.576+05:30,2883,Corporate Bonds
2219311,2026-09-27T13:46:14.946+05:30,2850,Corporate Bonds
858625,2026-09-24T20:06:39.688+05:30,2872,Corporate Bonds
2219440,2026-09-26T20:49:59.851+05:30,2941,Corporate Bonds
1719363,2026-09-27T18:17:51.116+05:30,2955,Corporate Bonds
30231,2026-09-26T02:45:59.344+05:30,2882,Corporate Bonds
1401664,2026-09-24T13:37:56.339+05:30,2895,Corporate Bonds
1670297,2026-09-28T12:25:11.973+05:30,2964,Corporate Bonds
2162164,2026-09-26T08:26:36.833+05:30,2996,Corporate Bonds
65582,2026-09-28T15:53:30.185+05:30,2907,Corporate Bonds
2219366,2026-09-26T19:48:21.468+05:30,2964,Corporate Bonds
1475766,2026-09-25T12:02:55.392+05:30,2874,Corporate Bonds
1175738,2026-09-28T10:49:43.397+05:30,2751,Corporate Bonds
1292405,2026-09-26T12:19:03.213+05:30,1239,High Yield FDs
2053457,2026-09-27T16:58:36.115+05:30,2867,Corporate Bonds
1280155,2026-09-27T23:20:14.97+05:30,2412,Corporate Bonds
276587,2026-09-26T09:14:26.302+05:30,2964,Corporate Bonds
1897858,2026-09-26T22:15:08.127+05:30,2940,Corporate Bonds
2220284,2026-09-27T14:46:59.55+05:30,2941,Corporate Bonds
1230340,2026-09-27T18:29:29.358+05:30,2879,Corporate Bonds
2213650,2026-09-24T16:25:49.226+05:30,1292,High Yield FDs
2219077,2026-09-26T22:44:27.225+05:30,2918,Corporate Bonds
1786086,2026-09-25T12:58:10.175+05:30,2942,Securitized Debt Instruments
2145420,2026-09-25T21:19:49.883+05:30,2964,Corporate Bonds
697628,2026-09-28T17:31:36.105+05:30,2729,Mutual Funds
2205166,2026-09-28T17:03:50.966+05:30,1239,High Yield FDs
1832598,2026-09-25T19:28:40.109+05:30,2867,Corporate Bonds
1609853,2026-09-24T12:20:37.488+05:30,1873,Corporate Bonds
848266,2026-09-26T12:45:16.416+05:30,2964,Corporate Bonds
897864,2026-09-26T18:28:04.727+05:30,2964,Corporate Bonds
1825727,2026-09-25T10:20:10.175+05:30,2942,Securitized Debt Instruments
2216136,2026-09-24T13:55:09.673+05:30,1873,Corporate Bonds
1181926,2026-09-27T20:23:02.268+05:30,2902,Corporate Bonds
502687,2026-09-25T12:04:07.574+05:30,1873,Corporate Bonds
2191286,2026-09-24T14:02:39.238+05:30,3014,Corporate Bonds
1946670,2026-09-25T09:10:40.986+05:30,2938,Corporate Bonds
1091020,2026-09-26T07:05:27.29+05:30,2863,Corporate Bonds
1391313,2026-09-25T18:26:27.711+05:30,2942,Securitized Debt Instruments
991656,2026-09-28T10:32:19.863+05:30,2874,Corporate Bonds
561027,2026-09-25T12:04:07.882+05:30,2955,Corporate Bonds
1319342,2026-09-26T00:05:10.646+05:30,2794,Corporate Bonds
1077680,2026-09-28T18:47:23.398+05:30,1292,High Yield FDs
2109686,2026-09-24T11:32:50.397+05:30,2873,XCase
1824823,2026-09-24T05:27:56.433+05:30,2982,Corporate Bonds
1986071,2026-09-28T10:35:13.887+05:30,2883,Corporate Bonds
2218258,2026-09-26T13:06:44.224+05:30,2952,Corporate Bonds
1636286,2026-09-25T09:32:58.473+05:30,2868,Corporate Bonds
2198120,2026-09-28T21:27:03.513+05:30,2197,Corporate Bonds
1611033,2026-09-28T17:02:11.891+05:30,2850,Corporate Bonds
1331844,2026-09-24T07:17:21.689+05:30,2794,Corporate Bonds
1480774,2026-09-24T11:03:07.779+05:30,2942,Securitized Debt Instruments
2039236,2026-09-25T09:51:51.151+05:30,2874,Corporate Bonds
999059,2026-09-26T09:21:49.633+05:30,2993,XCase
2220326,2026-09-27T15:15:44.041+05:30,2863,Corporate Bonds
671109,2026-09-26T16:34:51.18+05:30,2643,Securitized Debt Instruments
1881124,2026-09-24T11:28:17.586+05:30,3014,Corporate Bonds
1713325,2026-09-28T17:31:46.337+05:30,2964,Corporate Bonds
2193399,2026-09-24T17:41:38.603+05:30,1096,High Yield FDs
1625910,2026-09-27T20:36:47.808+05:30,2969,XCase
2216136,2026-09-25T04:14:31.23+05:30,2881,Corporate Bonds
838759,2026-09-24T16:56:33.48+05:30,2883,Corporate Bonds
2157836,2026-09-24T10:15:44.05+05:30,2874,Corporate Bonds
1193249,2026-09-25T12:37:42.922+05:30,2964,Corporate Bonds
697628,2026-09-28T17:33:59.331+05:30,2729,Mutual Funds
1194704,2026-09-27T17:00:55.873+05:30,2964,Corporate Bonds
2119761,2026-09-25T15:42:34.983+05:30,2771,Corporate Bonds
2193399,2026-09-28T10:20:23.757+05:30,1292,High Yield FDs
1586941,2026-09-27T05:36:00.382+05:30,3014,Corporate Bonds
1636286,2026-09-25T09:31:09.531+05:30,2868,Corporate Bonds
2209542,2026-09-24T19:11:45.533+05:30,2856,Corporate Bonds
2116610,2026-09-28T12:07:18.189+05:30,3024,Corporate Bonds
1602681,2026-09-28T18:48:28.619+05:30,2873,XCase
2185430,2026-09-25T19:39:31.328+05:30,2849,Corporate Bonds
2173710,2026-09-26T23:51:57.082+05:30,2982,Corporate Bonds
2150985,2026-09-27T07:50:49.631+05:30,2843,Corporate Bonds
2010364,2026-09-24T09:47:41.589+05:30,2856,Corporate Bonds
1240271,2026-09-28T19:59:36.988+05:30,2335,Corporate Bonds
827675,2026-09-28T11:14:07.634+05:30,2895,Corporate Bonds
1094164,2026-09-28T22:41:30.862+05:30,3023,Corporate Bonds
845448,2026-09-27T10:34:03.459+05:30,2794,Corporate Bonds
1973073,2026-09-25T14:08:08.6+05:30,1239,High Yield FDs
1207534,2026-09-25T18:40:24.103+05:30,2964,Corporate Bonds
9017,2026-09-27T15:20:14.013+05:30,2850,Corporate Bonds
1000180,2026-09-28T21:32:24.39+05:30,2842,Corporate Bonds
2220604,2026-09-27T19:07:12.765+05:30,2982,Corporate Bonds
2213650,2026-09-24T16:21:11.652+05:30,1292,High Yield FDs
2216985,2026-09-25T02:59:14.674+05:30,2941,Corporate Bonds
2067634,2026-09-24T18:04:38.365+05:30,2931,Corporate Bonds
2220492,2026-09-27T17:19:13.234+05:30,1873,Corporate Bonds
1508628,2026-09-27T08:37:30.342+05:30,2867,Corporate Bonds
557066,2026-09-26T13:53:27.026+05:30,1873,Corporate Bonds
1782446,2026-09-25T08:47:08.415+05:30,2874,Corporate Bonds
953810,2026-09-25T14:26:03.63+05:30,2964,Corporate Bonds
1183878,2026-09-26T14:07:15.897+05:30,2964,Corporate Bonds
2059853,2026-09-28T13:09:03.876+05:30,3014,Corporate Bonds
277407,2026-09-27T21:56:41.514+05:30,2757,Corporate Bonds
2219932,2026-09-27T11:01:40.483+05:30,1239,High Yield FDs
2212610,2026-09-25T21:44:23.514+05:30,2881,Corporate Bonds
1412038,2026-09-24T16:23:33.411+05:30,1873,Corporate Bonds
1947775,2026-09-25T12:14:17.006+05:30,2874,Corporate Bonds
2011535,2026-09-27T16:00:32.511+05:30,2842,Corporate Bonds
1104086,2026-09-25T10:38:23.086+05:30,1873,Corporate Bonds
1003211,2026-09-25T09:39:46.761+05:30,2812,Corporate Bonds
1830845,2026-09-27T08:52:32.493+05:30,2872,Corporate Bonds
745308,2026-09-25T15:49:50.939+05:30,2872,Corporate Bonds
1056090,2026-09-28T16:03:14.717+05:30,3025,Corporate Bonds
1522243,2026-09-28T15:32:10.65+05:30,3024,Corporate Bonds
880975,2026-09-25T09:25:46.113+05:30,2794,Corporate Bonds
1903646,2026-09-28T22:21:53.032+05:30,1239,High Yield FDs
858527,2026-09-24T07:14:25.403+05:30,2942,Securitized Debt Instruments
1214885,2026-09-25T20:41:01.272+05:30,2867,Corporate Bonds
115504,2026-09-24T14:04:06.872+05:30,2643,Securitized Debt Instruments
1887949,2026-09-28T02:29:33.189+05:30,2412,Corporate Bonds
1003452,2026-09-28T14:52:31.267+05:30,2757,Corporate Bonds
2217302,2026-09-25T23:07:20.782+05:30,2729,Mutual Funds
1332856,2026-09-27T13:23:02.162+05:30,1239,High Yield FDs
1173613,2026-09-25T12:00:34.459+05:30,2867,Corporate Bonds
1923332,2026-09-25T16:11:51.252+05:30,2867,Corporate Bonds
779773,2026-09-24T17:29:45.745+05:30,2942,Securitized Debt Instruments
2145420,2026-09-25T21:40:41.705+05:30,2951,Corporate Bonds
2092437,2026-09-28T22:23:10.946+05:30,1873,Corporate Bonds
141227,2026-09-28T23:45:00.778+05:30,2752,Corporate Bonds
2095453,2026-09-25T11:36:40.833+05:30,2643,Securitized Debt Instruments
2202666,2026-09-24T21:26:52.016+05:30,2872,Corporate Bonds
2219623,2026-09-26T23:41:15.252+05:30,1095,High Yield FDs
2217788,2026-09-25T16:29:08.476+05:30,3006,Corporate Bonds
1535701,2026-09-25T18:21:43.458+05:30,2757,Corporate Bonds
1177042,2026-09-24T18:40:07.242+05:30,3014,Corporate Bonds
639144,2026-09-24T12:56:42.362+05:30,3014,Corporate Bonds
1664313,2026-09-26T20:53:49.439+05:30,2942,Securitized Debt Instruments
1205933,2026-09-28T11:03:19.063+05:30,2431,Corporate Bonds
1531216,2026-09-24T14:33:29.236+05:30,2930,Corporate Bonds
1177042,2026-09-24T14:18:17.082+05:30,1873,Corporate Bonds
1042548,2026-09-24T09:32:58.268+05:30,1292,High Yield FDs
2188981,2026-09-26T13:56:48.238+05:30,2769,Corporate Bonds
2082364,2026-09-27T11:01:28.527+05:30,2769,Corporate Bonds
1158462,2026-09-28T08:24:19.21+05:30,2867,Corporate Bonds
1157407,2026-09-24T11:31:07.629+05:30,2932,Corporate Bonds
1703453,2026-09-28T22:22:53.708+05:30,2932,Corporate Bonds
9017,2026-09-27T14:22:06.419+05:30,2850,Corporate Bonds
319454,2026-09-25T09:31:20.44+05:30,3014,Corporate Bonds
2010364,2026-09-28T13:40:01.732+05:30,2895,Corporate Bonds
2188266,2026-09-24T21:15:06.36+05:30,2957,Corporate Bonds
2221500,2026-09-28T12:00:31.74+05:30,2729,Mutual Funds
779236,2026-09-26T17:36:50.25+05:30,2882,Corporate Bonds
2217478,2026-09-26T18:36:11.116+05:30,2729,Mutual Funds
2163247,2026-09-24T14:22:34.35+05:30,3014,Corporate Bonds
823568,2026-09-26T09:45:46.66+05:30,2955,Corporate Bonds
1586941,2026-09-24T15:23:53.294+05:30,3014,Corporate Bonds
908571,2026-09-26T18:42:54.814+05:30,2880,Corporate Bonds
1173974,2026-09-25T11:12:39.559+05:30,2942,Securitized Debt Instruments
1804489,2026-09-27T13:35:27.853+05:30,2875,Corporate Bonds
2219652,2026-09-27T00:43:56.558+05:30,2856,Corporate Bonds
1554748,2026-09-26T11:15:23.158+05:30,2752,Corporate Bonds
1393530,2026-09-24T20:00:23.482+05:30,2499,Corporate Bonds
198115,2026-09-27T09:18:27.494+05:30,2930,Corporate Bonds
577213,2026-09-27T18:24:40.368+05:30,2883,Corporate Bonds
2214646,2026-09-24T16:03:00.376+05:30,3006,Corporate Bonds
1148227,2026-09-26T13:17:01.965+05:30,2940,Corporate Bonds
2209495,2026-09-26T00:10:04.33+05:30,2964,Corporate Bonds
605666,2026-09-28T10:29:22.082+05:30,1873,Corporate Bonds
62938,2026-09-24T17:57:22.971+05:30,2882,Corporate Bonds
2109711,2026-09-27T16:17:40.897+05:30,2868,Corporate Bonds
319056,2026-09-28T19:35:05.947+05:30,2872,Corporate Bonds
1878218,2026-09-28T07:36:17.138+05:30,2883,Corporate Bonds
1151420,2026-09-28T10:19:14.961+05:30,2867,Corporate Bonds
493893,2026-09-27T20:37:58.828+05:30,2911,Mutual Funds
2218193,2026-09-25T22:35:02.379+05:30,2881,Corporate Bonds
2217175,2026-09-25T19:17:05.933+05:30,2858,Corporate Bonds
2128639,2026-09-26T21:35:18.752+05:30,2431,Corporate Bonds
2195302,2026-09-26T10:23:23.235+05:30,2729,Mutual Funds
1041857,2026-09-26T08:07:27.827+05:30,2982,Corporate Bonds
2204354,2026-09-25T21:26:03.782+05:30,2922,Corporate Bonds
2216521,2026-09-26T11:25:23.082+05:30,2952,Corporate Bonds
1840391,2026-09-25T18:41:54.621+05:30,2867,Corporate Bonds
162439,2026-09-28T18:39:50.521+05:30,2867,Corporate Bonds
2209890,2026-09-26T12:24:44.319+05:30,2751,Corporate Bonds
1869133,2026-09-25T21:06:54.772+05:30,2880,Corporate Bonds
1400114,2026-09-28T00:13:26.808+05:30,2895,Corporate Bonds
1059651,2026-09-25T19:19:24.826+05:30,2873,XCase
538382,2026-09-24T12:28:40.548+05:30,2942,Securitized Debt Instruments
1019555,2026-09-25T12:01:12.199+05:30,2872,Corporate Bonds
2219623,2026-09-27T07:56:06.186+05:30,3006,Corporate Bonds
320102,2026-09-24T21:20:34.993+05:30,2895,Corporate Bonds
979156,2026-09-28T16:36:31.151+05:30,2856,Corporate Bonds
287118,2026-09-26T08:32:22.994+05:30,2951,Corporate Bonds
967040,2026-09-27T17:17:49.135+05:30,2867,Corporate Bonds
2118310,2026-09-26T22:50:11.007+05:30,2951,Corporate Bonds
2116215,2026-09-25T19:22:17.968+05:30,2952,Corporate Bonds
2208666,2026-09-27T15:50:35.633+05:30,2873,XCase
2218901,2026-09-26T13:26:36.287+05:30,3006,Corporate Bonds
2213650,2026-09-24T16:27:07.144+05:30,1292,High Yield FDs
2222308,2026-09-28T22:33:57.393+05:30,2986,Corporate Bonds
1678999,2026-09-27T18:39:33.284+05:30,2867,Corporate Bonds
892433,2026-09-28T00:19:57.295+05:30,3014,Corporate Bonds
1019555,2026-09-25T11:51:44.991+05:30,2883,Corporate Bonds
2220097,2026-09-27T12:23:55.124+05:30,2952,Corporate Bonds
1804966,2026-09-25T12:03:41.6+05:30,2955,Corporate Bonds
890093,2026-09-25T23:34:13.262+05:30,2982,Corporate Bonds
1000292,2026-09-24T11:25:30.975+05:30,3014,Corporate Bonds
2195391,2026-09-25T12:34:47.126+05:30,2956,Corporate Bonds
2214822,2026-09-24T01:12:50.575+05:30,2982,Corporate Bonds
847610,2026-09-24T21:47:39.248+05:30,2873,XCase
2019218,2026-09-25T12:40:03.121+05:30,3006,Corporate Bonds
669876,2026-09-28T12:21:39.777+05:30,2506,Corporate Bonds
842964,2026-09-24T13:07:23.323+05:30,2899,Mutual Funds
1165042,2026-09-25T20:18:59.311+05:30,2911,Mutual Funds
879759,2026-09-26T09:37:52.854+05:30,2982,Corporate Bonds
2149390,2026-09-28T04:16:14.972+05:30,1095,High Yield FDs
127867,2026-09-28T11:57:23.76+05:30,2873,XCase
2071756,2026-09-28T13:09:44.059+05:30,2843,Corporate Bonds
911558,2026-09-25T09:43:27.654+05:30,2881,Corporate Bonds
1475766,2026-09-25T12:03:22.998+05:30,2874,Corporate Bonds
652885,2026-09-25T11:03:41.019+05:30,2942,Securitized Debt Instruments
2116679,2026-09-27T16:15:20.953+05:30,2781,Corporate Bonds
890796,2026-09-24T12:10:28.439+05:30,2932,Corporate Bonds
125358,2026-09-24T12:28:37.654+05:30,2942,Securitized Debt Instruments
2180215,2026-09-27T10:09:16.048+05:30,2964,Corporate Bonds
1785385,2026-09-24T11:14:46.148+05:30,2942,Securitized Debt Instruments
510191,2026-09-24T10:25:09.592+05:30,2938,Corporate Bonds
1727855,2026-09-24T10:46:49.289+05:30,3014,Corporate Bonds
1799391,2026-09-25T15:02:14.78+05:30,3006,Corporate Bonds
1664313,2026-09-26T20:53:33.064+05:30,2942,Securitized Debt Instruments
1879762,2026-09-24T14:49:54.81+05:30,2849,Corporate Bonds
2219174,2026-09-27T14:55:01.799+05:30,2757,Corporate Bonds
649670,2026-09-27T10:18:36.913+05:30,2769,Corporate Bonds
2216136,2026-09-25T00:03:09.428+05:30,2872,Corporate Bonds
1233424,2026-09-28T23:16:19.063+05:30,2902,Corporate Bonds
2212174,2026-09-24T08:00:01.815+05:30,2942,Securitized Debt Instruments
2202988,2026-09-24T16:19:28.221+05:30,2982,Corporate Bonds
1359227,2026-09-27T09:25:12.019+05:30,1873,Corporate Bonds
2206679,2026-09-24T16:01:42.202+05:30,2499,Corporate Bonds
2216363,2026-09-24T17:50:41.428+05:30,2875,Corporate Bonds
987684,2026-09-25T19:57:59.229+05:30,2751,Corporate Bonds
845019,2026-09-28T11:06:19.928+05:30,2964,Corporate Bonds
2215702,2026-09-24T07:15:49.434+05:30,2908,Corporate Bonds
1042612,2026-09-25T22:32:18.193+05:30,2880,Corporate Bonds
810759,2026-09-26T16:48:00.921+05:30,2955,Corporate Bonds
319454,2026-09-28T09:28:02.024+05:30,2906,Corporate Bonds
2214404,2026-09-24T16:22:42.043+05:30,2941,Corporate Bonds
741590,2026-09-24T10:49:42.402+05:30,2856,Corporate Bonds
962157,2026-09-24T21:47:52.001+05:30,2794,Corporate Bonds
441728,2026-09-24T17:45:40.572+05:30,2964,Corporate Bonds
2092437,2026-09-28T22:18:03.563+05:30,1873,Corporate Bonds
2199770,2026-09-24T12:53:13.69+05:30,2956,Corporate Bonds
1254223,2026-09-24T22:28:56.774+05:30,2867,Corporate Bonds
944015,2026-09-28T19:38:42.359+05:30,2867,Corporate Bonds
2150985,2026-09-27T07:44:41.566+05:30,1873,Corporate Bonds
2217482,2026-09-25T12:34:57.892+05:30,2908,Corporate Bonds
1738329,2026-09-25T20:44:45.985+05:30,2951,Corporate Bonds
2213573,2026-09-27T21:52:50.554+05:30,2850,Corporate Bonds
1290914,2026-09-25T10:05:24.963+05:30,2909,Corporate Bonds
1824823,2026-09-24T19:37:27.084+05:30,2982,Corporate Bonds
1067158,2026-09-25T08:29:39.678+05:30,2873,XCase
1311505,2026-09-28T13:41:05.245+05:30,2751,Corporate Bonds
1986243,2026-09-27T23:18:42.489+05:30,2751,Corporate Bonds
1293025,2026-09-25T21:23:38.556+05:30,2883,Corporate Bonds
2218199,2026-09-25T22:43:22.66+05:30,2769,Corporate Bonds
65469,2026-09-24T00:51:38.107+05:30,2873,XCase
786145,2026-09-24T16:57:58.076+05:30,2856,Corporate Bonds
2209483,2026-09-26T12:49:58.679+05:30,3014,Corporate Bonds
1885718,2026-09-27T21:15:43.423+05:30,1873,Corporate Bonds
715812,2026-09-27T14:43:09.588+05:30,2794,Corporate Bonds
1885718,2026-09-27T21:13:41.644+05:30,1873,Corporate Bonds
1857453,2026-09-25T18:00:33.544+05:30,2850,Corporate Bonds
1059446,2026-09-27T17:10:40.145+05:30,2643,Securitized Debt Instruments
1664313,2026-09-26T20:53:26.004+05:30,2942,Securitized Debt Instruments
1673404,2026-09-27T16:48:38.021+05:30,2954,Corporate Bonds
2116215,2026-09-28T13:23:10.607+05:30,2952,Corporate Bonds
1056834,2026-09-24T16:53:17.766+05:30,2868,Corporate Bonds
103653,2026-09-25T10:35:57.727+05:30,2919,Corporate Bonds
109898,2026-09-25T21:56:21.428+05:30,2842,Corporate Bonds
1299818,2026-09-24T22:51:02.759+05:30,2782,Corporate Bonds
2181680,2026-09-25T10:18:02.356+05:30,2942,Securitized Debt Instruments
1891764,2026-09-26T09:49:16.684+05:30,3014,Corporate Bonds
1542339,2026-09-24T21:37:56.116+05:30,2872,Corporate Bonds
1266490,2026-09-28T17:25:12.913+05:30,3024,Corporate Bonds
2037800,2026-09-26T18:26:35.078+05:30,2874,Corporate Bonds
2149771,2026-09-24T22:58:44.953+05:30,2964,Corporate Bonds
2043844,2026-09-25T01:31:00.698+05:30,2994,Corporate Bonds
58241,2026-09-28T23:21:45.239+05:30,2842,Corporate Bonds
2218258,2026-09-26T13:06:27.66+05:30,2952,Corporate Bonds
1272735,2026-09-27T11:38:13.244+05:30,1239,High Yield FDs
2211621,2026-09-27T14:59:28.243+05:30,2982,Corporate Bonds
1312627,2026-09-24T18:41:51.639+05:30,2930,Corporate Bonds
1150903,2026-09-25T19:40:36.632+05:30,2872,Corporate Bonds
17669,2026-09-28T15:41:45.126+05:30,2197,Corporate Bonds
1447788,2026-09-26T13:55:42.489+05:30,2895,Corporate Bonds
1894132,2026-09-26T10:42:19.496+05:30,2858,Corporate Bonds
498965,2026-09-24T15:25:11.205+05:30,2941,Corporate Bonds
1556515,2026-09-26T00:32:14.493+05:30,2955,Corporate Bonds
2203024,2026-09-27T10:49:44.395+05:30,2895,Corporate Bonds
930894,2026-09-25T23:23:30.928+05:30,2895,Corporate Bonds
1167483,2026-09-27T17:17:23.972+05:30,2950,Corporate Bonds
1367038,2026-09-26T11:22:44.302+05:30,2955,Corporate Bonds
742497,2026-09-26T09:45:18.704+05:30,1239,High Yield FDs
1455906,2026-09-27T15:28:15.038+05:30,2872,Corporate Bonds
1253544,2026-09-24T23:24:33.508+05:30,2932,Corporate Bonds
747991,2026-09-26T18:48:55.445+05:30,2969,XCase
304926,2026-09-27T19:00:44.535+05:30,2850,Corporate Bonds
2217683,2026-09-25T14:53:51.679+05:30,2918,Corporate Bonds
1119549,2026-09-27T12:39:46.891+05:30,2875,Corporate Bonds
1719363,2026-09-27T11:09:48.014+05:30,2955,Corporate Bonds
250811,2026-09-28T21:14:04.056+05:30,2867,Corporate Bonds
2191927,2026-09-25T14:24:41.169+05:30,2643,Securitized Debt Instruments
2216202,2026-09-28T19:56:08.738+05:30,2956,Corporate Bonds
1280155,2026-09-27T22:54:30.38+05:30,3014,Corporate Bonds
731532,2026-09-25T22:56:07.588+05:30,2883,Corporate Bonds
1873735,2026-09-24T21:19:50.193+05:30,2908,Corporate Bonds
560915,2026-09-24T13:34:23.76+05:30,2769,Corporate Bonds
2010364,2026-09-24T09:43:19.332+05:30,2950,Corporate Bonds
1180819,2026-09-24T08:18:04.677+05:30,2881,Corporate Bonds
2107391,2026-09-27T09:28:20.8+05:30,2938,Corporate Bonds
1843414,2026-09-28T10:48:50.449+05:30,2964,Corporate Bonds
924443,2026-09-24T21:08:50.384+05:30,2883,Corporate Bonds
2220604,2026-09-27T19:06:45.833+05:30,2982,Corporate Bonds
779820,2026-09-27T15:06:47.827+05:30,2953,Corporate Bonds
1980227,2026-09-24T23:06:31.701+05:30,2849,Corporate Bonds
2221727,2026-09-28T14:37:50.606+05:30,2964,Corporate Bonds
1934899,2026-09-27T21:49:56.294+05:30,2867,Corporate Bonds
2222343,2026-09-28T22:31:58.868+05:30,2751,Corporate Bonds
65582,2026-09-24T13:04:08.865+05:30,2751,Corporate Bonds
1146312,2026-09-27T19:11:21.091+05:30,2867,Corporate Bonds
1744481,2026-09-27T20:10:42.046+05:30,1873,Corporate Bonds
400717,2026-09-28T08:34:58.752+05:30,2996,Corporate Bonds
1372010,2026-09-25T15:44:00.018+05:30,2873,XCase
715100,2026-09-25T13:24:03.689+05:30,2872,Corporate Bonds
2034990,2026-09-26T11:34:57.233+05:30,2895,Corporate Bonds
2215804,2026-09-24T19:16:53.602+05:30,2982,Corporate Bonds
76140,2026-09-26T21:01:07.014+05:30,2883,Corporate Bonds
1894132,2026-09-24T12:00:45.695+05:30,3014,Corporate Bonds
2220157,2026-09-27T15:34:21.922+05:30,2863,Corporate Bonds
1817758,2026-09-27T17:29:23.07+05:30,2883,Corporate Bonds
1699203,2026-09-28T15:45:50.256+05:30,3009,Corporate Bonds
1050344,2026-09-25T09:26:49.768+05:30,1873,Corporate Bonds
1063497,2026-09-28T09:56:32.266+05:30,1873,Corporate Bonds
1359964,2026-09-26T23:03:10.135+05:30,2964,Corporate Bonds
117295,2026-09-27T13:11:46.522+05:30,2942,Securitized Debt Instruments
809452,2026-09-26T20:27:02.61+05:30,2942,Securitized Debt Instruments
1120802,2026-09-27T19:24:06.173+05:30,2867,Corporate Bonds
1180819,2026-09-24T11:35:48.824+05:30,2881,Corporate Bonds
672446,2026-09-24T06:56:57.088+05:30,2883,Corporate Bonds
2034696,2026-09-24T15:05:57.691+05:30,1873,Corporate Bonds
576736,2026-09-26T10:51:32.388+05:30,2867,Corporate Bonds
2018180,2026-09-27T19:06:12.724+05:30,2881,Corporate Bonds
2207585,2026-09-27T16:11:47.123+05:30,2982,Corporate Bonds
2204706,2026-09-25T09:15:02.45+05:30,2751,Corporate Bonds
1974382,2026-09-27T21:10:31.313+05:30,1239,High Yield FDs
2,2026-09-26T16:11:07.751+05:30,2953,Corporate Bonds
1551445,2026-09-26T08:34:40.195+05:30,2964,Corporate Bonds
2021306,2026-09-26T16:14:45.207+05:30,2751,Corporate Bonds
1400114,2026-09-28T00:10:57.183+05:30,2981,Corporate Bonds
2215532,2026-09-25T22:40:34.069+05:30,2996,Corporate Bonds
2170690,2026-09-28T16:07:13.986+05:30,2849,Corporate Bonds
2128509,2026-09-24T20:42:47.697+05:30,2895,Corporate Bonds
2117858,2026-09-27T14:10:33.812+05:30,2781,Corporate Bonds
1719363,2026-09-27T13:32:11.088+05:30,2955,Corporate Bonds
2219440,2026-09-26T20:49:59.847+05:30,2941,Corporate Bonds
286277,2026-09-28T13:01:56.256+05:30,2872,Corporate Bonds
2215329,2026-09-26T08:33:42.518+05:30,2781,Corporate Bonds
1554872,2026-09-26T07:09:11.765+05:30,2872,Corporate Bonds
315936,2026-09-24T16:54:50.309+05:30,3014,Corporate Bonds
1704999,2026-09-27T08:13:32.124+05:30,2880,Corporate Bonds
2221969,2026-09-28T17:49:44.256+05:30,2964,Corporate Bonds
1668558,2026-09-28T22:29:17.466+05:30,2751,Corporate Bonds
1295093,2026-09-26T11:14:30.141+05:30,2782,Corporate Bonds
1711045,2026-09-24T14:05:47.509+05:30,2867,Corporate Bonds
2216665,2026-09-26T09:52:40.633+05:30,1292,High Yield FDs
1172578,2026-09-26T13:12:51.118+05:30,2881,Corporate Bonds
2184413,2026-09-24T10:31:13.562+05:30,2729,Mutual Funds
1231908,2026-09-28T14:03:11.906+05:30,2812,Corporate Bonds
651368,2026-09-25T18:14:05.593+05:30,2955,Corporate Bonds
1616074,2026-09-24T17:39:51.932+05:30,2881,Corporate Bonds
1216144,2026-09-28T23:35:56.264+05:30,2881,Corporate Bonds
1605730,2026-09-24T17:48:19.261+05:30,2867,Corporate Bonds
2216665,2026-09-24T21:25:08.701+05:30,1239,High Yield FDs
2216336,2026-09-28T16:01:17.529+05:30,2895,Corporate Bonds
520614,2026-09-25T15:34:11.85+05:30,2883,Corporate Bonds
2208066,2026-09-24T03:31:11.013+05:30,2942,Securitized Debt Instruments
851307,2026-09-24T10:53:30.062+05:30,2867,Corporate Bonds
173285,2026-09-28T23:44:48.706+05:30,3014,Corporate Bonds
709269,2026-09-24T23:56:54.381+05:30,2895,Corporate Bonds
2211999,2026-09-24T15:46:28.848+05:30,3014,Corporate Bonds
2176612,2026-09-28T16:14:29.523+05:30,3025,Corporate Bonds
2116215,2026-09-25T19:22:16.279+05:30,2952,Corporate Bonds
2203378,2026-09-27T01:11:30.452+05:30,2982,Corporate Bonds
2116215,2026-09-25T19:22:16.705+05:30,2952,Corporate Bonds
603533,2026-09-24T16:16:36.79+05:30,3014,Corporate Bonds
2069108,2026-09-24T22:00:34.174+05:30,2856,Corporate Bonds
2210936,2026-09-27T11:30:35.649+05:30,2964,Corporate Bonds
1917852,2026-09-24T21:34:40.891+05:30,2982,Corporate Bonds
1673811,2026-09-24T09:32:54.651+05:30,2856,Corporate Bonds
2010364,2026-09-25T14:42:08.389+05:30,2950,Corporate Bonds
584069,2026-09-24T16:24:08.008+05:30,2895,Corporate Bonds
796028,2026-09-25T08:58:27.929+05:30,2609,Corporate Bonds
1987026,2026-09-27T14:37:49.422+05:30,2883,Corporate Bonds
2193399,2026-09-24T18:35:26.707+05:30,1096,High Yield FDs
649670,2026-09-27T10:32:52.234+05:30,2769,Corporate Bonds
1732909,2026-09-28T20:01:41.47+05:30,2955,Corporate Bonds
2204789,2026-09-24T20:23:20.29+05:30,2868,Corporate Bonds
1306247,2026-09-24T22:01:15.218+05:30,2872,Corporate Bonds
2148549,2026-09-25T21:12:01.274+05:30,2941,Corporate Bonds
603523,2026-09-25T07:43:48.048+05:30,2643,Securitized Debt Instruments
2053457,2026-09-27T16:48:00.693+05:30,2867,Corporate Bonds
38890,2026-09-26T04:32:35.199+05:30,2883,Corporate Bonds
1936679,2026-09-24T13:49:06.696+05:30,3014,Corporate Bonds
2221243,2026-09-28T09:16:51.922+05:30,2074,Mutual Funds
1143168,2026-09-25T15:27:01.036+05:30,2899,Mutual Funds
1367038,2026-09-26T11:24:15.447+05:30,2955,Corporate Bonds
2045528,2026-09-24T11:12:21.538+05:30,3014,Corporate Bonds
2185771,2026-09-26T04:36:05.269+05:30,2964,Corporate Bonds
1699203,2026-09-26T22:03:13.655+05:30,2964,Corporate Bonds
29613,2026-09-24T12:02:54.227+05:30,3014,Corporate Bonds
1638170,2026-09-27T07:27:23.429+05:30,1239,High Yield FDs
1935181,2026-09-25T16:08:09.603+05:30,2769,Corporate Bonds
2187621,2026-09-28T23:06:06.734+05:30,1873,Corporate Bonds
696608,2026-09-27T22:35:47.571+05:30,2858,Corporate Bonds
1059091,2026-09-24T09:10:14.49+05:30,2849,Corporate Bonds
2018812,2026-09-28T10:07:17.01+05:30,1873,Corporate Bonds
1041782,2026-09-27T07:58:35.316+05:30,2867,Corporate Bonds
259589,2026-09-25T09:41:52.528+05:30,2964,Corporate Bonds
2189727,2026-09-25T11:01:50.844+05:30,2887,Corporate Bonds
2215913,2026-09-24T12:44:16.641+05:30,3006,Corporate Bonds
2217602,2026-09-25T15:25:34.432+05:30,2956,Corporate Bonds
2098008,2026-09-26T14:42:06.062+05:30,1096,High Yield FDs
1748891,2026-09-27T19:17:28.971+05:30,2849,Corporate Bonds
2201389,2026-09-25T13:02:39.136+05:30,2767,Corporate Bonds
1872598,2026-09-26T22:07:34.561+05:30,3014,Corporate Bonds
2116215,2026-09-25T19:22:21.503+05:30,2952,Corporate Bonds
752662,2026-09-28T11:45:41.078+05:30,2964,Corporate Bonds
2173308,2026-09-28T23:02:38.076+05:30,2907,Corporate Bonds
1263203,2026-09-26T17:10:19.513+05:30,2951,Corporate Bonds
2220321,2026-09-28T00:04:09.413+05:30,2856,Corporate Bonds
515729,2026-09-25T19:38:36.874+05:30,2942,Securitized Debt Instruments
1850261,2026-09-26T01:56:50.156+05:30,2872,Corporate Bonds
1339952,2026-09-26T14:50:47.957+05:30,2895,Corporate Bonds
2117382,2026-09-25T13:21:20.143+05:30,2955,Corporate Bonds
1450883,2026-09-24T22:00:02.936+05:30,2850,Corporate Bonds
2034990,2026-09-26T11:32:47.469+05:30,2895,Corporate Bonds
1391306,2026-09-28T23:58:18.07+05:30,2895,Corporate Bonds
1049594,2026-09-25T12:23:02.146+05:30,2911,Mutual Funds
622104,2026-09-24T08:57:59.036+05:30,2940,Corporate Bonds
2089404,2026-09-27T17:30:00.03+05:30,3014,Corporate Bonds
1967246,2026-09-24T17:10:07.735+05:30,2895,Corporate Bonds
805411,2026-09-24T19:46:15.199+05:30,2643,Securitized Debt Instruments
2199009,2026-09-25T17:11:44.615+05:30,2849,Corporate Bonds
2220571,2026-09-27T18:28:04.055+05:30,2956,Corporate Bonds
2210361,2026-09-25T16:05:54.516+05:30,3006,Corporate Bonds
921566,2026-09-28T20:11:21.651+05:30,2867,Corporate Bonds
1019555,2026-09-26T12:57:16.624+05:30,2849,Corporate Bonds
1909201,2026-09-24T13:52:45.51+05:30,3014,Corporate Bonds
515646,2026-09-28T10:14:57.013+05:30,2964,Corporate Bonds
1677764,2026-09-26T09:07:36.471+05:30,2951,Corporate Bonds
1664313,2026-09-26T20:53:26.005+05:30,2942,Securitized Debt Instruments
1430448,2026-09-25T03:54:52.148+05:30,2872,Corporate Bonds
1044754,2026-09-24T00:29:54.839+05:30,2883,Corporate Bonds
1193249,2026-09-25T12:44:10.823+05:30,3014,Corporate Bonds
254989,2026-09-28T21:49:13.853+05:30,2849,Corporate Bonds
2211999,2026-09-24T15:36:07.496+05:30,3014,Corporate Bonds
2214640,2026-09-28T12:11:51.333+05:30,2941,Corporate Bonds
9633,2026-09-27T10:02:57.216+05:30,2895,Corporate Bonds
2209594,2026-09-26T20:37:37.026+05:30,1873,Corporate Bonds
2210351,2026-09-26T17:57:44.675+05:30,2867,Corporate Bonds
2215942,2026-09-25T14:28:55.452+05:30,2874,Corporate Bonds
1952203,2026-09-26T07:12:58.587+05:30,2856,Corporate Bonds
1982830,2026-09-25T12:40:35.105+05:30,3014,Corporate Bonds
2198120,2026-09-27T12:16:13.91+05:30,2930,Corporate Bonds
319454,2026-09-25T09:33:09.644+05:30,2850,Corporate Bonds
2220097,2026-09-27T12:21:00.352+05:30,2895,Corporate Bonds
2220859,2026-09-27T23:30:33.474+05:30,2941,Corporate Bonds
1664313,2026-09-26T20:53:48.807+05:30,2942,Securitized Debt Instruments
890859,2026-09-24T19:51:37.295+05:30,2856,Corporate Bonds
519805,2026-09-28T11:12:44.471+05:30,2875,Corporate Bonds
2215166,2026-09-26T09:29:18.402+05:30,1873,Corporate Bonds
2216459,2026-09-26T13:49:43.412+05:30,2941,Corporate Bonds
2218124,2026-09-28T19:42:04.177+05:30,3025,Corporate Bonds
503546,2026-09-24T19:15:37.551+05:30,2751,Corporate Bonds
1605730,2026-09-24T17:48:20.334+05:30,2867,Corporate Bonds
1050058,2026-09-24T13:13:32.18+05:30,2883,Corporate Bonds
1408284,2026-09-26T09:14:48.926+05:30,1239,High Yield FDs
2140394,2026-09-24T14:30:31.476+05:30,1873,Corporate Bonds
2127148,2026-09-24T17:33:32.764+05:30,2883,Corporate Bonds
1938036,2026-09-25T08:11:05.413+05:30,2872,Corporate Bonds
2220859,2026-09-28T22:07:33.301+05:30,2941,Corporate Bonds
2216665,2026-09-28T11:58:17.724+05:30,1292,High Yield FDs
1676210,2026-09-27T19:29:16.639+05:30,2953,Corporate Bonds
816890,2026-09-24T15:43:57.492+05:30,3014,Corporate Bonds
2117858,2026-09-27T14:06:07.459+05:30,2781,Corporate Bonds
1666038,2026-09-26T13:43:42.717+05:30,2955,Corporate Bonds
2203852,2026-09-26T12:20:21.613+05:30,2954,Corporate Bonds
2216363,2026-09-24T20:41:40.956+05:30,2875,Corporate Bonds
769245,2026-09-25T05:25:28.513+05:30,2767,Corporate Bonds
953084,2026-09-27T23:08:05.175+05:30,2872,Corporate Bonds
1253814,2026-09-26T10:34:56.59+05:30,2883,Corporate Bonds
1042832,2026-09-24T16:55:46.965+05:30,3014,Corporate Bonds
2107391,2026-09-27T09:08:15.426+05:30,2843,Corporate Bonds
1299619,2026-09-25T19:41:18.332+05:30,1873,Corporate Bonds
1650715,2026-09-25T05:48:37.179+05:30,2881,Corporate Bonds
2195823,2026-09-24T10:04:55.418+05:30,2733,Corporate Bonds
2211581,2026-09-27T07:57:37.986+05:30,2941,Corporate Bonds
2207553,2026-09-28T11:09:10.089+05:30,2907,Corporate Bonds
1671087,2026-09-25T20:30:29.222+05:30,2951,Corporate Bonds
189888,2026-09-28T11:47:12.197+05:30,2964,Corporate Bonds
2195823,2026-09-26T12:37:03.132+05:30,2932,Corporate Bonds
2184570,2026-09-25T12:54:09.929+05:30,2895,Corporate Bonds
1663000,2026-09-26T10:23:25.02+05:30,2751,Corporate Bonds
2214102,2026-09-26T09:55:53.651+05:30,2982,Corporate Bonds
2170484,2026-09-24T11:31:03.254+05:30,2752,Corporate Bonds
1521933,2026-09-24T09:55:19.656+05:30,2895,Corporate Bonds
2032977,2026-09-28T10:20:57.454+05:30,2643,Securitized Debt Instruments
877318,2026-09-24T11:01:32.357+05:30,2895,Corporate Bonds
950408,2026-09-27T21:22:59.164+05:30,2895,Corporate Bonds
2214640,2026-09-28T17:11:36.96+05:30,2881,Corporate Bonds
2107391,2026-09-28T16:05:49.404+05:30,2930,Corporate Bonds
1727210,2026-09-25T07:44:17.369+05:30,2840,Corporate Bonds
1619176,2026-09-24T22:57:43.087+05:30,2643,Securitized Debt Instruments
1623673,2026-09-27T06:31:25.806+05:30,1292,High Yield FDs
950408,2026-09-27T21:18:24.263+05:30,2954,Corporate Bonds
1548764,2026-09-27T13:03:23.526+05:30,2883,Corporate Bonds
738711,2026-09-27T15:14:53.309+05:30,2942,Securitized Debt Instruments
2090671,2026-09-28T14:45:14.33+05:30,2932,Corporate Bonds
2179016,2026-09-26T17:41:57.681+05:30,2858,Corporate Bonds
1863622,2026-09-28T11:19:53.564+05:30,2751,Corporate Bonds
1909282,2026-09-28T16:31:20.799+05:30,2996,Corporate Bonds
944593,2026-09-24T23:59:34.99+05:30,2918,Corporate Bonds
1539440,2026-09-25T19:32:24.767+05:30,2941,Corporate Bonds
157860,2026-09-24T23:11:41.919+05:30,2872,Corporate Bonds
1804536,2026-09-28T19:15:07.436+05:30,2949,Corporate Bonds
2213784,2026-09-26T00:30:22.281+05:30,3006,Corporate Bonds
978451,2026-09-28T14:00:05.672+05:30,2752,Corporate Bonds
1205933,2026-09-28T11:28:10.666+05:30,2431,Corporate Bonds
715615,2026-09-24T13:09:51.01+05:30,3014,Corporate Bonds
962157,2026-09-24T22:18:55.268+05:30,2794,Corporate Bonds
1152732,2026-09-26T11:34:47.655+05:30,2858,Corporate Bonds
1731286,2026-09-24T08:39:00.43+05:30,2883,Corporate Bonds
1858261,2026-09-24T20:34:38.279+05:30,2955,Corporate Bonds
1534298,2026-09-27T06:39:00.83+05:30,1292,High Yield FDs
993403,2026-09-25T11:41:09.969+05:30,1873,Corporate Bonds
1330738,2026-09-25T14:17:38.724+05:30,2941,Corporate Bonds
352,2026-09-25T10:21:04.115+05:30,2942,Securitized Debt Instruments
1791032,2026-09-28T22:35:03.181+05:30,1873,Corporate Bonds
920124,2026-09-26T16:48:53.726+05:30,1873,Corporate Bonds
1742016,2026-09-24T15:15:21.592+05:30,2883,Corporate Bonds
521903,2026-09-24T17:50:11.828+05:30,3014,Corporate Bonds
1180819,2026-09-24T19:00:09.352+05:30,2881,Corporate Bonds
980105,2026-09-24T13:03:08.723+05:30,2941,Corporate Bonds
1603310,2026-09-25T07:39:33.134+05:30,3014,Corporate Bonds
1615152,2026-09-26T14:19:10.231+05:30,2873,XCase
2078354,2026-09-27T08:38:13.251+05:30,2856,Corporate Bonds
2198109,2026-09-25T18:11:02.997+05:30,2964,Corporate Bonds
2152361,2026-09-26T17:25:41.27+05:30,1239,High Yield FDs
2185151,2026-09-24T08:50:25.875+05:30,2873,XCase
1352420,2026-09-27T23:13:04.609+05:30,1873,Corporate Bonds
2215280,2026-09-24T09:04:34.202+05:30,1873,Corporate Bonds
842964,2026-09-25T15:47:31.065+05:30,2431,Corporate Bonds
2100282,2026-09-25T05:55:19.165+05:30,2873,XCase
2164564,2026-09-24T13:34:37.402+05:30,2782,Corporate Bonds
890823,2026-09-28T09:51:29.141+05:30,3024,Corporate Bonds
1493679,2026-09-26T20:19:56.111+05:30,2867,Corporate Bonds
1679040,2026-09-28T15:36:18.331+05:30,2909,Corporate Bonds
1009159,2026-09-26T11:42:05.781+05:30,2942,Securitized Debt Instruments
2129904,2026-09-25T22:57:39.1+05:30,3014,Corporate Bonds
2102200,2026-09-25T00:16:44.098+05:30,2941,Corporate Bonds
2213334,2026-09-24T21:53:01.221+05:30,3014,Corporate Bonds
1999254,2026-09-27T09:03:50.623+05:30,2982,Corporate Bonds
2193322,2026-09-27T16:32:03.663+05:30,2868,Corporate Bonds
1064871,2026-09-27T00:21:22.83+05:30,1873,Corporate Bonds
1497957,2026-09-28T19:00:34.557+05:30,2751,Corporate Bonds
2071481,2026-09-24T21:11:30.967+05:30,2858,Corporate Bonds
2128509,2026-09-25T23:38:15.751+05:30,3014,Corporate Bonds
466633,2026-09-27T00:03:35.399+05:30,2895,Corporate Bonds
1279087,2026-09-28T17:19:31.792+05:30,2981,Corporate Bonds
2218169,2026-09-25T22:15:05.052+05:30,2751,Corporate Bonds
2152567,2026-09-24T11:28:27.994+05:30,3014,Corporate Bonds
2061968,2026-09-27T21:15:03.243+05:30,3014,Corporate Bonds
1755221,2026-09-27T17:37:54.65+05:30,2951,Corporate Bonds
1673811,2026-09-28T09:40:38.791+05:30,2751,Corporate Bonds
1085871,2026-09-27T10:04:58.069+05:30,2872,Corporate Bonds
742472,2026-09-28T10:38:06.194+05:30,2930,Corporate Bonds
897864,2026-09-26T18:14:00.314+05:30,3014,Corporate Bonds
338889,2026-09-25T16:29:27.247+05:30,2883,Corporate Bonds
2177572,2026-09-26T14:47:10.198+05:30,3006,Corporate Bonds
220398,2026-09-25T19:04:03.377+05:30,2942,Securitized Debt Instruments
2193752,2026-09-28T13:05:54.543+05:30,2856,Corporate Bonds
2220479,2026-09-27T17:15:33.461+05:30,2942,Securitized Debt Instruments
1210138,2026-09-26T09:41:50.984+05:30,1292,High Yield FDs
2221352,2026-09-28T12:17:53.204+05:30,2941,Corporate Bonds
2205707,2026-09-27T20:29:37.888+05:30,3025,Corporate Bonds
2205091,2026-09-26T11:14:48.803+05:30,1095,High Yield FDs
1277673,2026-09-27T14:28:29.129+05:30,2872,Corporate Bonds
140376,2026-09-27T10:59:22.137+05:30,2643,Securitized Debt Instruments
2651,2026-09-26T15:33:47.756+05:30,2867,Corporate Bonds
1936428,2026-09-27T15:07:18.507+05:30,1292,High Yield FDs
6678,2026-09-26T11:39:20.231+05:30,2982,Corporate Bonds
1894132,2026-09-24T12:03:25.453+05:30,3014,Corporate Bonds
792281,2026-09-28T23:29:50.932+05:30,2940,Corporate Bonds
1980334,2026-09-27T19:59:27.274+05:30,3014,Corporate Bonds
449795,2026-09-26T13:24:07.763+05:30,2776,Corporate Bonds
356462,2026-09-25T12:05:03.75+05:30,1239,High Yield FDs
690973,2026-09-24T22:41:07.674+05:30,2643,Securitized Debt Instruments
1786278,2026-09-25T12:53:35.421+05:30,1873,Corporate Bonds
672693,2026-09-26T23:58:47.726+05:30,1873,Corporate Bonds
2219932,2026-09-28T13:38:48.446+05:30,3014,Corporate Bonds
789661,2026-09-25T17:04:08.722+05:30,2932,Corporate Bonds
2051474,2026-09-24T17:58:47.143+05:30,2969,XCase
56839,2026-09-24T10:38:58.721+05:30,2942,Securitized Debt Instruments
1171762,2026-09-25T11:41:29.812+05:30,2942,Securitized Debt Instruments
1339952,2026-09-26T14:54:01.746+05:30,2895,Corporate Bonds
2006456,2026-09-25T15:53:30.344+05:30,2872,Corporate Bonds
873788,2026-09-27T16:52:42.393+05:30,1873,Corporate Bonds
2059853,2026-09-28T13:04:26.988+05:30,2873,XCase
2107391,2026-09-27T10:02:18.188+05:30,2769,Corporate Bonds
125358,2026-09-24T21:05:12.356+05:30,2955,Corporate Bonds
1278155,2026-09-24T18:03:17.203+05:30,2729,Mutual Funds
864759,2026-09-24T10:57:20.146+05:30,2895,Corporate Bonds
2050479,2026-09-26T17:32:26.988+05:30,3014,Corporate Bonds
956159,2026-09-28T18:45:48.867+05:30,2781,Corporate Bonds
2188102,2026-09-27T09:02:56.609+05:30,2942,Securitized Debt Instruments
2220824,2026-09-27T21:43:34.329+05:30,2873,XCase
65582,2026-09-24T16:03:48.844+05:30,2751,Corporate Bonds
2144075,2026-09-28T07:39:45.589+05:30,3023,Corporate Bonds
2116215,2026-09-25T19:22:20.293+05:30,2952,Corporate Bonds
2059829,2026-09-24T17:35:02.351+05:30,1292,High Yield FDs
1268946,2026-09-27T14:13:52.151+05:30,3014,Corporate Bonds
2206679,2026-09-26T10:21:34.743+05:30,2868,Corporate Bonds
819905,2026-09-24T17:50:36.216+05:30,2849,Corporate Bonds
1534298,2026-09-26T15:06:44.863+05:30,2840,Corporate Bonds
2217509,2026-09-25T15:36:06.076+05:30,2895,Corporate Bonds
1180633,2026-09-24T14:09:06.498+05:30,2774,Corporate Bonds
1574275,2026-09-26T10:22:04.877+05:30,2964,Corporate Bonds
998324,2026-09-24T01:37:08.293+05:30,2881,Corporate Bonds
1721132,2026-09-24T20:51:01.789+05:30,2981,Corporate Bonds
2216570,2026-09-24T20:13:11.293+05:30,2752,Corporate Bonds
1546124,2026-09-24T17:13:42.801+05:30,3014,Corporate Bonds
1471217,2026-09-26T20:57:38.208+05:30,2794,Corporate Bonds
1319754,2026-09-24T21:48:18.811+05:30,2431,Corporate Bonds
2183852,2026-09-24T10:36:11.355+05:30,2955,Corporate Bonds
2218309,2026-09-26T00:41:54.459+05:30,2506,Corporate Bonds
2218185,2026-09-26T10:48:51.313+05:30,2982,Corporate Bonds
2126284,2026-09-27T09:05:06.237+05:30,2964,Corporate Bonds
1924534,2026-09-25T12:18:11.503+05:30,1873,Corporate Bonds
2044230,2026-09-27T09:56:00.835+05:30,3014,Corporate Bonds
1705677,2026-09-26T20:22:19.273+05:30,2883,Corporate Bonds
25508,2026-09-25T09:46:18.226+05:30,2751,Corporate Bonds
29613,2026-09-25T10:33:57.968+05:30,2887,Corporate Bonds
2211283,2026-09-28T13:47:35.479+05:30,2880,Corporate Bonds
1475766,2026-09-25T12:01:48.356+05:30,2874,Corporate Bonds
1490150,2026-09-26T17:14:10.282+05:30,2964,Corporate Bonds
2202678,2026-09-24T13:22:12.19+05:30,1873,Corporate Bonds
2208189,2026-09-24T13:30:06.988+05:30,2982,Corporate Bonds
1273619,2026-09-24T10:56:52.479+05:30,3014,Corporate Bonds
1431100,2026-09-27T00:29:03.947+05:30,2751,Corporate Bonds
2105612,2026-09-24T11:29:26.636+05:30,2899,Mutual Funds
2220859,2026-09-28T17:05:32.726+05:30,2941,Corporate Bonds
2131318,2026-09-25T21:54:19.27+05:30,2964,Corporate Bonds
1168073,2026-09-26T08:40:37.425+05:30,2822,XCase
1912788,2026-09-27T14:10:39.653+05:30,2942,Securitized Debt Instruments
2216863,2026-09-24T23:21:56.534+05:30,2751,Corporate Bonds
1150237,2026-09-27T14:36:50.056+05:30,2867,Corporate Bonds
2218137,2026-09-25T21:50:40.026+05:30,3006,Corporate Bonds
1759181,2026-09-27T10:18:55.592+05:30,2883,Corporate Bonds
1515679,2026-09-24T21:36:45.306+05:30,2767,Corporate Bonds
1629031,2026-09-28T23:49:39.008+05:30,3014,Corporate Bonds
2218915,2026-09-28T17:36:43.047+05:30,3024,Corporate Bonds
2187338,2026-09-27T15:43:00.09+05:30,2941,Corporate Bonds
1978998,2026-09-26T23:15:13.634+05:30,2895,Corporate Bonds
2173308,2026-09-28T22:11:11.413+05:30,2751,Corporate Bonds
1608958,2026-09-25T22:19:44.936+05:30,1873,Corporate Bonds
1744221,2026-09-27T17:56:45.184+05:30,2643,Securitized Debt Instruments
951159,2026-09-25T18:14:59.818+05:30,2867,Corporate Bonds
1299818,2026-09-24T23:00:15.737+05:30,2986,Corporate Bonds
2217188,2026-09-25T10:08:49.866+05:30,2757,Corporate Bonds
972092,2026-09-28T01:33:48.963+05:30,2982,Corporate Bonds
2149390,2026-09-28T02:24:41.473+05:30,1292,High Yield FDs
2075089,2026-09-28T09:25:56.477+05:30,2822,XCase
2216174,2026-09-24T14:21:36.666+05:30,2751,Corporate Bonds
2054937,2026-09-28T19:59:54.969+05:30,2867,Corporate Bonds
1965957,2026-09-27T17:17:22.529+05:30,2751,Corporate Bonds
1828011,2026-09-24T21:11:29.854+05:30,2996,Corporate Bonds
1652710,2026-09-24T18:43:12.494+05:30,2918,Corporate Bonds
62938,2026-09-24T18:37:49.62+05:30,2868,Corporate Bonds
2220421,2026-09-27T16:12:49.758+05:30,2902,Corporate Bonds
2204354,2026-09-25T19:53:23.442+05:30,2922,Corporate Bonds
1479614,2026-09-24T22:17:16.073+05:30,2986,Corporate Bonds
842747,2026-09-25T23:14:59.017+05:30,2883,Corporate Bonds
2209594,2026-09-24T21:58:15.036+05:30,2982,Corporate Bonds
2218124,2026-09-27T08:32:58.367+05:30,3006,Corporate Bonds
2217487,2026-09-25T12:56:23.482+05:30,2932,Corporate Bonds
984203,2026-09-28T09:44:06.515+05:30,2867,Corporate Bonds
2216136,2026-09-24T14:05:58.966+05:30,1873,Corporate Bonds
2218391,2026-09-26T05:10:09.177+05:30,2941,Corporate Bonds
2014701,2026-09-27T16:30:48.121+05:30,2953,Corporate Bonds
2220239,2026-09-27T18:44:17.325+05:30,2874,Corporate Bonds
696608,2026-09-27T22:38:34.447+05:30,2879,Corporate Bonds
1299818,2026-09-27T23:58:44.081+05:30,2925,Corporate Bonds
2218795,2026-09-26T12:16:19.969+05:30,2941,Corporate Bonds
2111125,2026-09-24T10:31:05.652+05:30,3014,Corporate Bonds
2217423,2026-09-25T12:56:22.448+05:30,2757,Corporate Bonds
1017998,2026-09-27T11:53:26.497+05:30,1292,High Yield FDs
1319754,2026-09-24T21:48:11.224+05:30,2431,Corporate Bonds
965266,2026-09-24T14:59:18.012+05:30,2856,Corporate Bonds
1799391,2026-09-24T20:01:04.048+05:30,3006,Corporate Bonds
2148549,2026-09-27T07:57:48.143+05:30,2982,Corporate Bonds
1029867,2026-09-24T17:00:36.369+05:30,3014,Corporate Bonds
2214532,2026-09-25T20:23:03.596+05:30,2982,Corporate Bonds
485907,2026-09-28T20:46:38.276+05:30,2932,Corporate Bonds
2065006,2026-09-28T16:27:41.284+05:30,2964,Corporate Bonds
584069,2026-09-24T10:58:35.273+05:30,2895,Corporate Bonds
154428,2026-09-26T19:43:50.543+05:30,1873,Corporate Bonds
94667,2026-09-27T14:11:37.081+05:30,2850,Corporate Bonds
1385901,2026-09-28T14:39:37.88+05:30,2964,Corporate Bonds
2212610,2026-09-25T21:51:51.265+05:30,3014,Corporate Bonds
2212610,2026-09-25T21:48:20.227+05:30,2964,Corporate Bonds
2111125,2026-09-24T15:32:16.314+05:30,3014,Corporate Bonds
1847124,2026-09-24T17:35:29.431+05:30,2867,Corporate Bonds
1367966,2026-09-25T09:55:10.2+05:30,2767,Corporate Bonds
2107391,2026-09-27T09:26:56.253+05:30,2769,Corporate Bonds
2219440,2026-09-26T20:50:34.783+05:30,2941,Corporate Bonds
2090671,2026-09-28T09:01:39.766+05:30,2953,Corporate Bonds
2206679,2026-09-24T11:58:41.199+05:30,2906,Corporate Bonds
1236421,2026-09-28T21:58:20.379+05:30,2930,Corporate Bonds
1191654,2026-09-25T16:02:26.643+05:30,2964,Corporate Bonds
564357,2026-09-25T19:41:49.699+05:30,3014,Corporate Bonds
2139365,2026-09-28T11:42:10.547+05:30,2895,Corporate Bonds
1522117,2026-09-25T16:00:28.007+05:30,2883,Corporate Bonds
2217264,2026-09-25T10:20:19.02+05:30,2982,Corporate Bonds
519615,2026-09-28T14:44:53.155+05:30,2769,Corporate Bonds
646599,2026-09-26T12:42:53.176+05:30,2879,Corporate Bonds
2204057,2026-09-27T11:52:51.434+05:30,2942,Securitized Debt Instruments
2116882,2026-09-24T14:02:49.75+05:30,2751,Corporate Bonds
107874,2026-09-28T13:16:24.49+05:30,2867,Corporate Bonds
2202666,2026-09-24T21:24:37.888+05:30,2872,Corporate Bonds
2195796,2026-09-27T20:06:58.976+05:30,2941,Corporate Bonds
1321974,2026-09-27T10:32:40.731+05:30,2883,Corporate Bonds
2086082,2026-09-24T08:28:02.974+05:30,2942,Securitized Debt Instruments
1863327,2026-09-25T10:18:36.017+05:30,2643,Securitized Debt Instruments
1091020,2026-09-28T08:17:30.126+05:30,3026,Corporate Bonds
697628,2026-09-28T17:30:16.483+05:30,2729,Mutual Funds
1650715,2026-09-25T21:59:17.457+05:30,1239,High Yield FDs
1744002,2026-09-27T20:41:51.334+05:30,2794,Corporate Bonds
1679486,2026-09-25T19:35:35.13+05:30,2918,Corporate Bonds
2213391,2026-09-25T00:35:28.207+05:30,2982,Corporate Bonds
1815430,2026-09-24T16:31:38.314+05:30,2729,Mutual Funds
584069,2026-09-24T10:57:51.753+05:30,2895,Corporate Bonds
313462,2026-09-26T15:17:18.568+05:30,2982,Corporate Bonds
1148227,2026-09-26T13:19:33.225+05:30,1873,Corporate Bonds
2163247,2026-09-24T14:12:07.05+05:30,3014,Corporate Bonds
911868,2026-09-24T23:14:15.605+05:30,2918,Corporate Bonds
2202041,2026-09-24T08:44:16.419+05:30,2729,Mutual Funds
93406,2026-09-27T21:54:21.182+05:30,2769,Corporate Bonds
1651535,2026-09-24T18:30:39.8+05:30,3014,Corporate Bonds
2088151,2026-09-28T12:17:47.923+05:30,2951,Corporate Bonds
949208,2026-09-27T00:14:00.715+05:30,2953,Corporate Bonds
1590834,2026-09-26T07:21:33.145+05:30,2922,Corporate Bonds
2188298,2026-09-26T15:09:22.247+05:30,3014,Corporate Bonds
2107391,2026-09-28T16:01:38.079+05:30,1096,High Yield FDs
2218169,2026-09-25T22:23:43.761+05:30,2729,Mutual Funds
2116215,2026-09-25T19:22:20.96+05:30,2952,Corporate Bonds
1845253,2026-09-26T10:05:54.901+05:30,2951,Corporate Bonds
1957088,2026-09-27T19:36:30.279+05:30,2953,Corporate Bonds
1187796,2026-09-25T14:54:58.812+05:30,1239,High Yield FDs
1417606,2026-09-27T12:59:03.099+05:30,2942,Securitized Debt Instruments
1022276,2026-09-24T14:52:20.248+05:30,2412,Corporate Bonds
796148,2026-09-24T20:00:11.092+05:30,3014,Corporate Bonds
1144092,2026-09-26T13:10:43.599+05:30,2856,Corporate Bonds
1089663,2026-09-28T09:07:25.963+05:30,2822,XCase
1879637,2026-09-25T14:56:07.007+05:30,2919,Corporate Bonds
2190735,2026-09-26T13:11:40.137+05:30,1873,Corporate Bonds
914465,2026-09-27T08:40:45.392+05:30,2982,Corporate Bonds
382010,2026-09-25T16:30:02.807+05:30,2982,Corporate Bonds
204112,2026-09-24T18:12:37.699+05:30,3006,Corporate Bonds
1387784,2026-09-27T15:49:09.102+05:30,2909,Corporate Bonds
2159802,2026-09-26T19:57:27.458+05:30,2964,Corporate Bonds
2108485,2026-09-27T18:42:37.356+05:30,2941,Corporate Bonds
1280155,2026-09-27T23:21:05.376+05:30,2930,Corporate Bonds
972240,2026-09-26T11:05:59.822+05:30,2867,Corporate Bonds
2111125,2026-09-24T12:04:56.841+05:30,2867,Corporate Bonds
2077384,2026-09-26T12:06:29.43+05:30,2982,Corporate Bonds
1695865,2026-09-26T20:56:40.33+05:30,2883,Corporate Bonds
1967246,2026-09-28T19:42:39.057+05:30,2703,Corporate Bonds
2217368,2026-09-28T13:37:00.538+05:30,3026,Corporate Bonds
708369,2026-09-24T17:35:28.058+05:30,1239,High Yield FDs
1028764,2026-09-25T17:01:08.69+05:30,1873,Corporate Bonds
1228861,2026-09-24T11:28:14.563+05:30,2902,Corporate Bonds
1093460,2026-09-24T07:31:55.908+05:30,2431,Corporate Bonds
840497,2026-09-24T17:10:12.726+05:30,2609,Corporate Bonds
456689,2026-09-28T23:48:16.155+05:30,3024,Corporate Bonds
2215913,2026-09-24T11:55:44.223+05:30,3006,Corporate Bonds
1608020,2026-09-27T12:42:18.415+05:30,2942,Securitized Debt Instruments
2039236,2026-09-25T08:12:54.579+05:30,1873,Corporate Bonds
2107391,2026-09-27T09:08:32.621+05:30,2843,Corporate Bonds
1664313,2026-09-26T20:53:47.651+05:30,2942,Securitized Debt Instruments
2015978,2026-09-26T08:11:39.683+05:30,2856,Corporate Bonds
2157836,2026-09-24T10:39:59.773+05:30,2874,Corporate Bonds
2164869,2026-09-27T18:04:15.72+05:30,2964,Corporate Bonds
1751361,2026-09-26T12:30:01.021+05:30,3006,Corporate Bonds
2075089,2026-09-28T13:38:43.14+05:30,2993,XCase
2207919,2026-09-24T23:23:20.414+05:30,3014,Corporate Bonds
1158140,2026-09-26T16:03:35.886+05:30,2964,Corporate Bonds
2149771,2026-09-24T15:39:54.434+05:30,3014,Corporate Bonds
2217136,2026-09-27T07:10:32.623+05:30,2982,Corporate Bonds
2139864,2026-09-27T08:57:43.303+05:30,2881,Corporate Bonds
2152361,2026-09-26T16:36:21.258+05:30,1292,High Yield FDs
1982403,2026-09-28T11:21:43.964+05:30,2955,Corporate Bonds
621800,2026-09-27T16:22:19.96+05:30,2643,Securitized Debt Instruments
1604816,2026-09-25T19:04:18.817+05:30,2850,Corporate Bonds
741463,2026-09-28T10:00:47.793+05:30,2883,Corporate Bonds
2220239,2026-09-27T17:20:08.301+05:30,2874,Corporate Bonds
449486,2026-09-28T15:51:38.42+05:30,3024,Corporate Bonds
2175287,2026-09-24T19:56:23.45+05:30,3006,Corporate Bonds
1272096,2026-09-24T12:12:40.535+05:30,3014,Corporate Bonds
2220321,2026-09-28T00:00:54.807+05:30,2950,Corporate Bonds
1532149,2026-09-26T00:56:54.036+05:30,2964,Corporate Bonds
1111640,2026-09-27T20:24:55.027+05:30,2982,Corporate Bonds
2215420,2026-09-26T07:07:31.109+05:30,3014,Corporate Bonds
2159250,2026-09-26T04:58:40.209+05:30,2074,Mutual Funds
1843137,2026-09-24T18:51:40.925+05:30,2868,Corporate Bonds
617922,2026-09-26T21:53:46.571+05:30,2863,Corporate Bonds
652961,2026-09-26T09:47:49.047+05:30,1239,High Yield FDs
943690,2026-09-24T11:23:36.939+05:30,3014,Corporate Bonds
1873312,2026-09-24T10:23:56.873+05:30,2941,Corporate Bonds
1041782,2026-09-26T12:54:45.859+05:30,2942,Securitized Debt Instruments
1299918,2026-09-24T22:13:59.874+05:30,2895,Corporate Bonds
975802,2026-09-25T15:26:18.57+05:30,2997,Corporate Bonds
2164869,2026-09-28T15:07:28.909+05:30,2874,Corporate Bonds
202586,2026-09-26T22:44:56.63+05:30,2881,Corporate Bonds
2222102,2026-09-28T20:00:48.195+05:30,2874,Corporate Bonds
2176609,2026-09-25T16:51:06.651+05:30,2918,Corporate Bonds
1032707,2026-09-25T22:43:54.883+05:30,2867,Corporate Bonds
1631295,2026-09-25T22:11:34.079+05:30,3014,Corporate Bonds
1680836,2026-09-26T08:29:34.777+05:30,2942,Securitized Debt Instruments
2138632,2026-09-27T21:15:25.312+05:30,3014,Corporate Bonds
2195906,2026-09-27T11:44:23.464+05:30,2964,Corporate Bonds
1475766,2026-09-25T12:52:10.597+05:30,2895,Corporate Bonds
2219150,2026-09-26T16:17:20.659+05:30,2781,Corporate Bonds
2127361,2026-09-26T21:16:02.067+05:30,2729,Mutual Funds
1879231,2026-09-25T22:34:31.256+05:30,3023,Corporate Bonds
25036,2026-09-28T22:42:30.505+05:30,2849,Corporate Bonds
2088801,2026-09-25T19:39:57.644+05:30,2849,Corporate Bonds
1019555,2026-09-24T12:44:53.259+05:30,3014,Corporate Bonds
2219969,2026-09-27T11:41:41.288+05:30,3014,Corporate Bonds
1393530,2026-09-25T06:44:10.285+05:30,2751,Corporate Bonds
1962015,2026-09-26T19:05:18.987+05:30,2867,Corporate Bonds
189888,2026-09-28T11:27:25.094+05:30,2752,Corporate Bonds
1139417,2026-09-25T17:12:07.265+05:30,2867,Corporate Bonds
1751361,2026-09-26T12:45:11.244+05:30,2954,Corporate Bonds
1544516,2026-09-27T18:41:08.27+05:30,2867,Corporate Bonds
2164564,2026-09-26T14:43:48.697+05:30,2992,Corporate Bonds
858046,2026-09-25T10:56:30.782+05:30,2964,Corporate Bonds
2111125,2026-09-25T09:42:57.718+05:30,3014,Corporate Bonds
351771,2026-09-25T14:16:56.942+05:30,2964,Corporate Bonds
2068102,2026-09-25T18:10:47.979+05:30,2794,Corporate Bonds
740629,2026-09-24T14:23:30.913+05:30,3014,Corporate Bonds
2178819,2026-09-25T16:04:21.944+05:30,2941,Corporate Bonds
2182686,2026-09-26T00:45:45.183+05:30,2930,Corporate Bonds
1144092,2026-09-26T13:10:42.969+05:30,2856,Corporate Bonds
507488,2026-09-24T21:30:47.559+05:30,2872,Corporate Bonds
1910910,2026-09-24T23:00:31.451+05:30,2856,Corporate Bonds
1180917,2026-09-24T15:34:09.876+05:30,3014,Corporate Bonds
2219515,2026-09-26T22:01:30.546+05:30,3006,Corporate Bonds
2192184,2026-09-27T09:10:31.189+05:30,3006,Corporate Bonds
980105,2026-09-24T13:03:10.047+05:30,2941,Corporate Bonds
2216755,2026-09-24T22:07:12.368+05:30,3006,Corporate Bonds
2116215,2026-09-28T13:22:55.11+05:30,2952,Corporate Bonds
2139149,2026-09-28T10:05:14.683+05:30,2964,Corporate Bonds
1671982,2026-09-24T20:17:02.451+05:30,2922,Corporate Bonds
2156807,2026-09-26T16:12:25.54+05:30,1292,High Yield FDs
2215059,2026-09-24T10:47:54.144+05:30,2940,Corporate Bonds
2216136,2026-09-24T15:02:27.127+05:30,1873,Corporate Bonds
871246,2026-09-28T11:18:25.886+05:30,3024,Corporate Bonds
979918,2026-09-28T10:39:50.983+05:30,3014,Corporate Bonds
1857453,2026-09-25T20:21:01.254+05:30,2941,Corporate Bonds
2186497,2026-09-27T18:34:00.891+05:30,2729,Mutual Funds
2193752,2026-09-28T11:36:43.64+05:30,2930,Corporate Bonds
944267,2026-09-25T19:44:10.276+05:30,2982,Corporate Bonds
2200119,2026-09-24T18:45:55.297+05:30,2751,Corporate Bonds
1299818,2026-09-24T22:47:31.669+05:30,2992,Corporate Bonds
2197327,2026-09-26T12:02:38.206+05:30,2890,Corporate Bonds
1719670,2026-09-25T19:36:27.518+05:30,2964,Corporate Bonds
2221230,2026-09-28T09:03:45.769+05:30,2881,Corporate Bonds
736022,2026-09-28T19:14:21.797+05:30,1873,Corporate Bonds
1228861,2026-09-24T11:30:43.865+05:30,2902,Corporate Bonds
287118,2026-09-26T22:09:19.386+05:30,2643,Securitized Debt Instruments
1736133,2026-09-28T08:40:41.651+05:30,2956,Corporate Bonds
1937063,2026-09-25T20:27:17.217+05:30,2964,Corporate Bonds
30231,2026-09-26T15:32:35.972+05:30,2856,Corporate Bonds
1843137,2026-09-24T18:53:41.938+05:30,3014,Corporate Bonds
2216648,2026-09-26T17:44:43.245+05:30,1096,High Yield FDs
1391306,2026-09-28T08:05:08.649+05:30,2895,Corporate Bonds
2110279,2026-09-28T10:53:29.52+05:30,2850,Corporate Bonds
890093,2026-09-26T13:46:07.819+05:30,3014,Corporate Bonds
770546,2026-09-26T08:19:07.701+05:30,2856,Corporate Bonds
2215162,2026-09-24T15:30:34.951+05:30,1239,High Yield FDs
2182821,2026-09-27T16:14:41.337+05:30,2955,Corporate Bonds
2221333,2026-09-28T10:25:14.479+05:30,2863,Corporate Bonds
2222073,2026-09-28T19:37:58.682+05:30,2881,Corporate Bonds
910670,2026-09-27T20:43:02.787+05:30,2794,Corporate Bonds
2150985,2026-09-27T07:51:06.271+05:30,2843,Corporate Bonds
1059291,2026-09-25T14:29:20.152+05:30,1873,Corporate Bonds
2068281,2026-09-27T18:51:48.731+05:30,2981,Corporate Bonds
2220661,2026-09-27T19:33:38.696+05:30,3025,Corporate Bonds
2108898,2026-09-28T12:55:51.323+05:30,2941,Corporate Bonds
1041782,2026-09-27T07:58:32.008+05:30,2867,Corporate Bonds
2217136,2026-09-27T07:07:57.668+05:30,2941,Corporate Bonds
1393530,2026-09-26T21:52:49.676+05:30,2918,Corporate Bonds
775248,2026-09-25T17:41:53.945+05:30,2918,Corporate Bonds
1550802,2026-09-25T15:02:53.809+05:30,1292,High Yield FDs
2216234,2026-09-27T16:52:52.163+05:30,2982,Corporate Bonds
2191286,2026-09-28T15:01:59.033+05:30,3014,Corporate Bonds
953810,2026-09-25T14:24:52.721+05:30,2964,Corporate Bonds
944015,2026-09-25T17:39:28.934+05:30,2883,Corporate Bonds
884215,2026-09-26T04:41:29.588+05:30,2969,XCase
225106,2026-09-24T16:59:58.64+05:30,2867,Corporate Bonds
2142078,2026-09-25T23:21:40.968+05:30,2867,Corporate Bonds
1315916,2026-09-27T23:04:25.274+05:30,2873,XCase
2186701,2026-09-25T15:28:32.979+05:30,2940,Corporate Bonds
2201348,2026-09-25T11:31:55.454+05:30,2982,Corporate Bonds
1516732,2026-09-24T12:45:28.015+05:30,3014,Corporate Bonds
1965136,2026-09-25T23:33:53.3+05:30,2872,Corporate Bonds
1365679,2026-09-28T13:38:26.339+05:30,2867,Corporate Bonds
515646,2026-09-28T10:14:48.141+05:30,2964,Corporate Bonds
2170690,2026-09-28T15:42:59.617+05:30,3014,Corporate Bonds
1912788,2026-09-27T13:20:12.509+05:30,2895,Corporate Bonds
2170031,2026-09-27T12:41:45.396+05:30,2867,Corporate Bonds
319454,2026-09-28T09:47:08.313+05:30,2794,Corporate Bonds
1954177,2026-09-28T22:31:20.47+05:30,2908,Corporate Bonds
2218054,2026-09-25T20:30:46.573+05:30,2956,Corporate Bonds
2187621,2026-09-26T23:45:59.378+05:30,2956,Corporate Bonds
781341,2026-09-24T10:23:41.737+05:30,2850,Corporate Bonds
2220661,2026-09-27T19:37:22.671+05:30,3025,Corporate Bonds
2209223,2026-09-24T22:19:58.34+05:30,3014,Corporate Bonds
1175831,2026-09-24T20:04:40.869+05:30,1873,Corporate Bonds
1041782,2026-09-26T13:44:01.374+05:30,2752,Corporate Bonds
1351152,2026-09-26T11:09:42.036+05:30,2982,Corporate Bonds
2029256,2026-09-26T11:23:56.024+05:30,2941,Corporate Bonds
1759313,2026-09-27T19:20:57.406+05:30,2867,Corporate Bonds
2005175,2026-09-24T22:53:46.713+05:30,2867,Corporate Bonds
2105455,2026-09-28T20:59:49.227+05:30,2955,Corporate Bonds
65582,2026-09-28T15:52:36.078+05:30,2881,Corporate Bonds
2111125,2026-09-28T14:00:45.983+05:30,2867,Corporate Bonds
2220149,2026-09-27T13:26:28.64+05:30,1239,High Yield FDs
1892616,2026-09-25T14:27:52.734+05:30,2895,Corporate Bonds
2214640,2026-09-28T17:19:19.15+05:30,2918,Corporate Bonds
2014930,2026-09-27T12:49:17.369+05:30,2951,Corporate Bonds
1264096,2026-09-26T23:57:56.164+05:30,2412,Corporate Bonds
731894,2026-09-28T18:06:00.701+05:30,2972,Corporate Bonds
1354271,2026-09-26T14:37:10.29+05:30,2955,Corporate Bonds
987405,2026-09-25T23:11:08.772+05:30,2956,Corporate Bonds
1364078,2026-09-24T20:39:15.388+05:30,2930,Corporate Bonds
956159,2026-09-28T18:50:36.195+05:30,2850,Corporate Bonds
1930371,2026-09-25T22:11:35.951+05:30,3006,Corporate Bonds
103653,2026-09-25T18:15:44.438+05:30,2919,Corporate Bonds
2087837,2026-09-26T21:25:18.408+05:30,2868,Corporate Bonds
1171762,2026-09-25T11:40:06.425+05:30,2942,Securitized Debt Instruments
2110279,2026-09-28T10:53:30.119+05:30,2850,Corporate Bonds
2193399,2026-09-24T17:44:22.438+05:30,1096,High Yield FDs
2217861,2026-09-25T17:32:06.713+05:30,1095,High Yield FDs
2220466,2026-09-28T14:40:01.708+05:30,2907,Corporate Bonds
1980334,2026-09-27T19:46:02.923+05:30,1239,High Yield FDs
1794721,2026-09-24T15:46:17.264+05:30,2849,Corporate Bonds
2115530,2026-09-26T19:37:43.02+05:30,2992,Corporate Bonds
2203283,2026-09-26T15:56:34.384+05:30,2752,Corporate Bonds
1136824,2026-09-24T09:09:49.754+05:30,2942,Securitized Debt Instruments
2135877,2026-09-24T08:50:52.838+05:30,2867,Corporate Bonds
1254223,2026-09-24T22:36:15.478+05:30,2930,Corporate Bonds
2188020,2026-09-25T21:07:01.835+05:30,3014,Corporate Bonds
2199858,2026-09-24T10:25:32.643+05:30,2643,Securitized Debt Instruments
1120802,2026-09-28T00:49:26.04+05:30,2867,Corporate Bonds
2216858,2026-09-24T23:40:21.227+05:30,2868,Corporate Bonds
809614,2026-09-27T12:35:23.913+05:30,2883,Corporate Bonds
2217313,2026-09-25T10:44:31.001+05:30,2919,Corporate Bonds
2204354,2026-09-25T11:35:36.531+05:30,2899,Mutual Funds
2189727,2026-09-28T19:18:15.031+05:30,2887,Corporate Bonds
1173950,2026-09-25T07:39:23.432+05:30,2895,Corporate Bonds
195699,2026-09-27T19:11:13.553+05:30,1292,High Yield FDs
781341,2026-09-24T10:20:43.464+05:30,2982,Corporate Bonds
2190735,2026-09-28T23:27:51.471+05:30,1873,Corporate Bonds
1000180,2026-09-28T20:20:47.363+05:30,2842,Corporate Bonds
1315916,2026-09-28T21:46:05.746+05:30,2867,Corporate Bonds
2185998,2026-09-26T06:06:30.02+05:30,2883,Corporate Bonds
25057,2026-09-25T11:13:22.661+05:30,1873,Corporate Bonds
2064619,2026-09-28T12:31:23.188+05:30,2895,Corporate Bonds
125358,2026-09-28T14:37:26.325+05:30,2930,Corporate Bonds
1430448,2026-09-24T19:13:29.429+05:30,2883,Corporate Bonds
6442,2026-09-25T12:07:30.321+05:30,3006,Corporate Bonds
2216159,2026-09-25T18:24:04.125+05:30,2942,Securitized Debt Instruments
1784027,2026-09-28T09:11:44.869+05:30,2964,Corporate Bonds
1151116,2026-09-28T01:37:43.223+05:30,2412,Corporate Bonds
2210430,2026-09-24T17:32:54.681+05:30,3006,Corporate Bonds
1655682,2026-09-25T20:49:53.421+05:30,2850,Corporate Bonds
2218596,2026-09-27T09:58:49.272+05:30,2781,Corporate Bonds
1655682,2026-09-26T09:58:39.042+05:30,2412,Corporate Bonds
842747,2026-09-25T01:09:22.943+05:30,2883,Corporate Bonds
1186349,2026-09-27T09:15:54.515+05:30,2952,Corporate Bonds
1714525,2026-09-24T00:55:40.485+05:30,2643,Securitized Debt Instruments
2180017,2026-09-27T19:57:07.834+05:30,2881,Corporate Bonds
1627587,2026-09-25T02:16:45.836+05:30,2902,Corporate Bonds
2172238,2026-09-28T22:18:23.819+05:30,1873,Corporate Bonds
755042,2026-09-28T20:04:04.807+05:30,2767,Corporate Bonds
1066037,2026-09-27T11:38:07.306+05:30,2868,Corporate Bonds
2212610,2026-09-25T21:46:30.4+05:30,2855,Corporate Bonds
2201800,2026-09-25T07:25:59.499+05:30,2874,Corporate Bonds
2119373,2026-09-26T20:15:55.707+05:30,2922,Corporate Bonds
2220042,2026-09-27T11:26:03.456+05:30,2941,Corporate Bonds
1223677,2026-09-26T20:55:26.112+05:30,2964,Corporate Bonds
1685214,2026-09-27T11:23:36.967+05:30,2953,Corporate Bonds
1446363,2026-09-24T11:44:40.661+05:30,2757,Corporate Bonds
673754,2026-09-24T13:07:00.335+05:30,2858,Corporate Bonds
770546,2026-09-26T22:16:52.087+05:30,2964,Corporate Bonds
2212904,2026-09-24T08:17:48.422+05:30,2969,XCase
792281,2026-09-25T13:41:00.502+05:30,2895,Corporate Bonds
804200,2026-09-24T21:15:46.022+05:30,2883,Corporate Bonds
1770024,2026-09-28T17:06:52.296+05:30,1873,Corporate Bonds
811132,2026-09-26T09:35:30.384+05:30,2982,Corporate Bonds
2213999,2026-09-24T10:13:51.127+05:30,3014,Corporate Bonds
2218614,2026-09-26T10:29:07.929+05:30,2941,Corporate Bonds
673754,2026-09-24T13:08:48.814+05:30,2858,Corporate Bonds
2139467,2026-09-25T19:52:00.901+05:30,2643,Securitized Debt Instruments
2220604,2026-09-27T18:45:23.935+05:30,2964,Corporate Bonds
779427,2026-09-25T16:39:51.532+05:30,2997,Corporate Bonds
802716,2026-09-27T14:01:15.456+05:30,2881,Corporate Bonds
1887463,2026-09-28T17:26:59.111+05:30,3024,Corporate Bonds
2053893,2026-09-26T11:58:08.389+05:30,2952,Corporate Bonds
2205166,2026-09-27T20:12:54.211+05:30,1239,High Yield FDs
1673404,2026-09-27T16:44:50.988+05:30,2954,Corporate Bonds
606876,2026-09-26T15:24:43.475+05:30,2872,Corporate Bonds
1270047,2026-09-24T06:45:52.513+05:30,2947,Corporate Bonds
881271,2026-09-24T10:13:30.957+05:30,2868,Corporate Bonds
2181816,2026-09-25T20:54:06.554+05:30,2751,Corporate Bonds
720481,2026-09-28T15:20:24.854+05:30,3014,Corporate Bonds
2218610,2026-09-27T21:53:08.159+05:30,2771,Corporate Bonds
2212437,2026-09-27T12:53:55.011+05:30,2942,Securitized Debt Instruments
2186495,2026-09-26T12:35:09.162+05:30,2883,Corporate Bonds
1003452,2026-09-27T20:03:20.526+05:30,3025,Corporate Bonds
1897440,2026-09-27T11:18:35.989+05:30,2895,Corporate Bonds
1619114,2026-09-26T20:53:20.735+05:30,2751,Corporate Bonds
2209475,2026-09-26T09:31:25.456+05:30,2955,Corporate Bonds
2199796,2026-09-28T10:15:09.4+05:30,2867,Corporate Bonds
2219664,2026-09-27T00:25:45.78+05:30,2751,Corporate Bonds
726813,2026-09-24T17:34:05.389+05:30,1292,High Yield FDs
798299,2026-09-26T08:33:11.057+05:30,2942,Securitized Debt Instruments
1086779,2026-09-26T21:47:10.297+05:30,2867,Corporate Bonds
2144760,2026-09-24T15:46:20.652+05:30,2867,Corporate Bonds
784112,2026-09-27T17:41:51.248+05:30,2899,Mutual Funds
2110279,2026-09-24T18:59:11.868+05:30,2941,Corporate Bonds
1929742,2026-09-28T20:49:41.756+05:30,2941,Corporate Bonds
2195466,2026-09-26T10:39:30.078+05:30,2918,Corporate Bonds
2212745,2026-09-25T20:12:14.766+05:30,1292,High Yield FDs
2198169,2026-09-25T07:28:09.001+05:30,2895,Corporate Bonds
2217220,2026-09-25T09:32:14.738+05:30,2942,Securitized Debt Instruments
2082196,2026-09-24T11:40:21.755+05:30,1292,High Yield FDs
1901330,2026-09-27T10:19:41.829+05:30,2843,Corporate Bonds
1475766,2026-09-25T12:02:33.776+05:30,2874,Corporate Bonds
2218905,2026-09-28T15:38:24.446+05:30,2956,Corporate Bonds
1169084,2026-09-24T13:04:52.406+05:30,2955,Corporate Bonds
1824823,2026-09-24T05:18:22.456+05:30,2982,Corporate Bonds
1371045,2026-09-27T11:50:50.153+05:30,2981,Corporate Bonds
,2026-09-28T07:00:30.837+05:30,2883,Corporate Bonds
1800559,2026-09-24T15:20:53.434+05:30,1873,Corporate Bonds
1058340,2026-09-28T08:51:23.903+05:30,2729,Mutual Funds
103653,2026-09-25T10:44:20.24+05:30,2919,Corporate Bonds
1346642,2026-09-24T13:09:49.855+05:30,2858,Corporate Bonds
1033250,2026-09-25T17:04:30.658+05:30,1873,Corporate Bonds
2116215,2026-09-25T19:22:16.621+05:30,2952,Corporate Bonds
1118094,2026-09-25T13:13:55.139+05:30,2883,Corporate Bonds
933948,2026-09-25T12:28:33.075+05:30,2997,Corporate Bonds
1044754,2026-09-26T00:22:41.04+05:30,2867,Corporate Bonds
1332856,2026-09-25T07:08:42.814+05:30,1239,High Yield FDs
2198108,2026-09-27T21:57:58.989+05:30,2794,Corporate Bonds
887683,2026-09-26T08:06:50.953+05:30,2895,Corporate Bonds
1554748,2026-09-26T11:15:39.677+05:30,2752,Corporate Bonds
1999922,2026-09-24T11:27:08.57+05:30,2932,Corporate Bonds
915019,2026-09-25T14:08:46.045+05:30,1873,Corporate Bonds
1351896,2026-09-28T21:32:54.191+05:30,2849,Corporate Bonds
2090671,2026-09-28T09:05:09.321+05:30,2953,Corporate Bonds
1487889,2026-09-26T18:52:12.561+05:30,2856,Corporate Bonds
1857453,2026-09-25T15:37:15.144+05:30,2850,Corporate Bonds
1484813,2026-09-26T02:14:40.359+05:30,2951,Corporate Bonds
2107391,2026-09-27T09:11:54.329+05:30,2843,Corporate Bonds
1691531,2026-09-27T10:35:18.643+05:30,2881,Corporate Bonds
1681830,2026-09-24T17:33:39.557+05:30,3014,Corporate Bonds
1904834,2026-09-27T12:49:02.013+05:30,2883,Corporate Bonds
2059829,2026-09-24T17:38:14.208+05:30,1292,High Yield FDs
1813090,2026-09-26T10:21:59.991+05:30,2953,Corporate Bonds
1186476,2026-09-25T23:44:28.206+05:30,2895,Corporate Bonds
2005175,2026-09-26T00:24:52.781+05:30,2867,Corporate Bonds
2084378,2026-09-28T01:01:13.274+05:30,3026,Corporate Bonds
2209226,2026-09-27T21:21:02.6+05:30,1292,High Yield FDs
1632639,2026-09-28T07:41:03.267+05:30,2880,Corporate Bonds
2187621,2026-09-26T23:52:35.321+05:30,1873,Corporate Bonds
2206711,2026-09-25T12:04:49.204+05:30,3014,Corporate Bonds
2217122,2026-09-25T09:27:18.291+05:30,2918,Corporate Bonds
2190707,2026-09-27T14:07:26.879+05:30,2950,Corporate Bonds
1121273,2026-09-27T20:47:46.573+05:30,2875,Corporate Bonds
2119998,2026-09-27T22:55:03.197+05:30,2794,Corporate Bonds
1571565,2026-09-26T18:55:43.339+05:30,2941,Corporate Bonds
463080,2026-09-28T15:05:23.147+05:30,2964,Corporate Bonds
1508628,2026-09-27T08:15:45.4+05:30,2867,Corporate Bonds
1924534,2026-09-26T07:23:30.642+05:30,2875,Corporate Bonds
1699203,2026-09-28T15:50:34.406+05:30,3009,Corporate Bonds
949208,2026-09-28T19:24:57.066+05:30,2922,Corporate Bonds
499784,2026-09-25T18:38:10.406+05:30,2895,Corporate Bonds
2220149,2026-09-27T13:20:46.738+05:30,1239,High Yield FDs
1033720,2026-09-28T13:28:41.443+05:30,1873,Corporate Bonds
2216459,2026-09-25T20:09:44.961+05:30,2850,Corporate Bonds
1716261,2026-09-24T13:52:17.035+05:30,1239,High Yield FDs
1817758,2026-09-25T23:46:29.69+05:30,2930,Corporate Bonds
2107391,2026-09-27T09:08:31.613+05:30,2843,Corporate Bonds
2216665,2026-09-25T11:08:40.421+05:30,1292,High Yield FDs
2118343,2026-09-27T22:26:17.442+05:30,2907,Corporate Bonds
286277,2026-09-28T13:01:52.998+05:30,2872,Corporate Bonds
1532149,2026-09-25T19:52:48.473+05:30,1873,Corporate Bonds
255167,2026-09-28T20:41:36.188+05:30,2964,Corporate Bonds
1764926,2026-09-26T14:17:31.421+05:30,3014,Corporate Bonds
2052500,2026-09-24T21:12:46.193+05:30,2729,Mutual Funds
1821954,2026-09-28T15:09:54.451+05:30,2940,Corporate Bonds
627604,2026-09-26T10:04:18.621+05:30,2982,Corporate Bonds
2218833,2026-09-26T13:06:47.201+05:30,2982,Corporate Bonds
313462,2026-09-26T11:36:42.631+05:30,2982,Corporate Bonds
2137787,2026-09-27T09:53:10.054+05:30,2982,Corporate Bonds
2148885,2026-09-25T21:08:25.19+05:30,2506,Corporate Bonds
948727,2026-09-27T12:25:09.18+05:30,2895,Corporate Bonds
2217136,2026-09-27T07:12:25.584+05:30,2771,Corporate Bonds
872218,2026-09-28T13:09:27.138+05:30,1873,Corporate Bonds
769296,2026-09-26T08:04:25.792+05:30,2858,Corporate Bonds
2208087,2026-09-24T13:10:37.031+05:30,3014,Corporate Bonds
35699,2026-09-27T16:33:01.275+05:30,2906,Corporate Bonds
2219932,2026-09-27T13:03:37.037+05:30,2930,Corporate Bonds
2002013,2026-09-27T00:55:37.62+05:30,2899,Mutual Funds
1055834,2026-09-24T08:22:54.59+05:30,2774,Corporate Bonds
2187621,2026-09-25T20:53:48.687+05:30,1873,Corporate Bonds
2216136,2026-09-24T15:02:17.824+05:30,1873,Corporate Bonds
1081683,2026-09-24T17:35:25.261+05:30,2867,Corporate Bonds
1222514,2026-09-25T08:04:56.87+05:30,2902,Corporate Bonds
2220213,2026-09-27T13:33:11.352+05:30,2941,Corporate Bonds
2214822,2026-09-24T22:40:35.489+05:30,2850,Corporate Bonds
959925,2026-09-24T13:05:51.009+05:30,3014,Corporate Bonds
1280155,2026-09-27T23:10:24.564+05:30,2849,Corporate Bonds
2204927,2026-09-26T09:50:11.127+05:30,2895,Corporate Bonds
2140404,2026-09-28T13:45:04.16+05:30,3024,Corporate Bonds
564357,2026-09-25T19:39:52.506+05:30,2849,Corporate Bonds
319454,2026-09-28T09:25:14.24+05:30,2850,Corporate Bonds
311160,2026-09-24T11:18:25.268+05:30,2867,Corporate Bonds
2110597,2026-09-26T09:45:35.781+05:30,2964,Corporate Bonds
2117858,2026-09-27T14:12:38.882+05:30,2781,Corporate Bonds
1948145,2026-09-24T12:11:27.536+05:30,2964,Corporate Bonds
2166019,2026-09-26T21:32:18.668+05:30,2997,Corporate Bonds
521903,2026-09-27T21:50:40.585+05:30,3026,Corporate Bonds
1894596,2026-09-28T01:21:44.027+05:30,2856,Corporate Bonds
2158880,2026-09-25T22:22:01.081+05:30,2940,Corporate Bonds
370865,2026-09-28T20:20:05.066+05:30,2751,Corporate Bonds
1676210,2026-09-27T16:11:10.167+05:30,2951,Corporate Bonds
2116215,2026-09-25T19:22:21.82+05:30,2952,Corporate Bonds
426059,2026-09-24T19:19:52.62+05:30,2942,Securitized Debt Instruments
1181926,2026-09-27T20:23:03.266+05:30,2902,Corporate Bonds
2214640,2026-09-28T17:16:13.129+05:30,2643,Securitized Debt Instruments
1792413,2026-09-24T15:32:16.947+05:30,3014,Corporate Bonds
2079196,2026-09-27T22:50:21.781+05:30,2907,Corporate Bonds
1500918,2026-09-25T21:10:11.405+05:30,2930,Corporate Bonds
1043797,2026-09-24T10:25:40.62+05:30,2643,Securitized Debt Instruments
895325,2026-09-24T18:48:07.515+05:30,2940,Corporate Bonds
515729,2026-09-25T19:35:03.549+05:30,1873,Corporate Bonds
2191286,2026-09-28T15:03:34.431+05:30,2794,Corporate Bonds
1930107,2026-09-25T13:54:55.596+05:30,2918,Corporate Bonds
671109,2026-09-26T16:34:43.391+05:30,2643,Securitized Debt Instruments
1839845,2026-09-26T15:42:45.362+05:30,2982,Corporate Bonds
2219843,2026-09-27T08:44:56.534+05:30,2751,Corporate Bonds
152715,2026-09-28T07:58:11.031+05:30,2940,Corporate Bonds
2221333,2026-09-28T10:31:29.724+05:30,2941,Corporate Bonds
1533200,2026-09-27T19:14:38.28+05:30,2431,Corporate Bonds
780312,2026-09-27T17:11:54.777+05:30,2431,Corporate Bonds
2063402,2026-09-25T18:06:14.566+05:30,2883,Corporate Bonds
1150259,2026-09-25T10:24:02.1+05:30,3014,Corporate Bonds
1800106,2026-09-24T00:03:12.508+05:30,1873,Corporate Bonds
1242864,2026-09-25T19:59:39.182+05:30,2922,Corporate Bonds
1399738,2026-09-24T18:46:05.204+05:30,2812,Corporate Bonds
1372010,2026-09-25T15:25:40.64+05:30,2873,XCase
2219311,2026-09-27T14:08:52.09+05:30,2872,Corporate Bonds
1434620,2026-09-26T19:22:04.554+05:30,2964,Corporate Bonds
880562,2026-09-26T11:07:54.326+05:30,2867,Corporate Bonds
899821,2026-09-27T17:46:14.228+05:30,2964,Corporate Bonds
2186879,2026-09-26T16:40:19.976+05:30,2911,Mutual Funds
1211803,2026-09-26T08:21:13.291+05:30,2919,Corporate Bonds
2218980,2026-09-26T19:30:49.714+05:30,2863,Corporate Bonds
2199775,2026-09-28T18:15:54.356+05:30,1873,Corporate Bonds
2218124,2026-09-27T09:24:11.758+05:30,2729,Mutual Funds
1721468,2026-09-27T23:45:58.901+05:30,2953,Corporate Bonds
2221661,2026-09-28T14:12:38.233+05:30,2887,Corporate Bonds
720526,2026-09-25T18:46:52.495+05:30,2873,XCase
696608,2026-09-27T22:37:35.104+05:30,2769,Corporate Bonds
2147164,2026-09-26T09:21:34.662+05:30,2953,Corporate Bonds
1475766,2026-09-25T12:02:27.995+05:30,2874,Corporate Bonds
2149390,2026-09-28T04:19:50.894+05:30,1095,High Yield FDs
2116215,2026-09-28T13:23:10.611+05:30,2952,Corporate Bonds
1431100,2026-09-26T21:01:21.892+05:30,2964,Corporate Bonds
2216136,2026-09-24T15:02:33.223+05:30,1873,Corporate Bonds
1583458,2026-09-26T16:37:30.704+05:30,3006,Corporate Bonds
356462,2026-09-25T11:27:01.121+05:30,1239,High Yield FDs
2219932,2026-09-28T10:48:32.142+05:30,3014,Corporate Bonds
2221573,2026-09-28T12:48:57.485+05:30,2872,Corporate Bonds
951159,2026-09-25T18:12:55.764+05:30,2981,Corporate Bonds
1367514,2026-09-28T22:19:03.647+05:30,2955,Corporate Bonds
1848885,2026-09-26T10:18:25.548+05:30,3014,Corporate Bonds
717380,2026-09-26T04:00:34.7+05:30,2858,Corporate Bonds
887683,2026-09-26T08:06:51.99+05:30,2895,Corporate Bonds
1719670,2026-09-24T20:24:02.452+05:30,2941,Corporate Bonds
2215315,2026-09-24T08:14:00.013+05:30,2771,Corporate Bonds
1625910,2026-09-27T12:46:06.211+05:30,2969,XCase
1646236,2026-09-27T14:08:35.866+05:30,2964,Corporate Bonds
2116215,2026-09-25T19:22:18.437+05:30,2952,Corporate Bonds
2208495,2026-09-26T16:47:27.256+05:30,2941,Corporate Bonds
2207034,2026-09-25T22:10:28.739+05:30,2794,Corporate Bonds
697628,2026-09-28T17:35:46.423+05:30,2899,Mutual Funds
1271910,2026-09-28T10:38:35.208+05:30,3014,Corporate Bonds
2198109,2026-09-25T07:48:15.011+05:30,2895,Corporate Bonds
858821,2026-09-28T08:49:25.153+05:30,3026,Corporate Bonds
720528,2026-09-27T18:17:16.037+05:30,2942,Securitized Debt Instruments
2193399,2026-09-24T17:55:10.604+05:30,1096,High Yield FDs
2222089,2026-09-28T19:29:06.819+05:30,2643,Securitized Debt Instruments
1946670,2026-09-25T09:06:17.806+05:30,2887,Corporate Bonds
875795,2026-09-28T13:42:39.491+05:30,2964,Corporate Bonds
358187,2026-09-24T09:36:38.044+05:30,2867,Corporate Bonds
2217383,2026-09-25T11:24:46.145+05:30,2872,Corporate Bonds
2149390,2026-09-28T04:18:32.185+05:30,1095,High Yield FDs
1120649,2026-09-27T20:45:28.201+05:30,2856,Corporate Bonds
927737,2026-09-25T10:47:10.428+05:30,2883,Corporate Bonds
1736621,2026-09-24T12:40:51.7+05:30,3014,Corporate Bonds
42253,2026-09-28T23:26:31.673+05:30,1873,Corporate Bonds
1942061,2026-09-26T13:14:56.94+05:30,2767,Corporate Bonds
1978524,2026-09-28T07:26:20.797+05:30,2964,Corporate Bonds
2165371,2026-09-26T15:42:40.573+05:30,2895,Corporate Bonds
1695865,2026-09-24T13:02:34.912+05:30,2883,Corporate Bonds
1950126,2026-09-24T14:48:15.489+05:30,2930,Corporate Bonds
1732909,2026-09-28T20:08:06.767+05:30,2867,Corporate Bonds
889432,2026-09-24T14:09:12.328+05:30,2856,Corporate Bonds
1368441,2026-09-26T19:08:55.072+05:30,2883,Corporate Bonds
890093,2026-09-25T23:33:38.795+05:30,2982,Corporate Bonds
1887949,2026-09-28T02:03:18.083+05:30,2951,Corporate Bonds
1059446,2026-09-24T13:57:04.543+05:30,1239,High Yield FDs
68842,2026-09-26T13:36:00.945+05:30,2952,Corporate Bonds
2010364,2026-09-27T16:33:34.124+05:30,2950,Corporate Bonds
1591613,2026-09-26T00:13:32.413+05:30,2964,Corporate Bonds
977790,2026-09-26T07:49:31.753+05:30,2930,Corporate Bonds
2205166,2026-09-28T17:08:54.422+05:30,1239,High Yield FDs
202586,2026-09-26T22:51:39.413+05:30,2922,Corporate Bonds
671109,2026-09-26T16:34:47.747+05:30,2643,Securitized Debt Instruments
1916419,2026-09-25T12:39:49.125+05:30,2997,Corporate Bonds
697628,2026-09-28T17:32:29.669+05:30,2899,Mutual Funds
939737,2026-09-28T16:05:54.232+05:30,2895,Corporate Bonds
708762,2026-09-24T13:16:41.802+05:30,2993,XCase
1771184,2026-09-24T08:21:05.486+05:30,2867,Corporate Bonds
2218551,2026-09-26T10:39:10.568+05:30,2956,Corporate Bonds
2142309,2026-09-25T15:59:50.022+05:30,2883,Corporate Bonds
2218257,2026-09-25T23:40:31.532+05:30,2856,Corporate Bonds
1298157,2026-09-25T11:19:23.095+05:30,2879,Corporate Bonds
375775,2026-09-25T09:15:10.4+05:30,2794,Corporate Bonds
651368,2026-09-25T18:10:06.861+05:30,2964,Corporate Bonds
690973,2026-09-24T15:14:48.229+05:30,2643,Securitized Debt Instruments
1640883,2026-09-28T13:51:11.53+05:30,2964,Corporate Bonds
1242864,2026-09-27T12:26:25.19+05:30,2643,Securitized Debt Instruments
2202678,2026-09-24T00:52:26.423+05:30,1873,Corporate Bonds
1759048,2026-09-25T08:49:56.596+05:30,2981,Corporate Bonds
1633630,2026-09-24T12:24:58.156+05:30,2867,Corporate Bonds
296508,2026-09-26T10:13:38.967+05:30,2883,Corporate Bonds
1993032,2026-09-24T18:53:47.645+05:30,2982,Corporate Bonds
127867,2026-09-28T11:57:25.111+05:30,2873,XCase
137045,2026-09-25T08:00:30.531+05:30,2882,Corporate Bonds
707747,2026-09-27T01:00:38.68+05:30,2895,Corporate Bonds
2218709,2026-09-26T11:35:31.621+05:30,2856,Corporate Bonds
1450421,2026-09-27T10:41:29.563+05:30,2858,Corporate Bonds
2089202,2026-09-25T11:38:55.67+05:30,1292,High Yield FDs
944631,2026-09-26T11:36:58.347+05:30,2867,Corporate Bonds
1765705,2026-09-28T13:30:32.017+05:30,1292,High Yield FDs
468335,2026-09-28T14:15:35.96+05:30,2769,Corporate Bonds
296508,2026-09-26T10:30:59.274+05:30,2872,Corporate Bonds
152615,2026-09-28T20:38:37.638+05:30,2867,Corporate Bonds
2049677,2026-09-27T10:06:24.81+05:30,1873,Corporate Bonds
1679040,2026-09-28T10:06:02.269+05:30,2937,Corporate Bonds
2185998,2026-09-26T06:35:43.647+05:30,2849,Corporate Bonds
2035696,2026-09-24T20:53:59.976+05:30,2431,Corporate Bonds
1205933,2026-09-28T10:36:11.599+05:30,2431,Corporate Bonds
1443837,2026-09-24T12:32:48.386+05:30,2867,Corporate Bonds
2065006,2026-09-25T07:50:35.854+05:30,2781,Corporate Bonds
1534298,2026-09-25T22:15:27.995+05:30,2840,Corporate Bonds
1574363,2026-09-28T10:21:40.881+05:30,2955,Corporate Bonds
2217478,2026-09-26T18:35:56.726+05:30,2729,Mutual Funds
1542735,2026-09-24T08:22:37.439+05:30,2895,Corporate Bonds
2162023,2026-09-28T17:26:39.429+05:30,2941,Corporate Bonds
319454,2026-09-24T09:58:50.671+05:30,2830,Corporate Bonds
928385,2026-09-25T18:36:41.207+05:30,2964,Corporate Bonds
1813244,2026-09-28T17:43:50.752+05:30,2729,Mutual Funds
1591918,2026-09-25T11:29:07.202+05:30,3014,Corporate Bonds
1215039,2026-09-26T10:31:42.772+05:30,2868,Corporate Bonds
65582,2026-09-24T16:15:34.361+05:30,2907,Corporate Bonds
2184146,2026-09-28T08:48:21.824+05:30,2964,Corporate Bonds
2139701,2026-09-27T16:05:40.73+05:30,2874,Corporate Bonds
1359110,2026-09-25T16:01:17.203+05:30,2867,Corporate Bonds
152615,2026-09-28T20:35:24.033+05:30,2930,Corporate Bonds
2116215,2026-09-25T19:22:18.233+05:30,2952,Corporate Bonds
2205141,2026-09-24T13:13:02.531+05:30,2956,Corporate Bonds
2162385,2026-09-26T09:17:43.331+05:30,2950,Corporate Bonds
2148549,2026-09-25T21:39:25.287+05:30,2941,Corporate Bonds
2216136,2026-09-25T00:04:58.297+05:30,2872,Corporate Bonds
1935715,2026-09-26T00:46:37.965+05:30,2941,Corporate Bonds
2218184,2026-09-25T22:55:10.581+05:30,2930,Corporate Bonds
2170690,2026-09-28T17:01:39.661+05:30,3024,Corporate Bonds
152715,2026-09-28T07:58:23.462+05:30,2940,Corporate Bonds
1993032,2026-09-24T18:59:13.572+05:30,2941,Corporate Bonds
2074231,2026-09-24T16:42:36.042+05:30,2883,Corporate Bonds
1889687,2026-09-25T11:49:43.771+05:30,3014,Corporate Bonds
1744002,2026-09-27T20:30:42.138+05:30,2993,XCase
521775,2026-09-28T17:25:32.558+05:30,2729,Mutual Funds
2216291,2026-09-24T16:08:12.111+05:30,2941,Corporate Bonds
1168073,2026-09-27T11:02:37.209+05:30,2895,Corporate Bonds
264335,2026-09-24T19:53:27.491+05:30,3014,Corporate Bonds
2107391,2026-09-28T16:00:50.179+05:30,1096,High Yield FDs
2164564,2026-09-26T21:28:29.083+05:30,2900,Corporate Bonds
1948145,2026-09-24T12:11:24.28+05:30,2964,Corporate Bonds
1430448,2026-09-24T19:15:38.161+05:30,3014,Corporate Bonds
1093780,2026-09-26T16:15:59.09+05:30,2964,Corporate Bonds
2215864,2026-09-24T11:08:50.653+05:30,2982,Corporate Bonds
745308,2026-09-26T19:02:38.132+05:30,2872,Corporate Bonds
2218614,2026-09-26T10:28:03.261+05:30,2941,Corporate Bonds
1399738,2026-09-24T18:44:06.26+05:30,2812,Corporate Bonds
742858,2026-09-24T23:19:10.785+05:30,2942,Securitized Debt Instruments
2020257,2026-09-28T12:06:09.663+05:30,3024,Corporate Bonds
1332856,2026-09-27T13:24:49.505+05:30,1239,High Yield FDs
2068102,2026-09-24T21:32:05.572+05:30,2883,Corporate Bonds
1699203,2026-09-26T22:02:09.394+05:30,2964,Corporate Bonds
2219176,2026-09-28T13:27:02.449+05:30,2895,Corporate Bonds
2195466,2026-09-25T15:00:26.836+05:30,2964,Corporate Bonds
652961,2026-09-26T09:44:50.259+05:30,1292,High Yield FDs
1166187,2026-09-27T10:28:54.05+05:30,2822,XCase
2217122,2026-09-25T08:34:22.413+05:30,3006,Corporate Bonds
857784,2026-09-26T14:44:27.754+05:30,1239,High Yield FDs
2219176,2026-09-28T13:02:26.735+05:30,2767,Corporate Bonds
1887949,2026-09-28T01:58:06.778+05:30,3014,Corporate Bonds
1511253,2026-09-24T23:29:35.765+05:30,2942,Securitized Debt Instruments
2190735,2026-09-28T12:58:40.135+05:30,2964,Corporate Bonds
2116215,2026-09-25T19:22:18.958+05:30,2952,Corporate Bonds
1786278,2026-09-25T12:53:31.861+05:30,1873,Corporate Bonds
2217478,2026-09-26T18:40:27.271+05:30,2899,Mutual Funds
2191286,2026-09-24T15:12:19.678+05:30,2932,Corporate Bonds
2149051,2026-09-28T12:55:22.238+05:30,2895,Corporate Bonds
1359189,2026-09-27T09:01:18.008+05:30,2964,Corporate Bonds
2207756,2026-09-25T10:04:34.425+05:30,2879,Corporate Bonds
1002220,2026-09-25T14:07:05.025+05:30,2643,Securitized Debt Instruments
1002220,2026-09-25T14:05:43.624+05:30,2643,Securitized Debt Instruments
642466,2026-09-26T20:31:51.294+05:30,3014,Corporate Bonds
2086082,2026-09-28T12:37:57.842+05:30,1292,High Yield FDs
625688,2026-09-24T11:42:46.685+05:30,1292,High Yield FDs
1896951,2026-09-27T14:09:55.698+05:30,2895,Corporate Bonds
1396126,2026-09-26T17:29:06.35+05:30,2883,Corporate Bonds
1096387,2026-09-28T13:46:02.995+05:30,2873,XCase
1670746,2026-09-25T21:28:17.551+05:30,3006,Corporate Bonds
69451,2026-09-24T11:39:38.659+05:30,2883,Corporate Bonds
1398634,2026-09-28T15:10:22.135+05:30,2955,Corporate Bonds
786145,2026-09-24T16:54:17.446+05:30,2856,Corporate Bonds
2117382,2026-09-25T13:17:10.779+05:30,3014,Corporate Bonds
1832598,2026-09-25T19:28:42.588+05:30,2867,Corporate Bonds
649358,2026-09-24T15:45:07.745+05:30,2751,Corporate Bonds
2197852,2026-09-25T10:39:44.847+05:30,2872,Corporate Bonds
2162659,2026-09-28T20:28:22.046+05:30,3025,Corporate Bonds
2195062,2026-09-28T17:47:31.598+05:30,2941,Corporate Bonds
2187763,2026-09-25T08:31:36.498+05:30,2941,Corporate Bonds
2185430,2026-09-24T21:25:54.684+05:30,3014,Corporate Bonds
2144783,2026-09-26T10:34:57.185+05:30,2932,Corporate Bonds
1556765,2026-09-25T11:06:58.153+05:30,1873,Corporate Bonds
1115962,2026-09-26T01:08:31.252+05:30,1873,Corporate Bonds
202586,2026-09-26T22:47:53.319+05:30,1239,High Yield FDs
2116215,2026-09-25T19:22:14.467+05:30,2952,Corporate Bonds
2197859,2026-09-26T20:35:13.97+05:30,2941,Corporate Bonds
1643812,2026-09-26T09:17:38.359+05:30,2930,Corporate Bonds
2156061,2026-09-25T18:37:55.322+05:30,2887,Corporate Bonds
2215303,2026-09-26T07:31:58.844+05:30,2850,Corporate Bonds
1491719,2026-09-24T13:16:40.477+05:30,2794,Corporate Bonds
1428627,2026-09-27T13:07:34.262+05:30,2964,Corporate Bonds
1915209,2026-09-24T13:50:26.353+05:30,3014,Corporate Bonds
1233344,2026-09-26T20:22:10.306+05:30,2867,Corporate Bonds
849947,2026-09-26T22:09:10.213+05:30,3006,Corporate Bonds
2211296,2026-09-27T22:43:17.877+05:30,2930,Corporate Bonds
2053486,2026-09-24T20:11:25.164+05:30,2883,Corporate Bonds
2053510,2026-09-24T13:33:17.178+05:30,2883,Corporate Bonds
2200256,2026-09-27T08:36:42.836+05:30,1873,Corporate Bonds
1195296,2026-09-25T12:13:06.841+05:30,2879,Corporate Bonds
2213784,2026-09-24T19:19:21.866+05:30,3006,Corporate Bonds
2220036,2026-09-27T11:26:45.838+05:30,2919,Corporate Bonds
2054030,2026-09-24T22:06:33.263+05:30,1873,Corporate Bonds
1676210,2026-09-27T16:04:00.097+05:30,2953,Corporate Bonds
2142078,2026-09-25T23:22:26.043+05:30,2867,Corporate Bonds
2218130,2026-09-25T21:37:41.506+05:30,2881,Corporate Bonds
2116215,2026-09-25T19:22:22.033+05:30,2952,Corporate Bonds
2191286,2026-09-24T15:05:43.179+05:30,2942,Securitized Debt Instruments
879742,2026-09-28T13:37:01.632+05:30,2873,XCase
2218762,2026-09-28T12:06:05.867+05:30,2964,Corporate Bonds
1405049,2026-09-25T09:27:41.361+05:30,1873,Corporate Bonds
901935,2026-09-26T23:06:32.364+05:30,1292,High Yield FDs
2218317,2026-09-26T10:12:11.426+05:30,3006,Corporate Bonds
2206679,2026-09-24T15:58:41.023+05:30,2874,Corporate Bonds
2158892,2026-09-27T11:03:30.445+05:30,2941,Corporate Bonds
2217175,2026-09-26T19:23:18.558+05:30,2858,Corporate Bonds
1450883,2026-09-24T18:48:35.215+05:30,2850,Corporate Bonds
535695,2026-09-28T17:38:52.476+05:30,2729,Mutual Funds
1148227,2026-09-24T11:21:02.211+05:30,2942,Securitized Debt Instruments
2034696,2026-09-24T15:12:15.465+05:30,1873,Corporate Bonds
1255767,2026-09-28T12:47:58.047+05:30,2849,Corporate Bonds
733236,2026-09-26T17:35:52.88+05:30,1095,High Yield FDs
1458267,2026-09-27T06:57:50.437+05:30,2918,Corporate Bonds
1935893,2026-09-28T00:05:40.542+05:30,2868,Corporate Bonds
1711093,2026-09-26T13:12:21.837+05:30,2930,Corporate Bonds
1670749,2026-09-24T12:43:18.988+05:30,2751,Corporate Bonds
2204642,2026-09-24T15:30:12.002+05:30,2911,Mutual Funds
1298157,2026-09-25T11:17:20.592+05:30,2872,Corporate Bonds
1369748,2026-09-24T20:07:21.217+05:30,2751,Corporate Bonds
1475766,2026-09-25T12:02:27.613+05:30,2874,Corporate Bonds
611070,2026-09-25T04:48:21.099+05:30,2902,Corporate Bonds
28297,2026-09-24T09:53:04.84+05:30,2849,Corporate Bonds
2220492,2026-09-27T17:20:49.73+05:30,1873,Corporate Bonds
2127239,2026-09-28T20:28:57.661+05:30,2952,Corporate Bonds
1789683,2026-09-26T23:29:37.304+05:30,2941,Corporate Bonds
2116215,2026-09-25T19:22:21.74+05:30,2952,Corporate Bonds
2217698,2026-09-25T16:24:40.092+05:30,2964,Corporate Bonds
2204057,2026-09-25T21:17:16.416+05:30,1873,Corporate Bonds
2168704,2026-09-28T23:30:02.065+05:30,2769,Corporate Bonds
2207262,2026-09-26T05:01:01.632+05:30,2922,Corporate Bonds
889332,2026-09-25T17:23:16.635+05:30,2953,Corporate Bonds
2220736,2026-09-27T20:28:14.175+05:30,2930,Corporate Bonds
1957912,2026-09-25T03:14:27.646+05:30,2964,Corporate Bonds
1732981,2026-09-26T03:29:46.832+05:30,2781,Corporate Bonds
1349535,2026-09-27T19:53:37.547+05:30,2992,Corporate Bonds
1673237,2026-09-25T12:32:36.897+05:30,2883,Corporate Bonds
1590834,2026-09-26T07:32:49.614+05:30,2908,Corporate Bonds
2190100,2026-09-24T22:47:41.899+05:30,2794,Corporate Bonds
1646578,2026-09-28T16:01:44.06+05:30,2849,Corporate Bonds
1593094,2026-09-28T21:15:09.346+05:30,2506,Corporate Bonds
1041782,2026-09-27T07:58:34.195+05:30,2867,Corporate Bonds
2005175,2026-09-27T18:57:58.058+05:30,2867,Corporate Bonds
1594363,2026-09-25T13:27:10.908+05:30,2867,Corporate Bonds
2206106,2026-09-26T18:11:18.08+05:30,2887,Corporate Bonds
1815430,2026-09-24T16:31:06.991+05:30,2729,Mutual Funds
2214994,2026-09-24T22:51:46.236+05:30,2751,Corporate Bonds
1997567,2026-09-26T11:03:38.812+05:30,2858,Corporate Bonds
1981250,2026-09-28T12:16:02.774+05:30,2883,Corporate Bonds
5545,2026-09-24T12:45:23.958+05:30,2982,Corporate Bonds
2216858,2026-09-26T22:41:05.207+05:30,2950,Corporate Bonds
2215420,2026-09-24T08:21:36.57+05:30,2850,Corporate Bonds
2211999,2026-09-24T15:29:09.163+05:30,3014,Corporate Bonds
535695,2026-09-24T13:20:21.208+05:30,2911,Mutual Funds
1909540,2026-09-27T20:06:50.617+05:30,1873,Corporate Bonds
853600,2026-09-26T20:05:35.174+05:30,2996,Corporate Bonds
2047183,2026-09-25T13:36:42.771+05:30,2938,Corporate Bonds
1319165,2026-09-26T21:21:13.22+05:30,2982,Corporate Bonds
1050344,2026-09-25T12:34:26.01+05:30,2955,Corporate Bonds
2216722,2026-09-26T01:05:20.451+05:30,2872,Corporate Bonds
2116215,2026-09-25T19:22:16.329+05:30,2952,Corporate Bonds
1813501,2026-09-24T17:43:33.665+05:30,1239,High Yield FDs
1977466,2026-09-24T17:38:21.668+05:30,2880,Corporate Bonds
2209190,2026-09-28T21:48:45.502+05:30,2919,Corporate Bonds
1315916,2026-09-28T21:46:04.278+05:30,2867,Corporate Bonds
1842334,2026-09-25T05:47:24.152+05:30,2858,Corporate Bonds
1703364,2026-09-25T23:45:41.872+05:30,2863,Corporate Bonds
2180993,2026-09-26T18:21:11.692+05:30,2895,Corporate Bonds
2215280,2026-09-24T20:47:23.076+05:30,2941,Corporate Bonds
2216612,2026-09-24T20:52:12.205+05:30,2609,Corporate Bonds
2213999,2026-09-24T10:24:14.864+05:30,3014,Corporate Bonds
2213502,2026-09-24T14:39:12.571+05:30,2850,Corporate Bonds
662079,2026-09-25T15:24:04.783+05:30,2953,Corporate Bonds
2209205,2026-09-24T18:46:44.611+05:30,1873,Corporate Bonds
944593,2026-09-25T00:01:24.731+05:30,2918,Corporate Bonds
2195906,2026-09-27T11:29:30.216+05:30,2964,Corporate Bonds
2005175,2026-09-24T22:40:26.47+05:30,2883,Corporate Bonds
652249,2026-09-24T08:47:57.961+05:30,1873,Corporate Bonds
886300,2026-09-25T11:30:30.808+05:30,2873,XCase
313462,2026-09-26T13:27:57.535+05:30,2982,Corporate Bonds
2211296,2026-09-27T22:45:41.124+05:30,2930,Corporate Bonds
1735698,2026-09-27T02:52:11.282+05:30,2911,Mutual Funds
2216136,2026-09-24T14:59:27.268+05:30,1873,Corporate Bonds
1411948,2026-09-26T23:54:04.383+05:30,2981,Corporate Bonds
473420,2026-09-25T22:18:07.989+05:30,2964,Corporate Bonds
2217136,2026-09-26T18:17:05.064+05:30,2982,Corporate Bonds
535695,2026-09-28T17:38:42.961+05:30,2729,Mutual Funds
2219254,2026-09-27T09:12:12.719+05:30,2729,Mutual Funds
1165042,2026-09-26T22:32:13.965+05:30,2867,Corporate Bonds
2213784,2026-09-26T00:25:06.051+05:30,3006,Corporate Bonds
2114476,2026-09-27T16:50:52.591+05:30,2856,Corporate Bonds
317181,2026-09-27T14:00:16.525+05:30,2951,Corporate Bonds
2218641,2026-09-26T10:30:21.138+05:30,2911,Mutual Funds
1761296,2026-09-24T19:12:58.683+05:30,2922,Corporate Bonds
2207034,2026-09-25T21:00:11.801+05:30,2794,Corporate Bonds
1046132,2026-09-28T19:17:29.688+05:30,1873,Corporate Bonds
1974382,2026-09-27T20:58:03.405+05:30,1239,High Yield FDs
201508,2026-09-28T06:12:13.321+05:30,2867,Corporate Bonds
2206679,2026-09-24T15:58:41.021+05:30,2874,Corporate Bonds
1119090,2026-09-25T12:31:56.525+05:30,1095,High Yield FDs
2207553,2026-09-28T11:08:40.414+05:30,2863,Corporate Bonds
1408860,2026-09-26T06:02:47.488+05:30,2881,Corporate Bonds
2213073,2026-09-25T06:55:42.246+05:30,2751,Corporate Bonds
1678373,2026-09-28T20:54:12.481+05:30,1873,Corporate Bonds
2213573,2026-09-25T12:53:17.644+05:30,2941,Corporate Bonds
524573,2026-09-28T07:24:55.358+05:30,2412,Corporate Bonds
941335,2026-09-25T17:14:48.492+05:30,2867,Corporate Bonds
9733,2026-09-25T07:10:42.699+05:30,2918,Corporate Bonds
2143033,2026-09-26T11:37:29.273+05:30,2937,Corporate Bonds
2181816,2026-09-25T20:56:43.661+05:30,2751,Corporate Bonds
1894132,2026-09-25T12:01:29.429+05:30,2867,Corporate Bonds
2188392,2026-09-27T15:48:55.806+05:30,2872,Corporate Bonds
1108993,2026-09-24T11:24:31.528+05:30,3014,Corporate Bonds
2204057,2026-09-25T21:14:05.017+05:30,2643,Securitized Debt Instruments
2213944,2026-09-24T11:38:34.4+05:30,3014,Corporate Bonds
2204057,2026-09-27T11:52:49.8+05:30,2942,Securitized Debt Instruments
2147164,2026-09-24T00:45:10.762+05:30,2643,Securitized Debt Instruments
311160,2026-09-25T11:07:50.622+05:30,2867,Corporate Bonds
2193643,2026-09-24T12:46:09.756+05:30,2867,Corporate Bonds
1399738,2026-09-24T18:46:57.805+05:30,2812,Corporate Bonds
1688581,2026-09-25T13:44:24.291+05:30,2930,Corporate Bonds
981192,2026-09-26T16:34:15.791+05:30,2767,Corporate Bonds
910494,2026-09-24T07:21:40.145+05:30,2880,Corporate Bonds
2107504,2026-09-25T22:08:03.19+05:30,1873,Corporate Bonds
2198120,2026-09-27T12:24:58.134+05:30,2930,Corporate Bonds
1736621,2026-09-24T12:41:32.143+05:30,3014,Corporate Bonds
1133002,2026-09-25T08:14:02.588+05:30,2873,XCase
832845,2026-09-28T22:08:05.828+05:30,2918,Corporate Bonds
743866,2026-09-28T18:01:07.382+05:30,2643,Securitized Debt Instruments
2215420,2026-09-26T07:06:02.76+05:30,2964,Corporate Bonds
1872264,2026-09-26T12:44:00.4+05:30,1873,Corporate Bonds
652961,2026-09-26T09:32:44.593+05:30,3006,Corporate Bonds
2059993,2026-09-27T09:57:52+05:30,2955,Corporate Bonds
2047183,2026-09-25T13:34:27.152+05:30,2996,Corporate Bonds
1065335,2026-09-28T10:10:32.935+05:30,2950,Corporate Bonds
1516732,2026-09-24T12:54:03.631+05:30,2964,Corporate Bonds
2194172,2026-09-25T07:05:10.353+05:30,2729,Mutual Funds
1677764,2026-09-26T08:59:31.771+05:30,2951,Corporate Bonds
2205166,2026-09-27T19:14:54.99+05:30,1239,High Yield FDs
2216985,2026-09-25T02:48:18.112+05:30,2899,Mutual Funds
1056151,2026-09-27T10:47:01.664+05:30,2867,Corporate Bonds
1091732,2026-09-24T10:30:04.252+05:30,2986,Corporate Bonds
707747,2026-09-27T01:26:19.251+05:30,2895,Corporate Bonds
1852480,2026-09-24T09:53:47.763+05:30,2940,Corporate Bonds
710880,2026-09-26T10:17:17.334+05:30,2881,Corporate Bonds
1604210,2026-09-28T18:38:16.899+05:30,2506,Corporate Bonds
2090671,2026-09-28T14:56:35.537+05:30,2932,Corporate Bonds
2218916,2026-09-26T13:32:27.643+05:30,2830,Corporate Bonds
2191552,2026-09-27T20:18:47.835+05:30,1292,High Yield FDs
2215702,2026-09-24T07:30:32.373+05:30,3006,Corporate Bonds
1616460,2026-09-24T19:22:11.813+05:30,2911,Mutual Funds
2189707,2026-09-25T15:43:22.094+05:30,2951,Corporate Bonds
2215804,2026-09-24T19:15:58.343+05:30,2982,Corporate Bonds
2188856,2026-09-28T12:48:56.644+05:30,2932,Corporate Bonds
2200511,2026-09-27T12:08:16.762+05:30,2956,Corporate Bonds
356462,2026-09-25T11:23:40.644+05:30,1239,High Yield FDs
2209495,2026-09-26T16:24:35.995+05:30,2752,Corporate Bonds
2149771,2026-09-24T15:36:15.012+05:30,3014,Corporate Bonds
839687,2026-09-24T15:35:59.483+05:30,3014,Corporate Bonds
1971526,2026-09-27T18:54:59.24+05:30,2880,Corporate Bonds
1820067,2026-09-24T17:36:12.581+05:30,3014,Corporate Bonds
2218764,2026-09-26T12:23:37.858+05:30,2941,Corporate Bonds
1797825,2026-09-24T17:00:48.288+05:30,2895,Corporate Bonds
1055614,2026-09-27T01:17:09.048+05:30,3014,Corporate Bonds
2201800,2026-09-25T07:25:19.36+05:30,2874,Corporate Bonds
2213573,2026-09-27T21:53:46.165+05:30,2850,Corporate Bonds
1173974,2026-09-25T10:53:27.631+05:30,2895,Corporate Bonds
1298157,2026-09-25T11:21:12.377+05:30,2879,Corporate Bonds
965678,2026-09-28T06:55:42.522+05:30,2850,Corporate Bonds
1538830,2026-09-25T20:50:30.603+05:30,1873,Corporate Bonds
165321,2026-09-25T12:20:35.451+05:30,2964,Corporate Bonds
2064768,2026-09-25T20:23:19.5+05:30,2955,Corporate Bonds
2219254,2026-09-27T14:12:09.453+05:30,2863,Corporate Bonds
2143338,2026-09-25T15:38:07.092+05:30,2964,Corporate Bonds
352,2026-09-24T10:04:29.203+05:30,2942,Securitized Debt Instruments
1845253,2026-09-25T21:48:38.831+05:30,2953,Corporate Bonds
2219932,2026-09-27T12:48:35.867+05:30,1239,High Yield FDs
1055129,2026-09-27T11:52:26.577+05:30,2951,Corporate Bonds
1304114,2026-09-27T10:56:52.906+05:30,2964,Corporate Bonds
2145420,2026-09-25T20:52:53.298+05:30,1292,High Yield FDs
2217423,2026-09-25T12:41:25.211+05:30,2881,Corporate Bonds
1372042,2026-09-25T09:56:12.392+05:30,2849,Corporate Bonds
1887949,2026-09-28T17:00:34.07+05:30,3024,Corporate Bonds
1455707,2026-09-25T14:14:28.768+05:30,2776,Corporate Bonds
2174325,2026-09-28T09:27:07.498+05:30,1873,Corporate Bonds
1611812,2026-09-24T09:47:46.205+05:30,1292,High Yield FDs
2220194,2026-09-27T14:12:32.391+05:30,2982,Corporate Bonds
2124276,2026-09-24T21:05:14.735+05:30,2781,Corporate Bonds
1420656,2026-09-26T18:47:45.218+05:30,2895,Corporate Bonds
1075384,2026-09-24T14:20:56.388+05:30,2986,Corporate Bonds
1392062,2026-09-25T12:35:06.969+05:30,2872,Corporate Bonds
1475766,2026-09-25T12:34:04.917+05:30,2932,Corporate Bonds
1073316,2026-09-28T09:04:03.318+05:30,2986,Corporate Bonds
167784,2026-09-25T20:05:51.587+05:30,2872,Corporate Bonds
2187736,2026-09-26T10:44:58.722+05:30,2850,Corporate Bonds
2210500,2026-09-24T11:30:47.726+05:30,3014,Corporate Bonds
1707541,2026-09-28T11:16:04.187+05:30,2955,Corporate Bonds
588743,2026-09-24T12:42:50.076+05:30,2883,Corporate Bonds
2215734,2026-09-24T20:51:56.262+05:30,2930,Corporate Bonds
2221610,2026-09-28T13:36:31.053+05:30,2918,Corporate Bonds
2205091,2026-09-26T11:21:30.433+05:30,1292,High Yield FDs
2209877,2026-09-28T14:56:48.588+05:30,2982,Corporate Bonds
2160840,2026-09-26T18:50:03.438+05:30,2867,Corporate Bonds
2165371,2026-09-24T19:21:16.485+05:30,2883,Corporate Bonds
2082849,2026-09-26T18:03:34.659+05:30,2849,Corporate Bonds
2140404,2026-09-28T11:21:01.227+05:30,3024,Corporate Bonds
1329834,2026-09-25T18:06:57.812+05:30,2879,Corporate Bonds
356462,2026-09-27T22:41:13.208+05:30,2951,Corporate Bonds
1585086,2026-09-24T20:27:36.595+05:30,2895,Corporate Bonds
1547954,2026-09-28T19:24:38.395+05:30,2867,Corporate Bonds
2216187,2026-09-26T23:16:48.131+05:30,2856,Corporate Bonds
708762,2026-09-24T13:13:44.248+05:30,2942,Securitized Debt Instruments
2220362,2026-09-27T15:48:27.468+05:30,3014,Corporate Bonds
2187621,2026-09-28T23:06:03.129+05:30,1873,Corporate Bonds
890796,2026-09-26T23:47:08.84+05:30,2872,Corporate Bonds
29712,2026-09-26T17:49:55.12+05:30,2964,Corporate Bonds
910494,2026-09-24T17:38:55.181+05:30,2880,Corporate Bonds
1664313,2026-09-26T20:53:50.145+05:30,2942,Securitized Debt Instruments
2219969,2026-09-27T10:57:24.387+05:30,2930,Corporate Bonds
1118772,2026-09-28T13:06:23.251+05:30,2751,Corporate Bonds
2189195,2026-09-27T22:37:31.086+05:30,2883,Corporate Bonds
2152361,2026-09-26T17:32:49.944+05:30,1239,High Yield FDs
1630426,2026-09-25T20:26:39.225+05:30,2867,Corporate Bonds
1055834,2026-09-24T06:55:49.468+05:30,2832,Corporate Bonds
1884304,2026-09-25T10:11:28.166+05:30,2895,Corporate Bonds
1296882,2026-09-25T17:24:01.233+05:30,2953,Corporate Bonds
1702244,2026-09-26T20:58:15.494+05:30,2883,Corporate Bonds
2034696,2026-09-24T15:12:45.453+05:30,1873,Corporate Bonds
1965991,2026-09-25T11:57:22.321+05:30,1873,Corporate Bonds
2215581,2026-09-24T00:33:25.895+05:30,2729,Mutual Funds
2125644,2026-09-24T12:22:49.415+05:30,3006,Corporate Bonds
2190707,2026-09-27T14:08:27.974+05:30,2950,Corporate Bonds
2221333,2026-09-28T10:14:34.952+05:30,2964,Corporate Bonds
1027356,2026-09-28T11:03:20.757+05:30,2872,Corporate Bonds
2030094,2026-09-24T10:19:03.652+05:30,2969,XCase
1312418,2026-09-27T13:08:10.562+05:30,2895,Corporate Bonds
1288679,2026-09-25T10:10:18.787+05:30,2643,Securitized Debt Instruments
5545,2026-09-24T12:37:39.334+05:30,2941,Corporate Bonds
743595,2026-09-24T15:27:16.666+05:30,2964,Corporate Bonds
1847465,2026-09-28T20:54:01.19+05:30,2729,Mutual Funds
892854,2026-09-27T15:19:57.648+05:30,2883,Corporate Bonds
2116215,2026-09-25T19:22:21.052+05:30,2952,Corporate Bonds
1144220,2026-09-24T22:07:50.168+05:30,2868,Corporate Bonds
2201253,2026-09-28T12:23:28.03+05:30,2769,Corporate Bonds
2219236,2026-09-26T17:35:31.837+05:30,2941,Corporate Bonds
2208643,2026-09-25T07:47:20.995+05:30,2982,Corporate Bonds
356462,2026-09-27T22:39:10.582+05:30,2951,Corporate Bonds
2034208,2026-09-26T10:06:26.66+05:30,2867,Corporate Bonds
1475766,2026-09-25T11:57:58.697+05:30,2874,Corporate Bonds
883815,2026-09-28T23:08:20.19+05:30,2856,Corporate Bonds
1664313,2026-09-26T20:53:46.918+05:30,2942,Securitized Debt Instruments
863794,2026-09-24T10:19:36.553+05:30,2751,Corporate Bonds
950408,2026-09-27T20:48:40.932+05:30,2952,Corporate Bonds
715615,2026-09-25T12:59:36.623+05:30,2873,XCase
456689,2026-09-26T20:07:07.986+05:30,2881,Corporate Bonds
1408284,2026-09-26T09:13:47.9+05:30,1239,High Yield FDs
995256,2026-09-26T15:29:18.971+05:30,2996,Corporate Bonds
2201262,2026-09-25T14:43:02.073+05:30,2881,Corporate Bonds
2132382,2026-09-24T17:50:28.417+05:30,1873,Corporate Bonds
103653,2026-09-25T10:32:46.267+05:30,2919,Corporate Bonds
1697992,2026-09-27T23:52:09.543+05:30,1239,High Yield FDs
2200110,2026-09-24T11:25:04.362+05:30,3014,Corporate Bonds
356462,2026-09-25T11:29:19.992+05:30,1239,High Yield FDs
2220362,2026-09-27T15:47:18.256+05:30,3014,Corporate Bonds
1016643,2026-09-27T20:19:52.048+05:30,2895,Corporate Bonds
2218634,2026-09-27T08:52:20.892+05:30,2874,Corporate Bonds
1515411,2026-09-24T11:45:44.767+05:30,2981,Corporate Bonds
2047784,2026-09-25T19:45:28.429+05:30,2932,Corporate Bonds
2111425,2026-09-24T17:52:44.046+05:30,3014,Corporate Bonds
1894132,2026-09-26T10:16:55.992+05:30,2849,Corporate Bonds
521775,2026-09-28T17:26:55.135+05:30,2729,Mutual Funds
1118772,2026-09-27T17:50:55.247+05:30,2506,Corporate Bonds
842964,2026-09-24T13:04:31.966+05:30,2911,Mutual Funds
2222268,2026-09-28T21:54:25.469+05:30,2941,Corporate Bonds
1577099,2026-09-27T10:54:05.168+05:30,2909,Corporate Bonds
2219652,2026-09-27T00:23:31.493+05:30,2902,Corporate Bonds
2158893,2026-09-27T09:55:44.078+05:30,2883,Corporate Bonds
1236217,2026-09-25T14:41:38.159+05:30,2843,Corporate Bonds
2201499,2026-09-24T19:03:44.067+05:30,2880,Corporate Bonds
1714525,2026-09-24T00:57:56.71+05:30,2911,Mutual Funds
2190100,2026-09-26T15:36:15.639+05:30,2751,Corporate Bonds
1721228,2026-09-27T10:55:17.835+05:30,2981,Corporate Bonds
1843137,2026-09-24T18:53:27.611+05:30,3014,Corporate Bonds
2215913,2026-09-24T12:30:25.543+05:30,2940,Corporate Bonds
2171369,2026-09-25T00:17:36.518+05:30,2883,Corporate Bonds
1295795,2026-09-27T12:33:23.635+05:30,2781,Corporate Bonds
979918,2026-09-28T10:47:29.869+05:30,3014,Corporate Bonds
1531132,2026-09-26T15:05:26.932+05:30,2867,Corporate Bonds
2209094,2026-09-25T22:17:12.062+05:30,2873,XCase
979918,2026-09-28T10:38:49.4+05:30,2930,Corporate Bonds
981192,2026-09-26T16:42:18.854+05:30,2887,Corporate Bonds
939848,2026-09-27T07:57:51.515+05:30,2930,Corporate Bonds
1418018,2026-09-25T12:23:58.742+05:30,2867,Corporate Bonds
2144812,2026-09-25T21:41:52.845+05:30,2856,Corporate Bonds
1604210,2026-09-28T18:33:21.571+05:30,2872,Corporate Bonds
2116215,2026-09-25T19:22:15.071+05:30,2952,Corporate Bonds
1509285,2026-09-25T15:56:41.887+05:30,2942,Securitized Debt Instruments
1671982,2026-09-24T20:20:54.405+05:30,2922,Corporate Bonds
1964780,2026-09-24T00:43:44.339+05:30,2982,Corporate Bonds
1180197,2026-09-25T19:14:39.524+05:30,2883,Corporate Bonds
1557197,2026-09-27T11:30:47.121+05:30,2981,Corporate Bonds
2221610,2026-09-28T13:38:58.671+05:30,2882,Corporate Bonds
2113649,2026-09-28T12:06:55.521+05:30,2883,Corporate Bonds
2097687,2026-09-26T16:46:36.909+05:30,2955,Corporate Bonds
203594,2026-09-26T07:08:47.129+05:30,1096,High Yield FDs
1283461,2026-09-24T16:42:45.582+05:30,2883,Corporate Bonds
1800106,2026-09-24T00:05:23.585+05:30,1873,Corporate Bonds
1850848,2026-09-24T09:16:09.671+05:30,2794,Corporate Bonds
1531019,2026-09-26T13:58:44.161+05:30,2850,Corporate Bonds
2017826,2026-09-26T11:31:53.745+05:30,2767,Corporate Bonds
1042695,2026-09-28T19:48:39.542+05:30,3014,Corporate Bonds
2034340,2026-09-27T21:04:01.655+05:30,2895,Corporate Bonds
2113234,2026-09-28T00:47:46.67+05:30,2911,Mutual Funds
2219932,2026-09-28T10:47:43.417+05:30,3014,Corporate Bonds
2116215,2026-09-25T19:22:19.317+05:30,2952,Corporate Bonds
2216254,2026-09-24T15:42:43.77+05:30,3014,Corporate Bonds
977435,2026-09-24T12:40:01.265+05:30,3014,Corporate Bonds
1839845,2026-09-26T15:28:33.98+05:30,2982,Corporate Bonds
2220859,2026-09-28T17:02:13.915+05:30,2941,Corporate Bonds
1003452,2026-09-28T14:53:05.713+05:30,2757,Corporate Bonds
1161803,2026-09-26T11:28:29.375+05:30,2812,Corporate Bonds
2102210,2026-09-28T11:22:32.929+05:30,2883,Corporate Bonds
1247424,2026-09-28T12:05:22.475+05:30,3014,Corporate Bonds
2116215,2026-09-25T19:22:15.995+05:30,2952,Corporate Bonds
2202666,2026-09-25T22:16:57.852+05:30,2872,Corporate Bonds
2220408,2026-09-27T16:08:18.72+05:30,2941,Corporate Bonds
2216648,2026-09-26T17:34:32.25+05:30,1096,High Yield FDs
2116215,2026-09-25T19:24:25.03+05:30,2952,Corporate Bonds
1943441,2026-09-28T23:26:33.463+05:30,2506,Corporate Bonds
1443837,2026-09-24T13:38:04.669+05:30,3014,Corporate Bonds
50225,2026-09-24T11:13:21.566+05:30,2932,Corporate Bonds
836845,2026-09-25T00:17:10.816+05:30,2849,Corporate Bonds
2110656,2026-09-26T12:23:41.749+05:30,2922,Corporate Bonds
1720481,2026-09-24T07:38:52.718+05:30,2940,Corporate Bonds
1674539,2026-09-27T08:15:32.914+05:30,2955,Corporate Bonds
2160840,2026-09-27T11:31:35.606+05:30,2872,Corporate Bonds
2196151,2026-09-25T18:49:52.856+05:30,2643,Securitized Debt Instruments
2155110,2026-09-28T13:04:28.816+05:30,2895,Corporate Bonds
2216428,2026-09-24T18:19:29.797+05:30,2643,Securitized Debt Instruments
1916307,2026-09-28T13:40:25.189+05:30,1873,Corporate Bonds
1633095,2026-09-25T12:47:13.5+05:30,2643,Securitized Debt Instruments
2209475,2026-09-26T09:29:30.048+05:30,2843,Corporate Bonds
1367966,2026-09-26T15:52:22.133+05:30,2873,XCase
1091020,2026-09-24T08:01:17.664+05:30,2863,Corporate Bonds
2084378,2026-09-28T01:01:21.733+05:30,3026,Corporate Bonds
1794756,2026-09-25T12:02:53.065+05:30,2868,Corporate Bonds
1685214,2026-09-27T11:23:37.558+05:30,2953,Corporate Bonds
2107732,2026-09-28T11:05:42.716+05:30,3024,Corporate Bonds
1712824,2026-09-27T18:03:48.231+05:30,2964,Corporate Bonds
2160199,2026-09-25T20:51:02.731+05:30,1239,High Yield FDs
2217509,2026-09-25T15:35:43.73+05:30,2895,Corporate Bonds
535695,2026-09-24T13:19:43.772+05:30,2911,Mutual Funds
2108443,2026-09-26T16:20:49.391+05:30,3014,Corporate Bonds
1058340,2026-09-28T08:51:44.963+05:30,2729,Mutual Funds
1028790,2026-09-25T11:42:22.927+05:30,2993,XCase
1399738,2026-09-24T18:46:03.828+05:30,2812,Corporate Bonds
2219377,2026-09-26T20:31:37.832+05:30,2872,Corporate Bonds
1974382,2026-09-25T04:42:19.153+05:30,2882,Corporate Bonds
1328253,2026-09-25T13:33:16.126+05:30,2883,Corporate Bonds
1676210,2026-09-27T19:28:30.555+05:30,2953,Corporate Bonds
2219176,2026-09-27T15:24:27.219+05:30,2982,Corporate Bonds
1064871,2026-09-27T00:26:37.91+05:30,2940,Corporate Bonds
2202965,2026-09-26T13:54:38.573+05:30,2982,Corporate Bonds
2213650,2026-09-24T16:42:52.291+05:30,1292,High Yield FDs
1173950,2026-09-25T07:55:35.324+05:30,2895,Corporate Bonds
1575880,2026-09-24T15:25:58.782+05:30,1239,High Yield FDs
313462,2026-09-26T15:17:18.512+05:30,2982,Corporate Bonds
1786278,2026-09-25T12:53:42.42+05:30,1873,Corporate Bonds
2103171,2026-09-28T19:15:56.767+05:30,2843,Corporate Bonds
2206620,2026-09-24T22:27:58.692+05:30,2932,Corporate Bonds
2156061,2026-09-25T18:39:43.137+05:30,2895,Corporate Bonds
959925,2026-09-28T02:50:38.541+05:30,3014,Corporate Bonds
1829303,2026-09-26T10:21:49.96+05:30,2982,Corporate Bonds
2221969,2026-09-28T17:49:46.185+05:30,2964,Corporate Bonds
1802359,2026-09-24T11:29:05.368+05:30,2955,Corporate Bonds
1664313,2026-09-26T20:53:46.577+05:30,2942,Securitized Debt Instruments
2200583,2026-09-24T08:05:36.539+05:30,2873,XCase
1003452,2026-09-28T14:54:07.434+05:30,2757,Corporate Bonds
219712,2026-09-24T08:16:15.722+05:30,2767,Corporate Bonds
2145302,2026-09-24T23:56:02.078+05:30,2941,Corporate Bonds
2095453,2026-09-25T13:00:43.186+05:30,2643,Securitized Debt Instruments
720528,2026-09-26T22:11:17.536+05:30,2895,Corporate Bonds
1703603,2026-09-24T22:37:11.351+05:30,2872,Corporate Bonds
1790423,2026-09-25T08:44:21.386+05:30,2895,Corporate Bonds
1063425,2026-09-27T18:08:49.264+05:30,2964,Corporate Bonds
2144722,2026-09-26T19:22:28.826+05:30,2769,Corporate Bonds
538382,2026-09-25T18:01:17.725+05:30,2412,Corporate Bonds
156295,2026-09-26T13:40:30.843+05:30,2867,Corporate Bonds
2221969,2026-09-28T17:46:43.511+05:30,2941,Corporate Bonds
1508628,2026-09-25T18:10:50.735+05:30,2867,Corporate Bonds
1133002,2026-09-25T08:39:21.173+05:30,2873,XCase
2127205,2026-09-24T13:21:47.194+05:30,1873,Corporate Bonds
1790415,2026-09-26T12:11:27.243+05:30,2895,Corporate Bonds
1536424,2026-09-26T13:10:25.307+05:30,2981,Corporate Bonds
1217862,2026-09-24T14:19:35.909+05:30,2774,Corporate Bonds
1838566,2026-09-28T00:20:33.219+05:30,2872,Corporate Bonds
2216655,2026-09-25T21:13:36.292+05:30,2899,Mutual Funds
1044291,2026-09-24T15:53:29.317+05:30,2883,Corporate Bonds
2116215,2026-09-25T19:22:19.644+05:30,2952,Corporate Bonds
858715,2026-09-24T10:55:24.145+05:30,1873,Corporate Bonds
2193643,2026-09-24T12:39:39.562+05:30,3014,Corporate Bonds
2148894,2026-09-27T17:08:45.929+05:30,2850,Corporate Bonds
1152732,2026-09-26T10:40:45.26+05:30,2858,Corporate Bonds
669489,2026-09-24T11:57:01.319+05:30,2941,Corporate Bonds
2193399,2026-09-25T10:43:08.417+05:30,1096,High Yield FDs
