user_id,timestamp,asset_id,product_category
1264081,2026-10-04T10:07:02.866+05:30,3027,Corporate Bonds
16147,2026-10-03T14:12:29.91+05:30,2842,Corporate Bonds
2236381,2026-10-07T14:06:14.784+05:30,2918,Corporate Bonds
1382508,2026-10-04T18:09:44.574+05:30,3027,Corporate Bonds
1579739,2026-10-02T09:27:57.022+05:30,3040,Corporate Bonds
2035504,2026-10-05T06:50:49.856+05:30,2849,Corporate Bonds
1330738,2026-10-05T17:18:40.012+05:30,2941,Corporate Bonds
1014700,2026-10-05T08:15:21.065+05:30,3027,Corporate Bonds
1924882,2026-10-01T15:59:30.038+05:30,2922,Corporate Bonds
772161,2026-10-04T13:15:00.492+05:30,1095,High Yield FDs
1973556,2026-10-03T08:28:25.593+05:30,2964,Corporate Bonds
1841544,2026-10-02T16:54:29.438+05:30,2849,Corporate Bonds
2211572,2026-10-04T19:28:07.926+05:30,2982,Corporate Bonds
2198724,2026-10-04T21:52:36.527+05:30,2830,Corporate Bonds
1039421,2026-10-03T14:40:50.617+05:30,2981,Corporate Bonds
2217633,2026-10-05T16:38:41.823+05:30,2941,Corporate Bonds
2194043,2026-10-01T17:03:59.066+05:30,2858,Corporate Bonds
1688579,2026-10-04T15:11:51.74+05:30,3040,Corporate Bonds
2212174,2026-10-03T12:04:06.161+05:30,2964,Corporate Bonds
2090528,2026-10-01T09:40:14.788+05:30,3027,Corporate Bonds
2221057,2026-10-04T18:08:52.685+05:30,3027,Corporate Bonds
2227494,2026-10-02T13:07:53.266+05:30,2982,Corporate Bonds
1757975,2026-10-06T19:17:39.978+05:30,2930,Corporate Bonds
1751636,2026-10-04T10:41:39.778+05:30,2864,Corporate Bonds
1638967,2026-10-03T23:21:38.085+05:30,2902,Corporate Bonds
2226079,2026-10-01T14:19:58.701+05:30,2895,Corporate Bonds
2189876,2026-10-02T12:11:54.944+05:30,2902,Corporate Bonds
,2026-10-05T18:09:20.679+05:30,2412,Corporate Bonds
2117382,2026-10-06T14:01:40.236+05:30,2930,Corporate Bonds
1256148,2026-10-05T16:40:50.476+05:30,2982,Corporate Bonds
2229757,2026-10-03T16:16:32.856+05:30,2767,Corporate Bonds
1689273,2026-10-01T12:03:55.626+05:30,2918,Corporate Bonds
1096524,2026-10-07T13:01:22.065+05:30,3045,Corporate Bonds
940575,2026-10-07T10:01:55.013+05:30,3044,Corporate Bonds
2226732,2026-10-06T13:42:14.629+05:30,2644,Securitized Debt Instruments
1014276,2026-10-01T20:47:19.337+05:30,2250,Corporate Bonds
2090528,2026-10-05T07:00:20.539+05:30,3027,Corporate Bonds
1688581,2026-10-01T14:37:47.498+05:30,2906,Corporate Bonds
2065541,2026-10-02T21:51:16.636+05:30,2964,Corporate Bonds
811042,2026-10-04T13:52:49.425+05:30,2895,Corporate Bonds
2230763,2026-10-04T09:40:33.736+05:30,2864,Corporate Bonds
1190824,2026-10-03T22:52:23.386+05:30,2849,Corporate Bonds
2033376,2026-10-01T22:48:49.279+05:30,2883,Corporate Bonds
2214598,2026-10-03T14:23:49.062+05:30,2849,Corporate Bonds
1518751,2026-10-04T15:09:04.062+05:30,2982,Corporate Bonds
2235940,2026-10-07T10:24:23.295+05:30,2982,Corporate Bonds
1445403,2026-10-01T17:49:20.087+05:30,2849,Corporate Bonds
2229716,2026-10-05T10:44:15.043+05:30,2982,Corporate Bonds
1980242,2026-10-02T12:50:22.601+05:30,2849,Corporate Bonds
2207673,2026-10-05T21:16:04.161+05:30,2794,Corporate Bonds
1132201,2026-10-01T22:26:01.042+05:30,2902,Corporate Bonds
826882,2026-10-03T07:49:05.551+05:30,1873,Corporate Bonds
1148241,2026-10-06T00:09:00.53+05:30,3040,Corporate Bonds
1553953,2026-10-01T11:25:33.335+05:30,2982,Corporate Bonds
2234757,2026-10-06T16:43:10.915+05:30,2830,Corporate Bonds
417216,2026-10-07T13:58:39.405+05:30,2881,Corporate Bonds
2218124,2026-10-02T09:15:06.282+05:30,2899,Mutual Funds
315936,2026-10-05T13:21:28.456+05:30,2930,Corporate Bonds
2191526,2026-10-07T12:09:00.268+05:30,1292,High Yield FDs
65582,2026-10-06T12:38:03.075+05:30,2907,Corporate Bonds
991854,2026-10-02T21:41:01.178+05:30,3027,Corporate Bonds
2168129,2026-10-06T12:13:40.459+05:30,2981,Corporate Bonds
1516375,2026-10-06T18:18:06.066+05:30,2930,Corporate Bonds
1011383,2026-10-03T10:24:38.272+05:30,2981,Corporate Bonds
2223307,2026-10-02T15:38:37.68+05:30,2433,Corporate Bonds
2231850,2026-10-06T13:00:03.761+05:30,2769,Corporate Bonds
1907570,2026-10-06T20:05:40.367+05:30,2981,Corporate Bonds
1093586,2026-10-02T20:20:49.156+05:30,2919,Corporate Bonds
1187225,2026-10-02T16:55:16.123+05:30,3027,Corporate Bonds
1906560,2026-10-01T20:07:22.644+05:30,2883,Corporate Bonds
1797699,2026-10-07T21:24:44.146+05:30,2660,Corporate Bonds
888940,2026-10-02T14:00:42.751+05:30,2872,Corporate Bonds
1652540,2026-10-01T14:41:34.825+05:30,3014,Corporate Bonds
1188163,2026-10-07T11:11:42.138+05:30,2883,Corporate Bonds
1766392,2026-10-06T00:52:38.227+05:30,3026,Corporate Bonds
1790423,2026-10-05T08:49:56.457+05:30,2849,Corporate Bonds
1375609,2026-10-05T13:35:43.992+05:30,2883,Corporate Bonds
511356,2026-10-01T21:59:20.797+05:30,2883,Corporate Bonds
146660,2026-10-01T05:47:30.277+05:30,2858,Corporate Bonds
1266788,2026-10-05T23:23:58.697+05:30,2930,Corporate Bonds
2220165,2026-10-06T20:58:30.415+05:30,2919,Corporate Bonds
564357,2026-10-06T18:12:02.598+05:30,3044,Corporate Bonds
1790423,2026-10-05T08:39:24.806+05:30,3027,Corporate Bonds
315936,2026-10-02T01:47:44.122+05:30,2412,Corporate Bonds
2115774,2026-10-01T19:09:06.735+05:30,2812,Corporate Bonds
2206343,2026-10-02T19:01:38.114+05:30,2849,Corporate Bonds
71586,2026-10-02T21:54:42.95+05:30,3027,Corporate Bonds
1574275,2026-10-03T19:10:44.94+05:30,2311,Corporate Bonds
1246128,2026-10-02T10:21:26.542+05:30,2981,Corporate Bonds
187941,2026-10-01T15:59:34.381+05:30,2902,Corporate Bonds
1210292,2026-10-01T14:21:32.845+05:30,2881,Corporate Bonds
2166373,2026-10-02T13:08:15.651+05:30,2982,Corporate Bonds
1456528,2026-10-01T15:52:14.17+05:30,2849,Corporate Bonds
861717,2026-10-06T19:24:36.754+05:30,2964,Corporate Bonds
1076850,2026-10-03T18:19:14.846+05:30,2992,Corporate Bonds
1316816,2026-10-03T22:32:18.371+05:30,3027,Corporate Bonds
371141,2026-10-07T20:53:33.898+05:30,3044,Corporate Bonds
1834078,2026-10-05T12:40:19.835+05:30,2880,Corporate Bonds
2228040,2026-10-02T16:51:35.36+05:30,2895,Corporate Bonds
846638,2026-10-01T10:27:57.54+05:30,3027,Corporate Bonds
2217848,2026-10-07T20:57:17.45+05:30,2477,Corporate Bonds
35388,2026-10-04T17:58:03.127+05:30,2982,Corporate Bonds
1926339,2026-10-05T19:44:39.575+05:30,2883,Corporate Bonds
2058395,2026-10-03T20:46:29.606+05:30,2881,Corporate Bonds
2226917,2026-10-01T22:45:03.117+05:30,2907,Corporate Bonds
730742,2026-10-04T18:34:43.937+05:30,1292,High Yield FDs
2085452,2026-10-02T06:37:21.339+05:30,1239,High Yield FDs
442169,2026-10-04T03:01:13.095+05:30,3040,Corporate Bonds
2231850,2026-10-07T09:18:40.687+05:30,2849,Corporate Bonds
1736133,2026-10-02T21:12:13.208+05:30,2982,Corporate Bonds
2222780,2026-10-05T11:01:35.795+05:30,1292,High Yield FDs
2149674,2026-10-07T17:27:32.279+05:30,2955,Corporate Bonds
1897212,2026-10-02T20:30:12.554+05:30,2881,Corporate Bonds
1286424,2026-10-07T17:14:36.624+05:30,2643,Securitized Debt Instruments
2223227,2026-10-05T16:19:40.667+05:30,2767,Corporate Bonds
1924282,2026-10-03T15:14:08.274+05:30,3027,Corporate Bonds
18932,2026-10-01T07:49:04.004+05:30,1239,High Yield FDs
2221803,2026-10-04T16:24:06.299+05:30,2982,Corporate Bonds
1231325,2026-10-05T08:42:27.935+05:30,2917,Corporate Bonds
1646809,2026-10-01T15:28:03.981+05:30,2931,Corporate Bonds
1973556,2026-10-05T10:57:38.831+05:30,2964,Corporate Bonds
422305,2026-10-04T17:54:45.078+05:30,3027,Corporate Bonds
,2026-10-04T13:58:13.145+05:30,2881,Corporate Bonds
1419432,2026-10-01T10:28:56.553+05:30,2887,Corporate Bonds
2220951,2026-10-05T13:44:43.914+05:30,3027,Corporate Bonds
2230302,2026-10-06T15:41:44.337+05:30,2729,Mutual Funds
1431318,2026-10-01T22:06:04.884+05:30,2250,Corporate Bonds
827675,2026-10-03T16:07:13.133+05:30,3027,Corporate Bonds
2234561,2026-10-07T15:58:31.916+05:30,2906,Corporate Bonds
443444,2026-10-02T08:48:05.654+05:30,2433,Corporate Bonds
2217848,2026-10-05T16:03:23.651+05:30,2872,Corporate Bonds
1538855,2026-10-02T14:03:08.044+05:30,2881,Corporate Bonds
774350,2026-10-05T11:05:53.745+05:30,2412,Corporate Bonds
1047583,2026-10-06T10:54:07.514+05:30,2918,Corporate Bonds
577213,2026-10-07T22:43:14.718+05:30,3044,Corporate Bonds
272617,2026-10-07T10:56:30.875+05:30,3044,Corporate Bonds
1946670,2026-10-02T09:17:39.222+05:30,1292,High Yield FDs
777700,2026-10-01T11:16:19.467+05:30,2849,Corporate Bonds
1501640,2026-10-04T13:33:22.13+05:30,2849,Corporate Bonds
2230968,2026-10-04T11:42:29.405+05:30,2840,Corporate Bonds
2227383,2026-10-02T09:55:07.698+05:30,2881,Corporate Bonds
1921207,2026-10-05T00:15:06.914+05:30,2849,Corporate Bonds
2236145,2026-10-07T11:45:52.051+05:30,2982,Corporate Bonds
642178,2026-10-06T20:36:40.373+05:30,3044,Corporate Bonds
1978524,2026-10-06T08:24:22.673+05:30,2883,Corporate Bonds
568523,2026-10-04T14:32:11.628+05:30,2930,Corporate Bonds
386067,2026-10-05T11:30:50.993+05:30,2849,Corporate Bonds
2179016,2026-10-05T09:56:30.756+05:30,3027,Corporate Bonds
1561101,2026-10-02T04:27:47.15+05:30,1873,Corporate Bonds
2228252,2026-10-07T12:00:09.612+05:30,2907,Corporate Bonds
999022,2026-10-01T18:25:41.25+05:30,3027,Corporate Bonds
2230055,2026-10-03T19:31:33.202+05:30,2955,Corporate Bonds
2172200,2026-10-06T16:35:05.13+05:30,1292,High Yield FDs
1156304,2026-10-05T06:39:12.949+05:30,2947,Corporate Bonds
1933978,2026-10-04T11:41:38.974+05:30,2842,Corporate Bonds
2155609,2026-10-07T22:47:50.908+05:30,3027,Corporate Bonds
1511864,2026-10-02T09:18:33.275+05:30,2643,Securitized Debt Instruments
1439096,2026-10-03T14:55:27.836+05:30,3027,Corporate Bonds
1631861,2026-10-03T20:55:58.842+05:30,2955,Corporate Bonds
2112203,2026-10-07T21:36:42.216+05:30,2918,Corporate Bonds
973573,2026-10-05T09:15:18.017+05:30,2919,Corporate Bonds
1500382,2026-10-02T10:35:54.285+05:30,2594,Corporate Bonds
18502,2026-10-02T10:59:40.763+05:30,2794,Corporate Bonds
2133315,2026-10-05T14:25:31.202+05:30,1239,High Yield FDs
634077,2026-10-07T17:26:51.124+05:30,2849,Corporate Bonds
1816788,2026-10-02T08:52:22.387+05:30,2993,XCase
2081895,2026-10-06T21:35:03.843+05:30,3026,Corporate Bonds
272262,2026-10-03T16:04:42.155+05:30,3027,Corporate Bonds
2065006,2026-10-01T00:01:00.468+05:30,1292,High Yield FDs
408636,2026-10-05T18:16:06.799+05:30,2850,Corporate Bonds
446432,2026-10-01T09:19:26.883+05:30,2981,Corporate Bonds
1796819,2026-10-02T09:32:05.653+05:30,2643,Securitized Debt Instruments
2000603,2026-10-01T11:03:18.339+05:30,2981,Corporate Bonds
84312,2026-10-05T11:16:46.818+05:30,2868,Corporate Bonds
2182906,2026-10-07T11:52:46.134+05:30,3045,Corporate Bonds
2209159,2026-10-07T22:08:02.411+05:30,2849,Corporate Bonds
2231546,2026-10-04T22:33:59.558+05:30,2982,Corporate Bonds
1114428,2026-10-07T20:04:54.456+05:30,3044,Corporate Bonds
2053319,2026-10-06T22:20:27.941+05:30,3044,Corporate Bonds
2188415,2026-10-07T18:57:12.849+05:30,3045,Corporate Bonds
889706,2026-10-02T23:27:57.881+05:30,2757,Corporate Bonds
1636771,2026-10-04T08:45:02.891+05:30,2729,Mutual Funds
831050,2026-10-06T13:39:10.853+05:30,2981,Corporate Bonds
1987790,2026-10-01T19:22:56.372+05:30,2981,Corporate Bonds
2236582,2026-10-07T16:09:10.381+05:30,3050,Corporate Bonds
2226079,2026-10-01T13:43:19.123+05:30,2849,Corporate Bonds
2204354,2026-10-01T17:02:56.653+05:30,2922,Corporate Bonds
1165459,2026-10-01T15:31:25.877+05:30,3014,Corporate Bonds
1812739,2026-10-07T15:43:52.221+05:30,3040,Corporate Bonds
2223990,2026-10-05T11:01:40.875+05:30,2955,Corporate Bonds
1736133,2026-10-03T19:54:29.615+05:30,2982,Corporate Bonds
642178,2026-10-06T20:34:49.559+05:30,2895,Corporate Bonds
2226079,2026-10-01T14:22:58.715+05:30,3027,Corporate Bonds
1303836,2026-10-01T18:24:25.629+05:30,2849,Corporate Bonds
2229375,2026-10-05T12:00:33.124+05:30,2899,Mutual Funds
840126,2026-10-05T08:15:53.461+05:30,2767,Corporate Bonds
1936126,2026-10-04T06:28:47.652+05:30,2895,Corporate Bonds
1817837,2026-10-05T16:42:01.456+05:30,2769,Corporate Bonds
2074888,2026-10-06T12:46:13.631+05:30,2883,Corporate Bonds
1520427,2026-10-06T03:24:25.215+05:30,2895,Corporate Bonds
579967,2026-10-03T03:45:43.505+05:30,3025,Corporate Bonds
41077,2026-10-07T21:48:23.445+05:30,2837,Corporate Bonds
2128367,2026-10-06T18:29:42.233+05:30,3040,Corporate Bonds
1949335,2026-10-04T19:44:32.835+05:30,2895,Corporate Bonds
2227103,2026-10-02T07:54:10.826+05:30,2941,Corporate Bonds
1254429,2026-10-01T16:18:24.061+05:30,2919,Corporate Bonds
1497525,2026-10-02T14:13:14.923+05:30,2849,Corporate Bonds
2221307,2026-10-05T12:15:56.607+05:30,2941,Corporate Bonds
2226605,2026-10-06T07:04:21.357+05:30,2982,Corporate Bonds
1106984,2026-10-03T21:14:16.486+05:30,2431,Corporate Bonds
1035911,2026-10-07T12:06:27.738+05:30,2955,Corporate Bonds
1831692,2026-10-03T19:56:04.999+05:30,2781,Corporate Bonds
2220620,2026-10-01T07:12:12.328+05:30,3025,Corporate Bonds
1625577,2026-10-07T14:23:32.265+05:30,3045,Corporate Bonds
821138,2026-10-02T09:53:10.736+05:30,2767,Corporate Bonds
2034258,2026-10-01T19:19:15.949+05:30,2740,Corporate Bonds
1584555,2026-10-02T07:34:25.382+05:30,2882,Corporate Bonds
1938725,2026-10-03T00:52:45.036+05:30,2981,Corporate Bonds
2227966,2026-10-04T10:58:43.225+05:30,1239,High Yield FDs
2224361,2026-10-04T18:41:01.69+05:30,2626,Corporate Bonds
741378,2026-10-07T22:53:34.166+05:30,2794,Corporate Bonds
1904834,2026-10-02T00:35:17.04+05:30,2883,Corporate Bonds
344881,2026-10-03T10:48:06.648+05:30,2895,Corporate Bonds
831605,2026-10-04T18:31:32.265+05:30,2982,Corporate Bonds
1301009,2026-10-01T10:46:43.112+05:30,3027,Corporate Bonds
1597480,2026-10-04T09:41:19.44+05:30,3040,Corporate Bonds
1987224,2026-10-07T16:44:24.537+05:30,3054,Corporate Bonds
2179123,2026-10-01T20:35:30.17+05:30,2883,Corporate Bonds
2236308,2026-10-07T13:30:48.42+05:30,2629,Corporate Bonds
1415777,2026-10-06T14:01:31.655+05:30,3027,Corporate Bonds
1096516,2026-10-02T15:03:19.759+05:30,2982,Corporate Bonds
2229970,2026-10-03T18:18:54.941+05:30,2911,Mutual Funds
2095014,2026-10-03T22:46:18.912+05:30,3026,Corporate Bonds
2058395,2026-10-03T16:41:07.381+05:30,2868,Corporate Bonds
2212917,2026-10-02T21:48:02.764+05:30,2982,Corporate Bonds
853449,2026-10-01T14:43:22.912+05:30,2849,Corporate Bonds
2065541,2026-10-02T21:48:15.212+05:30,2311,Corporate Bonds
1623673,2026-10-07T15:06:13.068+05:30,1292,High Yield FDs
1719545,2026-10-07T20:27:56.277+05:30,3044,Corporate Bonds
522566,2026-10-03T10:50:59.013+05:30,2881,Corporate Bonds
2197564,2026-10-07T13:44:15.188+05:30,3044,Corporate Bonds
1419432,2026-10-01T10:29:00.449+05:30,2887,Corporate Bonds
2104083,2026-10-01T21:39:19.667+05:30,2849,Corporate Bonds
1018853,2026-10-07T11:17:51.403+05:30,3044,Corporate Bonds
1285033,2026-10-02T12:27:19.443+05:30,2981,Corporate Bonds
2236481,2026-10-07T15:10:54.615+05:30,2941,Corporate Bonds
1973073,2026-10-03T13:11:48.48+05:30,1239,High Yield FDs
1813501,2026-10-01T11:36:20.929+05:30,2895,Corporate Bonds
1160974,2026-10-07T15:21:56.496+05:30,3045,Corporate Bonds
1905463,2026-10-04T19:14:50.058+05:30,3040,Corporate Bonds
1510721,2026-10-04T07:02:09.505+05:30,2982,Corporate Bonds
2147074,2026-10-01T08:44:11.858+05:30,2941,Corporate Bonds
1264165,2026-10-07T10:03:16.835+05:30,2910,Corporate Bonds
2223514,2026-10-07T18:49:29.799+05:30,2767,Corporate Bonds
2213521,2026-10-01T10:50:48.608+05:30,3027,Corporate Bonds
1060239,2026-10-07T22:37:13.748+05:30,3044,Corporate Bonds
2191552,2026-10-02T14:22:58.992+05:30,1292,High Yield FDs
2226361,2026-10-01T16:57:45.129+05:30,1239,High Yield FDs
1774977,2026-10-01T21:55:59.524+05:30,2982,Corporate Bonds
2193786,2026-10-05T16:56:42.784+05:30,2830,Corporate Bonds
1031379,2026-10-06T13:25:15.647+05:30,2644,Securitized Debt Instruments
1680568,2026-10-07T11:32:33.417+05:30,3044,Corporate Bonds
2233151,2026-10-05T20:43:18.511+05:30,1239,High Yield FDs
2229096,2026-10-03T17:49:56.85+05:30,2880,Corporate Bonds
1971444,2026-10-02T10:57:24.532+05:30,2250,Corporate Bonds
1340801,2026-10-01T21:06:15.834+05:30,2729,Mutual Funds
2223560,2026-10-05T08:41:29.28+05:30,3026,Corporate Bonds
2219431,2026-10-02T10:04:59.308+05:30,2781,Corporate Bonds
2234815,2026-10-06T16:46:03.134+05:30,2941,Corporate Bonds
766785,2026-10-01T20:49:12.702+05:30,2842,Corporate Bonds
2184632,2026-10-07T14:08:21.563+05:30,2895,Corporate Bonds
794393,2026-10-06T18:33:39.901+05:30,3026,Corporate Bonds
2068281,2026-10-05T18:53:46.951+05:30,3040,Corporate Bonds
2160840,2026-10-07T12:10:54.841+05:30,3044,Corporate Bonds
982739,2026-10-01T17:52:09.464+05:30,2858,Corporate Bonds
502296,2026-10-06T17:05:26.237+05:30,2981,Corporate Bonds
1967446,2026-10-02T21:21:59.509+05:30,3027,Corporate Bonds
1678665,2026-10-02T22:00:53.77+05:30,2950,Corporate Bonds
2006400,2026-10-05T14:20:48.432+05:30,2883,Corporate Bonds
598275,2026-10-05T03:04:06.861+05:30,2431,Corporate Bonds
1998971,2026-10-06T14:59:41.528+05:30,3027,Corporate Bonds
2197159,2026-10-02T19:20:42.497+05:30,2964,Corporate Bonds
1817302,2026-10-05T14:28:58.083+05:30,2881,Corporate Bonds
1532258,2026-10-07T10:12:06.883+05:30,3044,Corporate Bonds
2085349,2026-10-01T17:37:00.81+05:30,2858,Corporate Bonds
2223788,2026-10-06T10:56:01.181+05:30,2941,Corporate Bonds
2193399,2026-10-07T11:09:02.614+05:30,1095,High Yield FDs
1858966,2026-10-06T17:38:36.796+05:30,2981,Corporate Bonds
2208883,2026-10-07T11:46:59.967+05:30,2840,Corporate Bonds
950408,2026-10-02T17:38:10.765+05:30,3025,Corporate Bonds
793459,2026-10-01T15:47:12.405+05:30,2858,Corporate Bonds
2234090,2026-10-06T09:47:21.357+05:30,2955,Corporate Bonds
18534,2026-10-01T20:10:56.457+05:30,2781,Corporate Bonds
1736133,2026-10-02T21:12:14.222+05:30,2982,Corporate Bonds
1199473,2026-10-04T13:33:02.58+05:30,2849,Corporate Bonds
1525926,2026-10-03T02:09:51.188+05:30,2874,Corporate Bonds
159535,2026-10-01T12:43:35.209+05:30,3027,Corporate Bonds
1514346,2026-10-04T21:55:36.035+05:30,3040,Corporate Bonds
1408849,2026-10-02T03:00:47.988+05:30,2311,Corporate Bonds
1998231,2026-10-02T14:05:59.617+05:30,2895,Corporate Bonds
2149780,2026-10-05T07:27:25.959+05:30,3026,Corporate Bonds
511356,2026-10-01T21:59:22.156+05:30,2883,Corporate Bonds
1552958,2026-10-06T07:42:46.261+05:30,3040,Corporate Bonds
1321106,2026-10-01T10:14:02.207+05:30,3027,Corporate Bonds
2165437,2026-10-05T18:24:35.271+05:30,2908,Corporate Bonds
2043111,2026-10-06T10:40:26.592+05:30,2981,Corporate Bonds
2074067,2026-10-03T23:03:36.933+05:30,2895,Corporate Bonds
2049645,2026-10-05T16:09:42.834+05:30,2769,Corporate Bonds
1794354,2026-10-02T12:46:43.226+05:30,2311,Corporate Bonds
2013164,2026-10-05T17:33:27.495+05:30,2412,Corporate Bonds
2189195,2026-10-01T12:15:52.437+05:30,2883,Corporate Bonds
1635459,2026-10-07T16:23:02.57+05:30,3027,Corporate Bonds
2230610,2026-10-04T12:07:42.801+05:30,2882,Corporate Bonds
2224074,2026-10-01T11:02:25.2+05:30,2902,Corporate Bonds
1782825,2026-10-05T19:42:54.949+05:30,2917,Corporate Bonds
831050,2026-10-01T10:22:21.184+05:30,3027,Corporate Bonds
1049287,2026-10-05T15:25:22.851+05:30,2644,Securitized Debt Instruments
1097145,2026-10-06T17:48:32.538+05:30,2941,Corporate Bonds
478904,2026-10-04T13:17:14.299+05:30,2938,Corporate Bonds
2123114,2026-10-06T09:44:46.686+05:30,2644,Securitized Debt Instruments
2227417,2026-10-02T09:49:47.913+05:30,2872,Corporate Bonds
2232998,2026-10-05T20:57:00.05+05:30,2881,Corporate Bonds
843051,2026-10-06T20:09:11.392+05:30,1239,High Yield FDs
2039971,2026-10-03T11:51:41.235+05:30,2757,Corporate Bonds
2149464,2026-10-04T05:38:14.943+05:30,2982,Corporate Bonds
2225018,2026-10-04T14:57:44.149+05:30,2767,Corporate Bonds
1852024,2026-10-07T15:07:54.628+05:30,3040,Corporate Bonds
1590498,2026-10-07T11:14:50.058+05:30,3044,Corporate Bonds
2232876,2026-10-05T15:00:03.945+05:30,3027,Corporate Bonds
2221214,2026-10-02T09:15:49.3+05:30,3025,Corporate Bonds
2233176,2026-10-05T19:01:59.797+05:30,2887,Corporate Bonds
2105826,2026-10-01T11:34:54.02+05:30,1292,High Yield FDs
2027590,2026-10-07T12:37:44.626+05:30,3027,Corporate Bonds
1613218,2026-10-07T19:31:22.195+05:30,3045,Corporate Bonds
1301799,2026-10-04T18:40:35.398+05:30,2412,Corporate Bonds
2175868,2026-10-02T12:36:11.86+05:30,3040,Corporate Bonds
738572,2026-10-01T15:36:05.732+05:30,3014,Corporate Bonds
1054508,2026-10-07T14:22:29.682+05:30,3027,Corporate Bonds
2184928,2026-10-05T10:58:15.669+05:30,2864,Corporate Bonds
1910148,2026-10-07T10:50:08.33+05:30,3044,Corporate Bonds
2229747,2026-10-05T14:32:40.323+05:30,2907,Corporate Bonds
353601,2026-10-03T01:12:13.182+05:30,1873,Corporate Bonds
1546217,2026-10-02T11:09:28.411+05:30,3040,Corporate Bonds
2142149,2026-10-01T10:48:37.223+05:30,2908,Corporate Bonds
1574340,2026-10-04T09:16:31.502+05:30,2769,Corporate Bonds
877632,2026-10-02T15:46:59.004+05:30,2982,Corporate Bonds
1910148,2026-10-05T18:50:33.886+05:30,3040,Corporate Bonds
822048,2026-10-04T20:29:09.092+05:30,3026,Corporate Bonds
1700739,2026-10-04T01:27:49.66+05:30,2955,Corporate Bonds
2225385,2026-10-06T10:38:34.183+05:30,2982,Corporate Bonds
2227777,2026-10-04T10:47:06.703+05:30,3026,Corporate Bonds
1032542,2026-10-01T14:12:26.302+05:30,2849,Corporate Bonds
1793525,2026-10-05T15:16:15.792+05:30,2969,XCase
1055614,2026-10-06T13:30:14.722+05:30,2917,Corporate Bonds
1987026,2026-10-05T14:08:10.062+05:30,2957,Corporate Bonds
1631579,2026-10-04T19:52:11.783+05:30,3040,Corporate Bonds
2153153,2026-10-01T10:11:20.287+05:30,2412,Corporate Bonds
579335,2026-10-03T16:30:19.986+05:30,2767,Corporate Bonds
1364078,2026-10-06T22:01:07.746+05:30,3044,Corporate Bonds
2231695,2026-10-07T21:55:22.922+05:30,2899,Mutual Funds
2029181,2026-10-04T12:20:58.222+05:30,2992,Corporate Bonds
186101,2026-10-03T23:12:42.433+05:30,2918,Corporate Bonds
1986243,2026-10-02T15:19:04.181+05:30,2906,Corporate Bonds
1548317,2026-10-05T08:09:55.606+05:30,2931,Corporate Bonds
1796085,2026-10-06T12:16:46.693+05:30,2644,Securitized Debt Instruments
2093228,2026-10-02T12:13:58.212+05:30,3026,Corporate Bonds
1872766,2026-10-03T15:17:35.409+05:30,3027,Corporate Bonds
2161089,2026-10-01T20:40:03.323+05:30,2981,Corporate Bonds
911558,2026-10-01T09:57:12.978+05:30,2881,Corporate Bonds
39005,2026-10-01T02:14:47.049+05:30,2767,Corporate Bonds
2177931,2026-10-01T18:24:50.522+05:30,2875,Corporate Bonds
1886025,2026-10-04T14:23:40.359+05:30,2881,Corporate Bonds
2234248,2026-10-06T11:29:11.15+05:30,2941,Corporate Bonds
2215315,2026-10-06T11:42:19.41+05:30,2930,Corporate Bonds
1173613,2026-10-03T22:56:10.308+05:30,3040,Corporate Bonds
1734432,2026-10-04T09:54:04.736+05:30,2895,Corporate Bonds
1054772,2026-10-01T21:24:22.039+05:30,2849,Corporate Bonds
1399280,2026-10-01T10:37:46.678+05:30,3027,Corporate Bonds
1330738,2026-10-07T12:43:16.289+05:30,3044,Corporate Bonds
712759,2026-10-06T13:45:25.167+05:30,2629,Corporate Bonds
699756,2026-10-06T13:43:31.985+05:30,1292,High Yield FDs
1818634,2026-10-02T14:18:50.143+05:30,2982,Corporate Bonds
1366465,2026-10-04T09:47:43.094+05:30,3027,Corporate Bonds
2230922,2026-10-04T11:38:39.118+05:30,2881,Corporate Bonds
1736133,2026-10-03T19:54:30.708+05:30,2982,Corporate Bonds
2005180,2026-10-07T22:35:49.603+05:30,3045,Corporate Bonds
936736,2026-10-03T18:11:27.035+05:30,2981,Corporate Bonds
2034849,2026-10-04T07:45:02.686+05:30,2843,Corporate Bonds
1450388,2026-10-03T09:49:24.929+05:30,3027,Corporate Bonds
2218905,2026-10-06T12:12:06.048+05:30,2629,Corporate Bonds
616572,2026-10-06T08:29:12.759+05:30,2858,Corporate Bonds
732179,2026-10-02T01:16:50.531+05:30,2982,Corporate Bonds
2235547,2026-10-07T00:53:08.315+05:30,2881,Corporate Bonds
1897130,2026-10-05T12:41:34.971+05:30,3027,Corporate Bonds
1580963,2026-10-01T06:36:33.517+05:30,2858,Corporate Bonds
2002386,2026-10-06T18:10:48.553+05:30,3026,Corporate Bonds
2228314,2026-10-03T09:38:19.51+05:30,2982,Corporate Bonds
473639,2026-10-03T10:57:17.627+05:30,2881,Corporate Bonds
937401,2026-10-06T04:09:20.991+05:30,3026,Corporate Bonds
1205677,2026-10-06T13:01:12.005+05:30,2981,Corporate Bonds
2231695,2026-10-06T21:29:47.142+05:30,2830,Corporate Bonds
1606016,2026-10-06T09:36:20.804+05:30,2644,Securitized Debt Instruments
202163,2026-10-07T12:04:19.942+05:30,3044,Corporate Bonds
1634939,2026-10-07T16:02:25.071+05:30,2918,Corporate Bonds
2211572,2026-10-02T19:19:30.941+05:30,1873,Corporate Bonds
105733,2026-10-04T22:50:54.519+05:30,3040,Corporate Bonds
1830484,2026-10-07T22:01:48.926+05:30,3045,Corporate Bonds
1248065,2026-10-01T15:00:28.092+05:30,2855,Corporate Bonds
1029624,2026-10-05T16:14:23.145+05:30,2981,Corporate Bonds
2233017,2026-10-05T16:35:41.395+05:30,2881,Corporate Bonds
1231325,2026-10-06T19:21:19.662+05:30,2917,Corporate Bonds
2189337,2026-10-07T15:11:19.54+05:30,3044,Corporate Bonds
2054364,2026-10-06T20:59:26.206+05:30,2644,Securitized Debt Instruments
65585,2026-10-03T23:39:59.965+05:30,2982,Corporate Bonds
2202955,2026-10-01T08:27:24.585+05:30,2982,Corporate Bonds
1755136,2026-10-07T14:18:06.229+05:30,2853,Corporate Bonds
2206276,2026-10-04T10:47:54.54+05:30,2982,Corporate Bonds
874904,2026-10-07T22:04:48.122+05:30,2764,Corporate Bonds
2220296,2026-10-05T22:09:08.597+05:30,2941,Corporate Bonds
1189098,2026-10-04T10:02:55.671+05:30,2843,Corporate Bonds
1734432,2026-10-03T20:56:41.416+05:30,2412,Corporate Bonds
61212,2026-10-07T06:37:43.41+05:30,2969,XCase
57402,2026-10-03T16:14:47.752+05:30,2930,Corporate Bonds
884130,2026-10-05T04:22:13.451+05:30,2769,Corporate Bonds
1605727,2026-10-06T11:32:06.824+05:30,2941,Corporate Bonds
1364078,2026-10-06T21:49:14.117+05:30,2794,Corporate Bonds
2230844,2026-10-04T11:18:25.634+05:30,2982,Corporate Bonds
831050,2026-10-01T10:22:18.668+05:30,3027,Corporate Bonds
2167421,2026-10-04T19:10:03.011+05:30,2767,Corporate Bonds
1410235,2026-10-06T12:00:55.619+05:30,3027,Corporate Bonds
2200623,2026-10-07T11:21:43.529+05:30,2895,Corporate Bonds
2216110,2026-10-05T15:57:38.419+05:30,2842,Corporate Bonds
2086082,2026-10-03T11:44:23.858+05:30,2997,Corporate Bonds
878936,2026-10-02T09:52:49.816+05:30,2849,Corporate Bonds
2226969,2026-10-01T23:05:55.563+05:30,3040,Corporate Bonds
770874,2026-10-02T08:24:16.374+05:30,2757,Corporate Bonds
255417,2026-10-07T07:45:19.827+05:30,2964,Corporate Bonds
987684,2026-10-01T14:10:44.967+05:30,2881,Corporate Bonds
2018079,2026-10-05T13:14:46.259+05:30,2843,Corporate Bonds
2209540,2026-10-05T19:06:41.573+05:30,2982,Corporate Bonds
1408669,2026-10-07T13:37:10.24+05:30,2881,Corporate Bonds
1818634,2026-10-02T14:18:50.144+05:30,2982,Corporate Bonds
835734,2026-10-03T09:29:22.973+05:30,2767,Corporate Bonds
2171930,2026-10-02T11:02:55.79+05:30,2982,Corporate Bonds
2223788,2026-10-06T11:01:37.685+05:30,2769,Corporate Bonds
2019763,2026-10-01T19:20:37.093+05:30,2883,Corporate Bonds
2217656,2026-10-01T10:17:56.772+05:30,3026,Corporate Bonds
1186835,2026-10-06T09:56:32.071+05:30,2992,Corporate Bonds
1905543,2026-10-07T07:57:48.19+05:30,2881,Corporate Bonds
2200830,2026-10-01T01:55:45.237+05:30,2868,Corporate Bonds
1842334,2026-10-03T20:29:51.404+05:30,1292,High Yield FDs
1545410,2026-10-02T20:50:55.969+05:30,2881,Corporate Bonds
523729,2026-10-03T23:15:39.592+05:30,3040,Corporate Bonds
1234986,2026-10-07T09:36:46.715+05:30,2950,Corporate Bonds
2228188,2026-10-03T00:22:06.039+05:30,1239,High Yield FDs
698987,2026-10-03T13:06:29.697+05:30,2311,Corporate Bonds
1679040,2026-10-01T10:03:11.863+05:30,2887,Corporate Bonds
2229028,2026-10-07T16:48:57.862+05:30,3027,Corporate Bonds
2225087,2026-10-04T19:00:49.622+05:30,2626,Corporate Bonds
1750011,2026-10-01T08:10:46.364+05:30,2982,Corporate Bonds
2229794,2026-10-03T16:39:17.068+05:30,2969,XCase
1083630,2026-10-03T09:46:04.334+05:30,3027,Corporate Bonds
2152653,2026-10-06T15:12:37.1+05:30,2644,Securitized Debt Instruments
2227945,2026-10-05T18:47:15.226+05:30,2629,Corporate Bonds
2228928,2026-10-03T02:44:35.768+05:30,2849,Corporate Bonds
577213,2026-10-07T22:43:14.713+05:30,3044,Corporate Bonds
1282379,2026-10-01T16:29:08.659+05:30,1095,High Yield FDs
267596,2026-10-03T08:08:01.632+05:30,2887,Corporate Bonds
2193322,2026-10-04T10:55:53.398+05:30,3027,Corporate Bonds
1639476,2026-10-06T08:53:46.873+05:30,2902,Corporate Bonds
2174057,2026-10-01T11:44:40.571+05:30,2964,Corporate Bonds
1232441,2026-10-07T09:59:35.526+05:30,3040,Corporate Bonds
1851657,2026-10-01T10:10:41.8+05:30,3027,Corporate Bonds
2031924,2026-10-05T06:42:38.164+05:30,2849,Corporate Bonds
1337722,2026-10-03T10:56:57.151+05:30,2849,Corporate Bonds
603523,2026-10-02T14:50:54.549+05:30,2902,Corporate Bonds
2177565,2026-10-01T10:43:15.54+05:30,2941,Corporate Bonds
1854873,2026-10-07T20:33:39.272+05:30,2660,Corporate Bonds
2062555,2026-10-02T09:49:39.675+05:30,2881,Corporate Bonds
911558,2026-10-01T00:27:19.245+05:30,2881,Corporate Bonds
2201068,2026-10-07T09:12:42.931+05:30,2964,Corporate Bonds
83170,2026-10-06T09:06:14.79+05:30,2918,Corporate Bonds
1399382,2026-10-01T18:51:55.044+05:30,2729,Mutual Funds
1769351,2026-10-04T16:48:01.476+05:30,3027,Corporate Bonds
1308233,2026-10-01T14:56:12.623+05:30,2858,Corporate Bonds
2234787,2026-10-06T16:16:18.207+05:30,3040,Corporate Bonds
2230886,2026-10-04T11:11:15.669+05:30,1095,High Yield FDs
1998616,2026-10-01T11:22:51.753+05:30,3027,Corporate Bonds
708387,2026-10-06T18:35:39.929+05:30,1292,High Yield FDs
2193399,2026-10-01T17:32:01.403+05:30,1095,High Yield FDs
992560,2026-10-02T12:02:22.426+05:30,1873,Corporate Bonds
1491751,2026-10-07T13:44:44.612+05:30,2849,Corporate Bonds
1933494,2026-10-06T19:17:33.081+05:30,2629,Corporate Bonds
241157,2026-10-04T13:58:11.999+05:30,3027,Corporate Bonds
2234967,2026-10-06T18:13:47.855+05:30,2941,Corporate Bonds
1624950,2026-10-03T18:39:55.893+05:30,2981,Corporate Bonds
1183664,2026-10-01T09:46:50.754+05:30,2969,XCase
865015,2026-10-04T11:11:29.882+05:30,2794,Corporate Bonds
1891699,2026-10-02T17:01:21.82+05:30,2981,Corporate Bonds
2170690,2026-10-07T10:32:50.896+05:30,3027,Corporate Bonds
1885235,2026-10-07T20:48:13.281+05:30,2808,Corporate Bonds
1843718,2026-10-06T09:07:21.923+05:30,2872,Corporate Bonds
2156010,2026-10-04T17:34:01.07+05:30,2954,Corporate Bonds
1938725,2026-10-03T00:52:42.234+05:30,2981,Corporate Bonds
591215,2026-10-05T11:55:59.861+05:30,2812,Corporate Bonds
2228546,2026-10-03T08:40:41.526+05:30,1292,High Yield FDs
443854,2026-10-01T15:15:19.646+05:30,2881,Corporate Bonds
2111125,2026-10-05T18:34:47.93+05:30,2843,Corporate Bonds
2233146,2026-10-05T18:17:39.361+05:30,2993,XCase
2165971,2026-10-04T21:34:25.229+05:30,3027,Corporate Bonds
711450,2026-10-02T18:40:41.539+05:30,2880,Corporate Bonds
1567771,2026-10-07T22:53:58.676+05:30,3027,Corporate Bonds
862142,2026-10-04T09:33:17.003+05:30,2794,Corporate Bonds
2181544,2026-10-06T11:49:24.184+05:30,1095,High Yield FDs
2225855,2026-10-05T11:47:52.263+05:30,2881,Corporate Bonds
2070884,2026-10-03T09:23:51.612+05:30,2849,Corporate Bonds
2127205,2026-10-01T17:42:21.467+05:30,1239,High Yield FDs
2225692,2026-10-01T17:32:20.765+05:30,2864,Corporate Bonds
2213385,2026-10-03T13:15:42.581+05:30,1239,High Yield FDs
2136778,2026-10-07T08:41:10.483+05:30,3026,Corporate Bonds
2073730,2026-10-07T16:51:27.261+05:30,3045,Corporate Bonds
2193399,2026-10-06T10:38:24.63+05:30,1095,High Yield FDs
2059853,2026-10-02T19:47:17.931+05:30,2895,Corporate Bonds
1420756,2026-10-03T09:32:27.288+05:30,1292,High Yield FDs
1753946,2026-10-05T18:54:29.564+05:30,2881,Corporate Bonds
,2026-10-01T11:53:11.659+05:30,1096,High Yield FDs
942262,2026-10-03T22:30:25.721+05:30,2918,Corporate Bonds
1705641,2026-10-01T14:49:29.277+05:30,2881,Corporate Bonds
838800,2026-10-06T19:09:27.633+05:30,2908,Corporate Bonds
2230800,2026-10-05T17:32:44.573+05:30,2930,Corporate Bonds
2081264,2026-10-02T13:57:59.661+05:30,2875,Corporate Bonds
1039421,2026-10-03T15:23:55.092+05:30,2981,Corporate Bonds
2083917,2026-10-07T19:38:04.835+05:30,3027,Corporate Bonds
2225692,2026-10-01T17:13:51.132+05:30,2868,Corporate Bonds
1619176,2026-10-03T12:45:50.795+05:30,2981,Corporate Bonds
916520,2026-10-07T08:43:29.895+05:30,3027,Corporate Bonds
1432460,2026-10-07T14:13:14.552+05:30,2895,Corporate Bonds
2226145,2026-10-01T14:41:00.743+05:30,2881,Corporate Bonds
2229078,2026-10-05T17:51:52.721+05:30,2842,Corporate Bonds
552423,2026-10-03T10:51:10.749+05:30,2842,Corporate Bonds
1001804,2026-10-01T11:40:13.993+05:30,3040,Corporate Bonds
730300,2026-10-06T12:54:55.429+05:30,2930,Corporate Bonds
2234551,2026-10-07T11:26:10.887+05:30,2982,Corporate Bonds
2223631,2026-10-04T19:44:48.643+05:30,2767,Corporate Bonds
2232755,2026-10-05T14:06:11.171+05:30,2895,Corporate Bonds
1165136,2026-10-05T13:34:51.024+05:30,3027,Corporate Bonds
1954362,2026-10-01T09:29:58.304+05:30,3027,Corporate Bonds
1802612,2026-10-06T01:26:16.659+05:30,3026,Corporate Bonds
1527089,2026-10-06T23:27:48.086+05:30,2883,Corporate Bonds
933395,2026-10-01T10:55:50.668+05:30,2906,Corporate Bonds
64311,2026-10-06T12:47:53.966+05:30,2883,Corporate Bonds
2198856,2026-10-01T23:27:51.262+05:30,2982,Corporate Bonds
770842,2026-10-02T17:04:07.411+05:30,3027,Corporate Bonds
2225122,2026-10-02T22:27:17.788+05:30,2849,Corporate Bonds
2223788,2026-10-07T15:12:23.177+05:30,2930,Corporate Bonds
1971969,2026-10-05T17:01:12.027+05:30,2981,Corporate Bonds
2182890,2026-10-07T11:00:36.623+05:30,3044,Corporate Bonds
1837859,2026-10-06T16:10:40.106+05:30,2930,Corporate Bonds
2143139,2026-10-02T09:27:22.58+05:30,2930,Corporate Bonds
1252187,2026-10-06T20:24:02.724+05:30,2644,Securitized Debt Instruments
2233599,2026-10-05T22:54:49.874+05:30,2941,Corporate Bonds
2223307,2026-10-01T18:32:27.765+05:30,1873,Corporate Bonds
1830017,2026-10-01T12:23:32.206+05:30,2883,Corporate Bonds
2229458,2026-10-05T10:39:18.283+05:30,3027,Corporate Bonds
1342349,2026-10-03T16:28:59.692+05:30,2881,Corporate Bonds
2014915,2026-10-02T17:57:36.052+05:30,3027,Corporate Bonds
1813501,2026-10-07T18:08:33.729+05:30,3044,Corporate Bonds
1075035,2026-10-05T18:13:47.118+05:30,3027,Corporate Bonds
2183413,2026-10-01T19:40:04.123+05:30,2594,Corporate Bonds
2229231,2026-10-03T10:10:58.451+05:30,2982,Corporate Bonds
1823524,2026-10-02T00:13:42.383+05:30,2433,Corporate Bonds
1817837,2026-10-05T16:34:02.239+05:30,3027,Corporate Bonds
1280322,2026-10-06T12:35:24.116+05:30,2981,Corporate Bonds
1671982,2026-10-01T16:35:02.843+05:30,2729,Mutual Funds
1782825,2026-10-05T19:45:29.506+05:30,2919,Corporate Bonds
2182594,2026-10-04T17:30:57.084+05:30,2412,Corporate Bonds
1511455,2026-10-06T12:38:06.301+05:30,2881,Corporate Bonds
1224225,2026-10-01T20:48:27.772+05:30,2794,Corporate Bonds
2193786,2026-10-04T18:18:00.674+05:30,2849,Corporate Bonds
2155440,2026-10-01T15:29:29.164+05:30,2858,Corporate Bonds
1856416,2026-10-07T23:01:45.446+05:30,2455,Corporate Bonds
84469,2026-10-01T08:24:13.9+05:30,2895,Corporate Bonds
1162075,2026-10-06T09:12:35.999+05:30,2918,Corporate Bonds
2002662,2026-10-01T21:42:39.547+05:30,1873,Corporate Bonds
1609395,2026-10-07T14:16:23.624+05:30,3044,Corporate Bonds
491656,2026-10-02T13:31:53.897+05:30,2849,Corporate Bonds
834369,2026-10-04T13:23:19.11+05:30,2930,Corporate Bonds
1895290,2026-10-04T12:48:28.275+05:30,2895,Corporate Bonds
952500,2026-10-07T16:27:08.115+05:30,3027,Corporate Bonds
1162075,2026-10-01T21:08:28.212+05:30,2908,Corporate Bonds
101157,2026-10-04T19:33:20.847+05:30,2843,Corporate Bonds
941335,2026-10-06T12:05:08.674+05:30,2843,Corporate Bonds
662079,2026-10-01T13:08:30.139+05:30,2412,Corporate Bonds
18661,2026-10-05T20:49:08.022+05:30,2872,Corporate Bonds
2161082,2026-10-02T19:34:58.789+05:30,2950,Corporate Bonds
2235401,2026-10-06T22:49:07.516+05:30,2964,Corporate Bonds
2223631,2026-10-04T19:59:19.333+05:30,3027,Corporate Bonds
2119224,2026-10-06T18:33:39.466+05:30,3027,Corporate Bonds
1073421,2026-10-07T01:02:12.296+05:30,3044,Corporate Bonds
2124003,2026-10-05T19:19:18.785+05:30,3027,Corporate Bonds
944593,2026-10-04T05:48:11.653+05:30,2881,Corporate Bonds
2206679,2026-10-01T17:03:06.437+05:30,2918,Corporate Bonds
2206276,2026-10-04T14:56:21.283+05:30,2955,Corporate Bonds
897100,2026-10-05T11:14:55.749+05:30,2955,Corporate Bonds
1490150,2026-10-06T08:56:39.142+05:30,2412,Corporate Bonds
1645795,2026-10-07T10:46:19.083+05:30,3044,Corporate Bonds
845771,2026-10-07T08:29:28.591+05:30,2918,Corporate Bonds
1803101,2026-10-02T13:52:35.547+05:30,2843,Corporate Bonds
2006080,2026-10-07T17:06:56.163+05:30,2909,Corporate Bonds
2160647,2026-10-01T22:45:26.373+05:30,3027,Corporate Bonds
2058395,2026-10-05T16:30:01.258+05:30,2950,Corporate Bonds
1043797,2026-10-02T10:41:41.931+05:30,2300,Corporate Bonds
824272,2026-10-01T06:42:38.405+05:30,1292,High Yield FDs
949937,2026-10-04T21:18:24.432+05:30,2902,Corporate Bonds
2226660,2026-10-07T16:25:21.624+05:30,2994,Corporate Bonds
1820039,2026-10-04T20:49:06.177+05:30,1239,High Yield FDs
2023420,2026-10-06T14:04:47.648+05:30,2881,Corporate Bonds
1336372,2026-10-01T11:45:02.473+05:30,2643,Securitized Debt Instruments
2221736,2026-10-07T08:38:09.412+05:30,2830,Corporate Bonds
28124,2026-10-04T21:13:09.12+05:30,2767,Corporate Bonds
2233474,2026-10-05T22:03:24.657+05:30,2895,Corporate Bonds
1186979,2026-10-05T14:26:58.057+05:30,2992,Corporate Bonds
2137230,2026-10-06T10:18:54.364+05:30,3040,Corporate Bonds
889450,2026-10-07T19:17:36.71+05:30,2849,Corporate Bonds
2218905,2026-10-02T13:31:13.923+05:30,3040,Corporate Bonds
731894,2026-10-01T13:37:38.593+05:30,2412,Corporate Bonds
1837859,2026-10-02T12:11:52.31+05:30,3040,Corporate Bonds
1176497,2026-10-06T08:44:41.542+05:30,2881,Corporate Bonds
167812,2026-10-03T05:33:25.246+05:30,2982,Corporate Bonds
1274116,2026-10-02T23:12:11.608+05:30,2872,Corporate Bonds
2225087,2026-10-04T18:49:46.586+05:30,2412,Corporate Bonds
2061942,2026-10-01T08:46:24.202+05:30,3027,Corporate Bonds
884800,2026-10-06T10:13:38.858+05:30,3027,Corporate Bonds
2232633,2026-10-05T12:21:05.403+05:30,2941,Corporate Bonds
2218648,2026-10-01T11:30:20.733+05:30,1292,High Yield FDs
967381,2026-10-01T14:49:20.581+05:30,2858,Corporate Bonds
2232952,2026-10-05T15:39:48.697+05:30,2769,Corporate Bonds
2111125,2026-10-05T15:40:37.678+05:30,2955,Corporate Bonds
1948120,2026-10-07T12:14:50.933+05:30,3045,Corporate Bonds
1165647,2026-10-06T06:37:07.304+05:30,3040,Corporate Bonds
1574275,2026-10-01T22:49:34.823+05:30,2981,Corporate Bonds
1167597,2026-10-04T22:38:37.857+05:30,2918,Corporate Bonds
2233620,2026-10-05T23:11:59.437+05:30,2881,Corporate Bonds
1633898,2026-10-04T20:54:10.123+05:30,1239,High Yield FDs
1067432,2026-10-01T13:47:09.088+05:30,2981,Corporate Bonds
2219357,2026-10-01T13:23:16.663+05:30,3014,Corporate Bonds
2055439,2026-10-07T15:03:59.2+05:30,3044,Corporate Bonds
1908106,2026-10-07T22:13:56.691+05:30,3044,Corporate Bonds
1781027,2026-10-07T12:58:29.027+05:30,2930,Corporate Bonds
1595513,2026-10-06T09:28:59.133+05:30,2993,XCase
1940292,2026-10-03T19:59:11.43+05:30,2863,Corporate Bonds
1029190,2026-10-01T16:20:35.625+05:30,3014,Corporate Bonds
497979,2026-10-02T16:45:21.953+05:30,2880,Corporate Bonds
2088151,2026-10-01T11:22:36.084+05:30,1873,Corporate Bonds
841170,2026-10-02T09:54:16.605+05:30,3040,Corporate Bonds
2198120,2026-10-04T15:51:38.977+05:30,2964,Corporate Bonds
2224486,2026-10-04T08:44:44.585+05:30,2982,Corporate Bonds
1083216,2026-10-04T16:38:27.547+05:30,2849,Corporate Bonds
2024810,2026-10-07T16:38:18.291+05:30,2767,Corporate Bonds
2235011,2026-10-06T18:37:13.75+05:30,3040,Corporate Bonds
529143,2026-10-01T22:49:42.439+05:30,2433,Corporate Bonds
835734,2026-10-03T09:28:22.561+05:30,2767,Corporate Bonds
1938794,2026-10-03T23:42:24.841+05:30,2881,Corporate Bonds
446432,2026-10-01T09:19:27.124+05:30,2981,Corporate Bonds
2225711,2026-10-01T12:52:50.762+05:30,2781,Corporate Bonds
2195367,2026-10-02T22:38:02.216+05:30,2843,Corporate Bonds
1961958,2026-10-02T23:22:54.342+05:30,2955,Corporate Bonds
512279,2026-10-01T10:47:00.61+05:30,2849,Corporate Bonds
2232686,2026-10-05T13:56:56.905+05:30,3027,Corporate Bonds
2218790,2026-10-02T09:36:35.364+05:30,2954,Corporate Bonds
1171358,2026-10-06T14:16:00.359+05:30,2644,Securitized Debt Instruments
813952,2026-10-02T16:50:38.998+05:30,2930,Corporate Bonds
2228558,2026-10-02T20:43:59.799+05:30,2982,Corporate Bonds
425084,2026-10-06T19:57:23.164+05:30,3044,Corporate Bonds
2145924,2026-10-03T11:17:40.811+05:30,2849,Corporate Bonds
2077616,2026-10-01T07:04:12.909+05:30,2918,Corporate Bonds
1710654,2026-10-06T16:58:39.365+05:30,3027,Corporate Bonds
715100,2026-10-01T07:33:51.842+05:30,2849,Corporate Bonds
2193786,2026-10-04T18:22:36.207+05:30,2930,Corporate Bonds
2039971,2026-10-01T09:40:57.148+05:30,2881,Corporate Bonds
873032,2026-10-01T18:20:24.659+05:30,2930,Corporate Bonds
2226915,2026-10-01T22:46:08.51+05:30,2881,Corporate Bonds
899973,2026-10-04T22:24:14.204+05:30,2895,Corporate Bonds
1162901,2026-10-02T18:09:19.185+05:30,2880,Corporate Bonds
1456528,2026-10-07T06:50:41.017+05:30,2849,Corporate Bonds
1683741,2026-10-04T06:30:58.686+05:30,2982,Corporate Bonds
2212201,2026-10-01T16:56:40.15+05:30,2858,Corporate Bonds
2167819,2026-10-07T15:03:47.911+05:30,3045,Corporate Bonds
2095984,2026-10-04T05:55:07.626+05:30,2895,Corporate Bonds
2220951,2026-10-05T19:13:27.335+05:30,2644,Securitized Debt Instruments
460624,2026-10-07T19:54:17.249+05:30,2604,Corporate Bonds
2229273,2026-10-03T11:45:18.989+05:30,1239,High Yield FDs
2226670,2026-10-02T10:06:24.837+05:30,2907,Corporate Bonds
2193734,2026-10-04T07:10:40.936+05:30,2626,Corporate Bonds
1863992,2026-10-07T20:33:55.261+05:30,3045,Corporate Bonds
1697992,2026-10-07T00:24:53.994+05:30,2907,Corporate Bonds
1798560,2026-10-04T22:11:03.452+05:30,2769,Corporate Bonds
1114428,2026-10-01T18:30:04.36+05:30,3040,Corporate Bonds
175358,2026-10-06T23:13:04.728+05:30,2941,Corporate Bonds
1248065,2026-10-01T14:55:06.614+05:30,2847,Corporate Bonds
2228198,2026-10-06T00:42:15.373+05:30,2941,Corporate Bonds
1781646,2026-10-05T16:22:18.735+05:30,3027,Corporate Bonds
210974,2026-10-01T10:16:18.161+05:30,2752,Corporate Bonds
2185087,2026-10-06T16:50:06.654+05:30,3027,Corporate Bonds
1410104,2026-10-07T16:08:24.293+05:30,3027,Corporate Bonds
25686,2026-10-01T08:10:41.971+05:30,3027,Corporate Bonds
949624,2026-10-05T08:06:54.645+05:30,2752,Corporate Bonds
372356,2026-10-01T23:25:33.961+05:30,2843,Corporate Bonds
2236514,2026-10-07T15:51:02.813+05:30,3044,Corporate Bonds
1298147,2026-10-04T15:35:30.357+05:30,2882,Corporate Bonds
1919495,2026-10-01T01:09:29.465+05:30,2883,Corporate Bonds
1978524,2026-10-06T08:21:38.222+05:30,2412,Corporate Bonds
1586941,2026-10-03T05:40:35.17+05:30,2311,Corporate Bonds
2229381,2026-10-06T16:17:14.642+05:30,2982,Corporate Bonds
52737,2026-10-04T21:30:04.166+05:30,2863,Corporate Bonds
769544,2026-10-07T23:12:49.371+05:30,2335,Corporate Bonds
1694560,2026-10-07T20:58:27.621+05:30,3044,Corporate Bonds
259589,2026-10-01T07:24:54.994+05:30,2881,Corporate Bonds
1697281,2026-10-03T18:22:57.647+05:30,2964,Corporate Bonds
1932694,2026-10-07T12:41:45.026+05:30,2849,Corporate Bonds
1511157,2026-10-07T22:06:30.89+05:30,3044,Corporate Bonds
1973827,2026-10-03T06:23:52.298+05:30,2767,Corporate Bonds
2214747,2026-10-06T15:01:33.285+05:30,2930,Corporate Bonds
1280322,2026-10-02T19:37:49.552+05:30,3027,Corporate Bonds
1830017,2026-10-01T12:23:59.266+05:30,2883,Corporate Bonds
921535,2026-10-02T23:55:51.437+05:30,2981,Corporate Bonds
2215897,2026-10-05T15:28:48.944+05:30,2881,Corporate Bonds
944631,2026-10-02T08:25:08.387+05:30,2981,Corporate Bonds
2234129,2026-10-06T10:03:14.007+05:30,2887,Corporate Bonds
2015807,2026-10-07T18:52:03.696+05:30,3044,Corporate Bonds
2221572,2026-10-04T07:24:12.263+05:30,2982,Corporate Bonds
2226464,2026-10-01T18:10:29.808+05:30,2881,Corporate Bonds
2165371,2026-10-02T17:29:23.795+05:30,2767,Corporate Bonds
2193399,2026-10-06T10:43:09.845+05:30,1239,High Yield FDs
1621770,2026-10-07T16:00:12.219+05:30,3044,Corporate Bonds
2201877,2026-10-02T09:57:33.964+05:30,2868,Corporate Bonds
1480763,2026-10-02T21:50:37.815+05:30,2311,Corporate Bonds
2102595,2026-10-02T09:22:51.654+05:30,2849,Corporate Bonds
465763,2026-10-07T21:24:21.555+05:30,2826,Corporate Bonds
1887905,2026-10-06T21:40:00.384+05:30,3027,Corporate Bonds
1954362,2026-10-07T10:15:26.71+05:30,2907,Corporate Bonds
2216796,2026-10-01T19:07:58.719+05:30,2908,Corporate Bonds
1998231,2026-10-02T14:05:50.704+05:30,2895,Corporate Bonds
821401,2026-10-06T14:57:50.251+05:30,2964,Corporate Bonds
2128122,2026-10-04T17:52:58.614+05:30,1292,High Yield FDs
2190102,2026-10-07T11:46:17.127+05:30,2981,Corporate Bonds
1419432,2026-10-01T10:28:56.633+05:30,2887,Corporate Bonds
1821696,2026-10-03T16:46:35.566+05:30,3026,Corporate Bonds
654547,2026-10-01T23:09:55.692+05:30,2643,Securitized Debt Instruments
2207991,2026-10-03T12:34:09.66+05:30,1239,High Yield FDs
2233101,2026-10-05T17:17:42.581+05:30,2874,Corporate Bonds
1621711,2026-10-03T02:04:21.578+05:30,2922,Corporate Bonds
2174031,2026-10-05T12:51:28.893+05:30,2843,Corporate Bonds
315936,2026-10-02T01:01:47.057+05:30,2849,Corporate Bonds
58628,2026-10-01T22:56:04.771+05:30,3027,Corporate Bonds
715100,2026-10-01T07:38:15.031+05:30,2895,Corporate Bonds
1187225,2026-10-02T16:47:11.546+05:30,2412,Corporate Bonds
877561,2026-10-07T22:55:48.77+05:30,2455,Corporate Bonds
2232755,2026-10-05T13:43:27.97+05:30,2982,Corporate Bonds
1055614,2026-10-06T13:32:35.147+05:30,2917,Corporate Bonds
2198724,2026-10-04T21:05:36.775+05:30,2830,Corporate Bonds
1771715,2026-10-06T01:40:53.299+05:30,2872,Corporate Bonds
2018079,2026-10-05T12:44:36.155+05:30,2981,Corporate Bonds
1318915,2026-10-01T15:35:57.549+05:30,2858,Corporate Bonds
835451,2026-10-03T12:11:12.748+05:30,3027,Corporate Bonds
1736133,2026-10-02T19:11:56.792+05:30,2982,Corporate Bonds
1330738,2026-10-01T12:50:21.042+05:30,2938,Corporate Bonds
1219678,2026-10-07T12:34:22.75+05:30,3044,Corporate Bonds
1736133,2026-10-03T19:54:27.478+05:30,2982,Corporate Bonds
2134101,2026-10-06T21:53:46.537+05:30,2982,Corporate Bonds
2225438,2026-10-01T01:10:36.315+05:30,2873,XCase
1578278,2026-10-06T15:15:59.809+05:30,1239,High Yield FDs
2037800,2026-10-04T21:57:09.717+05:30,2950,Corporate Bonds
1299918,2026-10-07T18:00:17.554+05:30,2477,Corporate Bonds
1091020,2026-10-03T07:18:13.281+05:30,3026,Corporate Bonds
2216241,2026-10-03T12:49:42.055+05:30,2982,Corporate Bonds
2074739,2026-10-04T18:38:56.735+05:30,3027,Corporate Bonds
1667435,2026-10-01T07:57:40.747+05:30,2950,Corporate Bonds
2087457,2026-10-01T06:12:45.698+05:30,2858,Corporate Bonds
997238,2026-10-07T16:28:22.92+05:30,2902,Corporate Bonds
840126,2026-10-04T11:29:10.971+05:30,3027,Corporate Bonds
1616543,2026-10-02T08:57:49.729+05:30,2729,Mutual Funds
303226,2026-10-02T12:56:01.723+05:30,2981,Corporate Bonds
1419432,2026-10-01T10:25:35.768+05:30,2887,Corporate Bonds
2128122,2026-10-05T12:25:45.021+05:30,1292,High Yield FDs
835734,2026-10-06T22:42:03.899+05:30,2842,Corporate Bonds
1868546,2026-10-05T20:58:49.138+05:30,2881,Corporate Bonds
370865,2026-10-01T11:22:56.294+05:30,2981,Corporate Bonds
1725227,2026-10-07T16:51:18.17+05:30,3044,Corporate Bonds
1517198,2026-10-01T16:30:54.124+05:30,2849,Corporate Bonds
2006400,2026-10-03T07:48:36.719+05:30,2981,Corporate Bonds
2043313,2026-10-01T19:59:08.697+05:30,2910,Corporate Bonds
2020440,2026-10-07T19:59:39.593+05:30,3044,Corporate Bonds
2205166,2026-10-04T18:53:12.928+05:30,1239,High Yield FDs
2226539,2026-10-01T19:19:11.255+05:30,2941,Corporate Bonds
1633898,2026-10-04T19:49:48.374+05:30,1239,High Yield FDs
2233760,2026-10-06T01:06:40.318+05:30,2982,Corporate Bonds
2225599,2026-10-01T08:15:03.772+05:30,2941,Corporate Bonds
2142528,2026-10-01T16:38:11.731+05:30,2875,Corporate Bonds
1320718,2026-10-07T17:05:22.74+05:30,3027,Corporate Bonds
2228546,2026-10-03T08:45:47.539+05:30,1292,High Yield FDs
740713,2026-10-01T02:55:42.426+05:30,2858,Corporate Bonds
2111230,2026-10-01T16:56:49.029+05:30,3014,Corporate Bonds
2128404,2026-10-03T19:42:39.654+05:30,2982,Corporate Bonds
1132863,2026-10-02T08:20:08.521+05:30,3040,Corporate Bonds
2038001,2026-10-05T18:03:27.534+05:30,2881,Corporate Bonds
2149213,2026-10-02T22:34:37.837+05:30,3034,Corporate Bonds
993840,2026-10-02T08:43:20.139+05:30,3027,Corporate Bonds
2192184,2026-10-07T14:34:21.834+05:30,3044,Corporate Bonds
2231689,2026-10-04T19:27:07.656+05:30,2849,Corporate Bonds
1684966,2026-10-04T15:40:10.693+05:30,2887,Corporate Bonds
798204,2026-10-01T11:51:19.233+05:30,2880,Corporate Bonds
2228326,2026-10-02T17:56:00.788+05:30,2982,Corporate Bonds
146213,2026-10-07T01:00:34.709+05:30,2955,Corporate Bonds
1632704,2026-10-03T21:56:41.035+05:30,2895,Corporate Bonds
2206679,2026-10-02T09:44:50.57+05:30,2300,Corporate Bonds
1971033,2026-10-01T13:18:15.818+05:30,2941,Corporate Bonds
2095177,2026-10-06T22:04:22.516+05:30,2902,Corporate Bonds
976991,2026-10-07T07:08:33.646+05:30,2902,Corporate Bonds
2030270,2026-10-05T07:56:05.159+05:30,2982,Corporate Bonds
2226723,2026-10-01T21:26:53.802+05:30,2553,Corporate Bonds
1187225,2026-10-02T16:53:49.878+05:30,3027,Corporate Bonds
1556515,2026-10-04T12:28:42.142+05:30,3040,Corporate Bonds
2229558,2026-10-03T14:15:21.827+05:30,2930,Corporate Bonds
1973239,2026-10-03T12:02:29.49+05:30,3027,Corporate Bonds
1965777,2026-10-07T21:19:22.013+05:30,3044,Corporate Bonds
2217270,2026-10-06T11:56:53.118+05:30,3027,Corporate Bonds
778666,2026-10-01T10:38:58.56+05:30,2981,Corporate Bonds
1866270,2026-10-03T16:24:26.558+05:30,2881,Corporate Bonds
2088151,2026-10-01T11:22:38.949+05:30,1873,Corporate Bonds
2074723,2026-10-05T13:09:07.121+05:30,3027,Corporate Bonds
2048633,2026-10-04T17:06:37.156+05:30,3040,Corporate Bonds
711450,2026-10-02T18:46:10.585+05:30,2880,Corporate Bonds
,2026-10-06T17:11:41.533+05:30,2883,Corporate Bonds
2192557,2026-10-02T14:16:56.906+05:30,2930,Corporate Bonds
2231384,2026-10-04T16:53:41.932+05:30,2895,Corporate Bonds
1178195,2026-10-05T15:56:45.987+05:30,2900,Corporate Bonds
1136832,2026-10-07T01:02:29.502+05:30,2849,Corporate Bonds
1843954,2026-10-05T14:07:21.759+05:30,2881,Corporate Bonds
878936,2026-10-02T09:52:28.221+05:30,3040,Corporate Bonds
2220025,2026-10-02T17:43:58.375+05:30,2781,Corporate Bonds
2121074,2026-10-03T14:40:44.824+05:30,3027,Corporate Bonds
2209249,2026-10-05T17:25:54.194+05:30,2881,Corporate Bonds
1609365,2026-10-01T11:38:20.916+05:30,2981,Corporate Bonds
663559,2026-10-05T14:26:55.345+05:30,2930,Corporate Bonds
1781438,2026-10-02T10:39:20.299+05:30,2300,Corporate Bonds
1830073,2026-10-04T13:09:36.123+05:30,2767,Corporate Bonds
637365,2026-10-02T21:15:56.926+05:30,2982,Corporate Bonds
2201068,2026-10-07T09:11:59.133+05:30,2964,Corporate Bonds
2141821,2026-10-05T19:34:26.534+05:30,2872,Corporate Bonds
1298147,2026-10-04T15:36:27.716+05:30,2843,Corporate Bonds
248301,2026-10-07T17:33:22.583+05:30,2941,Corporate Bonds
2144972,2026-10-02T20:19:56.219+05:30,2872,Corporate Bonds
422305,2026-10-04T11:51:47.132+05:30,2982,Corporate Bonds
2119991,2026-10-05T19:49:58.513+05:30,2993,XCase
1937063,2026-10-05T10:58:37.231+05:30,2849,Corporate Bonds
2230260,2026-10-04T22:11:26.284+05:30,2982,Corporate Bonds
2234354,2026-10-06T12:13:56.315+05:30,2881,Corporate Bonds
2229132,2026-10-03T09:07:36.334+05:30,2982,Corporate Bonds
2230854,2026-10-04T10:38:57.888+05:30,2849,Corporate Bonds
2229078,2026-10-05T17:32:22.633+05:30,2842,Corporate Bonds
2208531,2026-10-02T19:40:37.783+05:30,2881,Corporate Bonds
166290,2026-10-05T15:13:22.713+05:30,2883,Corporate Bonds
815212,2026-10-07T08:53:12.435+05:30,1096,High Yield FDs
877824,2026-10-05T16:19:59.512+05:30,2981,Corporate Bonds
846638,2026-10-01T10:23:18.511+05:30,3027,Corporate Bonds
1845003,2026-10-01T12:51:11.82+05:30,2847,Corporate Bonds
1077079,2026-10-01T00:14:36.379+05:30,2858,Corporate Bonds
854710,2026-10-04T06:24:40.582+05:30,2794,Corporate Bonds
2110656,2026-10-03T17:59:48.751+05:30,3026,Corporate Bonds
17515,2026-10-01T11:14:36.351+05:30,2883,Corporate Bonds
1574275,2026-10-03T19:33:58.684+05:30,2626,Corporate Bonds
815442,2026-10-03T22:56:50.281+05:30,2849,Corporate Bonds
1888539,2026-10-01T18:19:53.485+05:30,2767,Corporate Bonds
2231517,2026-10-04T17:32:01.516+05:30,2769,Corporate Bonds
997744,2026-10-06T22:16:09.185+05:30,3044,Corporate Bonds
1419432,2026-10-01T10:25:29.266+05:30,2887,Corporate Bonds
1653299,2026-10-05T07:09:50.92+05:30,2895,Corporate Bonds
2133342,2026-10-07T11:02:57.682+05:30,2930,Corporate Bonds
2222544,2026-10-06T15:37:39.036+05:30,2982,Corporate Bonds
1173863,2026-10-05T11:03:29.282+05:30,2902,Corporate Bonds
1456668,2026-10-05T07:58:51.703+05:30,3027,Corporate Bonds
2133315,2026-10-01T16:05:38.243+05:30,2993,XCase
1501640,2026-10-04T13:33:22.119+05:30,2849,Corporate Bonds
1866453,2026-10-07T08:18:26.87+05:30,2955,Corporate Bonds
1160222,2026-10-06T15:27:51.299+05:30,1239,High Yield FDs
1719545,2026-10-07T20:27:55.728+05:30,3044,Corporate Bonds
1179095,2026-10-02T07:35:13.491+05:30,3040,Corporate Bonds
2176667,2026-10-01T12:13:28.348+05:30,2997,Corporate Bonds
1544049,2026-10-02T18:50:05.23+05:30,2981,Corporate Bonds
2014915,2026-10-02T18:14:06.017+05:30,2964,Corporate Bonds
92735,2026-10-01T17:09:47.007+05:30,2849,Corporate Bonds
2230270,2026-10-04T11:24:41.999+05:30,2895,Corporate Bonds
2234583,2026-10-06T14:13:42.892+05:30,2644,Securitized Debt Instruments
2051282,2026-10-01T11:37:27.384+05:30,2955,Corporate Bonds
2207991,2026-10-03T12:25:32.447+05:30,1239,High Yield FDs
93406,2026-10-05T09:51:39.802+05:30,2895,Corporate Bonds
507489,2026-10-07T11:50:46.365+05:30,2941,Corporate Bonds
1045634,2026-10-01T01:23:32.63+05:30,2849,Corporate Bonds
1265647,2026-10-04T17:19:02.7+05:30,3027,Corporate Bonds
1635186,2026-10-04T12:20:49.413+05:30,2881,Corporate Bonds
1231084,2026-10-01T14:55:45.892+05:30,2858,Corporate Bonds
2127361,2026-10-01T20:17:20.014+05:30,1873,Corporate Bonds
1267555,2026-10-06T16:54:33.519+05:30,2981,Corporate Bonds
1019555,2026-10-03T12:31:33.259+05:30,2981,Corporate Bonds
2095626,2026-10-03T18:23:24.419+05:30,2752,Corporate Bonds
,2026-10-06T17:11:37.449+05:30,2883,Corporate Bonds
1894389,2026-10-04T11:26:38.949+05:30,2982,Corporate Bonds
2229096,2026-10-03T17:25:09.705+05:30,2930,Corporate Bonds
204056,2026-10-04T20:36:37.089+05:30,1292,High Yield FDs
1316091,2026-10-01T21:05:48.597+05:30,2752,Corporate Bonds
2235316,2026-10-06T22:02:44.665+05:30,2902,Corporate Bonds
2232567,2026-10-07T11:21:31.508+05:30,2982,Corporate Bonds
2193862,2026-10-07T19:39:28.672+05:30,3044,Corporate Bonds
1792342,2026-10-03T22:49:52.084+05:30,2982,Corporate Bonds
1661912,2026-10-03T18:59:18.874+05:30,2949,Corporate Bonds
1617217,2026-10-07T09:26:03.393+05:30,2855,Corporate Bonds
2002379,2026-10-01T07:23:21.012+05:30,3027,Corporate Bonds
1868994,2026-10-02T23:18:20.207+05:30,3027,Corporate Bonds
1254972,2026-10-06T20:25:43.645+05:30,2919,Corporate Bonds
1891095,2026-10-03T10:01:52.154+05:30,3027,Corporate Bonds
759980,2026-10-05T09:43:00.733+05:30,2431,Corporate Bonds
2230260,2026-10-05T08:08:15.368+05:30,2982,Corporate Bonds
923611,2026-10-06T21:40:57.091+05:30,3027,Corporate Bonds
1906329,2026-10-03T10:29:14.652+05:30,2849,Corporate Bonds
2081895,2026-10-06T21:41:47.116+05:30,2908,Corporate Bonds
465763,2026-10-07T11:59:02.68+05:30,2843,Corporate Bonds
91531,2026-10-01T13:09:57.404+05:30,3014,Corporate Bonds
2195391,2026-10-05T16:14:41.236+05:30,2955,Corporate Bonds
2138036,2026-10-02T12:38:03.49+05:30,3024,Corporate Bonds
1311988,2026-10-07T20:10:09.382+05:30,3044,Corporate Bonds
2232447,2026-10-05T15:36:55.877+05:30,2982,Corporate Bonds
1188998,2026-10-02T18:28:25.158+05:30,2887,Corporate Bonds
1518751,2026-10-06T09:35:20.778+05:30,2964,Corporate Bonds
2189707,2026-10-06T09:33:18.218+05:30,2981,Corporate Bonds
944593,2026-10-01T03:24:03.031+05:30,2882,Corporate Bonds
786145,2026-10-03T02:45:16.848+05:30,2930,Corporate Bonds
597677,2026-10-01T10:06:14.37+05:30,2881,Corporate Bonds
430995,2026-10-05T15:26:07.072+05:30,3027,Corporate Bonds
2200583,2026-10-07T19:34:18.612+05:30,3044,Corporate Bonds
1400114,2026-10-05T17:22:12.862+05:30,2843,Corporate Bonds
1173613,2026-10-04T14:50:17.928+05:30,3040,Corporate Bonds
1923388,2026-10-02T11:09:06.974+05:30,2993,XCase
2089425,2026-10-07T20:02:26.372+05:30,2604,Corporate Bonds
2019763,2026-10-01T22:33:43.259+05:30,2883,Corporate Bonds
2201730,2026-10-03T19:32:26.45+05:30,2752,Corporate Bonds
2225599,2026-10-04T14:48:48.018+05:30,2982,Corporate Bonds
2231494,2026-10-04T18:32:02.359+05:30,1292,High Yield FDs
2073231,2026-10-01T00:16:32.014+05:30,2982,Corporate Bonds
1471710,2026-10-03T14:51:03.418+05:30,2902,Corporate Bonds
1537405,2026-10-03T23:53:02.634+05:30,2849,Corporate Bonds
1000292,2026-10-03T14:15:08.001+05:30,2930,Corporate Bonds
2143504,2026-10-07T09:55:54.642+05:30,3044,Corporate Bonds
1665728,2026-10-07T22:13:45.871+05:30,2629,Corporate Bonds
1492419,2026-10-01T14:23:29.306+05:30,3027,Corporate Bonds
2233276,2026-10-07T10:30:10.246+05:30,2874,Corporate Bonds
2194838,2026-10-03T18:04:08.175+05:30,2767,Corporate Bonds
854647,2026-10-06T11:08:37.932+05:30,2930,Corporate Bonds
1236387,2026-10-03T19:21:52.5+05:30,2794,Corporate Bonds
939987,2026-10-06T12:11:38.11+05:30,1239,High Yield FDs
2220097,2026-10-03T17:56:00.686+05:30,2311,Corporate Bonds
2120292,2026-10-07T08:21:43.189+05:30,2902,Corporate Bonds
2021908,2026-10-05T15:41:23.841+05:30,3027,Corporate Bonds
2171930,2026-10-02T11:04:57.865+05:30,2849,Corporate Bonds
1302869,2026-10-07T22:16:16.324+05:30,2775,Corporate Bonds
1114557,2026-10-07T08:09:13.089+05:30,2993,XCase
872633,2026-10-01T06:49:28.263+05:30,2982,Corporate Bonds
842739,2026-10-01T01:17:48.172+05:30,2883,Corporate Bonds
2133315,2026-10-01T15:48:23.195+05:30,2847,Corporate Bonds
1935893,2026-10-02T20:57:53.525+05:30,2918,Corporate Bonds
2227052,2026-10-02T20:43:34.118+05:30,2729,Mutual Funds
2058334,2026-10-07T10:44:09.546+05:30,2930,Corporate Bonds
2109711,2026-10-02T20:48:21.877+05:30,1292,High Yield FDs
1004171,2026-10-06T10:20:09.499+05:30,2881,Corporate Bonds
482997,2026-10-01T12:45:41.721+05:30,3027,Corporate Bonds
129524,2026-10-06T16:48:46.773+05:30,2983,Corporate Bonds
2230844,2026-10-04T11:11:17.563+05:30,2982,Corporate Bonds
2022910,2026-10-05T13:29:47.542+05:30,3026,Corporate Bonds
1537443,2026-10-02T20:30:12.634+05:30,2982,Corporate Bonds
2100912,2026-10-06T17:11:08.331+05:30,2883,Corporate Bonds
1167450,2026-10-07T11:10:11.931+05:30,3044,Corporate Bonds
821401,2026-10-06T14:56:33.075+05:30,2412,Corporate Bonds
2155609,2026-10-07T22:42:21.978+05:30,2455,Corporate Bonds
2227700,2026-10-02T14:14:22.08+05:30,2982,Corporate Bonds
1954362,2026-10-05T10:32:51.552+05:30,3027,Corporate Bonds
2039339,2026-10-01T05:53:58.027+05:30,2858,Corporate Bonds
2140512,2026-10-07T00:03:19.405+05:30,2849,Corporate Bonds
1128902,2026-10-07T18:07:33.697+05:30,2775,Corporate Bonds
1443837,2026-10-05T14:23:41.973+05:30,2874,Corporate Bonds
1135678,2026-10-06T19:18:18.01+05:30,2553,Corporate Bonds
605913,2026-10-01T12:04:45.789+05:30,1873,Corporate Bonds
2218557,2026-10-02T09:41:22.282+05:30,2781,Corporate Bonds
627526,2026-10-01T14:54:54.969+05:30,2895,Corporate Bonds
1252187,2026-10-07T09:34:08.715+05:30,2930,Corporate Bonds
1779887,2026-10-01T22:12:23.932+05:30,1292,High Yield FDs
632640,2026-10-07T22:02:03.302+05:30,2837,Corporate Bonds
1641319,2026-10-02T21:32:15.397+05:30,2981,Corporate Bonds
1927121,2026-10-02T22:38:06.573+05:30,2955,Corporate Bonds
893985,2026-10-05T14:01:25.869+05:30,2902,Corporate Bonds
2134096,2026-10-02T09:14:49.94+05:30,2982,Corporate Bonds
831475,2026-10-03T14:55:32.387+05:30,2981,Corporate Bonds
1756345,2026-10-07T04:20:01.576+05:30,2842,Corporate Bonds
2216627,2026-10-07T14:34:43.45+05:30,3044,Corporate Bonds
2216408,2026-10-01T19:28:45.209+05:30,2799,Corporate Bonds
2167753,2026-10-05T09:37:37.626+05:30,2911,Mutual Funds
620045,2026-10-06T05:14:40.207+05:30,2895,Corporate Bonds
2171930,2026-10-02T11:13:23.863+05:30,2955,Corporate Bonds
2021781,2026-10-03T09:31:25.533+05:30,3027,Corporate Bonds
41729,2026-10-01T14:22:52.668+05:30,2872,Corporate Bonds
2152653,2026-10-06T15:10:39.281+05:30,2752,Corporate Bonds
839782,2026-10-02T19:48:11.963+05:30,2955,Corporate Bonds
39005,2026-10-01T02:14:48.88+05:30,2767,Corporate Bonds
2040084,2026-10-07T15:45:00.871+05:30,2843,Corporate Bonds
2233439,2026-10-05T21:15:53.341+05:30,2941,Corporate Bonds
2127644,2026-10-04T19:18:36.438+05:30,3027,Corporate Bonds
1571322,2026-10-02T21:06:19.43+05:30,2981,Corporate Bonds
422288,2026-10-07T16:10:53.344+05:30,3000,Corporate Bonds
1185991,2026-10-05T20:08:30.68+05:30,2881,Corporate Bonds
1987227,2026-10-04T10:34:01.735+05:30,3027,Corporate Bonds
65582,2026-10-06T12:37:02.591+05:30,2881,Corporate Bonds
2218614,2026-10-02T19:45:41.884+05:30,2849,Corporate Bonds
2209190,2026-10-04T09:33:17.965+05:30,2919,Corporate Bonds
1029624,2026-10-02T00:54:27.922+05:30,1239,High Yield FDs
2228677,2026-10-02T21:49:03.266+05:30,2881,Corporate Bonds
2224989,2026-10-01T13:45:09.238+05:30,3025,Corporate Bonds
2127831,2026-10-01T09:57:34.187+05:30,2026,Corporate Bonds
2156286,2026-10-06T13:17:47.441+05:30,3040,Corporate Bonds
2227400,2026-10-02T09:44:09.211+05:30,2849,Corporate Bonds
,2026-10-03T09:05:38.722+05:30,2849,Corporate Bonds
562716,2026-10-07T13:24:41.475+05:30,1239,High Yield FDs
2222857,2026-10-02T08:19:05.392+05:30,2433,Corporate Bonds
2081895,2026-10-06T21:38:24.314+05:30,2863,Corporate Bonds
2139316,2026-10-01T18:22:05.9+05:30,3027,Corporate Bonds
2228600,2026-10-02T20:48:51.96+05:30,2879,Corporate Bonds
1750011,2026-10-01T08:11:25.351+05:30,2982,Corporate Bonds
893908,2026-10-04T19:41:11.646+05:30,2964,Corporate Bonds
766662,2026-10-02T21:25:21.948+05:30,2311,Corporate Bonds
2225385,2026-10-06T12:54:05.501+05:30,3040,Corporate Bonds
1432597,2026-10-05T23:12:04.841+05:30,3040,Corporate Bonds
2150606,2026-10-01T21:54:50.763+05:30,2553,Corporate Bonds
948264,2026-10-05T17:35:19.195+05:30,3027,Corporate Bonds
1621037,2026-10-03T12:17:04.222+05:30,2955,Corporate Bonds
2226605,2026-10-02T20:56:11.468+05:30,2982,Corporate Bonds
2184711,2026-10-02T17:21:32.841+05:30,2982,Corporate Bonds
2006400,2026-10-05T14:19:25.438+05:30,2981,Corporate Bonds
1443953,2026-10-01T08:54:27.061+05:30,2883,Corporate Bonds
1590533,2026-10-03T15:07:17.65+05:30,2849,Corporate Bonds
1358296,2026-10-03T21:05:09.293+05:30,2849,Corporate Bonds
2049645,2026-10-05T16:08:35.351+05:30,2767,Corporate Bonds
1698873,2026-10-04T22:08:50.208+05:30,2840,Corporate Bonds
1643110,2026-10-04T12:41:37.892+05:30,3027,Corporate Bonds
1884286,2026-10-03T13:22:43.231+05:30,2840,Corporate Bonds
2197802,2026-10-02T23:18:57.796+05:30,2982,Corporate Bonds
2035504,2026-10-05T23:35:53.981+05:30,2964,Corporate Bonds
889706,2026-10-02T22:46:51.53+05:30,2812,Corporate Bonds
1043114,2026-10-01T17:03:45.372+05:30,2982,Corporate Bonds
1597838,2026-10-05T17:02:56.656+05:30,2842,Corporate Bonds
1046091,2026-10-07T19:30:01.118+05:30,1292,High Yield FDs
589846,2026-10-07T13:21:30.336+05:30,2883,Corporate Bonds
351771,2026-10-05T08:58:37.472+05:30,2881,Corporate Bonds
2148657,2026-10-04T16:49:45.341+05:30,3040,Corporate Bonds
827675,2026-10-04T11:53:28.332+05:30,2895,Corporate Bonds
786045,2026-10-02T20:38:31.41+05:30,3027,Corporate Bonds
1331419,2026-10-06T22:24:05.637+05:30,2993,XCase
2227742,2026-10-02T13:12:39.332+05:30,2982,Corporate Bonds
967597,2026-10-06T05:10:24.072+05:30,2964,Corporate Bonds
265103,2026-10-05T10:03:13.036+05:30,2880,Corporate Bonds
2042225,2026-10-04T22:59:44.699+05:30,3040,Corporate Bonds
2201068,2026-10-06T12:04:30.086+05:30,2412,Corporate Bonds
1727855,2026-10-07T18:05:08.765+05:30,3044,Corporate Bonds
1075309,2026-10-05T12:08:13.232+05:30,2993,XCase
1059651,2026-10-06T18:06:37.784+05:30,2629,Corporate Bonds
1936126,2026-10-02T08:13:36.889+05:30,3027,Corporate Bonds
2230055,2026-10-03T19:40:44.32+05:30,2955,Corporate Bonds
1744853,2026-10-07T10:18:36.979+05:30,3044,Corporate Bonds
2225855,2026-10-05T11:50:46.52+05:30,2881,Corporate Bonds
1282968,2026-10-04T10:44:19.023+05:30,1095,High Yield FDs
576151,2026-10-02T16:01:46.722+05:30,2981,Corporate Bonds
1003363,2026-10-01T09:16:48.958+05:30,2767,Corporate Bonds
468335,2026-10-06T11:30:11.418+05:30,2769,Corporate Bonds
2232658,2026-10-07T13:01:31.391+05:30,2955,Corporate Bonds
2017752,2026-10-04T21:05:58.097+05:30,3027,Corporate Bonds
1744221,2026-10-01T20:28:12.104+05:30,2643,Securitized Debt Instruments
61212,2026-10-07T06:40:31.58+05:30,2883,Corporate Bonds
1084697,2026-10-07T13:00:14.736+05:30,3045,Corporate Bonds
603523,2026-10-02T14:05:31.687+05:30,2872,Corporate Bonds
2191286,2026-10-05T14:07:34.401+05:30,2881,Corporate Bonds
2067387,2026-10-04T18:06:04.197+05:30,2794,Corporate Bonds
2228125,2026-10-02T15:42:19.626+05:30,2982,Corporate Bonds
274479,2026-10-06T15:22:07.654+05:30,2644,Securitized Debt Instruments
1419126,2026-10-06T13:15:57.452+05:30,2644,Securitized Debt Instruments
2146924,2026-10-02T15:05:07.81+05:30,2982,Corporate Bonds
2145924,2026-10-04T12:26:06.554+05:30,2849,Corporate Bonds
958915,2026-10-03T13:41:40.425+05:30,1239,High Yield FDs
1537123,2026-10-07T11:38:34.983+05:30,3044,Corporate Bonds
1264445,2026-10-01T13:05:59.31+05:30,2941,Corporate Bonds
945322,2026-10-07T13:44:04.276+05:30,2849,Corporate Bonds
963135,2026-10-03T13:07:07.561+05:30,2902,Corporate Bonds
2003242,2026-10-05T08:10:29.004+05:30,3040,Corporate Bonds
2030408,2026-10-04T11:53:19.339+05:30,2431,Corporate Bonds
2225289,2026-10-03T20:00:02.883+05:30,2969,XCase
1736133,2026-10-03T19:54:28.568+05:30,2982,Corporate Bonds
2225445,2026-10-01T01:17:30.399+05:30,2781,Corporate Bonds
1843954,2026-10-05T14:08:57.774+05:30,2881,Corporate Bonds
1789048,2026-10-03T08:18:59.037+05:30,2902,Corporate Bonds
1035911,2026-10-07T12:44:35.474+05:30,2955,Corporate Bonds
2235490,2026-10-06T23:55:21.782+05:30,3044,Corporate Bonds
1364078,2026-10-06T21:56:44.556+05:30,2880,Corporate Bonds
2166807,2026-10-06T11:35:55.451+05:30,2769,Corporate Bonds
1736830,2026-10-07T12:49:41.403+05:30,3044,Corporate Bonds
1635459,2026-10-07T16:24:49.801+05:30,2849,Corporate Bonds
512421,2026-10-03T10:16:05.565+05:30,2752,Corporate Bonds
1014276,2026-10-01T20:38:57.617+05:30,3027,Corporate Bonds
940419,2026-10-02T23:09:44.255+05:30,2992,Corporate Bonds
1321106,2026-10-01T10:14:04.825+05:30,3027,Corporate Bonds
1820625,2026-10-06T15:32:33.939+05:30,2794,Corporate Bonds
2223143,2026-10-03T08:09:44.247+05:30,3026,Corporate Bonds
1418248,2026-10-02T23:26:25.129+05:30,2849,Corporate Bonds
1710730,2026-10-01T11:24:14.372+05:30,2643,Securitized Debt Instruments
1058273,2026-10-06T10:13:12.695+05:30,2895,Corporate Bonds
717380,2026-10-04T04:58:43.49+05:30,3040,Corporate Bonds
2195367,2026-10-02T22:29:50.926+05:30,3027,Corporate Bonds
1187840,2026-10-07T21:16:13.876+05:30,2918,Corporate Bonds
460738,2026-10-06T13:30:19.23+05:30,2842,Corporate Bonds
1046091,2026-10-07T21:53:58.202+05:30,1292,High Yield FDs
1183664,2026-10-03T05:51:41.689+05:30,2969,XCase
1884304,2026-10-02T15:09:34.492+05:30,2964,Corporate Bonds
2074067,2026-10-02T00:23:28.042+05:30,2895,Corporate Bonds
2160840,2026-10-06T19:24:01.031+05:30,2528,Corporate Bonds
1153395,2026-10-07T11:33:30.841+05:30,1292,High Yield FDs
1771515,2026-10-04T17:48:15.885+05:30,2849,Corporate Bonds
1317043,2026-10-06T15:47:26.598+05:30,3026,Corporate Bonds
1823524,2026-10-01T11:19:17.863+05:30,1292,High Yield FDs
2099088,2026-10-03T21:39:38.279+05:30,2849,Corporate Bonds
353601,2026-10-05T15:25:14.15+05:30,2895,Corporate Bonds
1135678,2026-10-02T23:10:44.749+05:30,1873,Corporate Bonds
2026706,2026-10-01T01:14:38.627+05:30,3014,Corporate Bonds
105880,2026-10-04T11:56:51.118+05:30,2930,Corporate Bonds
2119157,2026-10-07T21:32:28.467+05:30,2604,Corporate Bonds
2209190,2026-10-04T11:35:36.621+05:30,2919,Corporate Bonds
1271910,2026-10-01T08:56:31.697+05:30,2874,Corporate Bonds
1002787,2026-10-01T16:01:23.469+05:30,3027,Corporate Bonds
912817,2026-10-01T10:12:19.048+05:30,1873,Corporate Bonds
1761163,2026-10-05T11:50:39.412+05:30,3027,Corporate Bonds
846638,2026-10-01T10:23:16.643+05:30,3027,Corporate Bonds
2228173,2026-10-02T16:23:17.878+05:30,2982,Corporate Bonds
2149464,2026-10-04T05:35:28.035+05:30,2982,Corporate Bonds
2155609,2026-10-07T22:43:01.257+05:30,2455,Corporate Bonds
1120749,2026-10-06T22:15:22.366+05:30,2881,Corporate Bonds
2139149,2026-10-02T11:53:46.228+05:30,3027,Corporate Bonds
1208344,2026-10-01T17:12:22.597+05:30,3027,Corporate Bonds
621512,2026-10-05T11:25:39.748+05:30,2757,Corporate Bonds
243358,2026-10-06T22:28:44.388+05:30,2849,Corporate Bonds
989311,2026-10-07T11:22:04.866+05:30,3044,Corporate Bonds
2103027,2026-10-01T15:58:35.743+05:30,2868,Corporate Bonds
867897,2026-10-01T11:32:10.815+05:30,2883,Corporate Bonds
1661281,2026-10-03T16:44:39.161+05:30,2982,Corporate Bonds
1248065,2026-10-01T14:45:37.081+05:30,2930,Corporate Bonds
2231409,2026-10-05T10:45:01.791+05:30,2982,Corporate Bonds
2216408,2026-10-01T19:34:01.159+05:30,2930,Corporate Bonds
379120,2026-10-05T13:24:32.905+05:30,2880,Corporate Bonds
2223788,2026-10-07T15:25:00.13+05:30,2930,Corporate Bonds
1085871,2026-10-05T21:22:10.664+05:30,2858,Corporate Bonds
1768449,2026-10-03T16:40:25.939+05:30,3027,Corporate Bonds
2229098,2026-10-03T08:37:23.75+05:30,1239,High Yield FDs
1781646,2026-10-05T16:24:07.892+05:30,2955,Corporate Bonds
1736133,2026-10-03T19:54:33.357+05:30,2982,Corporate Bonds
2141772,2026-10-03T17:58:45.056+05:30,2955,Corporate Bonds
787696,2026-10-01T10:56:58+05:30,2981,Corporate Bonds
,2026-10-01T23:51:05.505+05:30,3026,Corporate Bonds
1404813,2026-10-04T15:21:05.272+05:30,3027,Corporate Bonds
2074231,2026-10-01T23:17:40.591+05:30,2849,Corporate Bonds
517141,2026-10-05T00:53:30.919+05:30,3024,Corporate Bonds
1277673,2026-10-03T15:33:50.373+05:30,3027,Corporate Bonds
1068082,2026-10-07T15:18:22.504+05:30,2849,Corporate Bonds
2209399,2026-10-07T12:30:03.084+05:30,2930,Corporate Bonds
930388,2026-10-07T11:24:34.906+05:30,2955,Corporate Bonds
1060067,2026-10-01T09:47:55.041+05:30,2895,Corporate Bonds
514187,2026-10-01T13:54:49.061+05:30,2412,Corporate Bonds
727252,2026-10-07T20:52:52.887+05:30,2334,Corporate Bonds
1004171,2026-10-06T10:18:39.625+05:30,2752,Corporate Bonds
2147089,2026-10-01T18:44:39.51+05:30,2883,Corporate Bonds
1509086,2026-10-03T18:42:31.038+05:30,2981,Corporate Bonds
543334,2026-10-07T14:26:57.367+05:30,3044,Corporate Bonds
1779274,2026-10-05T16:17:21.936+05:30,2930,Corporate Bonds
2102595,2026-10-02T09:55:35.987+05:30,2969,XCase
1002769,2026-10-07T22:15:10.483+05:30,2626,Corporate Bonds
29181,2026-10-01T14:03:15.675+05:30,3014,Corporate Bonds
1154650,2026-10-07T01:47:36.997+05:30,2917,Corporate Bonds
425084,2026-10-06T20:12:03.815+05:30,3044,Corporate Bonds
205954,2026-10-04T17:31:40.134+05:30,2431,Corporate Bonds
1948486,2026-10-04T23:22:14.414+05:30,2849,Corporate Bonds
45651,2026-10-03T12:00:03.81+05:30,2881,Corporate Bonds
926885,2026-10-07T19:56:30.673+05:30,2881,Corporate Bonds
829275,2026-10-06T08:31:37.392+05:30,2895,Corporate Bonds
988989,2026-10-07T16:32:24.991+05:30,3044,Corporate Bonds
2126325,2026-10-07T20:08:09.06+05:30,3044,Corporate Bonds
463080,2026-10-02T22:39:25.852+05:30,3026,Corporate Bonds
866664,2026-10-01T14:28:26.176+05:30,2981,Corporate Bonds
2040385,2026-10-02T09:31:39.671+05:30,2955,Corporate Bonds
2230457,2026-10-04T00:55:54.443+05:30,2881,Corporate Bonds
2234248,2026-10-06T11:27:54.095+05:30,2941,Corporate Bonds
1827212,2026-10-07T18:03:26.921+05:30,3040,Corporate Bonds
1202528,2026-10-06T09:32:12.777+05:30,2880,Corporate Bonds
1258586,2026-10-07T08:25:06.374+05:30,2938,Corporate Bonds
439259,2026-10-01T00:29:04.139+05:30,2643,Securitized Debt Instruments
2180446,2026-10-06T20:10:21.067+05:30,3044,Corporate Bonds
1103845,2026-10-01T16:11:23.61+05:30,2874,Corporate Bonds
1054657,2026-10-03T09:03:50.648+05:30,2993,XCase
2226471,2026-10-03T22:09:45.969+05:30,3026,Corporate Bonds
986139,2026-10-02T00:24:27.98+05:30,2981,Corporate Bonds
802679,2026-10-07T20:38:37.228+05:30,2455,Corporate Bonds
28007,2026-10-06T17:18:15.932+05:30,2887,Corporate Bonds
1815430,2026-10-05T16:31:38.098+05:30,2881,Corporate Bonds
967751,2026-10-03T19:07:26.138+05:30,2930,Corporate Bonds
2230429,2026-10-04T00:22:07.805+05:30,2902,Corporate Bonds
2229078,2026-10-05T17:58:16.748+05:30,2842,Corporate Bonds
1521782,2026-10-03T11:08:02.869+05:30,3027,Corporate Bonds
2222267,2026-10-02T10:31:24.192+05:30,2954,Corporate Bonds
2233899,2026-10-06T18:48:30.49+05:30,2941,Corporate Bonds
2230302,2026-10-04T20:11:19.935+05:30,2922,Corporate Bonds
1790424,2026-10-01T17:59:20.088+05:30,2872,Corporate Bonds
1766392,2026-10-05T13:07:10.73+05:30,3026,Corporate Bonds
2234066,2026-10-06T08:56:41.473+05:30,2941,Corporate Bonds
2226869,2026-10-07T10:15:30.712+05:30,2982,Corporate Bonds
220254,2026-10-03T08:41:48.723+05:30,2982,Corporate Bonds
1703238,2026-10-02T08:57:29.803+05:30,2918,Corporate Bonds
2237185,2026-10-07T23:42:44.075+05:30,2830,Corporate Bonds
1813501,2026-10-01T10:10:47.002+05:30,2849,Corporate Bonds
697628,2026-10-07T17:20:28.273+05:30,2794,Corporate Bonds
720373,2026-10-01T10:23:54.46+05:30,2883,Corporate Bonds
2152653,2026-10-06T20:53:52.182+05:30,3024,Corporate Bonds
2228740,2026-10-02T23:03:38.06+05:30,2982,Corporate Bonds
2062021,2026-10-02T13:14:19.641+05:30,3026,Corporate Bonds
728477,2026-10-05T15:25:16.058+05:30,2843,Corporate Bonds
1584555,2026-10-06T14:33:02.962+05:30,2881,Corporate Bonds
1817900,2026-10-02T20:23:31.702+05:30,3027,Corporate Bonds
1667677,2026-10-01T10:40:06.877+05:30,3025,Corporate Bonds
1068107,2026-10-04T21:34:52.259+05:30,2917,Corporate Bonds
210974,2026-10-07T10:25:30.401+05:30,1292,High Yield FDs
1315916,2026-10-01T20:35:39.374+05:30,2883,Corporate Bonds
65582,2026-10-07T16:16:34.306+05:30,3045,Corporate Bonds
1406588,2026-10-07T18:48:25.869+05:30,3027,Corporate Bonds
2138297,2026-10-06T13:19:45.305+05:30,2629,Corporate Bonds
2227945,2026-10-04T17:48:03.146+05:30,2769,Corporate Bonds
1001804,2026-10-01T11:52:31.691+05:30,3040,Corporate Bonds
1133398,2026-10-07T11:24:46.512+05:30,2941,Corporate Bonds
2159195,2026-10-03T18:36:01.887+05:30,2982,Corporate Bonds
817301,2026-10-01T19:28:09.625+05:30,2881,Corporate Bonds
2227945,2026-10-05T18:47:15.226+05:30,2629,Corporate Bonds
2103493,2026-10-01T12:02:39.375+05:30,2982,Corporate Bonds
457482,2026-10-07T11:46:14.912+05:30,3044,Corporate Bonds
2218905,2026-10-04T15:48:56.599+05:30,2964,Corporate Bonds
2216847,2026-10-02T00:01:06.402+05:30,2849,Corporate Bonds
1727968,2026-10-02T07:44:40.626+05:30,2930,Corporate Bonds
921692,2026-10-04T21:24:28.784+05:30,2918,Corporate Bonds
2227400,2026-10-02T09:45:35.19+05:30,2781,Corporate Bonds
1942084,2026-10-01T07:13:36.038+05:30,2849,Corporate Bonds
655666,2026-10-05T16:01:58.559+05:30,2982,Corporate Bonds
1987572,2026-10-01T15:52:10.985+05:30,2858,Corporate Bonds
515976,2026-10-02T07:27:00.995+05:30,2996,Corporate Bonds
2021781,2026-10-04T22:53:01.055+05:30,2930,Corporate Bonds
824907,2026-10-05T18:17:03.506+05:30,2629,Corporate Bonds
2062494,2026-10-05T17:59:38.716+05:30,2872,Corporate Bonds
2112401,2026-10-02T10:38:00.656+05:30,2981,Corporate Bonds
2225778,2026-10-01T11:57:12.522+05:30,2881,Corporate Bonds
2181016,2026-10-06T16:52:23.583+05:30,2982,Corporate Bonds
2234079,2026-10-06T09:28:01.793+05:30,2895,Corporate Bonds
1021188,2026-10-03T09:49:46.445+05:30,2794,Corporate Bonds
1907003,2026-10-02T20:21:47.253+05:30,2925,Corporate Bonds
1897130,2026-10-05T12:41:45.905+05:30,3027,Corporate Bonds
1770876,2026-10-04T11:21:11.543+05:30,2955,Corporate Bonds
1736133,2026-10-03T19:54:29.175+05:30,2982,Corporate Bonds
972117,2026-10-06T22:13:11.951+05:30,2930,Corporate Bonds
325842,2026-10-03T20:37:07.51+05:30,1239,High Yield FDs
2234446,2026-10-06T12:59:16.567+05:30,2881,Corporate Bonds
1049287,2026-10-05T15:11:54.266+05:30,2887,Corporate Bonds
743174,2026-10-06T09:24:38.335+05:30,2843,Corporate Bonds
1520261,2026-10-03T11:12:34.525+05:30,2981,Corporate Bonds
1040009,2026-10-06T20:26:52.309+05:30,3044,Corporate Bonds
2228355,2026-10-02T19:19:23.24+05:30,1292,High Yield FDs
962528,2026-10-02T20:25:03.959+05:30,2902,Corporate Bonds
2117601,2026-10-01T19:11:16.051+05:30,2969,XCase
2231073,2026-10-05T20:08:27.912+05:30,3027,Corporate Bonds
987405,2026-10-03T22:36:08.32+05:30,2955,Corporate Bonds
2234766,2026-10-07T09:09:17.098+05:30,1292,High Yield FDs
779645,2026-10-07T11:14:37.755+05:30,2930,Corporate Bonds
2228974,2026-10-03T05:55:27.357+05:30,2840,Corporate Bonds
2227966,2026-10-02T14:30:56.727+05:30,1239,High Yield FDs
1348589,2026-10-07T18:09:31.832+05:30,3044,Corporate Bonds
1766392,2026-10-05T12:58:05.053+05:30,3026,Corporate Bonds
2128122,2026-10-05T12:41:50.8+05:30,1292,High Yield FDs
2182594,2026-10-05T15:08:43.826+05:30,2412,Corporate Bonds
1818634,2026-10-02T14:18:52.677+05:30,2982,Corporate Bonds
772632,2026-10-06T11:31:24.533+05:30,2969,XCase
1082152,2026-10-02T07:32:19.279+05:30,2849,Corporate Bonds
2229959,2026-10-03T19:28:49.483+05:30,2849,Corporate Bonds
692495,2026-10-07T10:40:06.776+05:30,3027,Corporate Bonds
731578,2026-10-03T21:24:05.399+05:30,2875,Corporate Bonds
2219254,2026-10-01T20:29:24.455+05:30,2863,Corporate Bonds
2216568,2026-10-02T10:31:24.401+05:30,1873,Corporate Bonds
2225284,2026-10-02T13:04:05.088+05:30,3027,Corporate Bonds
2134775,2026-10-02T19:23:12.786+05:30,2895,Corporate Bonds
1797794,2026-10-05T00:47:38.748+05:30,3040,Corporate Bonds
2234348,2026-10-06T12:24:29.977+05:30,2729,Mutual Funds
2133315,2026-10-05T13:43:14.655+05:30,1239,High Yield FDs
2212866,2026-10-01T06:54:18.152+05:30,2881,Corporate Bonds
1479380,2026-10-02T23:02:47.84+05:30,2881,Corporate Bonds
822936,2026-10-05T17:12:41.399+05:30,2981,Corporate Bonds
2225385,2026-10-06T13:10:02.079+05:30,2930,Corporate Bonds
2152567,2026-10-01T11:22:24.507+05:30,2982,Corporate Bonds
2156404,2026-10-01T17:39:38.35+05:30,2955,Corporate Bonds
2232919,2026-10-05T16:10:09.903+05:30,3027,Corporate Bonds
1605727,2026-10-06T12:03:24.348+05:30,2941,Corporate Bonds
1813501,2026-10-01T10:10:43.382+05:30,2849,Corporate Bonds
2180022,2026-10-07T17:48:28.326+05:30,3040,Corporate Bonds
1525926,2026-10-06T03:21:29.565+05:30,2895,Corporate Bonds
756726,2026-10-03T20:59:19.448+05:30,2840,Corporate Bonds
46908,2026-10-01T17:17:50.669+05:30,2881,Corporate Bonds
2064225,2026-10-01T10:53:00.942+05:30,2842,Corporate Bonds
2074231,2026-10-02T11:13:34.717+05:30,2849,Corporate Bonds
1553714,2026-10-07T23:54:52.85+05:30,3044,Corporate Bonds
1035911,2026-10-07T12:21:47.653+05:30,2955,Corporate Bonds
2231923,2026-10-04T22:09:51.357+05:30,2982,Corporate Bonds
2229747,2026-10-05T14:43:15.431+05:30,2906,Corporate Bonds
2187343,2026-10-06T22:49:30.238+05:30,3026,Corporate Bonds
28007,2026-10-06T17:20:53.85+05:30,2881,Corporate Bonds
1825529,2026-10-05T11:30:54.573+05:30,2930,Corporate Bonds
1711446,2026-10-02T11:25:05.054+05:30,3040,Corporate Bonds
1790073,2026-10-06T22:35:57.006+05:30,2895,Corporate Bonds
2169335,2026-10-05T09:19:55.283+05:30,2626,Corporate Bonds
1910148,2026-10-04T11:09:08.76+05:30,2955,Corporate Bonds
2229094,2026-10-03T10:00:36.502+05:30,2729,Mutual Funds
2221169,2026-10-02T23:27:55.797+05:30,2849,Corporate Bonds
2226341,2026-10-05T17:12:41.304+05:30,2644,Securitized Debt Instruments
1289317,2026-10-03T23:18:36.881+05:30,2930,Corporate Bonds
998035,2026-10-01T23:33:15.998+05:30,2843,Corporate Bonds
2225087,2026-10-04T18:50:38.096+05:30,2412,Corporate Bonds
1597480,2026-10-01T19:23:12.395+05:30,2883,Corporate Bonds
1254429,2026-10-01T16:22:39.662+05:30,2947,Corporate Bonds
2234111,2026-10-06T09:32:57.003+05:30,3026,Corporate Bonds
1234986,2026-10-07T09:30:58.18+05:30,2950,Corporate Bonds
2225065,2026-10-03T13:56:18.857+05:30,2906,Corporate Bonds
2167421,2026-10-01T08:48:02.128+05:30,2964,Corporate Bonds
955600,2026-10-04T11:28:45.749+05:30,1239,High Yield FDs
1076008,2026-10-03T08:10:16.694+05:30,2849,Corporate Bonds
,2026-10-04T13:56:54.85+05:30,2881,Corporate Bonds
529143,2026-10-01T22:47:51.169+05:30,2433,Corporate Bonds
1491751,2026-10-07T13:42:17.554+05:30,3044,Corporate Bonds
2180446,2026-10-06T20:11:45.279+05:30,3044,Corporate Bonds
2228561,2026-10-02T20:35:11.412+05:30,2982,Corporate Bonds
1926112,2026-10-07T12:16:45.693+05:30,2842,Corporate Bonds
2226079,2026-10-02T12:50:22.115+05:30,2794,Corporate Bonds
2209188,2026-10-01T22:20:09.07+05:30,2757,Corporate Bonds
2065541,2026-10-02T21:48:22.833+05:30,2311,Corporate Bonds
2188392,2026-10-06T19:15:33.658+05:30,1239,High Yield FDs
2226869,2026-10-01T22:28:03.621+05:30,1292,High Yield FDs
1736133,2026-10-02T19:11:59.122+05:30,2982,Corporate Bonds
2229273,2026-10-03T12:14:36.44+05:30,1239,High Yield FDs
2076036,2026-10-06T11:38:11.975+05:30,3027,Corporate Bonds
2235995,2026-10-07T10:41:13.079+05:30,2941,Corporate Bonds
1311201,2026-10-07T05:54:05.158+05:30,3044,Corporate Bonds
2150973,2026-10-01T21:00:47.052+05:30,2981,Corporate Bonds
1736133,2026-10-03T19:54:33.477+05:30,2982,Corporate Bonds
2232113,2026-10-05T01:22:18.471+05:30,2880,Corporate Bonds
974107,2026-10-01T23:48:30.169+05:30,1239,High Yield FDs
2224172,2026-10-01T11:23:47.097+05:30,2412,Corporate Bonds
954825,2026-10-02T12:38:11.837+05:30,2594,Corporate Bonds
2201667,2026-10-02T22:00:40.54+05:30,2955,Corporate Bonds
1531242,2026-10-06T22:18:59.154+05:30,2842,Corporate Bonds
2226491,2026-10-01T23:46:31.776+05:30,1095,High Yield FDs
1170276,2026-10-05T16:27:18.779+05:30,2955,Corporate Bonds
986980,2026-10-06T14:54:48.186+05:30,2902,Corporate Bonds
1141438,2026-10-02T07:41:51.181+05:30,2757,Corporate Bonds
1744844,2026-10-02T08:57:58.15+05:30,2969,XCase
465763,2026-10-07T21:19:01.192+05:30,2629,Corporate Bonds
721440,2026-10-01T20:21:38.805+05:30,2955,Corporate Bonds
1192386,2026-10-03T19:09:42.888+05:30,2982,Corporate Bonds
1616237,2026-10-02T08:40:00.803+05:30,2881,Corporate Bonds
731894,2026-10-01T13:40:01.297+05:30,2412,Corporate Bonds
2220184,2026-10-05T14:41:18.869+05:30,3027,Corporate Bonds
2204726,2026-10-07T14:18:13.504+05:30,2941,Corporate Bonds
2236863,2026-10-07T19:26:47.798+05:30,2808,Corporate Bonds
1168352,2026-10-06T18:01:26.194+05:30,3027,Corporate Bonds
1645221,2026-10-07T17:22:56.524+05:30,2911,Mutual Funds
2229501,2026-10-06T11:17:03.355+05:30,2930,Corporate Bonds
960002,2026-10-07T07:31:21.784+05:30,2906,Corporate Bonds
1665415,2026-10-03T13:07:11.668+05:30,2880,Corporate Bonds
879091,2026-10-05T21:40:33.286+05:30,3027,Corporate Bonds
1671982,2026-10-01T16:35:29.257+05:30,2729,Mutual Funds
742215,2026-10-04T22:18:28.175+05:30,2881,Corporate Bonds
2221057,2026-10-03T20:09:36.9+05:30,3027,Corporate Bonds
64295,2026-10-01T14:29:42.759+05:30,2643,Securitized Debt Instruments
1397670,2026-10-03T18:12:11.074+05:30,2982,Corporate Bonds
2231380,2026-10-04T16:02:00.553+05:30,2849,Corporate Bonds
1982898,2026-10-03T16:21:24.53+05:30,1239,High Yield FDs
2226491,2026-10-03T20:50:11.404+05:30,2626,Corporate Bonds
1424837,2026-10-07T00:00:43.949+05:30,3027,Corporate Bonds
2226079,2026-10-01T16:39:52.457+05:30,1873,Corporate Bonds
1628499,2026-10-07T11:01:19.847+05:30,2917,Corporate Bonds
2043313,2026-10-01T10:43:27.319+05:30,2926,Corporate Bonds
1558680,2026-10-02T13:01:07.761+05:30,2926,Corporate Bonds
2018079,2026-10-06T13:18:44.11+05:30,3040,Corporate Bonds
2200719,2026-10-02T09:56:31.027+05:30,2311,Corporate Bonds
2133315,2026-10-05T14:24:46.182+05:30,1239,High Yield FDs
2139864,2026-10-02T23:54:16.715+05:30,2881,Corporate Bonds
2235244,2026-10-06T21:37:07.227+05:30,3040,Corporate Bonds
620045,2026-10-06T21:00:31.051+05:30,2883,Corporate Bonds
731532,2026-10-07T13:41:49.951+05:30,3044,Corporate Bonds
2231546,2026-10-04T18:43:06.425+05:30,2982,Corporate Bonds
1779542,2026-10-01T22:14:00.989+05:30,2982,Corporate Bonds
652463,2026-10-03T16:09:30.318+05:30,3027,Corporate Bonds
2180022,2026-10-07T17:01:12.971+05:30,3040,Corporate Bonds
1209601,2026-10-01T14:47:25.652+05:30,2767,Corporate Bonds
2224172,2026-10-01T11:39:32.207+05:30,3027,Corporate Bonds
1073532,2026-10-05T16:05:59.211+05:30,2882,Corporate Bonds
2224361,2026-10-06T21:05:00.261+05:30,2982,Corporate Bonds
1492347,2026-10-06T06:54:42.617+05:30,2858,Corporate Bonds
780183,2026-10-03T12:01:31.234+05:30,2757,Corporate Bonds
2236787,2026-10-07T19:01:53.56+05:30,2477,Corporate Bonds
2152780,2026-10-02T09:53:55.442+05:30,3027,Corporate Bonds
2226605,2026-10-06T06:55:03.797+05:30,2982,Corporate Bonds
64311,2026-10-03T20:07:41.948+05:30,2849,Corporate Bonds
2234054,2026-10-06T08:49:54.509+05:30,2881,Corporate Bonds
2111255,2026-10-07T09:48:37.747+05:30,2907,Corporate Bonds
1410235,2026-10-06T12:48:51.721+05:30,2964,Corporate Bonds
1638967,2026-10-03T23:23:12.133+05:30,2930,Corporate Bonds
30370,2026-10-07T09:19:26.848+05:30,3027,Corporate Bonds
888940,2026-10-02T13:58:19.938+05:30,2872,Corporate Bonds
2031924,2026-10-07T23:27:51.326+05:30,3044,Corporate Bonds
1518751,2026-10-06T09:38:40.671+05:30,2644,Securitized Debt Instruments
1673126,2026-10-02T20:34:57.922+05:30,2964,Corporate Bonds
213095,2026-10-02T23:47:54.56+05:30,2833,Corporate Bonds
2137230,2026-10-02T08:27:50.097+05:30,2855,Corporate Bonds
1663853,2026-10-02T16:47:47.617+05:30,3027,Corporate Bonds
2217136,2026-10-04T07:39:57.027+05:30,3040,Corporate Bonds
1302869,2026-10-04T20:02:20.372+05:30,2926,Corporate Bonds
1762784,2026-10-07T08:49:41.291+05:30,3027,Corporate Bonds
2233416,2026-10-07T12:20:31.902+05:30,1239,High Yield FDs
331804,2026-10-07T00:25:48.482+05:30,3044,Corporate Bonds
253125,2026-10-07T15:20:27.774+05:30,2882,Corporate Bonds
2224124,2026-10-01T08:43:53.222+05:30,2864,Corporate Bonds
740392,2026-10-03T12:29:58.01+05:30,2930,Corporate Bonds
370865,2026-10-01T11:22:59.571+05:30,2981,Corporate Bonds
906294,2026-10-07T21:28:25.336+05:30,3045,Corporate Bonds
2138404,2026-10-05T12:41:38.224+05:30,2431,Corporate Bonds
724480,2026-10-05T16:42:15.437+05:30,3027,Corporate Bonds
2167834,2026-10-06T12:16:00.016+05:30,2982,Corporate Bonds
2228040,2026-10-03T19:38:24.045+05:30,2895,Corporate Bonds
1786270,2026-10-02T17:37:54.407+05:30,2794,Corporate Bonds
2218090,2026-10-01T19:49:28.99+05:30,1292,High Yield FDs
1003385,2026-10-03T08:35:34.464+05:30,2981,Corporate Bonds
1076865,2026-10-04T16:12:11.906+05:30,2986,Corporate Bonds
2229081,2026-10-03T17:22:33.3+05:30,2849,Corporate Bonds
904750,2026-10-02T17:53:29.004+05:30,2626,Corporate Bonds
1752605,2026-10-01T12:37:31.747+05:30,2941,Corporate Bonds
2231695,2026-10-07T21:49:07.095+05:30,2864,Corporate Bonds
2222404,2026-10-01T07:47:15.506+05:30,2982,Corporate Bonds
1533396,2026-10-01T21:47:30.827+05:30,1239,High Yield FDs
2082064,2026-10-06T15:48:41.6+05:30,2930,Corporate Bonds
2229747,2026-10-05T14:41:55.939+05:30,2941,Corporate Bonds
1514346,2026-10-04T21:46:27.01+05:30,2843,Corporate Bonds
17515,2026-10-01T11:14:44.433+05:30,2883,Corporate Bonds
874904,2026-10-03T23:21:22.833+05:30,2895,Corporate Bonds
2233176,2026-10-05T18:47:19.984+05:30,2887,Corporate Bonds
969511,2026-10-05T08:35:00.079+05:30,3027,Corporate Bonds
889706,2026-10-02T22:50:31.17+05:30,2812,Corporate Bonds
353601,2026-10-05T22:46:53.19+05:30,2955,Corporate Bonds
1232441,2026-10-07T10:17:13.847+05:30,3027,Corporate Bonds
838588,2026-10-03T21:56:31.516+05:30,3024,Corporate Bonds
8059,2026-10-05T11:15:45.902+05:30,2895,Corporate Bonds
2176371,2026-10-02T22:58:59.254+05:30,2781,Corporate Bonds
1812739,2026-10-07T12:03:40.561+05:30,3040,Corporate Bonds
1724908,2026-10-04T15:02:27.409+05:30,3027,Corporate Bonds
945322,2026-10-05T10:26:34.789+05:30,2849,Corporate Bonds
2233350,2026-10-05T20:20:20.612+05:30,2895,Corporate Bonds
708387,2026-10-06T19:36:36.522+05:30,1292,High Yield FDs
1439400,2026-10-07T12:22:13.22+05:30,2729,Mutual Funds
1439096,2026-10-02T10:13:48.475+05:30,2955,Corporate Bonds
590430,2026-10-05T13:37:29.514+05:30,2868,Corporate Bonds
1451149,2026-10-07T12:55:18.931+05:30,2872,Corporate Bonds
1687920,2026-10-07T11:00:57.118+05:30,3044,Corporate Bonds
1153469,2026-10-02T03:34:06.574+05:30,2774,Corporate Bonds
18534,2026-10-01T20:11:27.447+05:30,2781,Corporate Bonds
1980227,2026-10-06T00:24:52.049+05:30,2858,Corporate Bonds
1736133,2026-10-03T19:54:33.827+05:30,2982,Corporate Bonds
2079044,2026-10-07T14:14:20.087+05:30,2477,Corporate Bonds
1677306,2026-10-03T12:48:53.321+05:30,2981,Corporate Bonds
1793525,2026-10-06T13:45:55.636+05:30,1292,High Yield FDs
937680,2026-10-07T17:31:17.571+05:30,2930,Corporate Bonds
1039469,2026-10-07T20:29:32.813+05:30,2843,Corporate Bonds
1520427,2026-10-06T02:06:47.054+05:30,2644,Securitized Debt Instruments
454896,2026-10-02T21:00:31.449+05:30,2849,Corporate Bonds
779645,2026-10-07T11:14:17.054+05:30,2930,Corporate Bonds
1125648,2026-10-07T07:53:09.344+05:30,2981,Corporate Bonds
1418018,2026-10-04T20:45:57.094+05:30,3027,Corporate Bonds
2102733,2026-10-06T20:51:16.687+05:30,3044,Corporate Bonds
1538855,2026-10-02T14:03:10.313+05:30,2881,Corporate Bonds
906294,2026-10-07T21:30:10.068+05:30,3045,Corporate Bonds
730742,2026-10-04T18:35:12.161+05:30,1292,High Yield FDs
1135021,2026-10-02T17:41:40.568+05:30,2767,Corporate Bonds
2166373,2026-10-04T10:18:54.749+05:30,2849,Corporate Bonds
2231186,2026-10-04T13:42:30.723+05:30,2982,Corporate Bonds
302077,2026-10-05T20:33:29.208+05:30,2964,Corporate Bonds
2138404,2026-10-05T12:59:01.8+05:30,2887,Corporate Bonds
177185,2026-10-07T21:18:24.27+05:30,2881,Corporate Bonds
897864,2026-10-01T20:37:04.803+05:30,2964,Corporate Bonds
982890,2026-10-07T17:51:11.642+05:30,3044,Corporate Bonds
1818003,2026-10-06T11:44:07.049+05:30,2907,Corporate Bonds
2227700,2026-10-02T14:00:51.434+05:30,2982,Corporate Bonds
1884304,2026-10-02T19:30:21.404+05:30,2964,Corporate Bonds
1390320,2026-10-06T11:38:27.466+05:30,3027,Corporate Bonds
2228558,2026-10-02T20:38:24.261+05:30,2982,Corporate Bonds
2225869,2026-10-01T11:54:29.173+05:30,2781,Corporate Bonds
1916307,2026-10-04T17:45:55.357+05:30,3027,Corporate Bonds
178464,2026-10-02T23:05:54.354+05:30,2880,Corporate Bonds
2216665,2026-10-01T11:27:27.949+05:30,1239,High Yield FDs
1266788,2026-10-06T21:33:52.589+05:30,2880,Corporate Bonds
63755,2026-10-07T16:30:41.61+05:30,2774,Corporate Bonds
1713037,2026-10-01T10:20:32.826+05:30,3027,Corporate Bonds
1851813,2026-10-01T13:20:55.459+05:30,2847,Corporate Bonds
1039595,2026-10-03T23:00:49.107+05:30,2781,Corporate Bonds
910784,2026-10-02T17:38:02.853+05:30,2950,Corporate Bonds
879091,2026-10-03T02:06:38.618+05:30,2981,Corporate Bonds
1909464,2026-10-01T19:33:15.775+05:30,2849,Corporate Bonds
1668599,2026-10-05T20:28:10.074+05:30,2883,Corporate Bonds
2005372,2026-10-02T14:45:18.22+05:30,2881,Corporate Bonds
,2026-10-07T15:55:11.22+05:30,3045,Corporate Bonds
1590498,2026-10-07T11:22:22.54+05:30,3044,Corporate Bonds
1789048,2026-10-06T23:32:32.855+05:30,2930,Corporate Bonds
1514346,2026-10-04T21:35:29.33+05:30,2930,Corporate Bonds
1771184,2026-10-01T08:10:13.218+05:30,2858,Corporate Bonds
2223990,2026-10-05T10:48:39.905+05:30,2955,Corporate Bonds
2208883,2026-10-06T12:21:29.157+05:30,2752,Corporate Bonds
850815,2026-10-02T01:38:49.808+05:30,3040,Corporate Bonds
41077,2026-10-06T10:51:56.903+05:30,2794,Corporate Bonds
2229486,2026-10-03T12:51:50.961+05:30,2729,Mutual Funds
2145347,2026-10-02T23:27:40.069+05:30,2412,Corporate Bonds
1107262,2026-10-05T07:46:17.549+05:30,2902,Corporate Bonds
2175089,2026-10-06T15:08:02.666+05:30,2895,Corporate Bonds
2232367,2026-10-05T09:40:24.808+05:30,2882,Corporate Bonds
335021,2026-10-02T11:47:22.772+05:30,2954,Corporate Bonds
1310444,2026-10-01T19:17:58.836+05:30,1873,Corporate Bonds
1419432,2026-10-01T10:25:18.237+05:30,2887,Corporate Bonds
2223447,2026-10-03T07:42:29.681+05:30,2881,Corporate Bonds
2204280,2026-10-01T17:34:18.937+05:30,3024,Corporate Bonds
2237185,2026-10-07T23:40:53.465+05:30,2868,Corporate Bonds
2110656,2026-10-04T19:40:59.129+05:30,3026,Corporate Bonds
1153469,2026-10-02T03:33:18.973+05:30,2774,Corporate Bonds
588206,2026-10-04T22:46:39.164+05:30,2922,Corporate Bonds
961169,2026-10-07T10:07:30.861+05:30,2981,Corporate Bonds
1431051,2026-10-02T08:45:30.447+05:30,3040,Corporate Bonds
2200377,2026-10-05T17:54:02.434+05:30,3040,Corporate Bonds
1830017,2026-10-01T12:23:18.669+05:30,2883,Corporate Bonds
1252187,2026-10-07T09:36:45.237+05:30,2880,Corporate Bonds
2179123,2026-10-05T09:56:09.936+05:30,2767,Corporate Bonds
2069911,2026-10-03T20:12:35.022+05:30,2969,XCase
1264165,2026-10-07T10:03:20.582+05:30,2910,Corporate Bonds
2169851,2026-10-02T12:26:41.83+05:30,1292,High Yield FDs
2225482,2026-10-01T02:13:43.054+05:30,2947,Corporate Bonds
85749,2026-10-01T06:08:46.509+05:30,2858,Corporate Bonds
468335,2026-10-05T17:45:54.326+05:30,2769,Corporate Bonds
1794424,2026-10-07T10:19:27.305+05:30,3044,Corporate Bonds
1173613,2026-10-01T18:37:17.52+05:30,3040,Corporate Bonds
1967446,2026-10-02T21:24:54.709+05:30,3027,Corporate Bonds
2106356,2026-10-01T22:39:53.974+05:30,2833,Corporate Bonds
106349,2026-10-06T22:36:50.324+05:30,3027,Corporate Bonds
2059779,2026-10-01T13:28:24.945+05:30,2883,Corporate Bonds
2107139,2026-10-07T20:24:38.112+05:30,3044,Corporate Bonds
1511455,2026-10-07T13:26:58.666+05:30,3045,Corporate Bonds
1605727,2026-10-06T11:25:13.561+05:30,2982,Corporate Bonds
1508283,2026-10-06T12:37:46.061+05:30,3027,Corporate Bonds
2125934,2026-10-03T06:23:21.128+05:30,2868,Corporate Bonds
2219356,2026-10-03T16:53:28.627+05:30,2981,Corporate Bonds
382025,2026-10-04T12:05:38.806+05:30,2982,Corporate Bonds
912676,2026-10-05T11:44:19.882+05:30,2769,Corporate Bonds
1389154,2026-10-01T17:54:04.495+05:30,2849,Corporate Bonds
723420,2026-10-06T19:50:42.715+05:30,2964,Corporate Bonds
1357945,2026-10-01T15:44:11.203+05:30,3027,Corporate Bonds
1083216,2026-10-04T16:04:21.127+05:30,2993,XCase
53541,2026-10-06T09:28:29.973+05:30,2858,Corporate Bonds
2220195,2026-10-06T15:47:15.218+05:30,2941,Corporate Bonds
2074067,2026-10-03T23:00:06.429+05:30,2412,Corporate Bonds
1998626,2026-10-01T22:21:58.824+05:30,2930,Corporate Bonds
18534,2026-10-01T19:39:48.418+05:30,2982,Corporate Bonds
1053855,2026-10-03T14:38:16.296+05:30,2881,Corporate Bonds
2231850,2026-10-07T16:41:50.603+05:30,3045,Corporate Bonds
2233483,2026-10-05T21:44:12.126+05:30,2881,Corporate Bonds
1405774,2026-10-01T16:04:46.4+05:30,3014,Corporate Bonds
2217656,2026-10-01T10:18:25.691+05:30,3026,Corporate Bonds
318328,2026-10-02T18:55:19.576+05:30,3025,Corporate Bonds
1797150,2026-10-03T21:16:44.453+05:30,2863,Corporate Bonds
1830017,2026-10-01T12:23:34.211+05:30,2883,Corporate Bonds
1112581,2026-10-05T13:57:41.701+05:30,3027,Corporate Bonds
1042058,2026-10-05T14:08:25.825+05:30,2883,Corporate Bonds
874904,2026-10-06T19:43:34.954+05:30,2880,Corporate Bonds
2230187,2026-10-03T20:43:54.729+05:30,2881,Corporate Bonds
1910230,2026-10-04T14:34:33.857+05:30,2907,Corporate Bonds
1554872,2026-10-07T05:22:39.095+05:30,2930,Corporate Bonds
474594,2026-10-07T22:24:54.278+05:30,2477,Corporate Bonds
2138783,2026-10-06T16:41:45.063+05:30,3027,Corporate Bonds
521681,2026-10-06T16:33:39.39+05:30,3027,Corporate Bonds
1881802,2026-10-07T09:46:56.798+05:30,2881,Corporate Bonds
2072913,2026-10-04T08:00:05.057+05:30,2902,Corporate Bonds
454963,2026-10-07T07:30:53.028+05:30,2981,Corporate Bonds
2096567,2026-10-05T12:47:27.199+05:30,2964,Corporate Bonds
1064908,2026-10-06T09:32:50.015+05:30,2872,Corporate Bonds
2168232,2026-10-01T16:30:03.529+05:30,2626,Corporate Bonds
766662,2026-10-02T21:11:57.838+05:30,2311,Corporate Bonds
2040152,2026-10-07T09:17:24.118+05:30,3040,Corporate Bonds
2068503,2026-10-05T16:20:32.353+05:30,2918,Corporate Bonds
988989,2026-10-04T07:59:27.906+05:30,3027,Corporate Bonds
2225752,2026-10-01T10:21:02.499+05:30,2881,Corporate Bonds
2226471,2026-10-03T06:54:18.749+05:30,3025,Corporate Bonds
2015807,2026-10-07T18:53:44.707+05:30,3044,Corporate Bonds
1736133,2026-10-02T19:11:55.522+05:30,2982,Corporate Bonds
162737,2026-10-01T23:37:22.226+05:30,2993,XCase
1404486,2026-10-04T16:52:57.688+05:30,2843,Corporate Bonds
2229542,2026-10-03T13:40:12.556+05:30,2626,Corporate Bonds
1726432,2026-10-06T23:32:21.471+05:30,3027,Corporate Bonds
2223043,2026-10-02T20:47:04.669+05:30,2919,Corporate Bonds
2156061,2026-10-03T15:04:06.574+05:30,2969,XCase
2188571,2026-10-06T23:26:44.05+05:30,1292,High Yield FDs
2218856,2026-10-01T21:06:55.845+05:30,2982,Corporate Bonds
1520339,2026-10-04T16:44:19.872+05:30,1095,High Yield FDs
1019555,2026-10-02T12:58:58.217+05:30,2849,Corporate Bonds
2229716,2026-10-03T16:20:22.641+05:30,2982,Corporate Bonds
1787756,2026-10-02T23:24:49.539+05:30,1873,Corporate Bonds
1205735,2026-10-05T14:08:53.68+05:30,3027,Corporate Bonds
465763,2026-10-07T12:29:57.629+05:30,3040,Corporate Bonds
210974,2026-10-01T10:16:21.925+05:30,2752,Corporate Bonds
2179394,2026-10-03T08:53:15.127+05:30,2311,Corporate Bonds
1727475,2026-10-03T18:41:17.925+05:30,2917,Corporate Bonds
2012085,2026-10-03T13:33:55.298+05:30,2907,Corporate Bonds
1169373,2026-10-03T02:43:01.801+05:30,2849,Corporate Bonds
1231325,2026-10-06T19:07:23.83+05:30,2917,Corporate Bonds
1432460,2026-10-07T06:47:43.669+05:30,3044,Corporate Bonds
2098008,2026-10-04T18:28:17.216+05:30,1095,High Yield FDs
1419432,2026-10-01T10:25:26.623+05:30,2887,Corporate Bonds
,2026-10-07T23:23:09.41+05:30,3044,Corporate Bonds
2227383,2026-10-02T09:55:07.391+05:30,2881,Corporate Bonds
1399382,2026-10-01T18:51:46.908+05:30,2729,Mutual Funds
751088,2026-10-05T13:13:23.039+05:30,3027,Corporate Bonds
2195367,2026-10-01T20:14:51.483+05:30,2311,Corporate Bonds
766662,2026-10-02T21:36:35.644+05:30,2311,Corporate Bonds
2225018,2026-10-01T09:50:54.242+05:30,2941,Corporate Bonds
1708735,2026-10-06T06:06:41.771+05:30,3027,Corporate Bonds
48948,2026-10-01T22:37:34.928+05:30,2553,Corporate Bonds
1925298,2026-10-07T07:40:11.169+05:30,3027,Corporate Bonds
1885235,2026-10-07T20:45:06.757+05:30,3045,Corporate Bonds
1258586,2026-10-07T08:24:59.229+05:30,2938,Corporate Bonds
1655116,2026-10-03T18:06:20.999+05:30,2993,XCase
1625577,2026-10-07T14:18:18.668+05:30,3045,Corporate Bonds
1931975,2026-10-07T21:31:22.766+05:30,3044,Corporate Bonds
1755227,2026-10-02T14:39:00.186+05:30,2849,Corporate Bonds
815180,2026-10-07T16:57:41.624+05:30,3045,Corporate Bonds
1616427,2026-10-04T23:49:21.35+05:30,2849,Corporate Bonds
2003242,2026-10-06T18:55:39.428+05:30,2981,Corporate Bonds
2213502,2026-10-01T16:22:23.976+05:30,2849,Corporate Bonds
2221880,2026-10-01T14:58:35.154+05:30,2895,Corporate Bonds
1162075,2026-10-01T22:09:45.504+05:30,2918,Corporate Bonds
1794354,2026-10-02T12:46:11.973+05:30,2311,Corporate Bonds
140376,2026-10-01T19:27:48.091+05:30,2643,Securitized Debt Instruments
1510371,2026-10-01T15:37:22.951+05:30,2895,Corporate Bonds
2144972,2026-10-04T14:41:14.04+05:30,1292,High Yield FDs
19685,2026-10-07T02:27:42.635+05:30,1239,High Yield FDs
2102210,2026-10-01T16:30:12.004+05:30,1873,Corporate Bonds
1936661,2026-10-02T08:45:10.942+05:30,3027,Corporate Bonds
1112581,2026-10-05T12:18:41.719+05:30,2981,Corporate Bonds
1545109,2026-10-02T09:51:05.984+05:30,2849,Corporate Bonds
763525,2026-10-04T18:42:53.734+05:30,2431,Corporate Bonds
85749,2026-10-04T07:04:10.604+05:30,3040,Corporate Bonds
1796819,2026-10-03T21:21:51.561+05:30,2767,Corporate Bonds
2232658,2026-10-05T14:55:46.174+05:30,2906,Corporate Bonds
2113894,2026-10-05T13:40:06.661+05:30,2955,Corporate Bonds
1693655,2026-10-05T10:58:07.986+05:30,3027,Corporate Bonds
2058334,2026-10-06T21:54:49.818+05:30,3044,Corporate Bonds
2231955,2026-10-04T22:32:36.901+05:30,2982,Corporate Bonds
2089798,2026-10-06T22:50:26.733+05:30,2774,Corporate Bonds
2187019,2026-10-05T09:54:52.854+05:30,2781,Corporate Bonds
244510,2026-10-01T08:26:04.402+05:30,2873,XCase
1827154,2026-10-06T19:04:42.271+05:30,2883,Corporate Bonds
797558,2026-10-05T07:12:38.587+05:30,2840,Corporate Bonds
489173,2026-10-06T12:41:57.433+05:30,3027,Corporate Bonds
2195068,2026-10-02T13:10:32.249+05:30,2626,Corporate Bonds
1410235,2026-10-06T11:49:43.512+05:30,2930,Corporate Bonds
2236575,2026-10-07T20:56:41.701+05:30,2335,Corporate Bonds
1833998,2026-10-01T08:51:53.01+05:30,2842,Corporate Bonds
98109,2026-10-01T17:58:49.307+05:30,2895,Corporate Bonds
2171862,2026-10-07T06:26:46.952+05:30,2982,Corporate Bonds
2066591,2026-10-02T06:00:08.052+05:30,2981,Corporate Bonds
1553741,2026-10-03T09:16:55.391+05:30,2774,Corporate Bonds
1927345,2026-10-03T20:55:39.581+05:30,3027,Corporate Bonds
874258,2026-10-02T12:56:07.295+05:30,3040,Corporate Bonds
848531,2026-10-05T21:10:27.259+05:30,2881,Corporate Bonds
2208883,2026-10-06T11:48:21.709+05:30,2752,Corporate Bonds
2234322,2026-10-06T11:48:36.956+05:30,2881,Corporate Bonds
2150083,2026-10-03T18:15:02.007+05:30,3026,Corporate Bonds
1334656,2026-10-03T08:37:55.638+05:30,3023,Corporate Bonds
1463139,2026-10-03T11:16:15.25+05:30,2849,Corporate Bonds
744962,2026-10-03T16:33:22.432+05:30,2849,Corporate Bonds
937401,2026-10-04T14:47:19.309+05:30,3026,Corporate Bonds
1820625,2026-10-06T15:32:29.749+05:30,2794,Corporate Bonds
2145390,2026-10-01T19:29:29.44+05:30,2433,Corporate Bonds
2139128,2026-10-02T17:42:34.301+05:30,3027,Corporate Bonds
1405774,2026-10-01T16:06:04.96+05:30,3014,Corporate Bonds
1621071,2026-10-06T12:33:36.318+05:30,2981,Corporate Bonds
1209601,2026-10-02T17:44:06.079+05:30,3027,Corporate Bonds
2077616,2026-10-01T14:19:07.482+05:30,2982,Corporate Bonds
2224124,2026-10-01T08:26:52.951+05:30,3034,Corporate Bonds
742766,2026-10-07T09:43:09.598+05:30,1292,High Yield FDs
1114557,2026-10-03T21:10:16.56+05:30,2902,Corporate Bonds
1549806,2026-10-06T21:01:26.947+05:30,2842,Corporate Bonds
1650674,2026-10-02T09:27:30.45+05:30,2843,Corporate Bonds
1112581,2026-10-05T14:27:27.706+05:30,3027,Corporate Bonds
1060058,2026-10-04T15:20:35.361+05:30,3040,Corporate Bonds
1060067,2026-10-01T09:45:03.07+05:30,2895,Corporate Bonds
699117,2026-10-04T00:17:18.136+05:30,2849,Corporate Bonds
,2026-10-05T18:09:51.234+05:30,2930,Corporate Bonds
2145347,2026-10-02T23:13:53.391+05:30,2812,Corporate Bonds
2169984,2026-10-04T15:59:13.939+05:30,2982,Corporate Bonds
2034849,2026-10-04T07:47:13.622+05:30,2843,Corporate Bonds
591215,2026-10-05T12:16:27.839+05:30,2881,Corporate Bonds
842471,2026-10-07T10:30:01.885+05:30,2930,Corporate Bonds
1590533,2026-10-06T12:18:32.352+05:30,2969,XCase
2224172,2026-10-01T11:08:54.25+05:30,2412,Corporate Bonds
2162401,2026-10-01T12:07:51.1+05:30,2849,Corporate Bonds
2223941,2026-10-01T23:54:18.266+05:30,2757,Corporate Bonds
500914,2026-10-03T06:24:30.879+05:30,2868,Corporate Bonds
1457749,2026-10-06T10:50:30.199+05:30,3040,Corporate Bonds
516299,2026-10-04T22:45:34.321+05:30,2843,Corporate Bonds
2226721,2026-10-01T21:16:54.131+05:30,2553,Corporate Bonds
584069,2026-10-01T07:07:53.49+05:30,2880,Corporate Bonds
2038927,2026-10-05T12:18:17.695+05:30,2840,Corporate Bonds
1892156,2026-10-06T14:44:42.048+05:30,3027,Corporate Bonds
679498,2026-10-01T10:09:47.725+05:30,1873,Corporate Bonds
1902495,2026-10-04T09:00:48.314+05:30,2849,Corporate Bonds
2068281,2026-10-05T19:00:13.454+05:30,2858,Corporate Bonds
2201262,2026-10-07T00:36:26.088+05:30,2895,Corporate Bonds
1171995,2026-10-02T21:03:43.309+05:30,3027,Corporate Bonds
1998616,2026-10-01T11:22:55.677+05:30,3027,Corporate Bonds
1755136,2026-10-07T14:19:27.335+05:30,2853,Corporate Bonds
1264445,2026-10-01T13:08:26.996+05:30,2849,Corporate Bonds
1299736,2026-10-01T11:28:52.891+05:30,2981,Corporate Bonds
1184764,2026-10-05T06:10:24.336+05:30,2767,Corporate Bonds
881769,2026-10-02T22:43:07.09+05:30,2993,XCase
2222267,2026-10-02T10:17:57.06+05:30,2955,Corporate Bonds
1510181,2026-10-01T15:08:03.701+05:30,2881,Corporate Bonds
2132428,2026-10-03T20:49:19.046+05:30,2982,Corporate Bonds
2000837,2026-10-01T13:47:13.481+05:30,2849,Corporate Bonds
2086082,2026-10-03T08:14:41.324+05:30,1292,High Yield FDs
2229534,2026-10-03T13:30:09.661+05:30,2993,XCase
2220165,2026-10-06T20:55:24.769+05:30,2919,Corporate Bonds
836848,2026-10-01T13:11:27.692+05:30,3014,Corporate Bonds
2229094,2026-10-03T10:00:15.891+05:30,2729,Mutual Funds
2195367,2026-10-06T00:40:46.999+05:30,2629,Corporate Bonds
894853,2026-10-02T08:00:34.725+05:30,2981,Corporate Bonds
2168232,2026-10-01T16:52:13.879+05:30,2626,Corporate Bonds
2068503,2026-10-05T14:22:41.624+05:30,2881,Corporate Bonds
1939327,2026-10-07T18:29:33.437+05:30,3027,Corporate Bonds
702285,2026-10-01T12:38:26.098+05:30,2883,Corporate Bonds
2219254,2026-10-06T16:17:03.53+05:30,2729,Mutual Funds
495702,2026-10-06T14:24:41.691+05:30,3027,Corporate Bonds
2230457,2026-10-06T12:12:19.66+05:30,3040,Corporate Bonds
661819,2026-10-01T12:56:56.365+05:30,2412,Corporate Bonds
1060239,2026-10-02T09:20:02.51+05:30,2879,Corporate Bonds
598507,2026-10-04T12:47:45.317+05:30,2767,Corporate Bonds
1018853,2026-10-07T12:30:26.89+05:30,3044,Corporate Bonds
1407107,2026-10-06T11:17:10.56+05:30,3040,Corporate Bonds
1728547,2026-10-04T17:44:32.925+05:30,2757,Corporate Bonds
2230302,2026-10-06T15:40:35.557+05:30,2729,Mutual Funds
1935893,2026-10-02T09:10:10.192+05:30,2868,Corporate Bonds
1998977,2026-10-04T10:00:31.422+05:30,3027,Corporate Bonds
2227966,2026-10-03T13:46:27.932+05:30,1239,High Yield FDs
1001460,2026-10-07T17:47:46.595+05:30,2964,Corporate Bonds
815442,2026-10-03T22:56:47.473+05:30,2849,Corporate Bonds
591215,2026-10-05T12:59:31.665+05:30,2895,Corporate Bonds
2171619,2026-10-05T21:26:22.189+05:30,2644,Securitized Debt Instruments
1022155,2026-10-02T12:55:15.538+05:30,2752,Corporate Bonds
1081362,2026-10-01T13:42:05.368+05:30,2981,Corporate Bonds
420782,2026-10-05T21:40:58.707+05:30,2830,Corporate Bonds
2141772,2026-10-02T16:54:34.782+05:30,2955,Corporate Bonds
174412,2026-10-07T14:02:02.949+05:30,3044,Corporate Bonds
2142139,2026-10-02T12:18:23.512+05:30,3034,Corporate Bonds
2234461,2026-10-07T10:20:33.76+05:30,2881,Corporate Bonds
1830017,2026-10-01T12:23:40.43+05:30,2883,Corporate Bonds
1529150,2026-10-06T15:48:18.464+05:30,3027,Corporate Bonds
1448524,2026-10-03T08:48:43.585+05:30,2842,Corporate Bonds
1130705,2026-10-04T07:55:51.498+05:30,2752,Corporate Bonds
2225385,2026-10-06T12:43:33.664+05:30,3027,Corporate Bonds
1620683,2026-10-07T10:46:44.096+05:30,2883,Corporate Bonds
2155737,2026-10-06T19:43:59.499+05:30,3044,Corporate Bonds
1922348,2026-10-05T12:44:16.057+05:30,2849,Corporate Bonds
412146,2026-10-02T15:38:18.809+05:30,2433,Corporate Bonds
966786,2026-10-01T15:06:07.768+05:30,2858,Corporate Bonds
2208883,2026-10-06T11:24:30.789+05:30,2781,Corporate Bonds
926885,2026-10-07T19:58:01.08+05:30,2455,Corporate Bonds
2227860,2026-10-02T13:15:59.623+05:30,2881,Corporate Bonds
2231858,2026-10-04T21:35:42.679+05:30,2982,Corporate Bonds
1042971,2026-10-01T00:02:18.757+05:30,3026,Corporate Bonds
1843718,2026-10-01T12:17:24.324+05:30,2881,Corporate Bonds
2111310,2026-10-07T19:22:50.59+05:30,3045,Corporate Bonds
1979612,2026-10-06T12:57:36.57+05:30,2881,Corporate Bonds
346877,2026-10-07T20:15:25.607+05:30,3044,Corporate Bonds
422305,2026-10-04T11:53:21.753+05:30,2626,Corporate Bonds
755698,2026-10-01T13:38:04.705+05:30,3034,Corporate Bonds
2073834,2026-10-01T20:48:09.08+05:30,2955,Corporate Bonds
2228746,2026-10-04T10:03:43.723+05:30,3026,Corporate Bonds
1407661,2026-10-01T20:08:40.013+05:30,2740,Corporate Bonds
2164827,2026-10-02T16:10:53.085+05:30,2955,Corporate Bonds
2111253,2026-10-02T09:49:07.872+05:30,2849,Corporate Bonds
753122,2026-10-07T16:00:53.567+05:30,2902,Corporate Bonds
2232633,2026-10-05T12:22:16.585+05:30,2895,Corporate Bonds
110876,2026-10-02T01:34:43.385+05:30,1292,High Yield FDs
1892156,2026-10-06T17:13:38.728+05:30,2982,Corporate Bonds
643094,2026-10-01T11:11:20.288+05:30,3027,Corporate Bonds
2205166,2026-10-01T15:18:34.511+05:30,1239,High Yield FDs
637193,2026-10-07T13:14:27.115+05:30,2883,Corporate Bonds
1390320,2026-10-06T11:34:10.102+05:30,3027,Corporate Bonds
1996326,2026-10-06T04:07:18.374+05:30,3027,Corporate Bonds
465763,2026-10-06T16:39:03.302+05:30,2883,Corporate Bonds
1039421,2026-10-03T14:46:40.945+05:30,2981,Corporate Bonds
1170276,2026-10-05T19:25:03.986+05:30,2895,Corporate Bonds
2067634,2026-10-02T12:57:49.476+05:30,2311,Corporate Bonds
606876,2026-10-01T10:15:08.711+05:30,2849,Corporate Bonds
1092558,2026-10-05T19:05:50.048+05:30,3023,Corporate Bonds
2165971,2026-10-07T01:25:58.817+05:30,3027,Corporate Bonds
2166373,2026-10-01T20:04:56.024+05:30,2982,Corporate Bonds
944593,2026-10-03T05:30:24.133+05:30,2922,Corporate Bonds
1187225,2026-10-02T16:51:32.467+05:30,2412,Corporate Bonds
2229923,2026-10-03T17:47:36.628+05:30,2982,Corporate Bonds
71586,2026-10-02T21:37:21.797+05:30,3027,Corporate Bonds
589128,2026-10-05T20:24:50.469+05:30,2883,Corporate Bonds
1870334,2026-10-02T22:35:08.061+05:30,2276,Corporate Bonds
1970950,2026-10-03T12:04:05.713+05:30,2729,Mutual Funds
1400627,2026-10-07T20:21:00.106+05:30,3044,Corporate Bonds
1643628,2026-10-01T06:53:37.484+05:30,3014,Corporate Bonds
2200867,2026-10-05T12:17:58.334+05:30,2881,Corporate Bonds
2119991,2026-10-05T17:45:12.369+05:30,2993,XCase
1390320,2026-10-05T12:52:11.139+05:30,2955,Corporate Bonds
875038,2026-10-01T11:25:32.501+05:30,2849,Corporate Bonds
1842089,2026-10-01T00:45:21.815+05:30,2868,Corporate Bonds
2138404,2026-10-01T09:17:15.805+05:30,2997,Corporate Bonds
58628,2026-10-01T22:13:54.281+05:30,2250,Corporate Bonds
1769351,2026-10-04T16:49:22.722+05:30,3027,Corporate Bonds
1966509,2026-10-06T12:43:59.088+05:30,2981,Corporate Bonds
862671,2026-10-04T01:13:25.777+05:30,2881,Corporate Bonds
1449538,2026-10-05T15:22:48.725+05:30,2644,Securitized Debt Instruments
1046091,2026-10-07T22:09:42.779+05:30,1292,High Yield FDs
1739736,2026-10-05T12:16:18.388+05:30,2849,Corporate Bonds
2176288,2026-10-02T09:39:16.19+05:30,1239,High Yield FDs
124919,2026-10-05T01:10:18.899+05:30,2895,Corporate Bonds
989101,2026-10-06T16:33:58.659+05:30,2881,Corporate Bonds
1996151,2026-10-03T14:30:30.154+05:30,2855,Corporate Bonds
2231695,2026-10-06T21:48:55.2+05:30,2906,Corporate Bonds
452402,2026-10-07T00:05:48.69+05:30,3044,Corporate Bonds
2225599,2026-10-01T08:16:38.547+05:30,2982,Corporate Bonds
1841593,2026-10-02T23:47:50.054+05:30,2872,Corporate Bonds
1092101,2026-10-03T09:37:24.652+05:30,2986,Corporate Bonds
1165136,2026-10-06T11:16:28.662+05:30,3040,Corporate Bonds
1710726,2026-10-02T12:45:12.396+05:30,2643,Securitized Debt Instruments
1925298,2026-10-07T07:39:09.367+05:30,3027,Corporate Bonds
2027590,2026-10-07T12:36:09.722+05:30,2981,Corporate Bonds
1001174,2026-10-06T18:08:13.964+05:30,2843,Corporate Bonds
1881299,2026-10-04T15:58:53.021+05:30,2982,Corporate Bonds
1015989,2026-10-01T22:40:24.771+05:30,3040,Corporate Bonds
465763,2026-10-07T21:31:02.888+05:30,3040,Corporate Bonds
839782,2026-10-02T19:49:29.475+05:30,2955,Corporate Bonds
2227383,2026-10-02T09:55:07.383+05:30,2881,Corporate Bonds
1926774,2026-10-07T03:07:16.301+05:30,2969,XCase
2139128,2026-10-07T10:32:39.023+05:30,3044,Corporate Bonds
1693047,2026-10-07T09:31:00.344+05:30,2902,Corporate Bonds
1921207,2026-10-01T06:56:44.461+05:30,2883,Corporate Bonds
2229716,2026-10-03T15:34:44.523+05:30,2767,Corporate Bonds
2232985,2026-10-05T19:33:03.345+05:30,2840,Corporate Bonds
805501,2026-10-01T21:51:21.975+05:30,1292,High Yield FDs
2220951,2026-10-05T13:59:05.193+05:30,2964,Corporate Bonds
1527215,2026-10-03T10:27:19.006+05:30,2922,Corporate Bonds
2229519,2026-10-03T17:52:27.384+05:30,3027,Corporate Bonds
1937158,2026-10-05T07:18:45.843+05:30,2842,Corporate Bonds
2093228,2026-10-02T12:13:57.437+05:30,3026,Corporate Bonds
1538836,2026-10-02T16:26:14.736+05:30,3027,Corporate Bonds
489989,2026-10-01T23:47:44.843+05:30,2874,Corporate Bonds
786135,2026-10-01T14:26:46.149+05:30,2930,Corporate Bonds
860735,2026-10-01T10:22:11.893+05:30,2902,Corporate Bonds
2190794,2026-10-01T14:36:41.587+05:30,3027,Corporate Bonds
1165136,2026-10-05T13:30:44.001+05:30,2883,Corporate Bonds
992599,2026-10-01T18:59:24.201+05:30,2872,Corporate Bonds
1710654,2026-10-06T17:06:46.616+05:30,3027,Corporate Bonds
954233,2026-10-01T11:24:15.735+05:30,3027,Corporate Bonds
1779542,2026-10-01T22:02:36.55+05:30,2941,Corporate Bonds
813952,2026-10-02T16:43:42.755+05:30,2895,Corporate Bonds
2220184,2026-10-05T14:37:19.202+05:30,2955,Corporate Bonds
1826885,2026-10-02T20:56:30.83+05:30,2982,Corporate Bonds
1744844,2026-10-02T08:57:04.025+05:30,2969,XCase
2222404,2026-10-01T07:34:18.633+05:30,2982,Corporate Bonds
1292779,2026-10-04T06:05:38.677+05:30,3027,Corporate Bonds
1226274,2026-10-07T11:43:12.95+05:30,2910,Corporate Bonds
1777577,2026-10-06T15:04:55.671+05:30,3027,Corporate Bonds
950408,2026-10-01T20:15:57.413+05:30,2553,Corporate Bonds
174412,2026-10-07T00:39:17.975+05:30,3044,Corporate Bonds
997744,2026-10-01T11:20:23.91+05:30,2849,Corporate Bonds
792119,2026-10-07T20:33:09.489+05:30,3044,Corporate Bonds
703311,2026-10-07T11:27:33.634+05:30,3044,Corporate Bonds
1049287,2026-10-05T16:06:53.84+05:30,2644,Securitized Debt Instruments
1302906,2026-10-03T09:01:53.076+05:30,2981,Corporate Bonds
2233512,2026-10-05T21:57:36.994+05:30,2794,Corporate Bonds
2083917,2026-10-07T19:33:35.15+05:30,3044,Corporate Bonds
1565463,2026-10-04T12:34:05.915+05:30,2964,Corporate Bonds
2218090,2026-10-02T14:32:12.595+05:30,1292,High Yield FDs
815442,2026-10-03T23:07:37.244+05:30,2849,Corporate Bonds
2042938,2026-10-06T11:50:29.561+05:30,2883,Corporate Bonds
1088456,2026-10-03T20:26:04.877+05:30,2900,Corporate Bonds
1736133,2026-10-01T21:39:18.198+05:30,2849,Corporate Bonds
1863992,2026-10-07T20:37:57.569+05:30,3045,Corporate Bonds
2208823,2026-10-03T11:50:29.507+05:30,2626,Corporate Bonds
1736133,2026-10-03T19:54:35.195+05:30,2982,Corporate Bonds
1056356,2026-10-02T11:21:52.547+05:30,3026,Corporate Bonds
1661518,2026-10-04T02:20:18.827+05:30,2849,Corporate Bonds
2226732,2026-10-06T13:40:43.18+05:30,2644,Securitized Debt Instruments
914465,2026-10-03T17:09:41.597+05:30,2849,Corporate Bonds
713869,2026-10-01T11:29:13.127+05:30,2955,Corporate Bonds
1538136,2026-10-02T17:56:36.621+05:30,2757,Corporate Bonds
1510721,2026-10-03T07:59:45.009+05:30,2982,Corporate Bonds
2142528,2026-10-01T16:42:18.776+05:30,2887,Corporate Bonds
65582,2026-10-06T12:44:02.684+05:30,2907,Corporate Bonds
2147074,2026-10-01T08:44:09.532+05:30,2941,Corporate Bonds
2023679,2026-10-02T22:56:12.33+05:30,3027,Corporate Bonds
718903,2026-10-06T13:34:29.458+05:30,2955,Corporate Bonds
2229094,2026-10-03T10:00:30.074+05:30,2729,Mutual Funds
1973827,2026-10-03T14:48:03.178+05:30,2276,Corporate Bonds
2234339,2026-10-06T12:37:56.908+05:30,2930,Corporate Bonds
2164869,2026-10-06T21:20:24.534+05:30,2849,Corporate Bonds
,2026-10-05T18:00:10.421+05:30,1239,High Yield FDs
2226079,2026-10-01T14:04:36.569+05:30,2881,Corporate Bonds
2074888,2026-10-06T13:01:52.341+05:30,2981,Corporate Bonds
1797699,2026-10-07T20:27:59.527+05:30,2830,Corporate Bonds
1299818,2026-10-01T14:36:36.933+05:30,2925,Corporate Bonds
1330738,2026-10-06T11:46:20.773+05:30,2941,Corporate Bonds
2229297,2026-10-03T11:39:48.453+05:30,2982,Corporate Bonds
1894389,2026-10-04T11:07:58.955+05:30,2982,Corporate Bonds
874032,2026-10-04T09:40:21.563+05:30,2849,Corporate Bonds
713869,2026-10-01T11:29:12.868+05:30,2955,Corporate Bonds
1752605,2026-10-01T12:35:36.794+05:30,2982,Corporate Bonds
1875976,2026-10-05T10:32:39.652+05:30,2769,Corporate Bonds
1104163,2026-10-02T11:33:16.302+05:30,2757,Corporate Bonds
1937063,2026-10-05T12:46:13.163+05:30,3027,Corporate Bonds
1399280,2026-10-01T10:21:36.743+05:30,3027,Corporate Bonds
2231832,2026-10-04T22:09:56.809+05:30,2895,Corporate Bonds
2128122,2026-10-05T12:32:18.573+05:30,1292,High Yield FDs
838427,2026-10-01T10:24:39.885+05:30,2993,XCase
2107477,2026-10-03T18:16:40.724+05:30,2774,Corporate Bonds
2074739,2026-10-07T16:28:09.762+05:30,3027,Corporate Bonds
1791032,2026-10-04T23:05:14.603+05:30,2895,Corporate Bonds
2007228,2026-10-02T10:16:37.517+05:30,2594,Corporate Bonds
2021781,2026-10-03T09:31:15.67+05:30,3027,Corporate Bonds
1936126,2026-10-02T08:16:18.965+05:30,2883,Corporate Bonds
1713037,2026-10-01T10:20:25.74+05:30,3027,Corporate Bonds
847579,2026-10-06T20:58:45.007+05:30,3027,Corporate Bonds
1091020,2026-10-01T07:19:10.052+05:30,3026,Corporate Bonds
472580,2026-10-06T10:41:29.329+05:30,2629,Corporate Bonds
1980203,2026-10-01T06:17:07.342+05:30,3027,Corporate Bonds
1973827,2026-10-01T18:53:36.079+05:30,2955,Corporate Bonds
2217136,2026-10-04T07:31:21.938+05:30,2849,Corporate Bonds
2226361,2026-10-01T17:07:17.231+05:30,1239,High Yield FDs
2235373,2026-10-07T19:52:23.824+05:30,2769,Corporate Bonds
1887604,2026-10-01T22:37:51.413+05:30,2981,Corporate Bonds
972670,2026-10-01T15:54:43.328+05:30,2643,Securitized Debt Instruments
84735,2026-10-01T19:03:26.613+05:30,2311,Corporate Bonds
191714,2026-10-02T08:18:15.556+05:30,2982,Corporate Bonds
1643110,2026-10-04T13:09:46.237+05:30,3027,Corporate Bonds
1517321,2026-10-02T11:13:19.908+05:30,2981,Corporate Bonds
1252187,2026-10-07T11:12:48.566+05:30,2842,Corporate Bonds
1613578,2026-10-03T16:40:27.495+05:30,2982,Corporate Bonds
740810,2026-10-05T14:25:09.591+05:30,2895,Corporate Bonds
2145390,2026-10-03T10:04:12.223+05:30,2930,Corporate Bonds
2232435,2026-10-05T16:34:59.762+05:30,2982,Corporate Bonds
2116051,2026-10-07T20:28:31.323+05:30,2932,Corporate Bonds
1304046,2026-10-05T11:35:46.486+05:30,2918,Corporate Bonds
2226055,2026-10-01T13:24:25.418+05:30,2986,Corporate Bonds
30370,2026-10-07T09:26:42.129+05:30,3027,Corporate Bonds
2229169,2026-10-03T09:37:58.84+05:30,2900,Corporate Bonds
837628,2026-10-06T17:10:19.04+05:30,2644,Securitized Debt Instruments
2232951,2026-10-05T15:53:58.836+05:30,2969,XCase
1268200,2026-10-01T11:46:47.7+05:30,2887,Corporate Bonds
2190102,2026-10-07T11:44:09.899+05:30,2981,Corporate Bonds
1766392,2026-10-06T00:57:31.803+05:30,3026,Corporate Bonds
909963,2026-10-05T11:32:53.271+05:30,2964,Corporate Bonds
2234883,2026-10-07T11:52:22.235+05:30,3044,Corporate Bonds
1365679,2026-10-01T10:53:13.493+05:30,2626,Corporate Bonds
2231128,2026-10-04T13:55:19.735+05:30,2982,Corporate Bonds
2212206,2026-10-04T11:43:49.667+05:30,2906,Corporate Bonds
2229784,2026-10-06T21:46:08.546+05:30,2955,Corporate Bonds
2226032,2026-10-01T13:44:01.749+05:30,1873,Corporate Bonds
1885235,2026-10-07T20:41:10.716+05:30,2930,Corporate Bonds
1432597,2026-10-05T23:10:14.451+05:30,3040,Corporate Bonds
713869,2026-10-01T11:29:07.729+05:30,2955,Corporate Bonds
1997592,2026-10-07T18:59:37.218+05:30,2881,Corporate Bonds
2074888,2026-10-07T12:13:54.832+05:30,3044,Corporate Bonds
1770547,2026-10-01T11:59:45.896+05:30,2881,Corporate Bonds
1379301,2026-10-05T16:35:01.723+05:30,2981,Corporate Bonds
1574275,2026-10-03T19:06:22.655+05:30,2930,Corporate Bonds
1219678,2026-10-02T11:13:45.925+05:30,3040,Corporate Bonds
1300266,2026-10-06T22:53:03.636+05:30,2849,Corporate Bonds
2224124,2026-10-07T09:39:59.464+05:30,2864,Corporate Bonds
1303836,2026-10-06T19:37:57.043+05:30,2858,Corporate Bonds
13852,2026-10-02T16:47:16.396+05:30,3040,Corporate Bonds
2195854,2026-10-07T18:05:36.396+05:30,2849,Corporate Bonds
521581,2026-10-01T12:14:39.443+05:30,1239,High Yield FDs
1362732,2026-10-04T17:11:46.525+05:30,2955,Corporate Bonds
1677656,2026-10-05T12:46:32.609+05:30,2902,Corporate Bonds
2217950,2026-10-01T18:55:45.623+05:30,2982,Corporate Bonds
941335,2026-10-07T11:12:51.583+05:30,3044,Corporate Bonds
2154247,2026-10-01T10:20:58.302+05:30,1095,High Yield FDs
2098008,2026-10-04T18:37:38.619+05:30,1095,High Yield FDs
1063425,2026-10-05T12:12:50.706+05:30,2883,Corporate Bonds
1572520,2026-10-06T12:36:12.414+05:30,2918,Corporate Bonds
811042,2026-10-04T13:51:06.872+05:30,2895,Corporate Bonds
1521933,2026-10-04T11:22:43.303+05:30,2902,Corporate Bonds
1404628,2026-10-01T08:53:32.761+05:30,2895,Corporate Bonds
1974215,2026-10-01T15:24:31.9+05:30,2955,Corporate Bonds
1943052,2026-10-07T22:58:54.668+05:30,3027,Corporate Bonds
2077274,2026-10-02T10:44:24.393+05:30,3027,Corporate Bonds
1400114,2026-10-05T17:16:52.065+05:30,2843,Corporate Bonds
17601,2026-10-03T19:27:15.504+05:30,3027,Corporate Bonds
1068776,2026-10-07T23:19:01.003+05:30,2938,Corporate Bonds
692285,2026-10-02T10:58:03.157+05:30,2981,Corporate Bonds
1736133,2026-10-03T19:54:28.66+05:30,2982,Corporate Bonds
921246,2026-10-05T04:49:01.921+05:30,3027,Corporate Bonds
831050,2026-10-01T10:22:26.635+05:30,3027,Corporate Bonds
914518,2026-10-03T16:10:30.345+05:30,2842,Corporate Bonds
1492347,2026-10-06T06:41:15.753+05:30,2858,Corporate Bonds
2073995,2026-10-04T18:19:49.09+05:30,2881,Corporate Bonds
2148995,2026-10-05T12:16:41.564+05:30,3027,Corporate Bonds
741061,2026-10-06T14:30:05.817+05:30,2644,Securitized Debt Instruments
1419432,2026-10-01T10:25:42.883+05:30,2887,Corporate Bonds
2176612,2026-10-01T06:49:30.914+05:30,2881,Corporate Bonds
1723939,2026-10-07T20:24:47.55+05:30,2902,Corporate Bonds
1538855,2026-10-02T12:57:10.917+05:30,2412,Corporate Bonds
874904,2026-10-03T23:17:41.141+05:30,3027,Corporate Bonds
920192,2026-10-02T15:48:41.588+05:30,2843,Corporate Bonds
1726102,2026-10-04T10:34:04.067+05:30,3040,Corporate Bonds
1905194,2026-10-05T11:32:55.894+05:30,2882,Corporate Bonds
1509086,2026-10-03T18:47:33.842+05:30,2981,Corporate Bonds
2136754,2026-10-01T15:21:06.936+05:30,2026,Corporate Bonds
779224,2026-10-01T10:25:31.295+05:30,2981,Corporate Bonds
1511153,2026-10-04T21:30:20.736+05:30,2868,Corporate Bonds
71586,2026-10-02T09:06:40.554+05:30,1873,Corporate Bonds
1980203,2026-10-02T06:23:33.083+05:30,3027,Corporate Bonds
1710726,2026-10-02T13:44:27.089+05:30,2643,Securitized Debt Instruments
2232919,2026-10-05T15:58:50.863+05:30,2955,Corporate Bonds
2218905,2026-10-05T15:06:54.596+05:30,2918,Corporate Bonds
1923388,2026-10-06T16:15:33.776+05:30,2074,SIF
2111410,2026-10-01T18:30:17.186+05:30,3014,Corporate Bonds
1302773,2026-10-04T22:58:15.088+05:30,3040,Corporate Bonds
2007987,2026-10-05T07:05:08.604+05:30,2930,Corporate Bonds
2149674,2026-10-07T16:37:59.036+05:30,3044,Corporate Bonds
2229747,2026-10-05T14:32:48.576+05:30,2907,Corporate Bonds
1961550,2026-10-06T12:08:44.753+05:30,2981,Corporate Bonds
1594363,2026-10-01T19:37:41.962+05:30,3040,Corporate Bonds
2037658,2026-10-06T14:59:16.617+05:30,3027,Corporate Bonds
1105933,2026-10-06T13:29:47.658+05:30,2969,XCase
2204726,2026-10-07T14:21:39.182+05:30,2907,Corporate Bonds
650506,2026-10-07T09:42:31.905+05:30,3027,Corporate Bonds
2223447,2026-10-03T07:42:02.468+05:30,2849,Corporate Bonds
1203993,2026-10-05T23:35:11.753+05:30,3027,Corporate Bonds
1092328,2026-10-02T08:08:50.127+05:30,3040,Corporate Bonds
2231140,2026-10-04T21:17:57.995+05:30,2955,Corporate Bonds
,2026-10-05T18:00:20.504+05:30,1239,High Yield FDs
831797,2026-10-07T14:10:08.7+05:30,2855,Corporate Bonds
859492,2026-10-04T23:01:01.624+05:30,2781,Corporate Bonds
1774977,2026-10-01T21:57:18.814+05:30,2955,Corporate Bonds
2040152,2026-10-07T07:14:45.101+05:30,3040,Corporate Bonds
378300,2026-10-01T14:10:55.385+05:30,3027,Corporate Bonds
2233887,2026-10-06T06:02:28.574+05:30,3026,Corporate Bonds
1774713,2026-10-05T21:16:10.01+05:30,2964,Corporate Bonds
1513323,2026-10-01T14:04:17.604+05:30,2930,Corporate Bonds
1120817,2026-10-01T14:03:53.872+05:30,2872,Corporate Bonds
2216568,2026-10-02T10:31:22.387+05:30,1873,Corporate Bonds
1508804,2026-10-06T14:00:34.934+05:30,2930,Corporate Bonds
1668544,2026-10-01T10:51:20.142+05:30,3014,Corporate Bonds
1759181,2026-10-02T00:02:10.774+05:30,3040,Corporate Bonds
941335,2026-10-05T10:22:14.336+05:30,2849,Corporate Bonds
2102733,2026-10-06T20:41:57.105+05:30,3044,Corporate Bonds
2134756,2026-10-03T17:46:35.33+05:30,2982,Corporate Bonds
2119387,2026-10-04T17:05:57.205+05:30,3040,Corporate Bonds
2024170,2026-10-06T21:13:35.986+05:30,3027,Corporate Bonds
1457016,2026-10-01T13:24:56.226+05:30,2981,Corporate Bonds
1435462,2026-10-05T14:11:12.268+05:30,2964,Corporate Bonds
2034990,2026-10-03T10:28:56.805+05:30,2969,XCase
1699203,2026-10-01T11:51:59.497+05:30,2964,Corporate Bonds
1727334,2026-10-06T14:01:16.285+05:30,3027,Corporate Bonds
2227494,2026-10-02T13:07:53.665+05:30,2982,Corporate Bonds
1163017,2026-10-01T13:26:53.891+05:30,2026,Corporate Bonds
1657266,2026-10-04T10:39:43.775+05:30,2986,Corporate Bonds
2162401,2026-10-01T12:07:52.408+05:30,2849,Corporate Bonds
2058465,2026-10-04T07:44:49.993+05:30,2729,Mutual Funds
1413950,2026-10-06T09:51:46.803+05:30,3040,Corporate Bonds
1503489,2026-10-05T15:17:16.894+05:30,2982,Corporate Bonds
1584555,2026-10-03T06:27:07.025+05:30,2881,Corporate Bonds
2216568,2026-10-03T16:57:02.906+05:30,2881,Corporate Bonds
2227945,2026-10-05T18:47:15.497+05:30,2629,Corporate Bonds
1197369,2026-10-06T20:21:40.031+05:30,2994,Corporate Bonds
957479,2026-10-01T12:25:51.47+05:30,2883,Corporate Bonds
1884304,2026-10-05T19:31:14.272+05:30,2964,Corporate Bonds
2226820,2026-10-01T21:55:47.391+05:30,2881,Corporate Bonds
1250637,2026-10-01T05:35:58.927+05:30,2875,Corporate Bonds
1622392,2026-10-07T21:47:20.38+05:30,3027,Corporate Bonds
1573329,2026-10-01T21:11:33.43+05:30,1292,High Yield FDs
1507122,2026-10-02T22:24:53.296+05:30,2955,Corporate Bonds
47592,2026-10-01T18:08:24.501+05:30,2849,Corporate Bonds
2155737,2026-10-06T19:35:49.658+05:30,3044,Corporate Bonds
1815430,2026-10-05T18:25:11.618+05:30,2644,Securitized Debt Instruments
1247838,2026-10-07T16:24:10.227+05:30,3044,Corporate Bonds
1028525,2026-10-01T06:52:47.439+05:30,2858,Corporate Bonds
1001174,2026-10-07T07:25:51.448+05:30,2843,Corporate Bonds
186101,2026-10-03T23:11:30.638+05:30,2918,Corporate Bonds
1239525,2026-10-06T13:07:03.46+05:30,2981,Corporate Bonds
2137992,2026-10-01T21:49:57.018+05:30,2981,Corporate Bonds
1887949,2026-10-07T19:50:23.556+05:30,3045,Corporate Bonds
1912873,2026-10-01T13:05:41.344+05:30,3027,Corporate Bonds
2076765,2026-10-07T07:40:23.827+05:30,2883,Corporate Bonds
1842409,2026-10-03T15:34:27.805+05:30,2955,Corporate Bonds
1569991,2026-10-07T20:44:44.532+05:30,2930,Corporate Bonds
1534298,2026-10-05T12:39:00.318+05:30,1292,High Yield FDs
2115911,2026-10-04T08:06:21.628+05:30,2855,Corporate Bonds
1208628,2026-10-07T21:09:39.579+05:30,2431,Corporate Bonds
2192771,2026-10-03T08:47:05.56+05:30,3027,Corporate Bonds
1029190,2026-10-01T16:20:36.297+05:30,3014,Corporate Bonds
338889,2026-10-01T11:51:00.673+05:30,2964,Corporate Bonds
2229868,2026-10-03T17:48:47.047+05:30,2881,Corporate Bonds
465763,2026-10-07T11:56:57.213+05:30,2849,Corporate Bonds
2061843,2026-10-01T09:47:24.431+05:30,2650,Corporate Bonds
2227383,2026-10-02T09:55:07.682+05:30,2881,Corporate Bonds
842282,2026-10-06T10:09:05.774+05:30,2794,Corporate Bonds
2210191,2026-10-06T23:24:48.884+05:30,3044,Corporate Bonds
2192232,2026-10-07T17:59:31.772+05:30,3040,Corporate Bonds
2217698,2026-10-06T15:15:02.509+05:30,2881,Corporate Bonds
2110656,2026-10-03T18:39:58.808+05:30,3026,Corporate Bonds
129524,2026-10-06T16:55:41.584+05:30,2983,Corporate Bonds
2216568,2026-10-04T10:47:52.761+05:30,2882,Corporate Bonds
2220951,2026-10-05T13:52:03.243+05:30,2930,Corporate Bonds
2229508,2026-10-05T16:13:52.387+05:30,2941,Corporate Bonds
2216110,2026-10-05T13:44:07.603+05:30,3027,Corporate Bonds
1358814,2026-10-04T12:03:21.809+05:30,3040,Corporate Bonds
482779,2026-10-03T13:54:54.552+05:30,3027,Corporate Bonds
967665,2026-10-06T08:07:55.426+05:30,2644,Securitized Debt Instruments
1865599,2026-10-05T23:36:16.926+05:30,2872,Corporate Bonds
2215713,2026-10-01T06:43:31.212+05:30,2643,Securitized Debt Instruments
742472,2026-10-01T11:48:26.549+05:30,2872,Corporate Bonds
950408,2026-10-06T19:39:42.298+05:30,2644,Securitized Debt Instruments
1088456,2026-10-03T20:40:26.188+05:30,3023,Corporate Bonds
730469,2026-10-05T12:52:38.888+05:30,2874,Corporate Bonds
939372,2026-10-04T17:08:37.321+05:30,3040,Corporate Bonds
2229297,2026-10-03T11:33:22.474+05:30,2982,Corporate Bonds
1232789,2026-10-01T16:31:42.141+05:30,2982,Corporate Bonds
2236787,2026-10-07T18:55:53.165+05:30,2477,Corporate Bonds
2227499,2026-10-02T10:51:24.303+05:30,2729,Mutual Funds
1038486,2026-10-01T13:13:34.29+05:30,2981,Corporate Bonds
1698198,2026-10-05T09:25:44.674+05:30,3027,Corporate Bonds
1009142,2026-10-04T11:12:05.048+05:30,2843,Corporate Bonds
1768449,2026-10-03T16:56:03.433+05:30,2895,Corporate Bonds
861898,2026-10-05T16:15:45.755+05:30,3027,Corporate Bonds
1694560,2026-10-06T00:21:53.186+05:30,2964,Corporate Bonds
1884304,2026-10-02T13:03:10.449+05:30,2964,Corporate Bonds
474184,2026-10-04T12:11:53.934+05:30,2767,Corporate Bonds
2067810,2026-10-02T21:06:04.011+05:30,2986,Corporate Bonds
1491751,2026-10-07T13:42:10.443+05:30,3044,Corporate Bonds
1766392,2026-10-05T12:41:05.133+05:30,3026,Corporate Bonds
1261446,2026-10-07T14:46:40.704+05:30,2774,Corporate Bonds
1685359,2026-10-06T21:00:21.604+05:30,2874,Corporate Bonds
1151420,2026-10-05T09:42:42.001+05:30,3027,Corporate Bonds
1643110,2026-10-04T12:49:14.992+05:30,3027,Corporate Bonds
2228561,2026-10-02T20:26:38.488+05:30,2849,Corporate Bonds
2234170,2026-10-06T10:32:46.235+05:30,2890,Corporate Bonds
2194432,2026-10-01T08:18:20.624+05:30,1873,Corporate Bonds
20110,2026-10-01T17:57:21.689+05:30,2849,Corporate Bonds
1957912,2026-10-02T16:39:37.146+05:30,2930,Corporate Bonds
935168,2026-10-01T08:39:47.987+05:30,2794,Corporate Bonds
708369,2026-10-01T17:14:52.966+05:30,1239,High Yield FDs
1980242,2026-10-02T16:07:46.247+05:30,2872,Corporate Bonds
2233151,2026-10-05T20:55:34.412+05:30,1239,High Yield FDs
1967396,2026-10-04T08:29:15.03+05:30,2849,Corporate Bonds
307429,2026-10-02T12:10:48.656+05:30,3040,Corporate Bonds
,2026-10-07T16:12:09.818+05:30,2843,Corporate Bonds
125358,2026-10-07T14:05:59.955+05:30,3027,Corporate Bonds
937059,2026-10-01T20:11:01.482+05:30,2740,Corporate Bonds
359700,2026-10-03T19:34:35.284+05:30,2895,Corporate Bonds
2035504,2026-10-05T05:37:57.672+05:30,2982,Corporate Bonds
1268946,2026-10-07T16:49:39.83+05:30,3044,Corporate Bonds
1868546,2026-10-05T20:48:50.871+05:30,2883,Corporate Bonds
2165073,2026-10-06T22:01:44.012+05:30,2955,Corporate Bonds
2233146,2026-10-05T17:57:20.771+05:30,2993,XCase
1558003,2026-10-05T20:17:26.378+05:30,2883,Corporate Bonds
1114363,2026-10-02T18:09:08.013+05:30,3027,Corporate Bonds
1793525,2026-10-04T12:51:58.839+05:30,2849,Corporate Bonds
2206679,2026-10-01T15:15:40.782+05:30,2757,Corporate Bonds
2049645,2026-10-05T13:23:21.028+05:30,2767,Corporate Bonds
1927345,2026-10-03T19:39:41.885+05:30,2849,Corporate Bonds
244510,2026-10-07T10:17:50.236+05:30,2843,Corporate Bonds
1688581,2026-10-01T15:16:07.895+05:30,2930,Corporate Bonds
2225122,2026-10-02T22:21:09.967+05:30,2849,Corporate Bonds
1906908,2026-10-01T17:05:50.437+05:30,2955,Corporate Bonds
1979695,2026-10-03T13:41:16.156+05:30,2982,Corporate Bonds
1326795,2026-10-03T08:20:31.179+05:30,2900,Corporate Bonds
2058395,2026-10-01T15:05:52.346+05:30,2930,Corporate Bonds
1266659,2026-10-03T11:53:29.101+05:30,2981,Corporate Bonds
1736830,2026-10-07T11:16:11.187+05:30,3044,Corporate Bonds
2160647,2026-10-01T19:38:53.749+05:30,3027,Corporate Bonds
2073231,2026-10-02T00:04:48.287+05:30,2982,Corporate Bonds
2089866,2026-10-02T15:05:13.56+05:30,3040,Corporate Bonds
2185430,2026-10-02T18:13:23.665+05:30,2895,Corporate Bonds
280425,2026-10-04T15:24:08.815+05:30,3027,Corporate Bonds
2088224,2026-10-01T22:38:15.163+05:30,1292,High Yield FDs
1269455,2026-10-05T15:10:25.346+05:30,2947,Corporate Bonds
1688359,2026-10-04T21:04:28.69+05:30,3040,Corporate Bonds
1762784,2026-10-06T06:37:58.319+05:30,2895,Corporate Bonds
966786,2026-10-01T15:15:29.271+05:30,2849,Corporate Bonds
2227383,2026-10-02T09:35:43.09+05:30,2881,Corporate Bonds
2225532,2026-10-01T21:04:02.722+05:30,2941,Corporate Bonds
2229949,2026-10-03T22:48:18.532+05:30,2982,Corporate Bonds
2231380,2026-10-04T15:57:50.534+05:30,2982,Corporate Bonds
2227523,2026-10-02T23:09:04.654+05:30,2906,Corporate Bonds
1582562,2026-10-04T15:29:39.582+05:30,3023,Corporate Bonds
1242885,2026-10-07T21:32:27.247+05:30,2769,Corporate Bonds
860620,2026-10-04T08:59:29.595+05:30,3040,Corporate Bonds
2230421,2026-10-04T00:09:32.762+05:30,2769,Corporate Bonds
2194057,2026-10-03T14:50:19.583+05:30,2874,Corporate Bonds
1076865,2026-10-04T16:20:59.512+05:30,2982,Corporate Bonds
1265647,2026-10-04T17:17:35.147+05:30,2849,Corporate Bonds
2073609,2026-10-02T16:14:25.616+05:30,2849,Corporate Bonds
2122840,2026-10-04T19:45:44.539+05:30,3034,Corporate Bonds
1720585,2026-10-07T10:17:09.41+05:30,3044,Corporate Bonds
2221494,2026-10-02T04:52:35.819+05:30,3027,Corporate Bonds
1106833,2026-10-01T16:29:34.69+05:30,3025,Corporate Bonds
868492,2026-10-01T18:26:47.787+05:30,3027,Corporate Bonds
2215897,2026-10-01T13:44:30.067+05:30,2874,Corporate Bonds
1609395,2026-10-07T14:15:26.231+05:30,3044,Corporate Bonds
62031,2026-10-05T23:15:25.703+05:30,2883,Corporate Bonds
2235397,2026-10-06T22:59:58.002+05:30,2941,Corporate Bonds
2224495,2026-10-01T07:57:52.69+05:30,2881,Corporate Bonds
412177,2026-10-01T18:45:26.982+05:30,1873,Corporate Bonds
41077,2026-10-06T21:18:43.288+05:30,2883,Corporate Bonds
1170276,2026-10-04T18:23:05.61+05:30,2955,Corporate Bonds
2205551,2026-10-07T22:38:46.214+05:30,3050,Corporate Bonds
1707727,2026-10-04T07:51:36.261+05:30,1292,High Yield FDs
1449684,2026-10-05T11:32:48.725+05:30,3027,Corporate Bonds
1239802,2026-10-05T20:44:43.198+05:30,2902,Corporate Bonds
2185771,2026-10-02T00:57:11.112+05:30,2433,Corporate Bonds
2231695,2026-10-06T22:27:25.387+05:30,2908,Corporate Bonds
378807,2026-10-06T08:09:48.692+05:30,2644,Securitized Debt Instruments
2059673,2026-10-01T07:53:20.551+05:30,2930,Corporate Bonds
2139037,2026-10-01T08:30:51.48+05:30,3027,Corporate Bonds
967381,2026-10-01T14:51:26.366+05:30,2849,Corporate Bonds
483863,2026-10-02T10:25:18.422+05:30,2849,Corporate Bonds
726977,2026-10-03T09:36:56.135+05:30,2849,Corporate Bonds
2030012,2026-10-02T10:49:39.87+05:30,2981,Corporate Bonds
1250637,2026-10-01T05:35:00.06+05:30,2875,Corporate Bonds
1159342,2026-10-06T16:40:17.899+05:30,2883,Corporate Bonds
2149674,2026-10-05T07:41:39.817+05:30,3027,Corporate Bonds
2148839,2026-10-04T11:08:27.466+05:30,3040,Corporate Bonds
2230054,2026-10-04T13:33:17.12+05:30,2729,Mutual Funds
1923050,2026-10-01T10:25:21.348+05:30,2986,Corporate Bonds
502687,2026-10-01T08:58:19.52+05:30,2026,Corporate Bonds
907491,2026-10-01T08:30:44.353+05:30,2849,Corporate Bonds
1930107,2026-10-06T08:24:56.469+05:30,2858,Corporate Bonds
2144018,2026-10-02T23:22:58.391+05:30,3025,Corporate Bonds
520614,2026-10-01T05:56:58.679+05:30,2849,Corporate Bonds
2142741,2026-10-02T10:37:06.4+05:30,3027,Corporate Bonds
2198724,2026-10-04T21:25:00.831+05:30,2830,Corporate Bonds
2050981,2026-10-02T12:46:39.194+05:30,2880,Corporate Bonds
1916295,2026-10-07T19:49:23.406+05:30,3044,Corporate Bonds
379120,2026-10-01T10:56:36.985+05:30,2812,Corporate Bonds
1590533,2026-10-07T18:13:43.365+05:30,2849,Corporate Bonds
1545818,2026-10-05T15:19:47.505+05:30,2644,Securitized Debt Instruments
1004528,2026-10-02T19:14:37.454+05:30,2843,Corporate Bonds
2206189,2026-10-07T08:25:27.989+05:30,3044,Corporate Bonds
2235096,2026-10-06T19:27:10.838+05:30,2982,Corporate Bonds
2187339,2026-10-01T22:48:18.598+05:30,2982,Corporate Bonds
2229558,2026-10-03T14:00:47.245+05:30,2930,Corporate Bonds
1752605,2026-10-01T12:40:48.402+05:30,2849,Corporate Bonds
520817,2026-10-06T13:17:33.737+05:30,2729,Mutual Funds
828445,2026-10-02T13:49:03.664+05:30,2874,Corporate Bonds
862671,2026-10-04T01:11:29.934+05:30,2752,Corporate Bonds
730469,2026-10-02T19:53:22.061+05:30,2902,Corporate Bonds
2069108,2026-10-02T12:41:14.57+05:30,2902,Corporate Bonds
1574659,2026-10-04T10:43:36.686+05:30,2992,Corporate Bonds
1049287,2026-10-04T17:03:51.036+05:30,2626,Corporate Bonds
2151087,2026-10-02T02:24:47.061+05:30,2955,Corporate Bonds
244510,2026-10-01T08:28:56.845+05:30,2849,Corporate Bonds
1440152,2026-10-02T17:51:52.643+05:30,2879,Corporate Bonds
1444124,2026-10-02T14:26:26.358+05:30,2433,Corporate Bonds
1268946,2026-10-03T10:44:01.987+05:30,3027,Corporate Bonds
1703364,2026-10-06T23:34:06.985+05:30,3026,Corporate Bonds
521581,2026-10-07T09:10:21.646+05:30,1096,High Yield FDs
2127644,2026-10-04T19:13:11.278+05:30,2412,Corporate Bonds
1910148,2026-10-02T10:58:41.97+05:30,3040,Corporate Bonds
2230067,2026-10-06T20:49:56.965+05:30,3025,Corporate Bonds
2126251,2026-10-07T21:32:11.132+05:30,3044,Corporate Bonds
1711283,2026-10-03T13:07:21.074+05:30,2981,Corporate Bonds
23978,2026-10-06T08:31:54.436+05:30,2872,Corporate Bonds
1986571,2026-10-01T22:51:38.908+05:30,2849,Corporate Bonds
29712,2026-10-01T13:27:52.493+05:30,2883,Corporate Bonds
2082196,2026-10-01T22:11:21.465+05:30,2553,Corporate Bonds
2190545,2026-10-06T19:06:05.011+05:30,2992,Corporate Bonds
2224073,2026-10-03T20:25:00.358+05:30,2982,Corporate Bonds
1823524,2026-10-05T11:29:36.307+05:30,1292,High Yield FDs
2206679,2026-10-01T17:04:57.705+05:30,2881,Corporate Bonds
2177555,2026-10-02T07:22:57.372+05:30,3040,Corporate Bonds
1832481,2026-10-02T17:58:16.054+05:30,2311,Corporate Bonds
2060248,2026-10-05T08:30:39.469+05:30,3027,Corporate Bonds
2120435,2026-10-02T11:36:36.348+05:30,2955,Corporate Bonds
1401541,2026-10-01T08:43:44.029+05:30,2955,Corporate Bonds
2188392,2026-10-06T19:00:21.877+05:30,1239,High Yield FDs
353601,2026-10-05T15:25:37.815+05:30,2895,Corporate Bonds
2024170,2026-10-07T18:39:57.813+05:30,3044,Corporate Bonds
2085068,2026-10-01T20:59:52.124+05:30,2847,Corporate Bonds
1159312,2026-10-07T15:47:17.214+05:30,3027,Corporate Bonds
1630323,2026-10-03T19:15:35.366+05:30,2982,Corporate Bonds
2227499,2026-10-02T11:12:48.823+05:30,2729,Mutual Funds
1281871,2026-10-02T16:13:15.472+05:30,2981,Corporate Bonds
1601971,2026-10-05T10:09:29.111+05:30,2881,Corporate Bonds
2126175,2026-10-02T10:23:33.767+05:30,2906,Corporate Bonds
1697127,2026-10-03T14:54:41.029+05:30,3000,Corporate Bonds
2191186,2026-10-06T19:01:18.105+05:30,3027,Corporate Bonds
1308491,2026-10-04T07:13:46.702+05:30,3026,Corporate Bonds
2224083,2026-10-04T09:49:56.549+05:30,1239,High Yield FDs
1332856,2026-10-02T18:05:23.849+05:30,1292,High Yield FDs
1046132,2026-10-01T13:08:57.845+05:30,2767,Corporate Bonds
898044,2026-10-04T09:11:51.155+05:30,2849,Corporate Bonds
2227400,2026-10-02T09:50:47.249+05:30,2872,Corporate Bonds
1825453,2026-10-01T13:26:42.482+05:30,2643,Securitized Debt Instruments
600860,2026-10-01T12:26:53.943+05:30,2883,Corporate Bonds
2139119,2026-10-01T18:59:17.228+05:30,2740,Corporate Bonds
1368386,2026-10-07T10:43:15.787+05:30,2812,Corporate Bonds
46588,2026-10-05T14:21:42.652+05:30,2822,XCase
2199431,2026-10-04T14:44:17.598+05:30,3027,Corporate Bonds
318899,2026-10-03T08:43:33.228+05:30,3027,Corporate Bonds
2225607,2026-10-02T08:59:45.123+05:30,1292,High Yield FDs
1319505,2026-10-02T20:22:58.394+05:30,3026,Corporate Bonds
1770876,2026-10-04T11:21:52.782+05:30,2955,Corporate Bonds
97204,2026-10-01T15:24:41.476+05:30,3027,Corporate Bonds
724966,2026-10-03T21:58:37.87+05:30,2955,Corporate Bonds
17515,2026-10-01T11:14:44.101+05:30,2883,Corporate Bonds
2227499,2026-10-02T11:04:08.963+05:30,2729,Mutual Funds
1648787,2026-10-06T10:17:06.076+05:30,3027,Corporate Bonds
2226145,2026-10-01T14:40:59.573+05:30,2881,Corporate Bonds
2123114,2026-10-06T10:36:43.976+05:30,2769,Corporate Bonds
1460543,2026-10-04T22:24:50.88+05:30,2412,Corporate Bonds
1852024,2026-10-07T15:12:22.28+05:30,2992,Corporate Bonds
673481,2026-10-07T18:51:59.007+05:30,2849,Corporate Bonds
2225869,2026-10-01T12:04:21.205+05:30,2849,Corporate Bonds
2121433,2026-10-07T20:08:28.975+05:30,3044,Corporate Bonds
2229461,2026-10-03T15:17:55.216+05:30,2982,Corporate Bonds
1571322,2026-10-02T21:00:12.88+05:30,2981,Corporate Bonds
1537123,2026-10-07T11:41:50.761+05:30,2752,Corporate Bonds
1656458,2026-10-06T18:49:12.075+05:30,2930,Corporate Bonds
1054657,2026-10-03T08:56:41.829+05:30,3023,Corporate Bonds
830823,2026-10-03T14:44:32.17+05:30,2874,Corporate Bonds
1750011,2026-10-01T08:07:28.062+05:30,3027,Corporate Bonds
979103,2026-10-06T19:26:11.928+05:30,2880,Corporate Bonds
2220184,2026-10-06T13:32:38.257+05:30,2955,Corporate Bonds
868302,2026-10-07T03:58:31.897+05:30,3044,Corporate Bonds
1741322,2026-10-07T11:38:24.85+05:30,2955,Corporate Bonds
2236408,2026-10-07T14:22:12.745+05:30,2941,Corporate Bonds
2177302,2026-10-03T06:45:40.669+05:30,2981,Corporate Bonds
1553953,2026-10-01T11:10:51.21+05:30,3027,Corporate Bonds
1923388,2026-10-01T22:39:17.799+05:30,2868,Corporate Bonds
1043797,2026-10-03T17:47:12.776+05:30,2993,XCase
2166505,2026-10-06T09:06:59.837+05:30,2858,Corporate Bonds
2233183,2026-10-05T18:24:43.145+05:30,2881,Corporate Bonds
1321518,2026-10-01T18:16:22.222+05:30,1239,High Yield FDs
2220951,2026-10-05T13:31:10.694+05:30,2941,Corporate Bonds
2156643,2026-10-01T08:33:58.322+05:30,2843,Corporate Bonds
1198144,2026-10-04T23:23:53.857+05:30,2955,Corporate Bonds
817301,2026-10-01T19:29:48.091+05:30,2881,Corporate Bonds
1708136,2026-10-02T09:26:48.079+05:30,1239,High Yield FDs
1310872,2026-10-01T22:51:07.981+05:30,3027,Corporate Bonds
1064106,2026-10-03T20:37:01.734+05:30,3027,Corporate Bonds
1790825,2026-10-07T19:56:34.431+05:30,2335,Corporate Bonds
742265,2026-10-04T23:57:37.005+05:30,2849,Corporate Bonds
956363,2026-10-07T12:24:34.397+05:30,2883,Corporate Bonds
2179016,2026-10-03T14:05:01.644+05:30,1239,High Yield FDs
1311505,2026-10-06T07:16:43.438+05:30,2981,Corporate Bonds
1780480,2026-10-03T09:05:43.136+05:30,2874,Corporate Bonds
2089202,2026-10-01T21:32:29.32+05:30,1292,High Yield FDs
938056,2026-10-06T13:57:28.582+05:30,2412,Corporate Bonds
1496291,2026-10-04T14:13:25.497+05:30,2881,Corporate Bonds
2194899,2026-10-05T15:36:20.966+05:30,2881,Corporate Bonds
2230763,2026-10-04T09:36:36.581+05:30,2887,Corporate Bonds
719693,2026-10-06T18:41:58.027+05:30,2906,Corporate Bonds
498441,2026-10-02T22:15:47.171+05:30,2964,Corporate Bonds
2154196,2026-10-07T09:49:24.097+05:30,2910,Corporate Bonds
2193862,2026-10-06T23:56:20.739+05:30,3044,Corporate Bonds
2033376,2026-10-03T21:03:18.583+05:30,3027,Corporate Bonds
950408,2026-10-01T20:09:46.321+05:30,2553,Corporate Bonds
2172546,2026-10-05T15:44:16.176+05:30,2644,Securitized Debt Instruments
1779542,2026-10-01T22:10:13.809+05:30,2982,Corporate Bonds
1731965,2026-10-01T21:59:16.096+05:30,2250,Corporate Bonds
1411236,2026-10-07T16:53:58.831+05:30,2895,Corporate Bonds
2228550,2026-10-02T20:31:51.583+05:30,2431,Corporate Bonds
1792342,2026-10-01T20:51:35.097+05:30,2300,Corporate Bonds
1716183,2026-10-01T09:22:24.616+05:30,1095,High Yield FDs
1004854,2026-10-01T15:57:56.489+05:30,2858,Corporate Bonds
1400114,2026-10-05T17:22:13.74+05:30,2843,Corporate Bonds
2111125,2026-10-05T19:04:57.186+05:30,3027,Corporate Bonds
1389615,2026-10-01T12:55:08.952+05:30,2881,Corporate Bonds
779224,2026-10-01T10:25:12.627+05:30,2981,Corporate Bonds
1876415,2026-10-06T20:36:38.855+05:30,3044,Corporate Bonds
2067602,2026-10-07T08:11:12.978+05:30,2769,Corporate Bonds
995256,2026-10-01T09:05:19.763+05:30,2849,Corporate Bonds
1828053,2026-10-04T20:30:36.752+05:30,2881,Corporate Bonds
238083,2026-10-01T13:31:26.15+05:30,2981,Corporate Bonds
2116570,2026-10-06T14:12:57.842+05:30,2981,Corporate Bonds
864626,2026-10-03T10:01:30.067+05:30,2849,Corporate Bonds
1419432,2026-10-01T10:25:43.25+05:30,2887,Corporate Bonds
2231795,2026-10-04T21:04:52.638+05:30,2930,Corporate Bonds
1054657,2026-10-03T08:57:17.047+05:30,3023,Corporate Bonds
910494,2026-10-07T16:49:15.443+05:30,3045,Corporate Bonds
,2026-10-01T23:53:37.603+05:30,3026,Corporate Bonds
255167,2026-10-01T14:06:42.785+05:30,2955,Corporate Bonds
272634,2026-10-05T14:21:15.663+05:30,3027,Corporate Bonds
1092986,2026-10-05T18:02:30.381+05:30,2969,XCase
2230743,2026-10-05T22:47:56.732+05:30,2941,Corporate Bonds
1359442,2026-10-02T10:19:34.459+05:30,2849,Corporate Bonds
,2026-10-07T16:04:09.027+05:30,2895,Corporate Bonds
2121433,2026-10-05T19:43:18.712+05:30,2843,Corporate Bonds
2231955,2026-10-04T22:31:19.859+05:30,2982,Corporate Bonds
1618976,2026-10-02T09:58:15.404+05:30,2881,Corporate Bonds
,2026-10-01T17:38:02.774+05:30,1239,High Yield FDs
1502440,2026-10-02T22:04:18.485+05:30,2882,Corporate Bonds
1867156,2026-10-06T10:16:25.635+05:30,2644,Securitized Debt Instruments
1241093,2026-10-06T09:46:41.245+05:30,1239,High Yield FDs
1994283,2026-10-05T05:48:09.561+05:30,3027,Corporate Bonds
2207072,2026-10-02T11:56:22.918+05:30,2875,Corporate Bonds
453996,2026-10-02T06:23:20.707+05:30,2926,Corporate Bonds
1166187,2026-10-04T11:06:33.085+05:30,2957,Corporate Bonds
770101,2026-10-03T13:08:16.73+05:30,2981,Corporate Bonds
521581,2026-10-02T17:04:12.394+05:30,2794,Corporate Bonds
2111255,2026-10-07T09:47:40.52+05:30,2895,Corporate Bonds
1493587,2026-10-02T19:15:46.867+05:30,2849,Corporate Bonds
1919136,2026-10-01T16:42:32.911+05:30,2643,Securitized Debt Instruments
2226341,2026-10-05T17:12:43.623+05:30,2644,Securitized Debt Instruments
1984876,2026-10-07T06:39:37.318+05:30,2949,Corporate Bonds
211735,2026-10-04T08:49:57.244+05:30,2986,Corporate Bonds
1757975,2026-10-05T13:29:07.122+05:30,2883,Corporate Bonds
1979695,2026-10-03T12:52:44.02+05:30,2982,Corporate Bonds
1897130,2026-10-05T12:41:54.568+05:30,3027,Corporate Bonds
943811,2026-10-01T13:47:19.98+05:30,3027,Corporate Bonds
2158182,2026-10-05T16:40:15.132+05:30,2906,Corporate Bonds
622529,2026-10-01T15:49:59.883+05:30,2858,Corporate Bonds
1788534,2026-10-05T14:29:14.044+05:30,3027,Corporate Bonds
1851657,2026-10-01T10:10:36.911+05:30,3027,Corporate Bonds
2235316,2026-10-07T22:16:37.023+05:30,2882,Corporate Bonds
1166472,2026-10-05T17:38:27.531+05:30,2930,Corporate Bonds
99516,2026-10-01T08:20:37.151+05:30,2843,Corporate Bonds
1741270,2026-10-05T09:48:24.746+05:30,2849,Corporate Bonds
969192,2026-10-03T18:41:46.763+05:30,2626,Corporate Bonds
2233276,2026-10-05T19:18:50.619+05:30,2769,Corporate Bonds
1778631,2026-10-03T09:37:46.036+05:30,3027,Corporate Bonds
2035504,2026-10-05T23:35:55.412+05:30,2964,Corporate Bonds
2229096,2026-10-03T11:21:59.519+05:30,2949,Corporate Bonds
1444539,2026-10-03T22:07:36.846+05:30,2955,Corporate Bonds
1793525,2026-10-05T14:55:16.688+05:30,2883,Corporate Bonds
215667,2026-10-01T16:31:44.452+05:30,2881,Corporate Bonds
1540408,2026-10-05T18:29:48.613+05:30,2930,Corporate Bonds
1584555,2026-10-06T12:03:03.793+05:30,2881,Corporate Bonds
2223307,2026-10-01T18:41:07.765+05:30,1873,Corporate Bonds
2199431,2026-10-06T17:59:29.835+05:30,2982,Corporate Bonds
68842,2026-10-06T11:12:05.533+05:30,1239,High Yield FDs
237794,2026-10-03T17:20:18.067+05:30,2849,Corporate Bonds
2230416,2026-10-04T22:51:05.637+05:30,2982,Corporate Bonds
2102167,2026-10-07T12:03:56.28+05:30,3045,Corporate Bonds
2220360,2026-10-07T16:53:49.269+05:30,2881,Corporate Bonds
179786,2026-10-06T03:36:07.385+05:30,2883,Corporate Bonds
1091322,2026-10-01T08:12:15.66+05:30,2992,Corporate Bonds
510191,2026-10-06T07:28:02.735+05:30,1239,High Yield FDs
2195367,2026-10-06T00:44:03.569+05:30,2644,Securitized Debt Instruments
1437754,2026-10-07T11:21:57.352+05:30,3044,Corporate Bonds
1389022,2026-10-01T14:49:20.369+05:30,3027,Corporate Bonds
2234263,2026-10-06T21:58:35.025+05:30,2919,Corporate Bonds
868585,2026-10-05T12:49:50.352+05:30,2883,Corporate Bonds
938056,2026-10-06T13:57:50.887+05:30,2930,Corporate Bonds
2225751,2026-10-07T23:25:00.846+05:30,2767,Corporate Bonds
874904,2026-10-03T23:11:30.873+05:30,2930,Corporate Bonds
1953671,2026-10-02T15:48:37.242+05:30,2626,Corporate Bonds
1524640,2026-10-04T18:38:35.598+05:30,3027,Corporate Bonds
1437754,2026-10-01T18:10:06.084+05:30,2858,Corporate Bonds
2234712,2026-10-06T23:27:40.913+05:30,2941,Corporate Bonds
1633920,2026-10-01T23:42:34.057+05:30,2895,Corporate Bonds
2181208,2026-10-06T09:32:04.201+05:30,2872,Corporate Bonds
2189707,2026-10-05T18:38:54.468+05:30,3027,Corporate Bonds
2233568,2026-10-06T09:50:08.043+05:30,2874,Corporate Bonds
1865506,2026-10-03T07:41:00.212+05:30,2849,Corporate Bonds
2212597,2026-10-01T09:35:08.45+05:30,2849,Corporate Bonds
75658,2026-10-01T18:53:58.548+05:30,2833,Corporate Bonds
198671,2026-10-06T02:27:27.316+05:30,2918,Corporate Bonds
2231065,2026-10-07T18:10:27.316+05:30,2477,Corporate Bonds
673481,2026-10-06T13:50:15.815+05:30,2930,Corporate Bonds
2184579,2026-10-06T11:59:01.672+05:30,2644,Securitized Debt Instruments
2226869,2026-10-07T09:40:31.862+05:30,3027,Corporate Bonds
2046785,2026-10-06T21:14:22.462+05:30,3027,Corporate Bonds
2119629,2026-10-07T20:58:51.195+05:30,3044,Corporate Bonds
733303,2026-10-03T15:34:02.016+05:30,1095,High Yield FDs
1410645,2026-10-04T11:44:14.78+05:30,2917,Corporate Bonds
1573329,2026-10-01T21:08:07.351+05:30,1239,High Yield FDs
1905194,2026-10-05T11:38:10.747+05:30,3034,Corporate Bonds
2226915,2026-10-01T22:50:55.56+05:30,3040,Corporate Bonds
2077616,2026-10-07T17:23:31.453+05:30,1095,High Yield FDs
1405049,2026-10-03T10:06:02.913+05:30,2902,Corporate Bonds
1894132,2026-10-05T11:43:28.645+05:30,2981,Corporate Bonds
975820,2026-10-02T10:50:46.622+05:30,2981,Corporate Bonds
2178688,2026-10-03T07:24:13.018+05:30,2981,Corporate Bonds
1736518,2026-10-06T10:25:45.953+05:30,2858,Corporate Bonds
2133315,2026-10-05T12:50:20.699+05:30,2918,Corporate Bonds
958811,2026-10-04T10:14:13.254+05:30,2993,XCase
2064661,2026-10-04T07:44:54.506+05:30,2881,Corporate Bonds
1546217,2026-10-02T11:10:41.633+05:30,3040,Corporate Bonds
153926,2026-10-03T11:46:17.219+05:30,2849,Corporate Bonds
1933494,2026-10-06T19:07:57.168+05:30,2433,Corporate Bonds
1492419,2026-10-01T13:37:18.361+05:30,2982,Corporate Bonds
1629812,2026-10-05T00:45:14.842+05:30,2626,Corporate Bonds
2231695,2026-10-06T21:43:43.873+05:30,2941,Corporate Bonds
1744844,2026-10-07T09:37:22.152+05:30,2969,XCase
2136754,2026-10-01T15:19:00.723+05:30,2026,Corporate Bonds
2227383,2026-10-02T09:55:07.703+05:30,2881,Corporate Bonds
2222984,2026-10-03T16:02:27.462+05:30,2982,Corporate Bonds
2066591,2026-10-06T06:38:30.258+05:30,3040,Corporate Bonds
1872542,2026-10-04T17:11:31.654+05:30,2954,Corporate Bonds
1737974,2026-10-05T14:00:41.024+05:30,2412,Corporate Bonds
1965777,2026-10-07T22:05:34.61+05:30,3040,Corporate Bonds
1393026,2026-10-04T10:20:32.255+05:30,3040,Corporate Bonds
1033121,2026-10-07T11:41:29.249+05:30,2941,Corporate Bonds
2229078,2026-10-07T14:52:12.101+05:30,3044,Corporate Bonds
2067387,2026-10-04T18:10:33.264+05:30,2931,Corporate Bonds
1817869,2026-10-02T09:35:13.316+05:30,2895,Corporate Bonds
2226097,2026-10-01T21:38:26.374+05:30,3025,Corporate Bonds
2127091,2026-10-07T10:12:50.263+05:30,3044,Corporate Bonds
1695699,2026-10-07T22:02:28.014+05:30,2660,Corporate Bonds
2119387,2026-10-04T17:05:59.135+05:30,3040,Corporate Bonds
1001460,2026-10-01T11:58:44.846+05:30,3027,Corporate Bonds
1399364,2026-10-02T13:06:29.023+05:30,2880,Corporate Bonds
2231971,2026-10-04T22:37:10.497+05:30,2767,Corporate Bonds
1397670,2026-10-04T05:11:16.544+05:30,2626,Corporate Bonds
990163,2026-10-07T21:22:03.69+05:30,1292,High Yield FDs
2227870,2026-10-02T13:18:11.031+05:30,2887,Corporate Bonds
1075309,2026-10-06T14:58:04.372+05:30,2868,Corporate Bonds
2230606,2026-10-04T08:53:44.153+05:30,2982,Corporate Bonds
1520427,2026-10-07T01:17:55.832+05:30,2930,Corporate Bonds
65582,2026-10-01T19:53:41.166+05:30,2907,Corporate Bonds
1491751,2026-10-07T13:42:19.104+05:30,3044,Corporate Bonds
162439,2026-10-02T10:55:35.794+05:30,3026,Corporate Bonds
2102595,2026-10-02T09:56:38.356+05:30,2969,XCase
2219383,2026-10-04T16:18:18.443+05:30,2874,Corporate Bonds
849315,2026-10-06T16:27:29.443+05:30,3027,Corporate Bonds
1736133,2026-10-02T19:11:56.629+05:30,2982,Corporate Bonds
1739736,2026-10-06T14:47:00.115+05:30,2883,Corporate Bonds
1427408,2026-10-01T00:42:08.755+05:30,3027,Corporate Bonds
733236,2026-10-01T17:55:13.606+05:30,1239,High Yield FDs
1300521,2026-10-07T09:41:39.466+05:30,3044,Corporate Bonds
63755,2026-10-07T15:54:56.117+05:30,2969,XCase
1135678,2026-10-02T23:08:57.375+05:30,1873,Corporate Bonds
781368,2026-10-06T14:24:32.967+05:30,2895,Corporate Bonds
71510,2026-10-02T06:09:10.112+05:30,2849,Corporate Bonds
2164633,2026-10-04T12:21:43.959+05:30,1292,High Yield FDs
2184711,2026-10-02T17:21:51.412+05:30,2982,Corporate Bonds
1886907,2026-10-03T11:38:26.878+05:30,2881,Corporate Bonds
1881749,2026-10-02T14:05:00.226+05:30,2881,Corporate Bonds
643094,2026-10-01T11:11:09.737+05:30,3027,Corporate Bonds
1794354,2026-10-01T15:19:11.273+05:30,2895,Corporate Bonds
875004,2026-10-01T14:58:34.894+05:30,2895,Corporate Bonds
2226915,2026-10-01T22:41:09.603+05:30,3027,Corporate Bonds
2219271,2026-10-06T18:25:20.475+05:30,3027,Corporate Bonds
1258378,2026-10-06T02:46:46.796+05:30,3040,Corporate Bonds
2113846,2026-10-02T10:03:20.703+05:30,2895,Corporate Bonds
2200893,2026-10-07T16:16:18.556+05:30,2769,Corporate Bonds
769544,2026-10-07T23:22:56.617+05:30,2335,Corporate Bonds
720373,2026-10-01T10:23:24.864+05:30,2883,Corporate Bonds
2227103,2026-10-02T07:46:52.536+05:30,2849,Corporate Bonds
2208883,2026-10-01T15:31:51.482+05:30,2781,Corporate Bonds
1197369,2026-10-04T23:17:18.76+05:30,2887,Corporate Bonds
899821,2026-10-01T10:03:31.709+05:30,3014,Corporate Bonds
2108086,2026-10-07T21:39:17.584+05:30,2604,Corporate Bonds
2227750,2026-10-02T12:38:35.229+05:30,2881,Corporate Bonds
1528732,2026-10-03T15:44:59.265+05:30,2918,Corporate Bonds
2232840,2026-10-05T14:30:47.376+05:30,2982,Corporate Bonds
1527215,2026-10-05T08:42:39.297+05:30,2863,Corporate Bonds
2065728,2026-10-02T20:18:22.972+05:30,2767,Corporate Bonds
1168320,2026-10-01T07:21:53.553+05:30,2883,Corporate Bonds
1487939,2026-10-05T23:14:12.569+05:30,3040,Corporate Bonds
1838566,2026-10-07T14:20:48.236+05:30,3044,Corporate Bonds
85749,2026-10-04T07:04:10.605+05:30,3040,Corporate Bonds
2227499,2026-10-02T11:10:47.038+05:30,2982,Corporate Bonds
1661912,2026-10-04T10:58:16.246+05:30,2949,Corporate Bonds
2163821,2026-10-05T16:08:26.499+05:30,2907,Corporate Bonds
2209188,2026-10-01T21:46:34.577+05:30,1873,Corporate Bonds
1732876,2026-10-07T21:14:52.96+05:30,2335,Corporate Bonds
1710872,2026-10-05T17:47:11.319+05:30,2794,Corporate Bonds
1088074,2026-10-05T10:58:11.621+05:30,3040,Corporate Bonds
307410,2026-10-07T23:09:27.228+05:30,3045,Corporate Bonds
1412921,2026-10-03T20:14:11.066+05:30,3034,Corporate Bonds
1407953,2026-10-01T14:06:16.516+05:30,2849,Corporate Bonds
823516,2026-10-03T13:04:41.127+05:30,1239,High Yield FDs
454896,2026-10-02T08:09:06.285+05:30,2982,Corporate Bonds
1415721,2026-10-02T00:44:05.505+05:30,2918,Corporate Bonds
1725954,2026-10-02T10:22:03.782+05:30,2813,Corporate Bonds
318328,2026-10-02T18:55:17.978+05:30,3025,Corporate Bonds
2232367,2026-10-05T09:31:08.798+05:30,2887,Corporate Bonds
576151,2026-10-01T10:14:34.079+05:30,2981,Corporate Bonds
2228667,2026-10-02T21:42:48.541+05:30,2767,Corporate Bonds
1234986,2026-10-05T16:24:16.992+05:30,1292,High Yield FDs
739936,2026-10-07T09:43:51.026+05:30,3044,Corporate Bonds
2060640,2026-10-05T14:55:09.388+05:30,3027,Corporate Bonds
2167407,2026-10-03T13:24:52.304+05:30,2954,Corporate Bonds
2230273,2026-10-07T22:11:38.01+05:30,2881,Corporate Bonds
791260,2026-10-02T10:23:23.002+05:30,2930,Corporate Bonds
891588,2026-10-07T18:34:08.752+05:30,3027,Corporate Bonds
853692,2026-10-07T08:16:56.38+05:30,3027,Corporate Bonds
2182594,2026-10-04T17:32:15.345+05:30,2412,Corporate Bonds
2220184,2026-10-05T14:52:03.563+05:30,2955,Corporate Bonds
2232774,2026-10-05T13:51:17.286+05:30,2982,Corporate Bonds
1712337,2026-10-03T08:03:22.561+05:30,2887,Corporate Bonds
1054657,2026-10-03T08:46:27.431+05:30,2986,Corporate Bonds
864501,2026-10-02T10:30:29.655+05:30,2849,Corporate Bonds
1460318,2026-10-02T11:55:00.336+05:30,2981,Corporate Bonds
1026865,2026-10-05T00:40:35.424+05:30,2982,Corporate Bonds
1958933,2026-10-07T10:04:04.601+05:30,2812,Corporate Bonds
1135982,2026-10-06T16:20:56.885+05:30,2981,Corporate Bonds
2102595,2026-10-02T10:04:12.477+05:30,3027,Corporate Bonds
746641,2026-10-03T20:44:59.054+05:30,2849,Corporate Bonds
1088074,2026-10-01T12:32:06.243+05:30,2849,Corporate Bonds
779807,2026-10-03T12:53:30.109+05:30,2922,Corporate Bonds
485764,2026-10-03T09:56:15.771+05:30,2875,Corporate Bonds
1265647,2026-10-05T07:13:32.873+05:30,2626,Corporate Bonds
185555,2026-10-06T15:17:05.473+05:30,2868,Corporate Bonds
2146049,2026-10-01T09:07:10+05:30,2881,Corporate Bonds
1554872,2026-10-06T07:32:01.529+05:30,2858,Corporate Bonds
1768042,2026-10-02T20:55:31.309+05:30,2872,Corporate Bonds
2229661,2026-10-03T15:03:41.369+05:30,2982,Corporate Bonds
1885235,2026-10-07T20:43:02.181+05:30,2808,Corporate Bonds
2089027,2026-10-01T12:49:10.511+05:30,2843,Corporate Bonds
1856416,2026-10-07T22:55:12.566+05:30,2455,Corporate Bonds
1092986,2026-10-05T17:49:43.112+05:30,2969,XCase
1812430,2026-10-04T09:00:59.321+05:30,2626,Corporate Bonds
741378,2026-10-05T13:57:15.17+05:30,2412,Corporate Bonds
1017179,2026-10-07T19:56:39.972+05:30,2895,Corporate Bonds
2220184,2026-10-07T12:53:18.544+05:30,2955,Corporate Bonds
2095014,2026-10-03T22:29:32.488+05:30,2849,Corporate Bonds
2227400,2026-10-02T09:49:00.127+05:30,2767,Corporate Bonds
2226471,2026-10-03T22:02:15.926+05:30,2849,Corporate Bonds
1851556,2026-10-01T22:24:27.579+05:30,2902,Corporate Bonds
526185,2026-10-07T02:21:01.689+05:30,3027,Corporate Bonds
740810,2026-10-05T14:22:01.584+05:30,3027,Corporate Bonds
1701394,2026-10-06T11:34:43.677+05:30,3027,Corporate Bonds
1680828,2026-10-04T06:42:19.542+05:30,2757,Corporate Bonds
2172200,2026-10-06T19:56:41.669+05:30,1239,High Yield FDs
1987026,2026-10-04T21:56:08.919+05:30,2843,Corporate Bonds
659257,2026-10-03T18:24:52.796+05:30,2874,Corporate Bonds
2122327,2026-10-03T11:13:56.235+05:30,3025,Corporate Bonds
1050896,2026-10-04T23:37:51.879+05:30,2412,Corporate Bonds
2223514,2026-10-07T10:18:03.595+05:30,2982,Corporate Bonds
1404119,2026-10-02T16:19:22.975+05:30,3040,Corporate Bonds
2132296,2026-10-02T10:13:08.796+05:30,2431,Corporate Bonds
1186869,2026-10-03T13:35:44.804+05:30,2909,Corporate Bonds
1756179,2026-10-07T18:36:01.43+05:30,2830,Corporate Bonds
2133315,2026-10-03T14:11:45.214+05:30,1292,High Yield FDs
2226361,2026-10-01T17:08:23.639+05:30,1239,High Yield FDs
1167234,2026-10-04T20:12:26.431+05:30,2767,Corporate Bonds
185238,2026-10-06T23:29:04.27+05:30,2930,Corporate Bonds
1092062,2026-10-07T19:19:41.667+05:30,2917,Corporate Bonds
1336372,2026-10-01T11:39:58.333+05:30,2643,Securitized Debt Instruments
1759048,2026-10-01T08:39:48.226+05:30,2849,Corporate Bonds
2231065,2026-10-07T17:29:29.249+05:30,3050,Corporate Bonds
1073544,2026-10-07T07:19:25.65+05:30,3040,Corporate Bonds
473639,2026-10-01T21:26:23.656+05:30,2881,Corporate Bonds
1914597,2026-10-04T18:18:43.94+05:30,2843,Corporate Bonds
691035,2026-10-05T17:32:48.423+05:30,3027,Corporate Bonds
1018098,2026-10-03T20:09:53.665+05:30,1239,High Yield FDs
2091515,2026-10-07T08:21:25.115+05:30,3027,Corporate Bonds
2232985,2026-10-05T19:37:06.805+05:30,2644,Securitized Debt Instruments
1935893,2026-10-02T17:26:40.451+05:30,2982,Corporate Bonds
2027590,2026-10-07T12:34:01.901+05:30,2981,Corporate Bonds
672327,2026-10-01T16:52:30.035+05:30,2954,Corporate Bonds
318899,2026-10-03T08:41:39.843+05:30,2849,Corporate Bonds
1070233,2026-10-02T14:39:01.401+05:30,2849,Corporate Bonds
1684571,2026-10-06T23:14:35.008+05:30,3044,Corporate Bonds
2228194,2026-10-03T13:14:54.309+05:30,2982,Corporate Bonds
1980302,2026-10-01T10:17:08.126+05:30,3027,Corporate Bonds
2179394,2026-10-02T09:14:59.514+05:30,2311,Corporate Bonds
1359442,2026-10-02T10:19:59.51+05:30,2849,Corporate Bonds
365458,2026-10-02T18:50:01.593+05:30,2992,Corporate Bonds
962157,2026-10-03T21:19:04.461+05:30,2757,Corporate Bonds
1397670,2026-10-01T16:52:47.029+05:30,2982,Corporate Bonds
1071861,2026-10-01T13:39:14.019+05:30,2930,Corporate Bonds
1825914,2026-10-06T09:52:37.925+05:30,3040,Corporate Bonds
949937,2026-10-04T21:22:47.459+05:30,2902,Corporate Bonds
2232732,2026-10-05T13:11:03.768+05:30,2881,Corporate Bonds
2230695,2026-10-04T12:01:45.294+05:30,2899,Mutual Funds
26019,2026-10-01T16:47:13.366+05:30,2955,Corporate Bonds
1998626,2026-10-01T22:12:59.475+05:30,2902,Corporate Bonds
2144653,2026-10-03T19:32:41.919+05:30,2767,Corporate Bonds
1820625,2026-10-06T15:32:24.254+05:30,2794,Corporate Bonds
1846713,2026-10-06T10:53:04.96+05:30,2917,Corporate Bonds
1117176,2026-10-01T22:26:10.74+05:30,2433,Corporate Bonds
2088142,2026-10-02T10:48:21.589+05:30,2433,Corporate Bonds
2122908,2026-10-01T10:54:16.384+05:30,2767,Corporate Bonds
2098129,2026-10-07T21:18:49.551+05:30,3044,Corporate Bonds
1408669,2026-10-02T17:52:10.923+05:30,1292,High Yield FDs
1670777,2026-10-03T13:34:42.511+05:30,2981,Corporate Bonds
428125,2026-10-01T12:48:53.567+05:30,3027,Corporate Bonds
842154,2026-10-01T21:00:10.721+05:30,2757,Corporate Bonds
1010427,2026-10-01T00:40:27.072+05:30,1873,Corporate Bonds
678897,2026-10-05T10:26:55.361+05:30,3026,Corporate Bonds
2227086,2026-10-02T01:01:13.198+05:30,2982,Corporate Bonds
1316350,2026-10-06T16:15:23.627+05:30,2644,Securitized Debt Instruments
1379301,2026-10-03T07:41:30.69+05:30,3027,Corporate Bonds
1564429,2026-10-07T07:17:00.823+05:30,2752,Corporate Bonds
2231649,2026-10-04T19:13:03.317+05:30,2982,Corporate Bonds
359773,2026-10-05T10:21:45.436+05:30,3034,Corporate Bonds
978518,2026-10-01T09:59:09.327+05:30,2964,Corporate Bonds
1664321,2026-10-06T17:40:43.648+05:30,2981,Corporate Bonds
940575,2026-10-07T10:03:45.905+05:30,3044,Corporate Bonds
465763,2026-10-07T12:30:03.958+05:30,3040,Corporate Bonds
1680045,2026-10-04T08:10:17.911+05:30,3027,Corporate Bonds
2225869,2026-10-01T11:42:30.915+05:30,3027,Corporate Bonds
2234348,2026-10-06T12:28:55.834+05:30,2881,Corporate Bonds
2213999,2026-10-01T10:56:57.218+05:30,1292,High Yield FDs
1726102,2026-10-04T10:36:50.79+05:30,2849,Corporate Bonds
2224172,2026-10-01T11:45:51.907+05:30,3014,Corporate Bonds
2236331,2026-10-07T13:40:37.303+05:30,2918,Corporate Bonds
1097145,2026-10-07T11:19:48.906+05:30,2941,Corporate Bonds
1731286,2026-10-06T13:20:31.32+05:30,3027,Corporate Bonds
2081757,2026-10-03T00:09:18.85+05:30,2729,Mutual Funds
1625910,2026-10-03T21:04:07.225+05:30,2930,Corporate Bonds
1962192,2026-10-07T22:07:40.711+05:30,3044,Corporate Bonds
1554939,2026-10-01T20:16:45.535+05:30,2740,Corporate Bonds
944362,2026-10-01T10:45:13.422+05:30,3014,Corporate Bonds
255417,2026-10-07T07:39:13.334+05:30,2730,Mutual Funds
2120075,2026-10-02T13:03:33.241+05:30,2955,Corporate Bonds
2231947,2026-10-04T22:28:41.384+05:30,2781,Corporate Bonds
853692,2026-10-07T08:14:47.497+05:30,3027,Corporate Bonds
2208883,2026-10-06T15:03:55.696+05:30,2752,Corporate Bonds
129524,2026-10-06T17:25:55.767+05:30,2925,Corporate Bonds
495672,2026-10-07T10:14:00.895+05:30,1292,High Yield FDs
2229815,2026-10-03T16:50:13.327+05:30,2767,Corporate Bonds
2150985,2026-10-02T10:13:03.896+05:30,2843,Corporate Bonds
2217485,2026-10-03T19:24:41.566+05:30,2899,Mutual Funds
2022883,2026-10-03T19:50:13.811+05:30,3027,Corporate Bonds
2137775,2026-10-01T13:08:56.821+05:30,2849,Corporate Bonds
2006400,2026-10-03T07:59:56.708+05:30,3027,Corporate Bonds
2229117,2026-10-06T08:48:19.541+05:30,2941,Corporate Bonds
487781,2026-10-01T08:58:10.265+05:30,2843,Corporate Bonds
2191552,2026-10-02T14:56:13.212+05:30,1292,High Yield FDs
2226227,2026-10-01T18:34:42.225+05:30,2922,Corporate Bonds
2202928,2026-10-03T18:51:15.802+05:30,2767,Corporate Bonds
944794,2026-10-06T13:28:08.877+05:30,3040,Corporate Bonds
1990437,2026-10-01T21:09:38.768+05:30,2740,Corporate Bonds
266272,2026-10-03T16:42:21.921+05:30,2311,Corporate Bonds
1561754,2026-10-07T14:40:21.687+05:30,2872,Corporate Bonds
1989223,2026-10-04T02:38:08.756+05:30,2781,Corporate Bonds
1073930,2026-10-06T20:21:31.425+05:30,2992,Corporate Bonds
740392,2026-10-03T12:39:26.763+05:30,2982,Corporate Bonds
1635186,2026-10-04T12:10:40.896+05:30,2895,Corporate Bonds
2155737,2026-10-06T19:31:00.984+05:30,3044,Corporate Bonds
1738235,2026-10-01T20:40:01.938+05:30,2883,Corporate Bonds
1962077,2026-10-05T13:00:03.643+05:30,2868,Corporate Bonds
1752605,2026-10-01T16:13:02.164+05:30,2982,Corporate Bonds
1631579,2026-10-04T19:59:12.138+05:30,2849,Corporate Bonds
733236,2026-10-02T07:32:47.706+05:30,1239,High Yield FDs
2043313,2026-10-01T19:41:38.559+05:30,2774,Corporate Bonds
709269,2026-10-02T19:12:29.692+05:30,2955,Corporate Bonds
2108235,2026-10-02T23:53:40.948+05:30,2872,Corporate Bonds
1605539,2026-10-05T22:34:23.3+05:30,2919,Corporate Bonds
2072443,2026-10-04T12:17:18.447+05:30,2626,Corporate Bonds
2003242,2026-10-06T09:00:28.495+05:30,3040,Corporate Bonds
2118360,2026-10-02T09:12:20.733+05:30,2849,Corporate Bonds
2225599,2026-10-04T18:06:12.587+05:30,2982,Corporate Bonds
2076765,2026-10-05T11:48:19.558+05:30,2843,Corporate Bonds
1985018,2026-10-02T00:16:55.952+05:30,2895,Corporate Bonds
2206887,2026-10-05T11:45:47.625+05:30,2955,Corporate Bonds
661819,2026-10-01T11:32:24.271+05:30,2412,Corporate Bonds
1706931,2026-10-07T05:29:45.424+05:30,3044,Corporate Bonds
2193734,2026-10-02T05:42:31.457+05:30,2412,Corporate Bonds
1256148,2026-10-05T16:40:52.143+05:30,2982,Corporate Bonds
2226227,2026-10-01T18:39:41.32+05:30,2922,Corporate Bonds
980454,2026-10-06T12:17:36.266+05:30,3040,Corporate Bonds
2227587,2026-10-02T11:54:13.867+05:30,2830,Corporate Bonds
1778969,2026-10-03T13:53:14.271+05:30,2881,Corporate Bonds
853449,2026-10-01T14:43:08.982+05:30,2849,Corporate Bonds
1526657,2026-10-07T11:49:46.923+05:30,3044,Corporate Bonds
1597480,2026-10-04T09:51:13.737+05:30,3027,Corporate Bonds
2235782,2026-10-07T10:53:48.202+05:30,2941,Corporate Bonds
972274,2026-10-01T12:36:00.499+05:30,3027,Corporate Bonds
291255,2026-10-01T13:52:12.25+05:30,2849,Corporate Bonds
125358,2026-10-07T14:04:01.174+05:30,3027,Corporate Bonds
2112401,2026-10-01T13:46:18.51+05:30,3027,Corporate Bonds
1767573,2026-10-02T14:40:53.619+05:30,2895,Corporate Bonds
1262044,2026-10-06T22:53:16.174+05:30,2919,Corporate Bonds
259589,2026-10-05T16:05:48.211+05:30,3027,Corporate Bonds
2015907,2026-10-02T12:20:46.757+05:30,3027,Corporate Bonds
2073231,2026-10-02T01:57:20.725+05:30,2982,Corporate Bonds
2230800,2026-10-05T17:58:46.194+05:30,2874,Corporate Bonds
1891129,2026-10-01T10:56:14.595+05:30,2981,Corporate Bonds
2227945,2026-10-05T18:46:57.79+05:30,2629,Corporate Bonds
2229424,2026-10-03T12:05:45.48+05:30,2982,Corporate Bonds
406138,2026-10-01T23:08:07.377+05:30,3027,Corporate Bonds
1690180,2026-10-02T21:46:16.789+05:30,2849,Corporate Bonds
1655409,2026-10-03T12:38:00.662+05:30,3027,Corporate Bonds
1639476,2026-10-06T08:51:34.396+05:30,2902,Corporate Bonds
2011660,2026-10-02T08:30:13.296+05:30,3040,Corporate Bonds
826016,2026-10-05T02:51:26.466+05:30,2626,Corporate Bonds
1501640,2026-10-02T07:31:12.723+05:30,2882,Corporate Bonds
1779887,2026-10-01T22:00:49.189+05:30,1292,High Yield FDs
972586,2026-10-07T20:02:42.319+05:30,3040,Corporate Bonds
1671513,2026-10-01T09:18:26.961+05:30,2981,Corporate Bonds
2139773,2026-10-06T13:19:49.998+05:30,2981,Corporate Bonds
1710296,2026-10-07T10:36:22.236+05:30,2981,Corporate Bonds
970900,2026-10-01T12:01:02.333+05:30,2849,Corporate Bonds
2115270,2026-10-05T19:31:22.426+05:30,2982,Corporate Bonds
1365740,2026-10-03T23:17:47.062+05:30,2881,Corporate Bonds
2236706,2026-10-07T17:09:44.401+05:30,2941,Corporate Bonds
2214088,2026-10-05T17:21:12.659+05:30,3040,Corporate Bonds
735414,2026-10-01T21:07:39.104+05:30,2740,Corporate Bonds
2215083,2026-10-07T09:42:31.88+05:30,2881,Corporate Bonds
740810,2026-10-05T14:24:03.542+05:30,2981,Corporate Bonds
717380,2026-10-04T04:35:28.473+05:30,2849,Corporate Bonds
1661518,2026-10-04T02:20:04.236+05:30,2849,Corporate Bonds
1757975,2026-10-05T13:42:09.417+05:30,2849,Corporate Bonds
1984111,2026-10-07T11:37:20.774+05:30,2872,Corporate Bonds
907517,2026-10-03T11:28:20.735+05:30,2981,Corporate Bonds
2230351,2026-10-04T12:50:56.932+05:30,3027,Corporate Bonds
2006080,2026-10-07T16:24:16.877+05:30,2909,Corporate Bonds
2218053,2026-10-05T10:54:41.693+05:30,2982,Corporate Bonds
1611365,2026-10-06T22:12:21.183+05:30,2982,Corporate Bonds
2163128,2026-10-06T17:34:16+05:30,3044,Corporate Bonds
997744,2026-10-01T11:31:31.818+05:30,2982,Corporate Bonds
352,2026-10-01T09:54:59.807+05:30,2873,XCase
2063634,2026-10-06T11:58:19.557+05:30,2930,Corporate Bonds
2149213,2026-10-02T22:29:26.846+05:30,2918,Corporate Bonds
2003242,2026-10-05T15:07:27.887+05:30,2883,Corporate Bonds
1088456,2026-10-03T20:25:14.249+05:30,2900,Corporate Bonds
1671982,2026-10-01T16:46:11.561+05:30,2729,Mutual Funds
2115774,2026-10-01T19:02:57.782+05:30,2950,Corporate Bonds
2145347,2026-10-01T20:01:39.976+05:30,2964,Corporate Bonds
1350889,2026-10-06T17:15:18.046+05:30,2918,Corporate Bonds
1181136,2026-10-04T17:50:07.636+05:30,2849,Corporate Bonds
64311,2026-10-03T20:07:59.152+05:30,2849,Corporate Bonds
1942594,2026-10-06T11:59:10.927+05:30,3027,Corporate Bonds
1500382,2026-10-01T07:42:17.675+05:30,1873,Corporate Bonds
731894,2026-10-01T13:35:45.653+05:30,2412,Corporate Bonds
2148839,2026-10-04T11:06:56.169+05:30,3040,Corporate Bonds
99386,2026-10-01T21:49:17.377+05:30,2917,Corporate Bonds
1637088,2026-10-04T12:25:57.926+05:30,3027,Corporate Bonds
2152795,2026-10-05T09:47:59.516+05:30,2729,Mutual Funds
1302869,2026-10-04T23:56:17.603+05:30,2822,XCase
2108587,2026-10-03T12:19:37.346+05:30,2781,Corporate Bonds
1053855,2026-10-03T14:27:46.005+05:30,2881,Corporate Bonds
2136881,2026-10-04T16:19:53.703+05:30,2864,Corporate Bonds
2235361,2026-10-07T18:52:16.62+05:30,2767,Corporate Bonds
63755,2026-10-07T16:21:49.878+05:30,2925,Corporate Bonds
911681,2026-10-02T08:46:00.036+05:30,3027,Corporate Bonds
2224176,2026-10-01T07:27:29.287+05:30,3025,Corporate Bonds
2235316,2026-10-06T22:05:53.141+05:30,2794,Corporate Bonds
2109711,2026-10-06T08:59:15.915+05:30,2955,Corporate Bonds
2035967,2026-10-07T20:51:12.82+05:30,3045,Corporate Bonds
2193399,2026-10-05T10:57:21.865+05:30,1095,High Yield FDs
1647824,2026-10-07T22:20:28.785+05:30,3044,Corporate Bonds
2032390,2026-10-05T16:12:21.247+05:30,2981,Corporate Bonds
841170,2026-10-02T09:51:15.39+05:30,3040,Corporate Bonds
1641598,2026-10-04T20:01:20.788+05:30,2874,Corporate Bonds
2194043,2026-10-01T17:04:00.261+05:30,2858,Corporate Bonds
473639,2026-10-03T10:57:12.101+05:30,2881,Corporate Bonds
274479,2026-10-06T15:12:21.976+05:30,2840,Corporate Bonds
2064225,2026-10-01T10:41:55.894+05:30,1873,Corporate Bonds
2158753,2026-10-01T12:10:05.535+05:30,3014,Corporate Bonds
1923197,2026-10-03T17:41:38.107+05:30,2849,Corporate Bonds
1827212,2026-10-07T18:28:10.065+05:30,3044,Corporate Bonds
1001174,2026-10-06T18:24:26.934+05:30,2843,Corporate Bonds
2201068,2026-10-07T08:59:37.17+05:30,2964,Corporate Bonds
2220097,2026-10-03T17:55:56.301+05:30,2311,Corporate Bonds
807907,2026-10-02T10:31:39.429+05:30,2849,Corporate Bonds
2234315,2026-10-06T11:44:36.817+05:30,2881,Corporate Bonds
797558,2026-10-05T07:15:34.983+05:30,2868,Corporate Bonds
2060797,2026-10-07T08:33:54.288+05:30,3027,Corporate Bonds
577213,2026-10-07T22:43:14.767+05:30,3044,Corporate Bonds
428125,2026-10-01T23:07:42.26+05:30,3027,Corporate Bonds
1341434,2026-10-01T00:24:20.174+05:30,2643,Securitized Debt Instruments
2018836,2026-10-07T10:26:58.207+05:30,2843,Corporate Bonds
1336372,2026-10-01T11:58:29.121+05:30,2026,Corporate Bonds
1173613,2026-10-02T22:54:11.514+05:30,2276,Corporate Bonds
894408,2026-10-07T09:38:23.002+05:30,3026,Corporate Bonds
2235156,2026-10-06T20:22:30.823+05:30,2941,Corporate Bonds
2233187,2026-10-05T23:32:53.603+05:30,1292,High Yield FDs
1137737,2026-10-01T13:03:20.221+05:30,2849,Corporate Bonds
664473,2026-10-06T13:30:21.843+05:30,3027,Corporate Bonds
977686,2026-10-04T19:53:26.612+05:30,2993,XCase
591215,2026-10-05T12:58:03.555+05:30,2895,Corporate Bonds
1710872,2026-10-07T15:24:20.149+05:30,3045,Corporate Bonds
2012786,2026-10-02T14:24:12.208+05:30,3026,Corporate Bonds
835197,2026-10-07T10:46:01.597+05:30,2955,Corporate Bonds
1927121,2026-10-02T21:59:53.936+05:30,2955,Corporate Bonds
2002662,2026-10-01T21:45:39.432+05:30,2553,Corporate Bonds
2181399,2026-10-06T22:30:57.929+05:30,2874,Corporate Bonds
2126628,2026-10-05T18:32:32.769+05:30,2757,Corporate Bonds
975393,2026-10-07T20:13:30.295+05:30,3044,Corporate Bonds
2095901,2026-10-05T12:29:44.877+05:30,2864,Corporate Bonds
127524,2026-10-05T16:58:19.991+05:30,2883,Corporate Bonds
2192232,2026-10-07T17:58:50.597+05:30,3040,Corporate Bonds
773040,2026-10-06T18:54:48.311+05:30,3044,Corporate Bonds
589128,2026-10-05T20:20:14.212+05:30,3040,Corporate Bonds
1958612,2026-10-02T11:43:25.015+05:30,2881,Corporate Bonds
847579,2026-10-06T20:23:41.35+05:30,3027,Corporate Bonds
2223371,2026-10-02T17:08:58.211+05:30,1292,High Yield FDs
1607552,2026-10-07T13:11:06.511+05:30,3044,Corporate Bonds
1992552,2026-10-03T08:43:10.895+05:30,3027,Corporate Bonds
2226438,2026-10-01T20:48:54.513+05:30,2941,Corporate Bonds
787257,2026-10-01T20:18:00.935+05:30,2794,Corporate Bonds
2064257,2026-10-01T14:19:55.842+05:30,2847,Corporate Bonds
2046421,2026-10-03T21:09:01.002+05:30,2881,Corporate Bonds
2034849,2026-10-04T07:52:05.306+05:30,2895,Corporate Bonds
1827212,2026-10-07T18:25:38.649+05:30,3044,Corporate Bonds
914465,2026-10-03T21:03:22.561+05:30,2849,Corporate Bonds
1973827,2026-10-03T14:44:37.293+05:30,2895,Corporate Bonds
225227,2026-10-01T18:21:09.728+05:30,2895,Corporate Bonds
2232876,2026-10-05T14:58:59.964+05:30,2881,Corporate Bonds
1980702,2026-10-03T15:30:47.111+05:30,2311,Corporate Bonds
1479614,2026-10-01T11:30:38.943+05:30,2849,Corporate Bonds
970477,2026-10-03T12:54:07.477+05:30,3027,Corporate Bonds
2167753,2026-10-05T09:35:05.089+05:30,2911,Mutual Funds
2193734,2026-10-04T02:23:51.934+05:30,3027,Corporate Bonds
2218090,2026-10-01T20:25:37.67+05:30,1292,High Yield FDs
850815,2026-10-02T01:36:05.259+05:30,3040,Corporate Bonds
2048101,2026-10-07T21:22:23.781+05:30,3044,Corporate Bonds
1365119,2026-10-02T23:01:45.936+05:30,3027,Corporate Bonds
548460,2026-10-03T13:30:20.965+05:30,2842,Corporate Bonds
1574659,2026-10-04T10:46:57.8+05:30,2992,Corporate Bonds
1274239,2026-10-02T11:11:13.709+05:30,2895,Corporate Bonds
2088151,2026-10-03T05:22:19.883+05:30,2981,Corporate Bonds
1923050,2026-10-01T10:25:03.824+05:30,2986,Corporate Bonds
1529150,2026-10-06T17:58:14.482+05:30,3027,Corporate Bonds
225227,2026-10-01T18:19:34.274+05:30,2895,Corporate Bonds
1330738,2026-10-06T12:01:13.548+05:30,2982,Corporate Bonds
342460,2026-10-01T14:15:54.594+05:30,3027,Corporate Bonds
519357,2026-10-01T06:59:09.229+05:30,2981,Corporate Bonds
2236514,2026-10-07T15:35:15.653+05:30,3044,Corporate Bonds
774356,2026-10-01T08:23:13.109+05:30,3027,Corporate Bonds
2145390,2026-10-01T18:05:29.796+05:30,2969,XCase
1757209,2026-10-07T05:55:56.76+05:30,2969,XCase
1392888,2026-10-03T19:30:44.459+05:30,2849,Corporate Bonds
1736133,2026-10-03T19:54:33.73+05:30,2982,Corporate Bonds
1622604,2026-10-06T21:47:05.431+05:30,2849,Corporate Bonds
1984755,2026-10-06T13:21:38.724+05:30,2930,Corporate Bonds
1386671,2026-10-01T17:56:43.384+05:30,2849,Corporate Bonds
2234474,2026-10-06T13:48:51.824+05:30,2899,Mutual Funds
1400576,2026-10-07T12:52:23.959+05:30,1239,High Yield FDs
1315916,2026-10-03T22:31:12.355+05:30,2843,Corporate Bonds
729579,2026-10-06T12:54:28.97+05:30,2644,Securitized Debt Instruments
1627184,2026-10-03T13:14:25.423+05:30,2842,Corporate Bonds
1133398,2026-10-04T17:11:24.719+05:30,2982,Corporate Bonds
2215981,2026-10-02T17:28:07.517+05:30,2767,Corporate Bonds
1554939,2026-10-01T20:13:41.989+05:30,3040,Corporate Bonds
1017179,2026-10-07T19:29:14.851+05:30,3045,Corporate Bonds
731532,2026-10-06T07:26:47.804+05:30,2858,Corporate Bonds
1053855,2026-10-04T16:08:41.976+05:30,1292,High Yield FDs
2127205,2026-10-01T18:33:37.862+05:30,1239,High Yield FDs
1998231,2026-10-02T14:05:58.43+05:30,2895,Corporate Bonds
2231480,2026-10-07T18:36:32.32+05:30,2849,Corporate Bonds
2147727,2026-10-05T13:59:27.86+05:30,2895,Corporate Bonds
1848920,2026-10-02T14:21:13.612+05:30,2840,Corporate Bonds
1063939,2026-10-03T09:27:32.942+05:30,2875,Corporate Bonds
2230336,2026-10-03T22:35:14.247+05:30,2849,Corporate Bonds
1126713,2026-10-06T19:04:55.311+05:30,3000,Corporate Bonds
2160128,2026-10-06T11:55:03.299+05:30,2729,Mutual Funds
1179437,2026-10-06T20:00:52.028+05:30,3044,Corporate Bonds
1050898,2026-10-02T23:21:15.8+05:30,3027,Corporate Bonds
798299,2026-10-04T18:12:30.284+05:30,2895,Corporate Bonds
2232087,2026-10-05T21:36:28.869+05:30,2830,Corporate Bonds
2229391,2026-10-03T11:41:38.949+05:30,2881,Corporate Bonds
900942,2026-10-04T16:38:57.365+05:30,2902,Corporate Bonds
2232763,2026-10-05T13:38:36.196+05:30,2868,Corporate Bonds
726729,2026-10-03T08:18:31.828+05:30,2849,Corporate Bonds
2229096,2026-10-03T18:03:44.466+05:30,2752,Corporate Bonds
1553294,2026-10-02T20:10:17.772+05:30,2982,Corporate Bonds
2070884,2026-10-02T13:54:20.19+05:30,2849,Corporate Bonds
1579913,2026-10-06T09:00:33.631+05:30,2981,Corporate Bonds
805083,2026-10-05T11:54:24.683+05:30,1292,High Yield FDs
2230800,2026-10-05T17:50:09.843+05:30,2930,Corporate Bonds
2211183,2026-10-07T20:34:12.95+05:30,3044,Corporate Bonds
2188112,2026-10-05T11:18:51.761+05:30,2955,Corporate Bonds
783753,2026-10-05T11:30:57.776+05:30,1239,High Yield FDs
2096765,2026-10-03T14:37:20.895+05:30,3027,Corporate Bonds
510662,2026-10-06T09:47:25.384+05:30,2902,Corporate Bonds
1736133,2026-10-02T19:11:58.567+05:30,2982,Corporate Bonds
1064908,2026-10-05T19:37:08.158+05:30,2872,Corporate Bonds
1793774,2026-10-07T18:17:05.28+05:30,2794,Corporate Bonds
786145,2026-10-03T02:48:33.061+05:30,2881,Corporate Bonds
272634,2026-10-05T14:33:18.944+05:30,2955,Corporate Bonds
1516733,2026-10-01T16:33:00.577+05:30,2849,Corporate Bonds
1183664,2026-10-05T11:35:44.807+05:30,2993,XCase
1443953,2026-10-07T09:23:47.441+05:30,3027,Corporate Bonds
2172200,2026-10-05T20:20:15.08+05:30,1292,High Yield FDs
949525,2026-10-07T12:34:32.029+05:30,3044,Corporate Bonds
2205399,2026-10-01T13:57:27.091+05:30,2954,Corporate Bonds
1526929,2026-10-02T14:35:00.841+05:30,2433,Corporate Bonds
1019555,2026-10-07T12:37:12.432+05:30,3044,Corporate Bonds
1365679,2026-10-01T10:43:20.769+05:30,2767,Corporate Bonds
2236918,2026-10-07T19:47:48.956+05:30,3044,Corporate Bonds
1633729,2026-10-01T15:20:05.77+05:30,2794,Corporate Bonds
2236022,2026-10-07T11:20:21.302+05:30,2908,Corporate Bonds
793459,2026-10-02T11:22:42.883+05:30,3040,Corporate Bonds
1514346,2026-10-04T21:40:55.899+05:30,2895,Corporate Bonds
1001804,2026-10-01T11:36:05.277+05:30,3040,Corporate Bonds
514187,2026-10-06T18:50:15.783+05:30,2074,SIF
1926774,2026-10-07T02:54:45.963+05:30,2881,Corporate Bonds
931439,2026-10-02T22:24:05.08+05:30,2842,Corporate Bonds
2225692,2026-10-01T17:08:44.285+05:30,2881,Corporate Bonds
1197867,2026-10-05T03:41:39.346+05:30,2907,Corporate Bonds
750505,2026-10-07T10:20:52.463+05:30,1239,High Yield FDs
2213491,2026-10-03T10:02:28.095+05:30,3025,Corporate Bonds
572729,2026-10-01T15:47:00.305+05:30,2849,Corporate Bonds
2195717,2026-10-01T10:09:21.179+05:30,3027,Corporate Bonds
6359,2026-10-03T07:25:52.927+05:30,2874,Corporate Bonds
408636,2026-10-05T18:16:13.414+05:30,2850,Corporate Bonds
1786242,2026-10-02T10:42:57.105+05:30,2840,Corporate Bonds
2114139,2026-10-06T20:02:53.847+05:30,3044,Corporate Bonds
2230243,2026-10-03T22:53:30.758+05:30,1292,High Yield FDs
731578,2026-10-03T21:22:47.646+05:30,2875,Corporate Bonds
2235003,2026-10-06T18:42:16.165+05:30,2830,Corporate Bonds
2230243,2026-10-03T22:59:01.677+05:30,1292,High Yield FDs
1569991,2026-10-07T20:43:01.264+05:30,2930,Corporate Bonds
1835175,2026-10-01T08:38:18.399+05:30,2883,Corporate Bonds
2228065,2026-10-02T15:40:36.657+05:30,2930,Corporate Bonds
1366465,2026-10-04T09:50:09.801+05:30,3027,Corporate Bonds
2035504,2026-10-05T06:25:26.331+05:30,2868,Corporate Bonds
568523,2026-10-05T09:31:53.657+05:30,2930,Corporate Bonds
1002769,2026-10-07T22:37:05.727+05:30,2969,XCase
2227868,2026-10-03T00:17:55.945+05:30,2881,Corporate Bonds
713869,2026-10-01T11:29:10.523+05:30,2955,Corporate Bonds
2193201,2026-10-01T17:30:39.234+05:30,2767,Corporate Bonds
1163017,2026-10-01T12:52:01.503+05:30,2767,Corporate Bonds
2151087,2026-10-04T01:41:15.309+05:30,2955,Corporate Bonds
1761249,2026-10-01T17:13:38.548+05:30,2849,Corporate Bonds
2115430,2026-10-06T08:58:12.6+05:30,3027,Corporate Bonds
1266788,2026-10-05T23:19:44.348+05:30,2412,Corporate Bonds
2214088,2026-10-05T09:22:59.555+05:30,2868,Corporate Bonds
1757209,2026-10-07T05:58:10.848+05:30,2822,XCase
1439096,2026-10-03T09:46:38.113+05:30,2955,Corporate Bonds
998114,2026-10-04T19:35:56.87+05:30,3026,Corporate Bonds
2225599,2026-10-04T18:08:20.026+05:30,2849,Corporate Bonds
2088578,2026-10-05T17:52:58.686+05:30,2842,Corporate Bonds
1357945,2026-10-01T15:56:33.269+05:30,2858,Corporate Bonds
1827212,2026-10-02T12:22:10.228+05:30,2872,Corporate Bonds
2195367,2026-10-06T00:39:00.288+05:30,2629,Corporate Bonds
1927345,2026-10-03T21:20:22.046+05:30,2769,Corporate Bonds
971608,2026-10-02T13:35:06.051+05:30,2930,Corporate Bonds
2230700,2026-10-05T20:14:15.217+05:30,2941,Corporate Bonds
1885866,2026-10-04T21:40:44.455+05:30,2767,Corporate Bonds
1938725,2026-10-03T00:52:50.85+05:30,2981,Corporate Bonds
2195275,2026-10-04T23:40:09.841+05:30,2881,Corporate Bonds
2174057,2026-10-01T11:50:18.255+05:30,2964,Corporate Bonds
1868661,2026-10-01T17:08:16.629+05:30,2981,Corporate Bonds
2074939,2026-10-07T00:19:44.693+05:30,3044,Corporate Bonds
2225869,2026-10-01T12:07:03.871+05:30,2873,XCase
1892507,2026-10-01T10:06:47.684+05:30,3014,Corporate Bonds
462235,2026-10-04T01:00:11.827+05:30,2895,Corporate Bonds
370865,2026-10-01T11:24:11.278+05:30,2879,Corporate Bonds
1633237,2026-10-04T00:21:03.781+05:30,2781,Corporate Bonds
2034258,2026-10-04T13:02:11.174+05:30,2849,Corporate Bonds
798505,2026-10-02T11:17:14.422+05:30,2250,Corporate Bonds
850815,2026-10-02T00:23:08.286+05:30,3040,Corporate Bonds
1457749,2026-10-06T10:49:33.475+05:30,3040,Corporate Bonds
877974,2026-10-06T10:23:08.395+05:30,2840,Corporate Bonds
1556355,2026-10-04T20:44:31.75+05:30,2849,Corporate Bonds
838586,2026-10-02T12:26:53.874+05:30,2982,Corporate Bonds
2224997,2026-10-01T17:46:13.58+05:30,2849,Corporate Bonds
17515,2026-10-01T11:14:43.34+05:30,2883,Corporate Bonds
2213999,2026-10-03T10:17:26.18+05:30,1239,High Yield FDs
1820764,2026-10-03T22:10:28.303+05:30,2874,Corporate Bonds
1033384,2026-10-07T14:38:01.426+05:30,3027,Corporate Bonds
370865,2026-10-01T11:09:47.222+05:30,2879,Corporate Bonds
1565714,2026-10-06T19:25:45.801+05:30,3027,Corporate Bonds
2229747,2026-10-05T14:31:50.495+05:30,2907,Corporate Bonds
2231832,2026-10-05T12:11:58.245+05:30,2895,Corporate Bonds
1136832,2026-10-07T00:58:59.243+05:30,2849,Corporate Bonds
563032,2026-10-02T10:33:23.192+05:30,2981,Corporate Bonds
715615,2026-10-07T14:30:29.302+05:30,1292,High Yield FDs
18534,2026-10-02T09:40:27.346+05:30,2881,Corporate Bonds
1241093,2026-10-06T09:49:20.513+05:30,1239,High Yield FDs
266272,2026-10-01T00:44:50.182+05:30,3014,Corporate Bonds
592229,2026-10-07T06:40:44.556+05:30,3044,Corporate Bonds
2227868,2026-10-02T13:16:00.191+05:30,2954,Corporate Bonds
1433441,2026-10-07T18:59:23.9+05:30,2941,Corporate Bonds
213473,2026-10-01T19:42:50.499+05:30,3027,Corporate Bonds
523419,2026-10-06T09:34:22.189+05:30,2881,Corporate Bonds
2236516,2026-10-07T15:26:58.404+05:30,2629,Corporate Bonds
1216801,2026-10-03T08:09:30.901+05:30,2875,Corporate Bonds
1966399,2026-10-06T12:26:57.219+05:30,3027,Corporate Bonds
1077668,2026-10-01T09:24:19.992+05:30,2822,XCase
849315,2026-10-05T12:01:29.213+05:30,3027,Corporate Bonds
1863992,2026-10-07T20:38:20.485+05:30,3045,Corporate Bonds
1815111,2026-10-02T19:09:24.991+05:30,2872,Corporate Bonds
2223990,2026-10-05T11:04:39.028+05:30,2955,Corporate Bonds
2185087,2026-10-01T18:45:53.565+05:30,2643,Securitized Debt Instruments
1737974,2026-10-05T14:08:12.37+05:30,2930,Corporate Bonds
66144,2026-10-01T12:00:58.732+05:30,1873,Corporate Bonds
45059,2026-10-04T07:26:11.168+05:30,2881,Corporate Bonds
1823791,2026-10-07T09:56:07.612+05:30,2930,Corporate Bonds
1510974,2026-10-05T19:59:42.073+05:30,2830,Corporate Bonds
421200,2026-10-02T22:25:20.715+05:30,1239,High Yield FDs
1790014,2026-10-06T07:49:05.79+05:30,3027,Corporate Bonds
632360,2026-10-03T23:26:28.251+05:30,2812,Corporate Bonds
1584555,2026-10-06T14:41:18.252+05:30,2881,Corporate Bonds
921216,2026-10-04T20:58:24.778+05:30,2881,Corporate Bonds
868492,2026-10-01T18:23:09.294+05:30,2981,Corporate Bonds
1330738,2026-10-03T11:13:12.812+05:30,2982,Corporate Bonds
1153395,2026-10-07T12:20:17.665+05:30,1292,High Yield FDs
2230922,2026-10-04T12:03:35.814+05:30,2830,Corporate Bonds
1049287,2026-10-04T17:21:55.815+05:30,2626,Corporate Bonds
2236340,2026-10-07T14:26:33.179+05:30,2955,Corporate Bonds
2139864,2026-10-01T23:59:51.667+05:30,2918,Corporate Bonds
2223108,2026-10-03T17:14:30.9+05:30,2982,Corporate Bonds
2138297,2026-10-06T13:21:26.58+05:30,2629,Corporate Bonds
2218090,2026-10-02T19:36:19.793+05:30,1292,High Yield FDs
167832,2026-10-07T21:30:35.002+05:30,3044,Corporate Bonds
2192232,2026-10-07T13:41:24.467+05:30,3040,Corporate Bonds
1365679,2026-10-01T10:53:14.856+05:30,2626,Corporate Bonds
1958933,2026-10-07T10:36:46.628+05:30,2812,Corporate Bonds
2225385,2026-10-07T10:56:43.605+05:30,2872,Corporate Bonds
2194899,2026-10-05T15:37:15.883+05:30,2883,Corporate Bonds
838800,2026-10-06T23:52:42.405+05:30,1239,High Yield FDs
2205241,2026-10-03T14:42:00.214+05:30,1292,High Yield FDs
774455,2026-10-06T13:36:24.886+05:30,2981,Corporate Bonds
2201068,2026-10-06T12:08:05.59+05:30,2412,Corporate Bonds
2236514,2026-10-07T15:35:16.031+05:30,3044,Corporate Bonds
1887949,2026-10-07T19:40:08.009+05:30,2335,Corporate Bonds
2220766,2026-10-06T22:12:03.813+05:30,2982,Corporate Bonds
2082293,2026-10-01T07:51:03.948+05:30,2895,Corporate Bonds
379120,2026-10-01T10:57:08.456+05:30,2883,Corporate Bonds
2206044,2026-10-01T07:57:12.931+05:30,2907,Corporate Bonds
731578,2026-10-03T19:55:37.409+05:30,2842,Corporate Bonds
876938,2026-10-02T08:00:50.935+05:30,3027,Corporate Bonds
924432,2026-10-02T14:22:48.425+05:30,2930,Corporate Bonds
1737974,2026-10-05T14:01:19.379+05:30,2412,Corporate Bonds
1605321,2026-10-05T22:57:57.267+05:30,2412,Corporate Bonds
1653798,2026-10-03T21:53:41.391+05:30,2794,Corporate Bonds
2151042,2026-10-05T08:37:41.234+05:30,3027,Corporate Bonds
2143504,2026-10-07T09:55:55.362+05:30,3044,Corporate Bonds
1162135,2026-10-04T06:46:42.535+05:30,2881,Corporate Bonds
2190102,2026-10-04T12:41:46.451+05:30,2964,Corporate Bonds
1794783,2026-10-06T13:30:12.26+05:30,3040,Corporate Bonds
2231171,2026-10-04T18:07:05.166+05:30,2982,Corporate Bonds
1419432,2026-10-01T10:28:20.151+05:30,2887,Corporate Bonds
105275,2026-10-07T13:16:49.647+05:30,2843,Corporate Bonds
1833979,2026-10-05T09:47:03.431+05:30,2769,Corporate Bonds
1241093,2026-10-06T09:44:19.603+05:30,1239,High Yield FDs
2227363,2026-10-02T09:25:27.543+05:30,2982,Corporate Bonds
954912,2026-10-07T19:54:10.925+05:30,2881,Corporate Bonds
2230429,2026-10-04T00:19:54.442+05:30,2902,Corporate Bonds
30370,2026-10-07T09:28:51.714+05:30,3027,Corporate Bonds
394335,2026-10-07T12:14:41.103+05:30,3045,Corporate Bonds
1793525,2026-10-04T12:42:50.197+05:30,3027,Corporate Bonds
2198724,2026-10-04T22:10:34.773+05:30,2881,Corporate Bonds
1176069,2026-10-07T17:35:36.616+05:30,3040,Corporate Bonds
2073995,2026-10-05T23:03:47.158+05:30,2881,Corporate Bonds
2150973,2026-10-06T22:58:22.119+05:30,3027,Corporate Bonds
1603310,2026-10-05T11:56:48.487+05:30,3026,Corporate Bonds
1434512,2026-10-01T15:25:21.253+05:30,2881,Corporate Bonds
1068776,2026-10-07T23:26:57.663+05:30,2919,Corporate Bonds
1703364,2026-10-01T09:19:57.52+05:30,3026,Corporate Bonds
1353978,2026-10-06T10:30:57.91+05:30,1239,High Yield FDs
1044446,2026-10-03T20:50:46.228+05:30,2982,Corporate Bonds
930388,2026-10-07T14:41:51.884+05:30,2955,Corporate Bonds
1818634,2026-10-02T14:18:51.44+05:30,2982,Corporate Bonds
904764,2026-10-03T08:46:41.69+05:30,2868,Corporate Bonds
859207,2026-10-07T21:59:45.342+05:30,1292,High Yield FDs
1105933,2026-10-06T13:52:00.354+05:30,2969,XCase
1650674,2026-10-02T09:47:37.862+05:30,3027,Corporate Bonds
1915343,2026-10-01T12:15:23.678+05:30,2849,Corporate Bonds
787797,2026-10-06T18:45:19.577+05:30,2644,Securitized Debt Instruments
1836630,2026-10-07T12:23:05.907+05:30,2981,Corporate Bonds
1490150,2026-10-07T09:26:06.228+05:30,2964,Corporate Bonds
2155614,2026-10-03T23:05:37.922+05:30,2881,Corporate Bonds
723465,2026-10-04T20:36:40.611+05:30,3027,Corporate Bonds
1352477,2026-10-01T16:44:51.73+05:30,3027,Corporate Bonds
726813,2026-10-06T16:40:30.17+05:30,1292,High Yield FDs
1517321,2026-10-02T11:13:17.343+05:30,2981,Corporate Bonds
2226491,2026-10-03T20:56:19.287+05:30,2767,Corporate Bonds
526836,2026-10-07T22:54:33.01+05:30,3044,Corporate Bonds
1719644,2026-10-07T12:49:00.992+05:30,2902,Corporate Bonds
2064661,2026-10-04T07:33:52.857+05:30,2881,Corporate Bonds
2035504,2026-10-05T23:35:50.829+05:30,2964,Corporate Bonds
289629,2026-10-06T12:17:09.107+05:30,2981,Corporate Bonds
2180022,2026-10-07T18:11:43.555+05:30,3040,Corporate Bonds
2223591,2026-10-03T13:55:35.536+05:30,2868,Corporate Bonds
1064446,2026-10-01T08:45:53.131+05:30,3027,Corporate Bonds
1777577,2026-10-06T15:02:17.988+05:30,2981,Corporate Bonds
1092222,2026-10-01T20:58:50.16+05:30,2986,Corporate Bonds
1766392,2026-10-05T21:21:45.851+05:30,3026,Corporate Bonds
2221736,2026-10-07T08:37:54.233+05:30,2830,Corporate Bonds
2003393,2026-10-05T14:09:47.818+05:30,2883,Corporate Bonds
2234322,2026-10-06T11:53:00.517+05:30,2981,Corporate Bonds
2148657,2026-10-04T16:48:44.257+05:30,3040,Corporate Bonds
2224182,2026-10-01T12:03:20.568+05:30,3027,Corporate Bonds
2217848,2026-10-05T16:32:35.298+05:30,3027,Corporate Bonds
375934,2026-10-05T16:50:38.879+05:30,3027,Corporate Bonds
1298147,2026-10-04T15:38:25.711+05:30,2881,Corporate Bonds
2230886,2026-10-04T11:00:47.414+05:30,1095,High Yield FDs
1405981,2026-10-01T11:36:00.974+05:30,2849,Corporate Bonds
1249081,2026-10-05T22:24:18.192+05:30,2994,Corporate Bonds
2147386,2026-10-01T18:17:03.336+05:30,2895,Corporate Bonds
726729,2026-10-03T21:21:11.563+05:30,3027,Corporate Bonds
460624,2026-10-07T23:57:40.654+05:30,2604,Corporate Bonds
415853,2026-10-01T13:33:38.261+05:30,3027,Corporate Bonds
1694560,2026-10-07T21:03:06.177+05:30,2830,Corporate Bonds
1277673,2026-10-03T15:32:44.595+05:30,3027,Corporate Bonds
2235995,2026-10-07T11:21:04.992+05:30,3044,Corporate Bonds
1491321,2026-10-05T02:19:49.697+05:30,2767,Corporate Bonds
1627739,2026-10-02T15:12:25.727+05:30,2849,Corporate Bonds
2027616,2026-10-02T22:32:49.341+05:30,2955,Corporate Bonds
2070884,2026-10-02T13:41:41.995+05:30,3027,Corporate Bonds
2198030,2026-10-02T22:25:29.081+05:30,2311,Corporate Bonds
2215158,2026-10-06T13:57:18.759+05:30,2982,Corporate Bonds
2070573,2026-10-02T13:16:24.376+05:30,2849,Corporate Bonds
2119438,2026-10-01T01:22:45.56+05:30,2982,Corporate Bonds
925626,2026-10-01T16:41:32.207+05:30,2849,Corporate Bonds
1198247,2026-10-02T15:10:29.113+05:30,3027,Corporate Bonds
1894132,2026-10-05T11:17:14.087+05:30,3027,Corporate Bonds
1796819,2026-10-02T09:25:36.358+05:30,2643,Securitized Debt Instruments
541046,2026-10-06T13:13:34.702+05:30,3040,Corporate Bonds
511356,2026-10-01T21:59:23.918+05:30,2883,Corporate Bonds
2231695,2026-10-07T22:14:32.3+05:30,2764,Corporate Bonds
2229949,2026-10-03T19:18:51.813+05:30,2982,Corporate Bonds
2074939,2026-10-07T10:29:57.487+05:30,3044,Corporate Bonds
890093,2026-10-04T20:10:03.879+05:30,3040,Corporate Bonds
2039259,2026-10-02T08:01:03.729+05:30,2882,Corporate Bonds
1555444,2026-10-01T15:57:28.499+05:30,3027,Corporate Bonds
1321974,2026-10-02T08:31:45.285+05:30,2981,Corporate Bonds
859492,2026-10-04T22:55:47.337+05:30,2982,Corporate Bonds
2004406,2026-10-05T22:55:52.686+05:30,3024,Corporate Bonds
2116367,2026-10-03T22:17:05.746+05:30,2930,Corporate Bonds
1674026,2026-10-05T12:23:58.347+05:30,2895,Corporate Bonds
2128122,2026-10-04T16:27:59.255+05:30,1292,High Yield FDs
1438872,2026-10-04T10:05:04.516+05:30,2880,Corporate Bonds
2231517,2026-10-04T17:33:44.135+05:30,2849,Corporate Bonds
821138,2026-10-02T09:53:07.463+05:30,2767,Corporate Bonds
2234672,2026-10-06T15:15:47.155+05:30,2941,Corporate Bonds
2234551,2026-10-07T10:33:56.844+05:30,2982,Corporate Bonds
723465,2026-10-04T21:53:56.788+05:30,1292,High Yield FDs
2236301,2026-10-07T13:47:26.192+05:30,2895,Corporate Bonds
251504,2026-10-02T16:45:39.202+05:30,3027,Corporate Bonds
896003,2026-10-04T10:09:25.21+05:30,2843,Corporate Bonds
2108587,2026-10-03T12:18:40.017+05:30,2781,Corporate Bonds
1498103,2026-10-01T17:29:27.509+05:30,2982,Corporate Bonds
2180022,2026-10-07T17:31:18.365+05:30,3040,Corporate Bonds
2221437,2026-10-05T01:17:55.649+05:30,2993,XCase
2155609,2026-10-01T14:59:00.227+05:30,1292,High Yield FDs
669798,2026-10-05T14:28:25.919+05:30,1239,High Yield FDs
2184413,2026-10-01T09:23:03.64+05:30,2899,Mutual Funds
2230922,2026-10-07T23:17:35.449+05:30,2932,Corporate Bonds
403572,2026-10-02T13:36:57.434+05:30,2895,Corporate Bonds
1785657,2026-10-03T21:58:21.475+05:30,1095,High Yield FDs
2145525,2026-10-06T11:10:47.66+05:30,2881,Corporate Bonds
2227742,2026-10-02T14:13:34.836+05:30,2982,Corporate Bonds
430433,2026-10-07T15:18:21.381+05:30,3050,Corporate Bonds
1166472,2026-10-05T11:00:42.573+05:30,2849,Corporate Bonds
1510234,2026-10-03T12:23:24.179+05:30,2981,Corporate Bonds
2058334,2026-10-06T22:04:38.356+05:30,3044,Corporate Bonds
1633254,2026-10-01T11:26:28.433+05:30,3027,Corporate Bonds
934096,2026-10-03T08:24:58.048+05:30,2849,Corporate Bonds
521581,2026-10-01T10:50:48.227+05:30,1239,High Yield FDs
222964,2026-10-05T07:56:19.491+05:30,2964,Corporate Bonds
2124170,2026-10-01T12:11:26.936+05:30,2843,Corporate Bonds
969511,2026-10-04T19:06:07.584+05:30,3027,Corporate Bonds
1046666,2026-10-07T12:10:35.04+05:30,3040,Corporate Bonds
2231331,2026-10-04T15:35:38.506+05:30,2626,Corporate Bonds
2210047,2026-10-06T11:24:30.993+05:30,2902,Corporate Bonds
2186121,2026-10-01T08:54:53.992+05:30,2872,Corporate Bonds
1124792,2026-10-05T13:06:50.517+05:30,2883,Corporate Bonds
1175695,2026-10-05T16:29:05.402+05:30,2955,Corporate Bonds
1058273,2026-10-06T10:28:54.982+05:30,2872,Corporate Bonds
2225506,2026-10-01T14:31:22.357+05:30,2982,Corporate Bonds
2227383,2026-10-02T09:55:07.11+05:30,2881,Corporate Bonds
2233667,2026-10-05T23:32:56.483+05:30,2982,Corporate Bonds
2199970,2026-10-04T20:39:39.964+05:30,2830,Corporate Bonds
770874,2026-10-02T08:25:50.478+05:30,2794,Corporate Bonds
793606,2026-10-01T05:41:37.731+05:30,2902,Corporate Bonds
1884304,2026-10-02T17:25:35.329+05:30,2964,Corporate Bonds
38890,2026-10-01T05:33:53.295+05:30,2849,Corporate Bonds
1435462,2026-10-06T15:38:19.871+05:30,2842,Corporate Bonds
780648,2026-10-03T08:36:48.342+05:30,2849,Corporate Bonds
1070233,2026-10-03T16:12:39.206+05:30,2926,Corporate Bonds
1582562,2026-10-04T15:25:19.251+05:30,2849,Corporate Bonds
2102595,2026-10-02T10:07:55.93+05:30,2767,Corporate Bonds
339071,2026-10-07T23:08:22.742+05:30,3045,Corporate Bonds
845448,2026-10-02T16:04:21.345+05:30,2794,Corporate Bonds
2228841,2026-10-03T21:47:16.779+05:30,2982,Corporate Bonds
2234111,2026-10-06T09:31:53.274+05:30,2907,Corporate Bonds
2233416,2026-10-06T22:48:08.14+05:30,1239,High Yield FDs
2230579,2026-10-04T06:17:55.086+05:30,2849,Corporate Bonds
1564620,2026-10-05T07:43:47.48+05:30,2895,Corporate Bonds
1399280,2026-10-01T10:37:55.242+05:30,3027,Corporate Bonds
1640680,2026-10-04T13:19:34.414+05:30,2849,Corporate Bonds
1001440,2026-10-03T11:32:25.471+05:30,2849,Corporate Bonds
568523,2026-10-01T12:22:48.645+05:30,2868,Corporate Bonds
882892,2026-10-03T09:05:18.878+05:30,2794,Corporate Bonds
1269107,2026-10-01T11:35:14.597+05:30,3027,Corporate Bonds
2110656,2026-10-03T18:00:45.782+05:30,3026,Corporate Bonds
2216408,2026-10-01T19:32:40.573+05:30,2412,Corporate Bonds
217224,2026-10-07T19:01:45.286+05:30,2660,Corporate Bonds
1197369,2026-10-05T09:03:38.539+05:30,2994,Corporate Bonds
1514346,2026-10-04T21:43:20.015+05:30,2842,Corporate Bonds
2230243,2026-10-03T22:09:38.363+05:30,1292,High Yield FDs
1736133,2026-10-02T19:11:57.916+05:30,2982,Corporate Bonds
315936,2026-10-05T12:54:39.258+05:30,2412,Corporate Bonds
1736518,2026-10-06T10:25:42.815+05:30,2858,Corporate Bonds
2214010,2026-10-06T17:13:18.228+05:30,2644,Securitized Debt Instruments
2095043,2026-10-07T09:49:42.82+05:30,3027,Corporate Bonds
1517607,2026-10-02T10:36:00.269+05:30,2300,Corporate Bonds
713869,2026-10-01T11:29:14.605+05:30,2955,Corporate Bonds
839782,2026-10-02T19:48:51.125+05:30,2955,Corporate Bonds
810345,2026-10-05T15:51:52.578+05:30,2937,Corporate Bonds
944593,2026-10-01T02:26:46.28+05:30,2757,Corporate Bonds
2195068,2026-10-02T14:12:28.243+05:30,2781,Corporate Bonds
1341509,2026-10-03T05:43:45.67+05:30,2849,Corporate Bonds
661819,2026-10-01T11:32:24.7+05:30,2412,Corporate Bonds
1604356,2026-10-02T21:05:01.117+05:30,2729,Mutual Funds
712289,2026-10-02T16:31:53.596+05:30,2872,Corporate Bonds
1531617,2026-10-02T20:42:40.1+05:30,2982,Corporate Bonds
974944,2026-10-07T21:35:54.948+05:30,2930,Corporate Bonds
2139864,2026-10-02T23:54:03.154+05:30,2881,Corporate Bonds
2206189,2026-10-07T12:08:39.672+05:30,3045,Corporate Bonds
587809,2026-10-04T16:05:32.884+05:30,3027,Corporate Bonds
1128622,2026-10-06T18:01:57.068+05:30,2794,Corporate Bonds
2234090,2026-10-06T10:33:16.508+05:30,2941,Corporate Bonds
1083216,2026-10-04T16:00:55.264+05:30,2909,Corporate Bonds
937401,2026-10-06T04:09:04.578+05:30,3026,Corporate Bonds
1352477,2026-10-01T16:42:19.463+05:30,3027,Corporate Bonds
2047784,2026-10-01T15:15:21.356+05:30,2847,Corporate Bonds
1226274,2026-10-06T10:25:50.45+05:30,2917,Corporate Bonds
468595,2026-10-01T08:42:35.67+05:30,3024,Corporate Bonds
2225855,2026-10-01T20:32:00.569+05:30,2100,Corporate Bonds
2229747,2026-10-05T14:32:48.255+05:30,2907,Corporate Bonds
1984040,2026-10-04T12:51:40.979+05:30,2895,Corporate Bonds
457092,2026-10-04T15:10:08.336+05:30,2964,Corporate Bonds
1757975,2026-10-05T13:33:50.404+05:30,2902,Corporate Bonds
1620783,2026-10-06T12:37:24.545+05:30,2981,Corporate Bonds
1736133,2026-10-01T21:39:17.939+05:30,2849,Corporate Bonds
2226471,2026-10-02T00:49:32.624+05:30,2881,Corporate Bonds
2223631,2026-10-04T20:15:47.917+05:30,2412,Corporate Bonds
2131329,2026-10-03T15:54:58.17+05:30,2982,Corporate Bonds
2229081,2026-10-03T17:19:41.35+05:30,2982,Corporate Bonds
2185109,2026-10-01T17:53:43.572+05:30,1292,High Yield FDs
1164441,2026-10-07T16:49:29.582+05:30,3027,Corporate Bonds
2108086,2026-10-07T16:10:52.956+05:30,3044,Corporate Bonds
1850625,2026-10-05T22:32:40.109+05:30,2858,Corporate Bonds
1921173,2026-10-06T12:48:52.614+05:30,2644,Securitized Debt Instruments
2116723,2026-10-01T20:12:23.816+05:30,2740,Corporate Bonds
2067387,2026-10-04T17:53:53.793+05:30,2895,Corporate Bonds
1353978,2026-10-06T10:30:09.447+05:30,1239,High Yield FDs
2222825,2026-10-02T15:41:09.389+05:30,2895,Corporate Bonds
2143504,2026-10-07T05:15:24.718+05:30,3027,Corporate Bonds
2223581,2026-10-03T23:41:57.074+05:30,2982,Corporate Bonds
1736133,2026-10-03T19:54:28.397+05:30,2982,Corporate Bonds
2217633,2026-10-05T17:12:06.324+05:30,2941,Corporate Bonds
1112581,2026-10-01T22:41:33.294+05:30,2276,Corporate Bonds
2145390,2026-10-01T18:00:29.573+05:30,2969,XCase
692285,2026-10-02T10:58:00.15+05:30,2981,Corporate Bonds
1252187,2026-10-07T11:19:50.023+05:30,2842,Corporate Bonds
2231424,2026-10-04T17:14:30.816+05:30,2881,Corporate Bonds
2029181,2026-10-04T12:23:42.738+05:30,2925,Corporate Bonds
473974,2026-10-05T08:39:13.946+05:30,2982,Corporate Bonds
843051,2026-10-06T20:16:22.593+05:30,1239,High Yield FDs
2223576,2026-10-01T13:35:25.224+05:30,2895,Corporate Bonds
1232789,2026-10-01T16:31:43.431+05:30,2982,Corporate Bonds
1901356,2026-10-06T22:16:57.972+05:30,2930,Corporate Bonds
460624,2026-10-07T17:00:58.324+05:30,3040,Corporate Bonds
2227724,2026-10-02T12:24:43.708+05:30,2982,Corporate Bonds
1590533,2026-10-06T12:25:32.315+05:30,2930,Corporate Bonds
1001804,2026-10-01T11:59:40.137+05:30,3040,Corporate Bonds
1954362,2026-10-01T09:47:17.946+05:30,2849,Corporate Bonds
2050981,2026-10-02T15:35:51.715+05:30,2964,Corporate Bonds
317441,2026-10-01T15:51:38.894+05:30,2955,Corporate Bonds
1001992,2026-10-01T13:58:28.85+05:30,1873,Corporate Bonds
30919,2026-10-05T21:51:16.154+05:30,2882,Corporate Bonds
1311988,2026-10-02T00:31:47.296+05:30,2941,Corporate Bonds
1796819,2026-10-04T06:08:34.567+05:30,2767,Corporate Bonds
1655409,2026-10-03T12:07:05.655+05:30,2879,Corporate Bonds
1106842,2026-10-01T00:35:16.391+05:30,2782,Corporate Bonds
2147427,2026-10-04T15:12:17.063+05:30,2849,Corporate Bonds
742766,2026-10-06T19:39:07.309+05:30,1292,High Yield FDs
2227700,2026-10-02T14:00:26.702+05:30,2982,Corporate Bonds
2139344,2026-10-07T10:36:43.094+05:30,3027,Corporate Bonds
1309360,2026-10-07T12:48:47.584+05:30,3044,Corporate Bonds
1351612,2026-10-01T16:40:14.161+05:30,2849,Corporate Bonds
243075,2026-10-05T10:00:20.928+05:30,2849,Corporate Bonds
2112501,2026-10-03T17:24:40.908+05:30,2930,Corporate Bonds
1234986,2026-10-05T21:01:18.1+05:30,1239,High Yield FDs
976702,2026-10-05T14:57:13.949+05:30,3027,Corporate Bonds
787257,2026-10-01T17:21:48.516+05:30,2794,Corporate Bonds
2203185,2026-10-04T00:59:00.871+05:30,2729,Mutual Funds
1609118,2026-10-05T18:59:44.531+05:30,1292,High Yield FDs
184214,2026-10-06T17:09:50.067+05:30,2895,Corporate Bonds
1898558,2026-10-07T17:03:36.781+05:30,2849,Corporate Bonds
2228536,2026-10-04T14:58:28.221+05:30,2930,Corporate Bonds
2085349,2026-10-05T14:22:13.03+05:30,2883,Corporate Bonds
1492347,2026-10-06T06:44:53.498+05:30,2858,Corporate Bonds
342460,2026-10-02T08:04:03.765+05:30,3040,Corporate Bonds
2234815,2026-10-06T16:46:01.891+05:30,2941,Corporate Bonds
1973827,2026-10-01T10:47:12.171+05:30,3027,Corporate Bonds
1263210,2026-10-04T19:30:26.768+05:30,2982,Corporate Bonds
2228111,2026-10-02T15:52:46.29+05:30,2849,Corporate Bonds
1120749,2026-10-02T09:29:21.716+05:30,2794,Corporate Bonds
1866204,2026-10-02T19:39:27.529+05:30,2895,Corporate Bonds
2230767,2026-10-04T10:33:36.919+05:30,2982,Corporate Bonds
24152,2026-10-01T09:43:50.309+05:30,2863,Corporate Bonds
2226660,2026-10-07T16:43:06.107+05:30,2994,Corporate Bonds
1515562,2026-10-07T10:56:07.182+05:30,2883,Corporate Bonds
2232919,2026-10-05T16:17:49.488+05:30,2982,Corporate Bonds
739686,2026-10-01T09:55:32.15+05:30,2955,Corporate Bonds
1456528,2026-10-07T06:54:08.07+05:30,2849,Corporate Bonds
1978575,2026-10-02T15:42:39.42+05:30,2843,Corporate Bonds
64311,2026-10-03T20:09:39.184+05:30,2849,Corporate Bonds
1130705,2026-10-04T07:53:44.232+05:30,2752,Corporate Bonds
2205399,2026-10-06T13:19:46.032+05:30,1292,High Yield FDs
1707802,2026-10-07T08:19:57.727+05:30,2941,Corporate Bonds
1153395,2026-10-07T14:17:29.863+05:30,2830,Corporate Bonds
910261,2026-10-05T15:53:10.234+05:30,2981,Corporate Bonds
309603,2026-10-03T13:24:09.657+05:30,2881,Corporate Bonds
1618968,2026-10-05T20:45:14.08+05:30,3027,Corporate Bonds
1771895,2026-10-02T13:11:10.886+05:30,2849,Corporate Bonds
2128044,2026-10-04T11:46:20.045+05:30,2930,Corporate Bonds
1074202,2026-10-02T19:14:53.882+05:30,2981,Corporate Bonds
64311,2026-10-03T20:35:47.717+05:30,2849,Corporate Bonds
520614,2026-10-01T13:51:11.427+05:30,2981,Corporate Bonds
365458,2026-10-02T18:47:10.967+05:30,2992,Corporate Bonds
835734,2026-10-03T09:29:46.95+05:30,2767,Corporate Bonds
2068830,2026-10-05T02:21:21.579+05:30,2881,Corporate Bonds
846638,2026-10-01T10:23:21.405+05:30,3027,Corporate Bonds
2198724,2026-10-04T21:59:24.243+05:30,2830,Corporate Bonds
16869,2026-10-01T12:55:29.351+05:30,3014,Corporate Bonds
1501737,2026-10-05T14:48:06.668+05:30,2930,Corporate Bonds
2233439,2026-10-05T21:17:43.425+05:30,2881,Corporate Bonds
1215471,2026-10-07T16:22:44.218+05:30,2849,Corporate Bonds
1319942,2026-10-01T19:28:25.833+05:30,2895,Corporate Bonds
1762784,2026-10-07T08:33:33.271+05:30,3027,Corporate Bonds
996411,2026-10-06T11:35:23.185+05:30,3040,Corporate Bonds
857784,2026-10-03T12:57:16.711+05:30,2982,Corporate Bonds
2226491,2026-10-03T20:53:48.614+05:30,2626,Corporate Bonds
2218763,2026-10-01T08:33:16.521+05:30,2881,Corporate Bonds
2229199,2026-10-03T10:56:38.221+05:30,2982,Corporate Bonds
2214747,2026-10-07T12:19:59.64+05:30,3027,Corporate Bonds
1767573,2026-10-02T14:51:47.325+05:30,2895,Corporate Bonds
2123305,2026-10-05T12:33:59.016+05:30,3027,Corporate Bonds
1719450,2026-10-02T14:33:40.563+05:30,2849,Corporate Bonds
2023679,2026-10-02T22:57:03.421+05:30,3027,Corporate Bonds
745555,2026-10-07T11:40:47.368+05:30,3044,Corporate Bonds
2098127,2026-10-02T12:51:25.723+05:30,2955,Corporate Bonds
2231968,2026-10-06T01:04:48.636+05:30,2794,Corporate Bonds
1060239,2026-10-02T09:18:07.214+05:30,2879,Corporate Bonds
2121500,2026-10-01T21:50:06.038+05:30,2908,Corporate Bonds
1203993,2026-10-05T23:33:43.958+05:30,3027,Corporate Bonds
1532149,2026-10-07T20:59:37.442+05:30,2767,Corporate Bonds
1464377,2026-10-05T13:48:11.729+05:30,3027,Corporate Bonds
1254858,2026-10-06T12:22:15.097+05:30,2881,Corporate Bonds
2166807,2026-10-06T12:09:29.734+05:30,3027,Corporate Bonds
2166807,2026-10-02T12:46:24.07+05:30,2981,Corporate Bonds
2180022,2026-10-07T17:07:12.205+05:30,3040,Corporate Bonds
779224,2026-10-01T10:25:23.373+05:30,2981,Corporate Bonds
1622071,2026-10-01T20:52:48.985+05:30,2849,Corporate Bonds
1693047,2026-10-04T14:13:32.609+05:30,2902,Corporate Bonds
600909,2026-10-05T14:48:18.863+05:30,2767,Corporate Bonds
2054030,2026-10-02T11:35:53.775+05:30,2594,Corporate Bonds
2184342,2026-10-01T11:35:14.233+05:30,2982,Corporate Bonds
2195391,2026-10-05T16:12:51.295+05:30,2955,Corporate Bonds
2227283,2026-10-02T08:10:50.518+05:30,2982,Corporate Bonds
1017179,2026-10-07T19:56:39.216+05:30,2895,Corporate Bonds
1040266,2026-10-01T14:12:41.298+05:30,2767,Corporate Bonds
2043111,2026-10-05T11:06:04.933+05:30,3027,Corporate Bonds
1132460,2026-10-05T17:23:02.002+05:30,2644,Securitized Debt Instruments
2110656,2026-10-03T18:00:09.732+05:30,3026,Corporate Bonds
1354828,2026-10-07T09:00:45.3+05:30,2729,Mutual Funds
2093228,2026-10-02T12:19:29.218+05:30,2729,Mutual Funds
2148217,2026-10-05T06:20:43.769+05:30,2881,Corporate Bonds
1531467,2026-10-01T11:18:08.95+05:30,2849,Corporate Bonds
831050,2026-10-06T13:55:06.292+05:30,2883,Corporate Bonds
841631,2026-10-02T09:18:32.885+05:30,2643,Securitized Debt Instruments
1655116,2026-10-03T18:16:33.046+05:30,3027,Corporate Bonds
2228677,2026-10-02T21:47:56.148+05:30,2881,Corporate Bonds
2223514,2026-10-07T10:23:07.984+05:30,2895,Corporate Bonds
521903,2026-10-05T16:10:20.801+05:30,2644,Securitized Debt Instruments
1727400,2026-10-07T18:17:27.947+05:30,2955,Corporate Bonds
1736133,2026-10-03T19:54:28.275+05:30,2982,Corporate Bonds
1214885,2026-10-04T00:01:11.475+05:30,3040,Corporate Bonds
524088,2026-10-01T14:46:27.331+05:30,2767,Corporate Bonds
2227052,2026-10-02T00:14:29.919+05:30,2729,Mutual Funds
1264445,2026-10-01T13:11:41.456+05:30,2849,Corporate Bonds
1693655,2026-10-03T11:50:42.442+05:30,3027,Corporate Bonds
2211572,2026-10-02T19:18:14.742+05:30,1873,Corporate Bonds
1548886,2026-10-02T15:02:49.514+05:30,3027,Corporate Bonds
1439096,2026-10-03T12:31:30.324+05:30,2955,Corporate Bonds
692285,2026-10-05T08:04:16.145+05:30,3027,Corporate Bonds
2076765,2026-10-05T12:01:52.416+05:30,3027,Corporate Bonds
699756,2026-10-06T13:41:25.365+05:30,1292,High Yield FDs
941878,2026-10-01T23:51:56.284+05:30,2311,Corporate Bonds
2048101,2026-10-01T09:05:02.679+05:30,2982,Corporate Bonds
2220184,2026-10-06T13:14:59.486+05:30,2955,Corporate Bonds
950941,2026-10-02T13:11:53.562+05:30,2902,Corporate Bonds
1375700,2026-10-02T02:04:22.783+05:30,2822,XCase
1112581,2026-10-05T12:18:42.837+05:30,2981,Corporate Bonds
831475,2026-10-05T00:10:17.069+05:30,3040,Corporate Bonds
1329670,2026-10-03T21:07:08.177+05:30,2986,Corporate Bonds
2169616,2026-10-01T13:33:41.814+05:30,2849,Corporate Bonds
2085132,2026-10-07T22:20:21.28+05:30,2794,Corporate Bonds
1235827,2026-10-07T07:10:37.16+05:30,2855,Corporate Bonds
1892156,2026-10-06T20:41:50.944+05:30,3027,Corporate Bonds
2175848,2026-10-04T21:53:18.805+05:30,2849,Corporate Bonds
1992552,2026-10-03T08:51:38.052+05:30,3027,Corporate Bonds
63755,2026-10-07T16:26:32.499+05:30,2774,Corporate Bonds
1187840,2026-10-02T05:39:32.147+05:30,2918,Corporate Bonds
356462,2026-10-02T14:22:07.267+05:30,1873,Corporate Bonds
592229,2026-10-01T15:18:46.922+05:30,2643,Securitized Debt Instruments
2220951,2026-10-05T13:47:43.838+05:30,2769,Corporate Bonds
1997567,2026-10-01T14:07:54.262+05:30,2895,Corporate Bonds
1938725,2026-10-03T00:52:43.796+05:30,2981,Corporate Bonds
1854613,2026-10-01T11:33:14.854+05:30,3027,Corporate Bonds
2098129,2026-10-02T14:03:16.5+05:30,3040,Corporate Bonds
2200583,2026-10-07T19:34:20.432+05:30,3044,Corporate Bonds
1925298,2026-10-07T07:38:01.616+05:30,3027,Corporate Bonds
1514429,2026-10-02T19:02:14.481+05:30,3027,Corporate Bonds
1961569,2026-10-01T04:15:35.632+05:30,2899,Mutual Funds
1843954,2026-10-03T18:23:23.573+05:30,2918,Corporate Bonds
1725227,2026-10-07T16:46:22.516+05:30,3044,Corporate Bonds
1197830,2026-10-05T14:57:03.997+05:30,3027,Corporate Bonds
2207072,2026-10-02T11:57:04.905+05:30,2875,Corporate Bonds
1199473,2026-10-07T12:41:20.699+05:30,2855,Corporate Bonds
2201877,2026-10-02T09:59:07.181+05:30,3026,Corporate Bonds
84312,2026-10-05T11:20:30.247+05:30,2412,Corporate Bonds
1956239,2026-10-01T18:14:22.832+05:30,2881,Corporate Bonds
127524,2026-10-05T16:58:21.284+05:30,2883,Corporate Bonds
1388406,2026-10-04T12:59:46.075+05:30,2874,Corporate Bonds
2236340,2026-10-07T14:38:04.455+05:30,2955,Corporate Bonds
2231939,2026-10-04T22:44:04.8+05:30,2868,Corporate Bonds
2156010,2026-10-03T00:39:14.059+05:30,1873,Corporate Bonds
2119387,2026-10-04T17:12:16.731+05:30,2849,Corporate Bonds
1074269,2026-10-05T10:03:11.757+05:30,3027,Corporate Bonds
1725954,2026-10-01T16:32:31.609+05:30,2872,Corporate Bonds
726065,2026-10-05T12:07:58.029+05:30,2895,Corporate Bonds
1273543,2026-10-04T18:32:45.171+05:30,3027,Corporate Bonds
2122840,2026-10-04T20:10:55.865+05:30,3034,Corporate Bonds
2232876,2026-10-05T14:50:47.024+05:30,2881,Corporate Bonds
1418018,2026-10-03T12:02:22.276+05:30,3027,Corporate Bonds
1671982,2026-10-06T23:01:37.957+05:30,2729,Mutual Funds
1942084,2026-10-01T07:21:57.488+05:30,3023,Corporate Bonds
1299053,2026-10-04T23:43:30.822+05:30,2849,Corporate Bonds
1278118,2026-10-04T17:26:52.528+05:30,2881,Corporate Bonds
1497525,2026-10-02T14:09:16.044+05:30,2849,Corporate Bonds
1981878,2026-10-07T00:07:57.926+05:30,2842,Corporate Bonds
1725227,2026-10-07T16:52:25.433+05:30,3044,Corporate Bonds
2076765,2026-10-07T07:34:26.383+05:30,3040,Corporate Bonds
1301805,2026-10-06T12:03:28.677+05:30,2881,Corporate Bonds
1872598,2026-10-02T10:38:47.763+05:30,2626,Corporate Bonds
2041515,2026-10-05T11:58:08.469+05:30,2883,Corporate Bonds
17601,2026-10-03T19:24:17.436+05:30,3027,Corporate Bonds
2076765,2026-10-06T12:17:35.497+05:30,2883,Corporate Bonds
1793525,2026-10-06T14:25:45.436+05:30,2969,XCase
924229,2026-10-04T10:54:54.859+05:30,2895,Corporate Bonds
1621071,2026-10-06T12:33:38.226+05:30,2981,Corporate Bonds
928385,2026-10-07T14:21:10.136+05:30,1096,High Yield FDs
2223963,2026-10-01T12:03:58.875+05:30,1873,Corporate Bonds
465763,2026-10-07T12:30:01.015+05:30,3040,Corporate Bonds
280425,2026-10-04T15:25:43.352+05:30,3027,Corporate Bonds
370865,2026-10-01T11:18:44.147+05:30,2769,Corporate Bonds
2223788,2026-10-06T10:59:58.413+05:30,2769,Corporate Bonds
2218905,2026-10-04T15:48:56.969+05:30,2964,Corporate Bonds
1616237,2026-10-02T08:40:00.453+05:30,2881,Corporate Bonds
874904,2026-10-03T23:18:54.713+05:30,2767,Corporate Bonds
2098008,2026-10-03T18:37:22.121+05:30,1095,High Yield FDs
1354828,2026-10-07T08:55:08.605+05:30,2729,Mutual Funds
2232633,2026-10-05T12:48:36.282+05:30,2906,Corporate Bonds
1179437,2026-10-06T19:56:45.198+05:30,3044,Corporate Bonds
1452032,2026-10-04T14:08:31.107+05:30,3027,Corporate Bonds
859207,2026-10-07T22:00:18.637+05:30,1292,High Yield FDs
1180917,2026-10-01T17:01:26.564+05:30,2849,Corporate Bonds
927534,2026-10-03T14:33:17.15+05:30,2981,Corporate Bonds
2193643,2026-10-07T23:33:44.051+05:30,2660,Corporate Bonds
2218090,2026-10-02T16:25:19.338+05:30,1292,High Yield FDs
1405981,2026-10-01T11:36:02.51+05:30,2849,Corporate Bonds
591215,2026-10-02T10:41:22.473+05:30,2930,Corporate Bonds
1527089,2026-10-06T23:30:07.447+05:30,3044,Corporate Bonds
1261255,2026-10-02T16:14:20.308+05:30,3040,Corporate Bonds
2137230,2026-10-02T08:18:00.812+05:30,2883,Corporate Bonds
2204354,2026-10-07T19:58:44.96+05:30,2907,Corporate Bonds
637365,2026-10-04T11:05:19.705+05:30,2982,Corporate Bonds
1954362,2026-10-06T16:30:40.717+05:30,2842,Corporate Bonds
2102595,2026-10-07T16:46:23.42+05:30,3044,Corporate Bonds
65582,2026-10-06T10:14:03.975+05:30,2907,Corporate Bonds
2160970,2026-10-05T10:28:36.108+05:30,2626,Corporate Bonds
1958612,2026-10-02T11:41:21.598+05:30,1873,Corporate Bonds
1439862,2026-10-01T19:17:56.376+05:30,2872,Corporate Bonds
2220184,2026-10-05T14:34:29.345+05:30,2955,Corporate Bonds
370865,2026-10-01T11:13:29.496+05:30,2872,Corporate Bonds
1568122,2026-10-02T21:39:37.538+05:30,2981,Corporate Bonds
1400114,2026-10-05T11:27:36.501+05:30,3027,Corporate Bonds
2198724,2026-10-04T21:12:58.488+05:30,2830,Corporate Bonds
2069911,2026-10-03T19:57:18.815+05:30,2955,Corporate Bonds
1900169,2026-10-06T08:24:22.06+05:30,3040,Corporate Bonds
2099797,2026-10-01T22:17:02.374+05:30,2553,Corporate Bonds
424679,2026-10-01T14:29:50.527+05:30,3027,Corporate Bonds
2025185,2026-10-02T11:47:53.996+05:30,2840,Corporate Bonds
2154247,2026-10-01T10:22:54.578+05:30,1095,High Yield FDs
821348,2026-10-07T15:10:58.629+05:30,2794,Corporate Bonds
97204,2026-10-07T14:34:33.398+05:30,2794,Corporate Bonds
53541,2026-10-06T09:24:45.493+05:30,2412,Corporate Bonds
739457,2026-10-04T11:11:26.798+05:30,2887,Corporate Bonds
713869,2026-10-01T11:29:13.544+05:30,2955,Corporate Bonds
1820039,2026-10-04T20:59:29.277+05:30,2950,Corporate Bonds
930549,2026-10-04T22:04:11.327+05:30,2757,Corporate Bonds
874904,2026-10-03T23:15:45.28+05:30,2880,Corporate Bonds
891445,2026-10-05T17:11:31.093+05:30,3027,Corporate Bonds
2228776,2026-10-03T15:55:55.529+05:30,2982,Corporate Bonds
2187450,2026-10-04T16:23:17.319+05:30,1292,High Yield FDs
2138548,2026-10-01T15:20:33.141+05:30,3027,Corporate Bonds
2232571,2026-10-05T12:17:05.184+05:30,2849,Corporate Bonds
2076036,2026-10-06T11:38:09.482+05:30,3027,Corporate Bonds
10421,2026-10-07T13:10:09.788+05:30,2868,Corporate Bonds
2226848,2026-10-06T08:22:05.488+05:30,2955,Corporate Bonds
830467,2026-10-02T04:03:50.353+05:30,2895,Corporate Bonds
2194998,2026-10-04T21:29:20.79+05:30,2890,Corporate Bonds
2065006,2026-10-02T15:48:42.27+05:30,1292,High Yield FDs
1982898,2026-10-05T20:54:02.627+05:30,1292,High Yield FDs
2127325,2026-10-03T12:16:23.116+05:30,2909,Corporate Bonds
2234909,2026-10-06T23:00:56.272+05:30,2982,Corporate Bonds
2236381,2026-10-07T14:10:24.272+05:30,2918,Corporate Bonds
2185273,2026-10-04T18:48:36.465+05:30,2849,Corporate Bonds
2059673,2026-10-03T22:52:36.712+05:30,1292,High Yield FDs
1301799,2026-10-04T18:42:36.41+05:30,2767,Corporate Bonds
1053761,2026-10-01T11:43:17.624+05:30,2883,Corporate Bonds
1788356,2026-10-03T19:44:34.929+05:30,2982,Corporate Bonds
82937,2026-10-07T10:49:45.182+05:30,2930,Corporate Bonds
2129904,2026-10-05T22:08:20.664+05:30,2899,Mutual Funds
1060239,2026-10-02T09:20:07.349+05:30,2879,Corporate Bonds
1518751,2026-10-06T09:36:50.532+05:30,3027,Corporate Bonds
2077274,2026-10-02T10:44:25.354+05:30,3027,Corporate Bonds
729810,2026-10-04T12:12:57.834+05:30,3026,Corporate Bonds
2068503,2026-10-05T16:16:57.285+05:30,2918,Corporate Bonds
1965130,2026-10-07T22:16:24.085+05:30,3045,Corporate Bonds
747991,2026-10-06T17:27:13.971+05:30,3044,Corporate Bonds
1549746,2026-10-05T23:20:30.417+05:30,2858,Corporate Bonds
2139864,2026-10-01T22:41:02.859+05:30,2881,Corporate Bonds
1302773,2026-10-04T22:57:59.539+05:30,3040,Corporate Bonds
2196968,2026-10-03T08:21:19.191+05:30,2981,Corporate Bonds
2201027,2026-10-07T23:58:33.603+05:30,2882,Corporate Bonds
,2026-10-07T16:07:12.184+05:30,2843,Corporate Bonds
2186384,2026-10-06T21:18:54.827+05:30,2941,Corporate Bonds
1439096,2026-10-03T14:50:36.289+05:30,2955,Corporate Bonds
2042225,2026-10-05T07:58:06.987+05:30,3027,Corporate Bonds
837658,2026-10-07T18:11:12.713+05:30,2874,Corporate Bonds
2035504,2026-10-05T06:25:25.808+05:30,2868,Corporate Bonds
1906989,2026-10-02T10:01:19.531+05:30,2849,Corporate Bonds
1565387,2026-10-06T13:19:57.869+05:30,2992,Corporate Bonds
1736133,2026-10-02T19:11:58.087+05:30,2982,Corporate Bonds
1398276,2026-10-06T11:25:51.156+05:30,2883,Corporate Bonds
2080249,2026-10-01T11:35:21.984+05:30,2895,Corporate Bonds
2182906,2026-10-07T10:46:31.392+05:30,2930,Corporate Bonds
771475,2026-10-01T17:33:26.514+05:30,2752,Corporate Bonds
245259,2026-10-04T16:40:18.522+05:30,2930,Corporate Bonds
2218053,2026-10-01T06:56:47.881+05:30,2941,Corporate Bonds
699051,2026-10-06T21:11:43.723+05:30,2881,Corporate Bonds
2013164,2026-10-05T17:26:13.756+05:30,2412,Corporate Bonds
638656,2026-10-01T10:47:16.42+05:30,2883,Corporate Bonds
1815430,2026-10-05T16:31:31.339+05:30,2881,Corporate Bonds
2219046,2026-10-02T17:24:43.904+05:30,2982,Corporate Bonds
1177674,2026-10-06T10:54:49.552+05:30,3040,Corporate Bonds
1092986,2026-10-05T19:36:52.864+05:30,2969,XCase
1974215,2026-10-06T19:40:54.694+05:30,2981,Corporate Bonds
2234114,2026-10-06T11:13:20.833+05:30,3027,Corporate Bonds
656765,2026-10-01T09:23:41.378+05:30,3027,Corporate Bonds
2014915,2026-10-02T18:16:17.179+05:30,2964,Corporate Bonds
1767573,2026-10-03T14:12:41.111+05:30,2955,Corporate Bonds
1484889,2026-10-01T13:53:49.324+05:30,2986,Corporate Bonds
2116570,2026-10-06T14:10:01.761+05:30,3027,Corporate Bonds
939372,2026-10-04T22:55:42.958+05:30,3027,Corporate Bonds
2073231,2026-10-02T00:24:01.771+05:30,2982,Corporate Bonds
299540,2026-10-03T13:50:26.278+05:30,2930,Corporate Bonds
632640,2026-10-07T21:24:16.228+05:30,2660,Corporate Bonds
1590533,2026-10-03T16:12:37.771+05:30,2849,Corporate Bonds
1054657,2026-10-03T08:54:20.702+05:30,2969,XCase
1961873,2026-10-06T22:12:14.466+05:30,3044,Corporate Bonds
1000550,2026-10-01T21:08:04.731+05:30,3040,Corporate Bonds
675941,2026-10-01T20:32:05.885+05:30,2930,Corporate Bonds
1076325,2026-10-05T02:03:39.509+05:30,2849,Corporate Bonds
2227383,2026-10-02T09:55:07.377+05:30,2881,Corporate Bonds
2141757,2026-10-02T23:10:41.813+05:30,2895,Corporate Bonds
1736133,2026-10-03T19:54:35.566+05:30,2982,Corporate Bonds
1332479,2026-10-03T19:49:13.784+05:30,2729,Mutual Funds
1691052,2026-10-06T11:27:37.498+05:30,2881,Corporate Bonds
2229949,2026-10-03T22:38:59.643+05:30,2982,Corporate Bonds
1736133,2026-10-02T19:11:54.402+05:30,2982,Corporate Bonds
874904,2026-10-03T17:49:20.869+05:30,3027,Corporate Bonds
2119991,2026-10-05T19:33:41.742+05:30,2993,XCase
799903,2026-10-02T15:26:03.794+05:30,2895,Corporate Bonds
1134193,2026-10-04T17:39:32.089+05:30,2992,Corporate Bonds
1084697,2026-10-06T13:12:46.422+05:30,2981,Corporate Bonds
1000061,2026-10-04T11:53:23.994+05:30,2843,Corporate Bonds
2227528,2026-10-02T11:02:55.572+05:30,1292,High Yield FDs
793459,2026-10-02T11:46:38.496+05:30,3040,Corporate Bonds
1532594,2026-10-04T06:46:23.506+05:30,2964,Corporate Bonds
2070573,2026-10-02T13:17:36.632+05:30,2849,Corporate Bonds
868585,2026-10-05T12:50:47.399+05:30,2849,Corporate Bonds
2126628,2026-10-01T10:40:46.204+05:30,2757,Corporate Bonds
1537443,2026-10-02T20:30:12.913+05:30,2982,Corporate Bonds
2198109,2026-10-01T20:59:09.663+05:30,2799,Corporate Bonds
1145125,2026-10-05T09:51:47.636+05:30,3027,Corporate Bonds
411852,2026-10-05T11:02:53.913+05:30,2926,Corporate Bonds
2133315,2026-10-06T02:28:32.67+05:30,2902,Corporate Bonds
928385,2026-10-07T14:21:53.184+05:30,1096,High Yield FDs
2229094,2026-10-03T10:00:47.021+05:30,2729,Mutual Funds
1932801,2026-10-04T11:45:06.408+05:30,3027,Corporate Bonds
2234054,2026-10-06T09:37:11.265+05:30,2881,Corporate Bonds
874258,2026-10-01T09:20:23.985+05:30,2872,Corporate Bonds
2016178,2026-10-07T14:17:57.095+05:30,3045,Corporate Bonds
1172758,2026-10-03T17:03:11.083+05:30,3027,Corporate Bonds
1444924,2026-10-02T16:01:55.189+05:30,2769,Corporate Bonds
2234815,2026-10-06T16:45:59.606+05:30,2941,Corporate Bonds
2078999,2026-10-05T10:52:57.075+05:30,2993,XCase
153708,2026-10-04T19:03:40.125+05:30,2849,Corporate Bonds
896846,2026-10-06T22:28:24.459+05:30,2881,Corporate Bonds
1419432,2026-10-01T10:25:42.485+05:30,2887,Corporate Bonds
1102503,2026-10-01T22:22:13.065+05:30,3040,Corporate Bonds
2225091,2026-10-03T22:15:04.82+05:30,2895,Corporate Bonds
263002,2026-10-01T11:47:18.084+05:30,1292,High Yield FDs
1927967,2026-10-05T22:12:52.309+05:30,2644,Securitized Debt Instruments
2220153,2026-10-06T12:38:44.488+05:30,3027,Corporate Bonds
1541355,2026-10-02T20:52:42.055+05:30,2840,Corporate Bonds
1646029,2026-10-07T09:25:37.592+05:30,2955,Corporate Bonds
1852311,2026-10-04T00:14:03.183+05:30,2895,Corporate Bonds
2223576,2026-10-01T13:32:23.808+05:30,2881,Corporate Bonds
1302869,2026-10-04T22:14:58.901+05:30,2947,Corporate Bonds
1463702,2026-10-06T01:58:54.884+05:30,2881,Corporate Bonds
1243728,2026-10-01T20:07:11.512+05:30,2757,Corporate Bonds
2197852,2026-10-02T15:05:42.806+05:30,2276,Corporate Bonds
2227646,2026-10-05T13:42:47.053+05:30,1239,High Yield FDs
2056094,2026-10-03T10:05:30.561+05:30,2895,Corporate Bonds
64311,2026-10-03T20:05:02.062+05:30,2849,Corporate Bonds
1091322,2026-10-01T08:09:57.009+05:30,2849,Corporate Bonds
1068776,2026-10-07T23:23:12.413+05:30,2431,Corporate Bonds
2056094,2026-10-04T13:16:49.116+05:30,2626,Corporate Bonds
465763,2026-10-07T21:28:35.943+05:30,2849,Corporate Bonds
253760,2026-10-03T16:23:51.338+05:30,2311,Corporate Bonds
2205166,2026-10-01T15:19:26.619+05:30,1239,High Yield FDs
2164433,2026-10-03T21:38:23.327+05:30,2982,Corporate Bonds
2031924,2026-10-05T06:39:40.494+05:30,3027,Corporate Bonds
2212123,2026-10-06T16:14:24.552+05:30,2863,Corporate Bonds
2074518,2026-10-06T07:54:52.038+05:30,2769,Corporate Bonds
1729416,2026-10-01T10:47:37.276+05:30,2849,Corporate Bonds
536743,2026-10-01T22:32:06.63+05:30,2883,Corporate Bonds
2113603,2026-10-02T12:22:51.235+05:30,1239,High Yield FDs
1557051,2026-10-04T11:29:16.667+05:30,2930,Corporate Bonds
2121500,2026-10-01T21:38:07.943+05:30,2908,Corporate Bonds
786045,2026-10-02T19:09:55.466+05:30,2830,Corporate Bonds
1946244,2026-10-01T02:27:53.036+05:30,2751,Corporate Bonds
2163128,2026-10-06T18:10:34.983+05:30,3044,Corporate Bonds
278201,2026-10-02T10:51:15.27+05:30,2982,Corporate Bonds
2229028,2026-10-05T15:35:04.896+05:30,2644,Securitized Debt Instruments
1194780,2026-10-07T16:17:14.161+05:30,3044,Corporate Bonds
2229458,2026-10-05T20:45:23.72+05:30,2895,Corporate Bonds
2102733,2026-10-06T22:43:19.579+05:30,2849,Corporate Bonds
41077,2026-10-04T08:30:55.426+05:30,2895,Corporate Bonds
955872,2026-10-06T07:37:53.983+05:30,2872,Corporate Bonds
2096985,2026-10-03T08:59:04.837+05:30,2949,Corporate Bonds
1114363,2026-10-02T18:12:35.676+05:30,3027,Corporate Bonds
2227363,2026-10-02T09:25:28.775+05:30,2982,Corporate Bonds
1736133,2026-10-02T19:11:55.67+05:30,2982,Corporate Bonds
1948120,2026-10-07T12:21:14.327+05:30,2895,Corporate Bonds
1386163,2026-10-03T04:38:30.632+05:30,3027,Corporate Bonds
1980717,2026-10-04T14:24:54.109+05:30,2930,Corporate Bonds
1516733,2026-10-03T08:36:55.813+05:30,3027,Corporate Bonds
1842089,2026-10-01T21:44:24.162+05:30,2868,Corporate Bonds
2208930,2026-10-05T22:11:08.954+05:30,3026,Corporate Bonds
22537,2026-10-01T14:01:52.419+05:30,2794,Corporate Bonds
2152294,2026-10-02T07:54:14.808+05:30,2849,Corporate Bonds
234019,2026-10-02T10:05:45.678+05:30,2311,Corporate Bonds
2130875,2026-10-03T19:00:43.176+05:30,2874,Corporate Bonds
910425,2026-10-01T21:26:20.493+05:30,2799,Corporate Bonds
2015807,2026-10-07T18:52:25.284+05:30,3044,Corporate Bonds
2204137,2026-10-01T19:31:26.392+05:30,2849,Corporate Bonds
2077616,2026-10-01T06:58:28.509+05:30,2026,Corporate Bonds
2227417,2026-10-02T11:52:39.617+05:30,2881,Corporate Bonds
1818634,2026-10-02T14:19:24.111+05:30,2982,Corporate Bonds
1619744,2026-10-06T11:29:16.372+05:30,2895,Corporate Bonds
941335,2026-10-07T17:22:22.235+05:30,3044,Corporate Bonds
2220360,2026-10-02T08:57:32.597+05:30,3025,Corporate Bonds
2223747,2026-10-07T08:55:13.192+05:30,3044,Corporate Bonds
2216241,2026-10-03T12:44:51.807+05:30,2849,Corporate Bonds
1512968,2026-10-03T09:26:40.048+05:30,2868,Corporate Bonds
633184,2026-10-06T13:12:47.451+05:30,2412,Corporate Bonds
2113846,2026-10-02T10:01:45.569+05:30,2895,Corporate Bonds
2226471,2026-10-06T19:42:49.214+05:30,3026,Corporate Bonds
2123114,2026-10-01T18:01:31.078+05:30,2767,Corporate Bonds
2149674,2026-10-07T17:54:21.713+05:30,2964,Corporate Bonds
2220951,2026-10-05T19:12:19.647+05:30,2644,Securitized Debt Instruments
2224124,2026-10-01T08:25:37.091+05:30,2757,Corporate Bonds
1603310,2026-10-05T11:56:50.946+05:30,3026,Corporate Bonds
2231480,2026-10-07T18:42:11.732+05:30,2849,Corporate Bonds
746346,2026-10-07T23:16:47.631+05:30,2918,Corporate Bonds
344881,2026-10-03T20:08:22.479+05:30,2895,Corporate Bonds
1419432,2026-10-01T10:25:43.435+05:30,2887,Corporate Bonds
886300,2026-10-01T10:10:26.048+05:30,2843,Corporate Bonds
2139660,2026-10-06T06:57:06.79+05:30,2930,Corporate Bonds
2231073,2026-10-04T13:02:14.287+05:30,2982,Corporate Bonds
1762784,2026-10-05T20:54:19.315+05:30,3027,Corporate Bonds
84312,2026-10-07T10:09:56.928+05:30,2969,XCase
2129904,2026-10-06T12:25:33.72+05:30,2981,Corporate Bonds
2158702,2026-10-07T13:44:15.222+05:30,3027,Corporate Bonds
602823,2026-10-06T13:42:26.765+05:30,3027,Corporate Bonds
2228536,2026-10-03T21:57:09.346+05:30,2895,Corporate Bonds
2232687,2026-10-05T12:43:02.727+05:30,2881,Corporate Bonds
2155737,2026-10-06T19:21:38.521+05:30,3044,Corporate Bonds
2187957,2026-10-01T17:52:06.145+05:30,3027,Corporate Bonds
2117215,2026-10-04T17:50:53.88+05:30,2982,Corporate Bonds
1257219,2026-10-05T16:02:11.337+05:30,2881,Corporate Bonds
632640,2026-10-06T19:23:10.481+05:30,2930,Corporate Bonds
2225534,2026-10-01T06:05:27.104+05:30,3025,Corporate Bonds
1231084,2026-10-01T18:25:15.712+05:30,2849,Corporate Bonds
2112501,2026-10-04T16:02:22.201+05:30,3040,Corporate Bonds
783753,2026-10-05T11:21:47.499+05:30,1239,High Yield FDs
465763,2026-10-07T21:37:03.517+05:30,2849,Corporate Bonds
802260,2026-10-07T16:44:43.007+05:30,3027,Corporate Bonds
1634156,2026-10-03T13:12:48.299+05:30,2849,Corporate Bonds
2212011,2026-10-03T12:24:58.425+05:30,2874,Corporate Bonds
2195793,2026-10-04T16:19:39.764+05:30,3027,Corporate Bonds
2198638,2026-10-05T14:58:08.21+05:30,2895,Corporate Bonds
34390,2026-10-02T11:30:16.093+05:30,2902,Corporate Bonds
2075089,2026-10-01T18:13:09.895+05:30,2910,Corporate Bonds
2148115,2026-10-01T16:49:27.183+05:30,3014,Corporate Bonds
939181,2026-10-06T20:15:24.459+05:30,2729,Mutual Funds
1987026,2026-10-05T14:23:32.261+05:30,2981,Corporate Bonds
1835175,2026-10-01T08:45:25.791+05:30,2767,Corporate Bonds
2139864,2026-10-01T00:12:05.351+05:30,2751,Corporate Bonds
909655,2026-10-05T19:47:57.633+05:30,3027,Corporate Bonds
1431029,2026-10-07T06:47:08.487+05:30,2881,Corporate Bonds
48948,2026-10-01T22:37:24.651+05:30,2553,Corporate Bonds
2074723,2026-10-05T13:08:25.398+05:30,3027,Corporate Bonds
1985745,2026-10-02T20:44:56.25+05:30,2849,Corporate Bonds
2231832,2026-10-04T22:17:29.384+05:30,2895,Corporate Bonds
2228341,2026-10-04T21:05:47.737+05:30,2982,Corporate Bonds
846638,2026-10-01T10:27:52.814+05:30,3027,Corporate Bonds
2220445,2026-10-06T09:18:17.036+05:30,2992,Corporate Bonds
1813501,2026-10-01T10:10:47.792+05:30,2849,Corporate Bonds
2112094,2026-10-07T10:26:35.285+05:30,2849,Corporate Bonds
2229273,2026-10-03T11:50:33.384+05:30,1239,High Yield FDs
2065541,2026-10-04T10:19:52.301+05:30,3040,Corporate Bonds
1492347,2026-10-06T06:42:15.239+05:30,2858,Corporate Bonds
2006048,2026-10-05T15:54:42.508+05:30,3034,Corporate Bonds
460624,2026-10-07T18:42:47.853+05:30,2955,Corporate Bonds
2153682,2026-10-01T14:07:06.604+05:30,2981,Corporate Bonds
1252187,2026-10-07T11:01:33.696+05:30,2842,Corporate Bonds
2186390,2026-10-03T14:48:19.981+05:30,2982,Corporate Bonds
772069,2026-10-01T11:41:25.964+05:30,2981,Corporate Bonds
1820764,2026-10-02T22:23:06.809+05:30,3027,Corporate Bonds
1390320,2026-10-05T16:28:22.662+05:30,2955,Corporate Bonds
2228429,2026-10-02T18:55:11.992+05:30,2881,Corporate Bonds
2221874,2026-10-06T12:31:03.338+05:30,2982,Corporate Bonds
1173613,2026-10-02T01:02:36.435+05:30,3040,Corporate Bonds
1058273,2026-10-06T10:40:42.448+05:30,2930,Corporate Bonds
1146585,2026-10-04T11:54:15.367+05:30,2906,Corporate Bonds
522118,2026-10-01T13:31:18.095+05:30,2412,Corporate Bonds
673754,2026-10-03T13:11:16.923+05:30,2849,Corporate Bonds
769544,2026-10-07T23:12:33.027+05:30,2335,Corporate Bonds
1924358,2026-10-05T13:55:31.058+05:30,2930,Corporate Bonds
731894,2026-10-01T13:39:26.741+05:30,3027,Corporate Bonds
1680656,2026-10-05T06:16:07.874+05:30,2895,Corporate Bonds
2225607,2026-10-02T08:53:54.803+05:30,1292,High Yield FDs
2145525,2026-10-03T21:39:07.848+05:30,2954,Corporate Bonds
2132268,2026-10-06T01:37:08.54+05:30,2930,Corporate Bonds
2105455,2026-10-01T22:43:51.576+05:30,3040,Corporate Bonds
2141821,2026-10-05T19:44:44.047+05:30,3027,Corporate Bonds
1632704,2026-10-03T21:57:54.683+05:30,2895,Corporate Bonds
1973827,2026-10-01T10:46:30.81+05:30,3027,Corporate Bonds
2234888,2026-10-06T17:23:17.042+05:30,3026,Corporate Bonds
1998626,2026-10-05T17:48:10.682+05:30,2930,Corporate Bonds
1818634,2026-10-02T14:18:53.871+05:30,2982,Corporate Bonds
1352477,2026-10-02T16:14:30.611+05:30,3027,Corporate Bonds
2024810,2026-10-02T18:09:46.139+05:30,2881,Corporate Bonds
2165073,2026-10-07T10:00:31.429+05:30,2955,Corporate Bonds
1491321,2026-10-05T02:22:13.286+05:30,2907,Corporate Bonds
645913,2026-10-01T11:46:40.537+05:30,1873,Corporate Bonds
1299736,2026-10-01T11:28:47.129+05:30,2981,Corporate Bonds
1934899,2026-10-06T09:39:55.734+05:30,2858,Corporate Bonds
1949991,2026-10-06T12:07:53.406+05:30,3027,Corporate Bonds
2127644,2026-10-04T19:14:54.586+05:30,3027,Corporate Bonds
2035504,2026-10-05T23:35:51.228+05:30,2964,Corporate Bonds
1480139,2026-10-06T11:52:13.934+05:30,2964,Corporate Bonds
2018079,2026-10-07T20:20:57.336+05:30,2895,Corporate Bonds
873855,2026-10-02T18:01:22.456+05:30,3027,Corporate Bonds
974944,2026-10-07T21:46:24.327+05:30,2930,Corporate Bonds
1852311,2026-10-04T00:14:10.363+05:30,2895,Corporate Bonds
1736133,2026-10-01T21:39:17.667+05:30,2849,Corporate Bonds
2167407,2026-10-03T13:31:26.44+05:30,1292,High Yield FDs
1400576,2026-10-04T21:12:49.472+05:30,3027,Corporate Bonds
2124638,2026-10-03T18:33:20.436+05:30,2874,Corporate Bonds
2226561,2026-10-06T19:26:56.13+05:30,2982,Corporate Bonds
2213417,2026-10-01T17:41:03.31+05:30,2855,Corporate Bonds
2225506,2026-10-01T14:32:03.415+05:30,2982,Corporate Bonds
2228816,2026-10-02T23:54:29.933+05:30,2982,Corporate Bonds
2180022,2026-10-07T17:14:03.08+05:30,3040,Corporate Bonds
1061140,2026-10-03T13:10:13.491+05:30,2774,Corporate Bonds
1624950,2026-10-07T13:17:53.533+05:30,2895,Corporate Bonds
936736,2026-10-06T14:29:06.415+05:30,2930,Corporate Bonds
2119990,2026-10-07T19:40:01.502+05:30,3045,Corporate Bonds
843051,2026-10-06T20:18:26.456+05:30,1292,High Yield FDs
1815308,2026-10-02T23:41:41.366+05:30,2849,Corporate Bonds
591215,2026-10-05T12:59:48.989+05:30,2895,Corporate Bonds
1978699,2026-10-03T07:14:53.364+05:30,2849,Corporate Bonds
805083,2026-10-04T10:55:41.85+05:30,1292,High Yield FDs
2234766,2026-10-07T09:22:56.173+05:30,1292,High Yield FDs
2217777,2026-10-06T11:41:08.1+05:30,2930,Corporate Bonds
1949887,2026-10-06T18:22:22.593+05:30,3044,Corporate Bonds
2069911,2026-10-06T15:37:18.901+05:30,2981,Corporate Bonds
620045,2026-10-06T05:13:26.103+05:30,2964,Corporate Bonds
2228065,2026-10-02T15:40:36.564+05:30,2930,Corporate Bonds
2233927,2026-10-06T20:59:27.049+05:30,2899,Mutual Funds
2060703,2026-10-03T21:09:56.293+05:30,2849,Corporate Bonds
1544049,2026-10-04T12:33:05.17+05:30,2986,Corporate Bonds
2232301,2026-10-06T08:14:14.076+05:30,2941,Corporate Bonds
1823524,2026-10-01T11:45:49.323+05:30,1292,High Yield FDs
140800,2026-10-05T23:11:56.625+05:30,3027,Corporate Bonds
1926774,2026-10-07T02:52:23.558+05:30,2895,Corporate Bonds
874904,2026-10-06T19:45:31.481+05:30,2880,Corporate Bonds
1001804,2026-10-01T11:40:15.381+05:30,3040,Corporate Bonds
2225385,2026-10-06T12:48:50.225+05:30,3027,Corporate Bonds
778271,2026-10-01T12:44:37.118+05:30,2883,Corporate Bonds
140376,2026-10-01T14:10:31.114+05:30,2643,Securitized Debt Instruments
739171,2026-10-03T13:52:26.493+05:30,2849,Corporate Bonds
2078475,2026-10-06T18:47:27.718+05:30,2881,Corporate Bonds
1607649,2026-10-01T13:48:43.166+05:30,2918,Corporate Bonds
2208949,2026-10-06T12:23:19.74+05:30,3026,Corporate Bonds
683536,2026-10-01T12:04:28.664+05:30,2849,Corporate Bonds
769503,2026-10-04T12:35:56.56+05:30,2993,XCase
2234054,2026-10-06T08:51:45.946+05:30,2881,Corporate Bonds
1405296,2026-10-02T09:36:40.827+05:30,2849,Corporate Bonds
1404207,2026-10-04T14:46:35.686+05:30,2874,Corporate Bonds
632640,2026-10-07T21:20:18.711+05:30,2686,Corporate Bonds
1501737,2026-10-05T15:02:30.808+05:30,2930,Corporate Bonds
1708970,2026-10-02T06:18:35.427+05:30,3026,Corporate Bonds
1071861,2026-10-01T13:39:13.482+05:30,2930,Corporate Bonds
2231947,2026-10-04T22:34:17.798+05:30,2781,Corporate Bonds
1006585,2026-10-07T10:50:50.457+05:30,3044,Corporate Bonds
1760475,2026-10-01T23:51:31.356+05:30,2881,Corporate Bonds
2232829,2026-10-05T14:15:56.628+05:30,2769,Corporate Bonds
2218833,2026-10-01T14:34:25.619+05:30,2941,Corporate Bonds
1971444,2026-10-03T22:47:40.392+05:30,3027,Corporate Bonds
2220085,2026-10-04T21:05:02.477+05:30,2930,Corporate Bonds
2230055,2026-10-03T19:44:01.842+05:30,2907,Corporate Bonds
986500,2026-10-01T20:59:40.003+05:30,2311,Corporate Bonds
2188910,2026-10-01T23:14:03.603+05:30,3027,Corporate Bonds
1072240,2026-10-07T09:29:50.907+05:30,3027,Corporate Bonds
2228355,2026-10-02T19:27:07.61+05:30,1292,High Yield FDs
1933494,2026-10-06T19:12:51.727+05:30,2930,Corporate Bonds
2220425,2026-10-06T14:39:05.362+05:30,2955,Corporate Bonds
1263550,2026-10-05T02:05:07.581+05:30,2781,Corporate Bonds
1973827,2026-10-03T15:27:41.306+05:30,2813,Corporate Bonds
2227383,2026-10-02T09:55:07.099+05:30,2881,Corporate Bonds
1311988,2026-10-02T00:31:46.522+05:30,2941,Corporate Bonds
1263550,2026-10-04T20:12:53.407+05:30,2626,Corporate Bonds
2185950,2026-10-04T10:05:36.69+05:30,2881,Corporate Bonds
2111125,2026-10-03T09:52:29.724+05:30,2311,Corporate Bonds
862671,2026-10-04T01:12:30.01+05:30,2757,Corporate Bonds
2074799,2026-10-07T15:50:19.39+05:30,2840,Corporate Bonds
1156684,2026-10-03T21:52:00.702+05:30,2917,Corporate Bonds
2220097,2026-10-04T17:15:02.483+05:30,2895,Corporate Bonds
520817,2026-10-06T13:20:31.423+05:30,2729,Mutual Funds
2232985,2026-10-05T19:23:55.644+05:30,2941,Corporate Bonds
1638707,2026-10-05T20:51:48.924+05:30,3040,Corporate Bonds
2010710,2026-10-02T09:04:24.898+05:30,2881,Corporate Bonds
2209159,2026-10-07T22:09:02.111+05:30,2881,Corporate Bonds
1840255,2026-10-07T11:45:26.532+05:30,2895,Corporate Bonds
761431,2026-10-03T17:34:20.245+05:30,2881,Corporate Bonds
1009142,2026-10-04T11:15:50.391+05:30,3027,Corporate Bonds
673690,2026-10-07T18:05:42.101+05:30,3027,Corporate Bonds
1906329,2026-10-03T21:46:30.999+05:30,2849,Corporate Bonds
742215,2026-10-04T22:18:42.007+05:30,2881,Corporate Bonds
2089966,2026-10-07T09:07:15.687+05:30,1239,High Yield FDs
1408205,2026-10-06T14:27:59.379+05:30,2883,Corporate Bonds
2229508,2026-10-03T13:40:20.156+05:30,2982,Corporate Bonds
101157,2026-10-04T23:21:50.742+05:30,2993,XCase
299540,2026-10-03T13:49:13.947+05:30,2412,Corporate Bonds
941335,2026-10-07T20:50:47.426+05:30,2849,Corporate Bonds
2230836,2026-10-04T10:32:13.926+05:30,2982,Corporate Bonds
2139467,2026-10-04T19:14:09.528+05:30,2918,Corporate Bonds
2065631,2026-10-02T11:57:47.822+05:30,3026,Corporate Bonds
1262574,2026-10-01T10:14:47.781+05:30,2926,Corporate Bonds
2220028,2026-10-07T16:51:47.834+05:30,2881,Corporate Bonds
1537742,2026-10-05T17:22:05.244+05:30,3040,Corporate Bonds
1813501,2026-10-04T14:25:25.538+05:30,2881,Corporate Bonds
2221036,2026-10-03T22:04:42.116+05:30,2881,Corporate Bonds
1001804,2026-10-01T11:52:33.047+05:30,3040,Corporate Bonds
1556914,2026-10-02T06:14:13.628+05:30,1239,High Yield FDs
2052505,2026-10-06T23:27:50.768+05:30,2964,Corporate Bonds
2229255,2026-10-06T09:34:57.689+05:30,2729,Mutual Funds
2166373,2026-10-01T21:35:10.648+05:30,2982,Corporate Bonds
2225284,2026-10-02T13:04:01.742+05:30,3027,Corporate Bonds
2226721,2026-10-02T08:19:42.477+05:30,2982,Corporate Bonds
564357,2026-10-07T22:36:10.526+05:30,3044,Corporate Bonds
2223788,2026-10-07T15:21:19.781+05:30,3044,Corporate Bonds
1256334,2026-10-05T10:45:42.559+05:30,2993,XCase
1813501,2026-10-01T10:10:48.142+05:30,2849,Corporate Bonds
2052008,2026-10-02T15:25:43.849+05:30,3040,Corporate Bonds
1063939,2026-10-05T20:22:30.961+05:30,3027,Corporate Bonds
2163128,2026-10-06T18:10:34.09+05:30,3044,Corporate Bonds
2234523,2026-10-06T15:14:57.931+05:30,3040,Corporate Bonds
2225327,2026-10-04T13:29:57.159+05:30,3027,Corporate Bonds
2228672,2026-10-02T21:52:57.575+05:30,2849,Corporate Bonds
25391,2026-10-02T20:43:25.028+05:30,2794,Corporate Bonds
1501737,2026-10-05T15:12:35.361+05:30,2895,Corporate Bonds
2192778,2026-10-05T16:45:12.256+05:30,2881,Corporate Bonds
1397463,2026-10-06T16:59:12.957+05:30,3027,Corporate Bonds
1817837,2026-10-05T16:36:45.183+05:30,2981,Corporate Bonds
1493587,2026-10-02T19:13:05.253+05:30,2849,Corporate Bonds
353601,2026-10-05T15:27:01.045+05:30,2895,Corporate Bonds
738605,2026-10-01T14:33:47.362+05:30,2955,Corporate Bonds
1260656,2026-10-03T20:29:51.047+05:30,2842,Corporate Bonds
1186835,2026-10-06T09:56:15.147+05:30,2992,Corporate Bonds
2207673,2026-10-05T21:21:21.996+05:30,2930,Corporate Bonds
1561418,2026-10-02T23:25:22.302+05:30,2729,Mutual Funds
2110406,2026-10-05T00:08:01.004+05:30,2907,Corporate Bonds
1359442,2026-10-02T10:24:07.953+05:30,3027,Corporate Bonds
1503489,2026-10-05T15:09:14.521+05:30,2900,Corporate Bonds
1912873,2026-10-05T18:58:09.339+05:30,3027,Corporate Bonds
1044090,2026-10-06T14:48:14.667+05:30,2842,Corporate Bonds
842964,2026-10-01T11:07:07.181+05:30,3027,Corporate Bonds
2235043,2026-10-06T19:06:49.532+05:30,2941,Corporate Bonds
1908486,2026-10-01T23:38:48.845+05:30,2872,Corporate Bonds
1891236,2026-10-06T07:26:20.117+05:30,2908,Corporate Bonds
1203512,2026-10-06T12:40:52.01+05:30,2855,Corporate Bonds
2048101,2026-10-07T13:33:23.897+05:30,2849,Corporate Bonds
2229519,2026-10-03T17:50:07.237+05:30,3027,Corporate Bonds
2085349,2026-10-05T14:23:46.595+05:30,2883,Corporate Bonds
736084,2026-10-06T14:11:37.815+05:30,2843,Corporate Bonds
2232567,2026-10-07T17:07:16.275+05:30,3044,Corporate Bonds
1039469,2026-10-07T20:29:03.095+05:30,2843,Corporate Bonds
2145924,2026-10-03T11:17:18.42+05:30,2849,Corporate Bonds
1643296,2026-10-05T16:39:11.767+05:30,2881,Corporate Bonds
2103097,2026-10-03T12:22:41.586+05:30,2981,Corporate Bonds
1672211,2026-10-05T10:03:04.335+05:30,3040,Corporate Bonds
2232364,2026-10-05T13:03:23.244+05:30,2794,Corporate Bonds
1215349,2026-10-03T03:30:17.751+05:30,2887,Corporate Bonds
2082849,2026-10-07T14:06:40.344+05:30,2849,Corporate Bonds
1677306,2026-10-03T12:37:21.915+05:30,2981,Corporate Bonds
1419432,2026-10-01T10:25:43.069+05:30,2887,Corporate Bonds
2229447,2026-10-03T12:57:18.909+05:30,2982,Corporate Bonds
2182890,2026-10-04T21:57:04.227+05:30,3040,Corporate Bonds
2102595,2026-10-02T09:56:41.928+05:30,2969,XCase
1300357,2026-10-07T10:02:31.382+05:30,2982,Corporate Bonds
2225087,2026-10-05T19:58:48.84+05:30,3027,Corporate Bonds
2069911,2026-10-05T18:44:35.666+05:30,2981,Corporate Bonds
843051,2026-10-06T20:42:22.82+05:30,2881,Corporate Bonds
1493254,2026-10-01T09:50:00.752+05:30,2883,Corporate Bonds
2229362,2026-10-03T11:43:42.571+05:30,2881,Corporate Bonds
2232280,2026-10-05T08:03:09.129+05:30,2982,Corporate Bonds
1410997,2026-10-07T20:55:56.323+05:30,2881,Corporate Bonds
1574659,2026-10-04T10:45:55.963+05:30,2992,Corporate Bonds
2195367,2026-10-02T22:42:12.476+05:30,1873,Corporate Bonds
2229878,2026-10-03T18:24:32.977+05:30,2930,Corporate Bonds
2058334,2026-10-06T21:48:42.071+05:30,3044,Corporate Bonds
1852823,2026-10-03T18:23:39.532+05:30,3027,Corporate Bonds
938056,2026-10-06T13:55:47.632+05:30,2412,Corporate Bonds
1738329,2026-10-06T16:38:46.427+05:30,2981,Corporate Bonds
1733109,2026-10-07T08:22:20.946+05:30,2982,Corporate Bonds
1419432,2026-10-01T10:29:00.746+05:30,2887,Corporate Bonds
1509307,2026-10-04T20:46:04.926+05:30,2849,Corporate Bonds
1500382,2026-10-02T10:35:54.724+05:30,2594,Corporate Bonds
2220360,2026-10-06T09:32:49.061+05:30,2906,Corporate Bonds
2229231,2026-10-03T10:17:28.094+05:30,2881,Corporate Bonds
1960898,2026-10-02T12:19:03.039+05:30,2955,Corporate Bonds
1736133,2026-10-02T19:11:58.329+05:30,2982,Corporate Bonds
2145347,2026-10-06T15:16:52.48+05:30,3027,Corporate Bonds
2225385,2026-10-06T13:22:12.409+05:30,2964,Corporate Bonds
967751,2026-10-03T19:12:37.038+05:30,2311,Corporate Bonds
430433,2026-10-07T15:21:52.688+05:30,3050,Corporate Bonds
1894644,2026-10-02T06:17:00.024+05:30,2300,Corporate Bonds
1054772,2026-10-01T21:00:15.001+05:30,2872,Corporate Bonds
2156873,2026-10-05T01:31:25.561+05:30,2881,Corporate Bonds
2205399,2026-10-01T13:37:03.52+05:30,2643,Securitized Debt Instruments
1514429,2026-10-02T18:59:16.126+05:30,2955,Corporate Bonds
975820,2026-10-02T10:50:44.437+05:30,2981,Corporate Bonds
1038861,2026-10-01T10:39:30.421+05:30,2883,Corporate Bonds
1949335,2026-10-06T22:30:05.892+05:30,2964,Corporate Bonds
648687,2026-10-02T18:49:29.874+05:30,2982,Corporate Bonds
1965130,2026-10-07T22:13:55.3+05:30,3045,Corporate Bonds
970900,2026-10-01T12:00:13.798+05:30,2849,Corporate Bonds
2222716,2026-10-05T09:48:54.237+05:30,2895,Corporate Bonds
1932694,2026-10-01T00:08:22.159+05:30,2849,Corporate Bonds
2219271,2026-10-06T11:30:59.052+05:30,2981,Corporate Bonds
1584132,2026-10-02T12:57:20.901+05:30,2981,Corporate Bonds
485764,2026-10-03T00:02:01.264+05:30,2868,Corporate Bonds
191261,2026-10-05T13:04:33.611+05:30,2930,Corporate Bonds
1487939,2026-10-01T23:14:03.286+05:30,2883,Corporate Bonds
816995,2026-10-03T15:58:17.694+05:30,2881,Corporate Bonds
1590498,2026-10-04T13:17:26.912+05:30,3027,Corporate Bonds
2215010,2026-10-01T17:12:37.134+05:30,2868,Corporate Bonds
2228860,2026-10-03T11:18:09.341+05:30,2982,Corporate Bonds
2235490,2026-10-07T21:15:46.882+05:30,3044,Corporate Bonds
129524,2026-10-06T16:48:49.16+05:30,2983,Corporate Bonds
576656,2026-10-02T10:27:40.304+05:30,3023,Corporate Bonds
1645747,2026-10-06T15:38:04.135+05:30,2930,Corporate Bonds
933385,2026-10-03T07:46:15.205+05:30,3027,Corporate Bonds
2229231,2026-10-03T10:19:50.684+05:30,2781,Corporate Bonds
1611365,2026-10-06T22:13:31.007+05:30,2982,Corporate Bonds
485117,2026-10-04T12:30:50.811+05:30,2902,Corporate Bonds
2228754,2026-10-04T03:03:51.017+05:30,2982,Corporate Bonds
309058,2026-10-01T12:04:21.376+05:30,2982,Corporate Bonds
944593,2026-10-02T23:22:48.472+05:30,2918,Corporate Bonds
2170101,2026-10-02T21:18:44.553+05:30,2890,Corporate Bonds
2139864,2026-10-01T11:27:54.879+05:30,2757,Corporate Bonds
2236381,2026-10-07T14:10:22.048+05:30,2918,Corporate Bonds
1837943,2026-10-07T23:07:58.146+05:30,2941,Corporate Bonds
2076765,2026-10-06T15:40:17.406+05:30,2883,Corporate Bonds
482360,2026-10-02T11:25:23.426+05:30,2881,Corporate Bonds
1508804,2026-10-05T08:39:42.497+05:30,2955,Corporate Bonds
1507122,2026-10-02T22:24:47.345+05:30,2955,Corporate Bonds
2231795,2026-10-04T21:03:31.025+05:30,2930,Corporate Bonds
2231850,2026-10-06T13:00:05.851+05:30,2769,Corporate Bonds
589846,2026-10-01T09:25:26.721+05:30,2843,Corporate Bonds
960230,2026-10-06T11:32:48.254+05:30,2881,Corporate Bonds
2170254,2026-10-05T09:06:32.141+05:30,2412,Corporate Bonds
1439400,2026-10-07T12:26:42.226+05:30,2729,Mutual Funds
1430163,2026-10-02T10:59:41.874+05:30,2840,Corporate Bonds
1358952,2026-10-07T13:19:11.53+05:30,3044,Corporate Bonds
2232755,2026-10-05T13:53:00.423+05:30,3027,Corporate Bonds
2228656,2026-10-02T21:42:50.202+05:30,2982,Corporate Bonds
1584002,2026-10-03T09:35:25.868+05:30,1239,High Yield FDs
1299918,2026-10-07T18:00:19.493+05:30,2477,Corporate Bonds
2218790,2026-10-05T13:05:24.12+05:30,2883,Corporate Bonds
1770876,2026-10-04T12:19:51.682+05:30,2955,Corporate Bonds
705277,2026-10-07T11:42:41.472+05:30,3044,Corporate Bonds
2228573,2026-10-02T20:42:13.768+05:30,2781,Corporate Bonds
1552680,2026-10-03T11:34:49.761+05:30,2769,Corporate Bonds
150972,2026-10-06T11:07:07.373+05:30,2930,Corporate Bonds
77868,2026-10-06T23:55:54.953+05:30,2902,Corporate Bonds
2119224,2026-10-04T21:29:36.503+05:30,3027,Corporate Bonds
2149674,2026-10-07T17:27:33.873+05:30,2955,Corporate Bonds
746641,2026-10-03T20:41:18.368+05:30,2907,Corporate Bonds
1434620,2026-10-07T17:32:45.69+05:30,3045,Corporate Bonds
742806,2026-10-06T12:44:26.332+05:30,2629,Corporate Bonds
1622604,2026-10-06T21:40:13.965+05:30,2872,Corporate Bonds
1793525,2026-10-04T12:47:49.841+05:30,3027,Corporate Bonds
2227494,2026-10-02T12:55:09.77+05:30,2982,Corporate Bonds
1408669,2026-10-05T14:04:10.358+05:30,2883,Corporate Bonds
838199,2026-10-01T11:57:36.199+05:30,2873,XCase
1661281,2026-10-03T16:46:42.206+05:30,2849,Corporate Bonds
723817,2026-10-01T13:39:09.289+05:30,2931,Corporate Bonds
2225810,2026-10-01T10:46:14.885+05:30,2954,Corporate Bonds
1266659,2026-10-07T12:06:42.703+05:30,3044,Corporate Bonds
2130951,2026-10-02T10:13:12.262+05:30,2981,Corporate Bonds
1506948,2026-10-05T14:50:09.681+05:30,2883,Corporate Bonds
2076765,2026-10-06T15:47:43.203+05:30,2883,Corporate Bonds
1927121,2026-10-02T22:52:35.385+05:30,2955,Corporate Bonds
2164720,2026-10-01T14:35:22.032+05:30,2868,Corporate Bonds
1458321,2026-10-07T16:58:05.571+05:30,3044,Corporate Bonds
600909,2026-10-05T15:20:15.375+05:30,2769,Corporate Bonds
2143881,2026-10-04T21:20:00.069+05:30,1292,High Yield FDs
2182553,2026-10-05T09:12:47.756+05:30,2849,Corporate Bonds
1399364,2026-10-02T13:07:47.486+05:30,2881,Corporate Bonds
2000670,2026-10-01T15:30:12.055+05:30,2895,Corporate Bonds
1549860,2026-10-03T18:13:17.556+05:30,2981,Corporate Bonds
774356,2026-10-01T12:55:28.334+05:30,1239,High Yield FDs
2093775,2026-10-05T14:14:55.955+05:30,2840,Corporate Bonds
1266659,2026-10-03T11:50:31.046+05:30,2981,Corporate Bonds
1287551,2026-10-01T22:03:03.361+05:30,2849,Corporate Bonds
2210514,2026-10-06T21:51:05.373+05:30,2955,Corporate Bonds
2119555,2026-10-01T10:11:10.609+05:30,2883,Corporate Bonds
1393440,2026-10-06T20:06:25.936+05:30,2858,Corporate Bonds
1823524,2026-10-04T20:03:42.249+05:30,2880,Corporate Bonds
1709611,2026-10-03T10:35:45.314+05:30,2881,Corporate Bonds
1423289,2026-10-02T12:54:29.871+05:30,2919,Corporate Bonds
2229078,2026-10-05T11:54:21.094+05:30,2767,Corporate Bonds
1574674,2026-10-04T20:46:10.594+05:30,2930,Corporate Bonds
2214597,2026-10-01T16:36:46.531+05:30,2729,Mutual Funds
1197369,2026-10-06T20:22:35.561+05:30,2994,Corporate Bonds
816155,2026-10-03T18:27:18.602+05:30,2794,Corporate Bonds
1364078,2026-10-01T15:24:51.876+05:30,2930,Corporate Bonds
1833471,2026-10-02T18:35:33.558+05:30,3025,Corporate Bonds
2084310,2026-10-01T09:03:08.799+05:30,2883,Corporate Bonds
637365,2026-10-02T21:19:46.84+05:30,2982,Corporate Bonds
2217485,2026-10-03T19:24:41.209+05:30,2899,Mutual Funds
2224206,2026-10-06T10:54:28.871+05:30,3027,Corporate Bonds
2227215,2026-10-02T06:47:18.332+05:30,3025,Corporate Bonds
2205399,2026-10-01T14:04:22.605+05:30,2954,Corporate Bonds
728177,2026-10-01T10:18:21.12+05:30,2873,XCase
2074888,2026-10-07T12:33:06.334+05:30,3044,Corporate Bonds
1162542,2026-10-01T16:04:44.379+05:30,2981,Corporate Bonds
1794783,2026-10-07T11:15:02.391+05:30,3044,Corporate Bonds
307429,2026-10-01T15:01:54.127+05:30,2849,Corporate Bonds
2218625,2026-10-06T11:36:38.273+05:30,2981,Corporate Bonds
1511571,2026-10-06T08:18:28.107+05:30,2872,Corporate Bonds
944593,2026-10-01T02:26:59.005+05:30,2757,Corporate Bonds
2236514,2026-10-07T15:39:13.197+05:30,2830,Corporate Bonds
477907,2026-10-05T15:28:00.346+05:30,2930,Corporate Bonds
98109,2026-10-01T18:02:34.46+05:30,2895,Corporate Bonds
1067432,2026-10-01T13:34:19.973+05:30,2981,Corporate Bonds
2145390,2026-10-02T10:04:18.825+05:30,2433,Corporate Bonds
1736133,2026-10-02T19:11:55.496+05:30,2982,Corporate Bonds
1806678,2026-10-06T22:05:57.235+05:30,2812,Corporate Bonds
1640680,2026-10-07T11:17:20.237+05:30,3044,Corporate Bonds
2132617,2026-10-03T02:17:07.653+05:30,2981,Corporate Bonds
1102717,2026-10-04T10:34:31.106+05:30,3040,Corporate Bonds
1380471,2026-10-06T10:42:57.571+05:30,2887,Corporate Bonds
2160970,2026-10-01T09:22:52.339+05:30,3025,Corporate Bonds
2160295,2026-10-01T22:00:52.905+05:30,2433,Corporate Bonds
802486,2026-10-03T14:43:06.652+05:30,2794,Corporate Bonds
2052271,2026-10-03T19:00:05.846+05:30,2947,Corporate Bonds
1908106,2026-10-06T13:00:06.778+05:30,2941,Corporate Bonds
1781438,2026-10-02T11:55:33.459+05:30,2881,Corporate Bonds
723817,2026-10-06T13:33:37.065+05:30,2881,Corporate Bonds
507277,2026-10-01T22:22:24.453+05:30,2872,Corporate Bonds
2111253,2026-10-02T09:49:32.942+05:30,2849,Corporate Bonds
591215,2026-10-05T12:11:46.429+05:30,2880,Corporate Bonds
2186986,2026-10-01T23:39:17.561+05:30,2300,Corporate Bonds
2229028,2026-10-05T15:37:07.438+05:30,2941,Corporate Bonds
2231321,2026-10-04T16:46:36.376+05:30,2849,Corporate Bonds
1004528,2026-10-02T19:21:56.62+05:30,3027,Corporate Bonds
2226869,2026-10-01T22:16:39.042+05:30,2781,Corporate Bonds
2236475,2026-10-07T15:10:34.11+05:30,2729,Mutual Funds
1487939,2026-10-01T23:15:33.015+05:30,2883,Corporate Bonds
1884342,2026-10-01T02:56:09.741+05:30,2883,Corporate Bonds
2229841,2026-10-04T12:52:56.205+05:30,2954,Corporate Bonds
2211366,2026-10-01T10:49:24.725+05:30,2906,Corporate Bonds
1661912,2026-10-03T18:57:08.833+05:30,2964,Corporate Bonds
887326,2026-10-01T12:00:18.373+05:30,2955,Corporate Bonds
1209601,2026-10-01T16:12:38.229+05:30,3027,Corporate Bonds
2198030,2026-10-02T22:17:41.737+05:30,2930,Corporate Bonds
2136838,2026-10-02T11:09:36.327+05:30,3040,Corporate Bonds
1987790,2026-10-01T19:21:57.045+05:30,2981,Corporate Bonds
2223412,2026-10-05T16:20:14.15+05:30,3026,Corporate Bonds
2230895,2026-10-04T11:37:21.168+05:30,2729,Mutual Funds
2193752,2026-10-01T09:56:38.377+05:30,2918,Corporate Bonds
1097145,2026-10-07T11:26:03.591+05:30,2982,Corporate Bonds
1945843,2026-10-02T12:16:07.528+05:30,2794,Corporate Bonds
1892156,2026-10-06T14:44:40.631+05:30,3027,Corporate Bonds
2128122,2026-10-05T11:54:20.943+05:30,1292,High Yield FDs
2234551,2026-10-07T10:56:59.675+05:30,2982,Corporate Bonds
2230983,2026-10-04T13:20:30.629+05:30,2875,Corporate Bonds
970477,2026-10-07T12:24:04.799+05:30,3044,Corporate Bonds
1114428,2026-10-07T20:04:37.303+05:30,3044,Corporate Bonds
127524,2026-10-05T16:58:16.604+05:30,2883,Corporate Bonds
831050,2026-10-01T10:22:12.46+05:30,3027,Corporate Bonds
1101405,2026-10-04T09:50:12.311+05:30,3023,Corporate Bonds
2034849,2026-10-04T07:59:45.048+05:30,2626,Corporate Bonds
1447965,2026-10-05T15:16:20.301+05:30,2881,Corporate Bonds
1315916,2026-10-04T17:20:35.906+05:30,3027,Corporate Bonds
1667435,2026-10-02T12:46:13.589+05:30,2997,Corporate Bonds
1163540,2026-10-06T01:16:02.682+05:30,2412,Corporate Bonds
2132296,2026-10-02T11:48:17.195+05:30,2993,XCase
2229431,2026-10-07T17:05:47.708+05:30,1292,High Yield FDs
1202320,2026-10-01T12:12:01.478+05:30,2872,Corporate Bonds
835451,2026-10-03T12:13:25.23+05:30,3027,Corporate Bonds
17515,2026-10-01T11:14:44.263+05:30,2883,Corporate Bonds
1949991,2026-10-06T12:00:46.947+05:30,3027,Corporate Bonds
2234551,2026-10-07T11:15:07.232+05:30,2982,Corporate Bonds
2206887,2026-10-07T17:17:40.41+05:30,3050,Corporate Bonds
1813501,2026-10-02T09:10:37.082+05:30,2849,Corporate Bonds
2048101,2026-10-07T13:43:48.953+05:30,2849,Corporate Bonds
2228551,2026-10-02T20:33:06.549+05:30,2902,Corporate Bonds
266272,2026-10-02T16:10:06.416+05:30,3024,Corporate Bonds
714974,2026-10-06T14:34:18.38+05:30,2930,Corporate Bonds
2010894,2026-10-04T08:45:27.431+05:30,2840,Corporate Bonds
2226057,2026-10-01T13:39:53.816+05:30,2074,SIF
2225506,2026-10-01T14:34:02.904+05:30,2982,Corporate Bonds
589846,2026-10-07T13:23:04.561+05:30,2883,Corporate Bonds
2103027,2026-10-01T15:46:46.86+05:30,2868,Corporate Bonds
1166225,2026-10-03T11:18:25.109+05:30,1239,High Yield FDs
2226282,2026-10-01T15:48:12.362+05:30,2858,Corporate Bonds
2231832,2026-10-04T22:22:47.552+05:30,2895,Corporate Bonds
1050201,2026-10-05T00:22:10.26+05:30,2874,Corporate Bonds
1043114,2026-10-01T14:59:31.988+05:30,2767,Corporate Bonds
1556685,2026-10-03T14:47:53.879+05:30,2794,Corporate Bonds
832029,2026-10-02T20:03:09.616+05:30,2993,XCase
2217368,2026-10-04T21:25:52.549+05:30,3027,Corporate Bonds
371141,2026-10-07T20:48:32.618+05:30,3045,Corporate Bonds
2232952,2026-10-05T15:39:49.364+05:30,2769,Corporate Bonds
2052505,2026-10-06T12:03:33.554+05:30,2964,Corporate Bonds
1088074,2026-10-01T12:31:41.911+05:30,2849,Corporate Bonds
981921,2026-10-01T21:14:48.975+05:30,3040,Corporate Bonds
1781027,2026-10-07T13:20:06.396+05:30,2964,Corporate Bonds
2140512,2026-10-07T00:08:20.121+05:30,2969,XCase
981196,2026-10-02T10:52:47.135+05:30,2794,Corporate Bonds
2198724,2026-10-04T22:15:48.061+05:30,2881,Corporate Bonds
1804536,2026-10-05T16:13:46.519+05:30,2644,Securitized Debt Instruments
633184,2026-10-06T13:13:41.462+05:30,2930,Corporate Bonds
1797493,2026-10-07T13:27:39.143+05:30,3045,Corporate Bonds
1891387,2026-10-04T19:22:38.914+05:30,2874,Corporate Bonds
2102210,2026-10-01T17:01:05.289+05:30,2957,Corporate Bonds
673690,2026-10-07T17:06:05.273+05:30,3044,Corporate Bonds
2158745,2026-10-06T11:15:15.238+05:30,2883,Corporate Bonds
1287551,2026-10-01T22:04:26.214+05:30,2849,Corporate Bonds
1399280,2026-10-01T10:37:54.679+05:30,3027,Corporate Bonds
2199533,2026-10-05T20:14:20.711+05:30,2926,Corporate Bonds
1710872,2026-10-07T20:28:52.034+05:30,3045,Corporate Bonds
516595,2026-10-02T14:06:46.686+05:30,2840,Corporate Bonds
838564,2026-10-04T17:05:14.146+05:30,2757,Corporate Bonds
1170846,2026-10-07T23:09:37.26+05:30,3024,Corporate Bonds
1400576,2026-10-06T16:19:12.427+05:30,2981,Corporate Bonds
2180022,2026-10-07T17:43:57.711+05:30,3040,Corporate Bonds
2227945,2026-10-04T17:17:22.405+05:30,2769,Corporate Bonds
1546231,2026-10-04T16:57:46.458+05:30,3027,Corporate Bonds
465763,2026-10-07T12:29:56.274+05:30,3040,Corporate Bonds
1973827,2026-10-03T14:55:41.836+05:30,2311,Corporate Bonds
1088074,2026-10-01T12:32:08.063+05:30,2849,Corporate Bonds
1547791,2026-10-07T20:20:59.941+05:30,2629,Corporate Bonds
1832924,2026-10-04T09:56:07.955+05:30,2930,Corporate Bonds
460624,2026-10-07T19:55:11.498+05:30,2604,Corporate Bonds
344881,2026-10-03T20:04:49.85+05:30,2895,Corporate Bonds
969192,2026-10-03T18:40:15.13+05:30,2626,Corporate Bonds
1779274,2026-10-01T21:31:49.755+05:30,2895,Corporate Bonds
2128844,2026-10-01T23:59:00.265+05:30,2433,Corporate Bonds
2160128,2026-10-06T11:59:22.14+05:30,2729,Mutual Funds
2192375,2026-10-03T07:41:11.398+05:30,2982,Corporate Bonds
1584555,2026-10-06T11:52:13.778+05:30,2881,Corporate Bonds
2176288,2026-10-01T09:34:47.713+05:30,1292,High Yield FDs
1341509,2026-10-01T07:38:26.742+05:30,2981,Corporate Bonds
969089,2026-10-04T20:14:34.709+05:30,2881,Corporate Bonds
1736133,2026-10-03T19:54:31.244+05:30,2982,Corporate Bonds
2183221,2026-10-03T22:23:06.037+05:30,2311,Corporate Bonds
961356,2026-10-02T08:31:16.365+05:30,3027,Corporate Bonds
1118678,2026-10-02T01:37:54.699+05:30,2981,Corporate Bonds
2187154,2026-10-03T00:58:26.805+05:30,2729,Mutual Funds
2123114,2026-10-06T10:37:06.842+05:30,2769,Corporate Bonds
1839990,2026-10-02T11:23:49.324+05:30,2643,Securitized Debt Instruments
2164873,2026-10-05T01:09:02.63+05:30,3027,Corporate Bonds
779224,2026-10-01T10:21:41.401+05:30,2981,Corporate Bonds
1866204,2026-10-02T19:39:22.729+05:30,2895,Corporate Bonds
1688581,2026-10-01T15:07:10.559+05:30,2906,Corporate Bonds
1537123,2026-10-07T11:36:37.991+05:30,3044,Corporate Bonds
1558680,2026-10-02T12:24:46.525+05:30,2917,Corporate Bonds
1173613,2026-10-03T23:08:25.428+05:30,3040,Corporate Bonds
2092293,2026-10-01T19:28:24.164+05:30,2883,Corporate Bonds
892250,2026-10-07T21:43:17.193+05:30,1095,High Yield FDs
1926938,2026-10-05T08:40:33.877+05:30,2993,XCase
1490015,2026-10-03T11:18:47.539+05:30,2964,Corporate Bonds
2145855,2026-10-04T13:54:51.701+05:30,2955,Corporate Bonds
989311,2026-10-05T17:21:59.713+05:30,3040,Corporate Bonds
717780,2026-10-03T22:31:48.876+05:30,2849,Corporate Bonds
2206044,2026-10-07T07:00:56.111+05:30,2902,Corporate Bonds
1744295,2026-10-01T16:34:20.195+05:30,2955,Corporate Bonds
1096524,2026-10-07T12:44:09.933+05:30,2794,Corporate Bonds
23050,2026-10-05T12:01:40.269+05:30,2883,Corporate Bonds
1768449,2026-10-05T07:18:04.943+05:30,3027,Corporate Bonds
2227868,2026-10-03T00:16:40.231+05:30,2982,Corporate Bonds
1035911,2026-10-07T12:19:05.776+05:30,2955,Corporate Bonds
1045634,2026-10-01T01:26:50.009+05:30,2858,Corporate Bonds
2065127,2026-10-03T21:16:18.213+05:30,2902,Corporate Bonds
1612014,2026-10-04T08:32:00.305+05:30,2849,Corporate Bonds
2229093,2026-10-03T08:43:10.904+05:30,3025,Corporate Bonds
2108123,2026-10-02T21:04:14.555+05:30,2895,Corporate Bonds
2155775,2026-10-07T23:23:08.842+05:30,3044,Corporate Bonds
1004854,2026-10-01T15:57:57.386+05:30,2858,Corporate Bonds
2184535,2026-10-07T16:52:04.006+05:30,3044,Corporate Bonds
220254,2026-10-03T08:37:53.543+05:30,1873,Corporate Bonds
2198724,2026-10-04T21:12:34.299+05:30,2830,Corporate Bonds
1725954,2026-10-01T16:33:02.602+05:30,2872,Corporate Bonds
2202955,2026-10-01T08:24:59.64+05:30,2982,Corporate Bonds
2188911,2026-10-04T15:50:25.285+05:30,3040,Corporate Bonds
1872766,2026-10-01T11:08:57.077+05:30,3027,Corporate Bonds
1439400,2026-10-07T12:30:44.867+05:30,2729,Mutual Funds
2218905,2026-10-04T15:49:12.84+05:30,2964,Corporate Bonds
1084815,2026-10-06T07:42:56.476+05:30,2930,Corporate Bonds
1399280,2026-10-07T22:10:09.317+05:30,3040,Corporate Bonds
775011,2026-10-05T17:08:59.437+05:30,2955,Corporate Bonds
2119387,2026-10-04T17:12:14.772+05:30,2849,Corporate Bonds
2156873,2026-10-05T09:26:35.601+05:30,1292,High Yield FDs
2022526,2026-10-04T15:49:51.349+05:30,2868,Corporate Bonds
1209601,2026-10-02T17:43:30.285+05:30,2981,Corporate Bonds
1815111,2026-10-02T19:04:45.776+05:30,2843,Corporate Bonds
309058,2026-10-01T12:04:21.181+05:30,2982,Corporate Bonds
1198247,2026-10-02T15:03:43.416+05:30,3024,Corporate Bonds
2035504,2026-10-05T06:25:34.11+05:30,2868,Corporate Bonds
1182684,2026-10-01T12:01:01.897+05:30,3027,Corporate Bonds
2225289,2026-10-03T19:49:47.913+05:30,2982,Corporate Bonds
2182594,2026-10-05T09:19:57.809+05:30,2412,Corporate Bonds
889768,2026-10-03T01:41:28.168+05:30,2902,Corporate Bonds
945883,2026-10-06T12:35:43.261+05:30,2644,Securitized Debt Instruments
1150298,2026-10-07T17:17:36.826+05:30,3027,Corporate Bonds
1433441,2026-10-07T19:05:26.559+05:30,2826,Corporate Bonds
2225248,2026-10-07T22:35:51.017+05:30,1239,High Yield FDs
2119991,2026-10-05T17:43:52.235+05:30,2993,XCase
50225,2026-10-05T16:28:31.782+05:30,2872,Corporate Bonds
2216740,2026-10-01T09:29:39.599+05:30,2955,Corporate Bonds
2223990,2026-10-05T11:01:31.743+05:30,2955,Corporate Bonds
1461240,2026-10-03T22:37:42.672+05:30,2881,Corporate Bonds
2140866,2026-10-07T14:09:51.24+05:30,3045,Corporate Bonds
1654005,2026-10-03T14:37:25.7+05:30,2767,Corporate Bonds
2220184,2026-10-06T13:05:11.739+05:30,2955,Corporate Bonds
1908106,2026-10-06T13:00:04.737+05:30,2941,Corporate Bonds
2234561,2026-10-07T15:41:58.675+05:30,2950,Corporate Bonds
2128122,2026-10-04T16:46:55.087+05:30,1292,High Yield FDs
2228551,2026-10-02T20:30:14.347+05:30,2902,Corporate Bonds
2227777,2026-10-02T14:26:24.168+05:30,3026,Corporate Bonds
419957,2026-10-05T15:01:59.911+05:30,3027,Corporate Bonds
1043797,2026-10-02T10:38:40.694+05:30,2950,Corporate Bonds
2225031,2026-10-01T06:50:14.935+05:30,2986,Corporate Bonds
779636,2026-10-06T12:04:41.599+05:30,3027,Corporate Bonds
2103357,2026-10-04T09:07:14.931+05:30,2918,Corporate Bonds
2095810,2026-10-03T22:37:10.609+05:30,2982,Corporate Bonds
2117155,2026-10-05T15:55:11.201+05:30,2644,Securitized Debt Instruments
1567614,2026-10-01T11:53:35.417+05:30,2881,Corporate Bonds
1516733,2026-10-05T15:10:09.329+05:30,2883,Corporate Bonds
159128,2026-10-02T11:12:38.127+05:30,3040,Corporate Bonds
2074888,2026-10-07T12:59:35.286+05:30,2930,Corporate Bonds
2222576,2026-10-05T12:01:39.518+05:30,2982,Corporate Bonds
1677306,2026-10-03T16:09:19.135+05:30,2981,Corporate Bonds
2228558,2026-10-02T20:49:53.868+05:30,2982,Corporate Bonds
2161106,2026-10-07T19:27:11.943+05:30,3027,Corporate Bonds
1749483,2026-10-06T12:12:53.749+05:30,2874,Corporate Bonds
1166225,2026-10-03T11:11:27.145+05:30,1239,High Yield FDs
2080575,2026-10-04T16:13:18.984+05:30,2849,Corporate Bonds
1558182,2026-10-01T12:07:39.551+05:30,2874,Corporate Bonds
1181690,2026-10-05T14:15:49.278+05:30,3027,Corporate Bonds
2054030,2026-10-05T15:22:26.144+05:30,2887,Corporate Bonds
1767573,2026-10-03T20:54:01.745+05:30,2930,Corporate Bonds
2217848,2026-10-05T16:01:31.776+05:30,2872,Corporate Bonds
1910763,2026-10-02T20:11:47.973+05:30,2982,Corporate Bonds
2144707,2026-10-06T14:52:23.349+05:30,3040,Corporate Bonds
2233358,2026-10-07T14:18:39.455+05:30,2899,Mutual Funds
770101,2026-10-03T13:08:16.213+05:30,2981,Corporate Bonds
1786776,2026-10-02T23:22:26.969+05:30,2881,Corporate Bonds
2230767,2026-10-04T10:33:35.949+05:30,2982,Corporate Bonds
1812191,2026-10-05T09:27:39.961+05:30,2842,Corporate Bonds
2170690,2026-10-07T10:22:06.099+05:30,2981,Corporate Bonds
618487,2026-10-01T15:42:35.758+05:30,3026,Corporate Bonds
2185950,2026-10-04T09:04:26.262+05:30,2954,Corporate Bonds
353601,2026-10-05T13:07:30.741+05:30,2895,Corporate Bonds
1038861,2026-10-01T10:42:46.666+05:30,2883,Corporate Bonds
2108587,2026-10-03T12:28:06.791+05:30,2781,Corporate Bonds
1053855,2026-10-01T17:44:37.994+05:30,1239,High Yield FDs
1067260,2026-10-01T14:03:16.248+05:30,2868,Corporate Bonds
884842,2026-10-07T15:46:46.502+05:30,3045,Corporate Bonds
2114540,2026-10-05T23:09:57.891+05:30,2982,Corporate Bonds
1405608,2026-10-01T20:44:06.525+05:30,2740,Corporate Bonds
2219046,2026-10-02T17:18:31.85+05:30,2982,Corporate Bonds
1736133,2026-10-03T19:54:33.968+05:30,2982,Corporate Bonds
444024,2026-10-02T10:36:43.661+05:30,2982,Corporate Bonds
2235799,2026-10-07T08:14:53.068+05:30,2752,Corporate Bonds
2227383,2026-10-02T09:34:59.592+05:30,2918,Corporate Bonds
2201068,2026-10-07T08:56:24.918+05:30,2964,Corporate Bonds
379715,2026-10-05T12:25:03.628+05:30,2981,Corporate Bonds
1400576,2026-10-03T11:24:06.586+05:30,2981,Corporate Bonds
1552680,2026-10-03T11:26:58.229+05:30,2843,Corporate Bonds
2236180,2026-10-07T12:14:24.401+05:30,2982,Corporate Bonds
2117785,2026-10-04T17:40:22.954+05:30,2881,Corporate Bonds
150972,2026-10-02T09:16:09.294+05:30,2930,Corporate Bonds
2235316,2026-10-06T22:00:37.398+05:30,2993,XCase
739457,2026-10-04T11:16:27.208+05:30,2840,Corporate Bonds
2223313,2026-10-02T12:40:27.008+05:30,1239,High Yield FDs
353601,2026-10-05T22:48:16.918+05:30,2955,Corporate Bonds
1399280,2026-10-01T10:21:47.341+05:30,3027,Corporate Bonds
125358,2026-10-07T14:05:58.15+05:30,3027,Corporate Bonds
1719545,2026-10-07T20:27:40.641+05:30,3044,Corporate Bonds
949208,2026-10-07T13:12:28.68+05:30,2477,Corporate Bonds
84735,2026-10-07T22:13:23.813+05:30,2955,Corporate Bonds
1076850,2026-10-03T17:24:25.359+05:30,2992,Corporate Bonds
2077616,2026-10-01T07:03:20.856+05:30,2918,Corporate Bonds
1938725,2026-10-03T00:52:39.152+05:30,2981,Corporate Bonds
568523,2026-10-05T09:38:49.944+05:30,2874,Corporate Bonds
1092986,2026-10-05T18:02:45.517+05:30,2969,XCase
702131,2026-10-02T07:01:17.065+05:30,2881,Corporate Bonds
2188093,2026-10-06T00:02:05.091+05:30,2858,Corporate Bonds
859287,2026-10-01T11:12:56.672+05:30,2911,Mutual Funds
719693,2026-10-06T18:27:33.381+05:30,2906,Corporate Bonds
2171619,2026-10-05T21:22:56.707+05:30,2644,Securitized Debt Instruments
2130922,2026-10-02T11:05:03.756+05:30,2729,Mutual Funds
1287336,2026-10-02T02:37:31.635+05:30,2769,Corporate Bonds
1004528,2026-10-02T19:18:41.526+05:30,3027,Corporate Bonds
592229,2026-10-01T15:20:15.275+05:30,2643,Securitized Debt Instruments
1959368,2026-10-07T23:25:46.756+05:30,3044,Corporate Bonds
1347074,2026-10-04T11:35:29.426+05:30,2849,Corporate Bonds
2220136,2026-10-01T16:30:19.124+05:30,3027,Corporate Bonds
2074939,2026-10-07T10:30:12.484+05:30,3044,Corporate Bonds
2206276,2026-10-04T14:54:55.183+05:30,2955,Corporate Bonds
2086082,2026-10-03T10:40:41.432+05:30,2895,Corporate Bonds
2231832,2026-10-04T22:25:50.478+05:30,2895,Corporate Bonds
1921338,2026-10-07T09:18:21.767+05:30,2881,Corporate Bonds
1818634,2026-10-02T14:18:53.519+05:30,2982,Corporate Bonds
553599,2026-10-06T13:36:08.986+05:30,3027,Corporate Bonds
2115774,2026-10-01T19:02:33.673+05:30,2950,Corporate Bonds
941878,2026-10-01T23:57:18.533+05:30,2930,Corporate Bonds
1067243,2026-10-01T21:46:24.701+05:30,3027,Corporate Bonds
1396226,2026-10-01T11:57:42.689+05:30,2981,Corporate Bonds
1884342,2026-10-01T03:09:24.988+05:30,3027,Corporate Bonds
2011581,2026-10-02T08:17:49.106+05:30,3040,Corporate Bonds
1475701,2026-10-06T22:17:51.702+05:30,2895,Corporate Bonds
2228340,2026-10-02T18:14:26.563+05:30,2881,Corporate Bonds
2182553,2026-10-05T09:56:41.834+05:30,2849,Corporate Bonds
2218790,2026-10-03T12:35:00.178+05:30,2767,Corporate Bonds
2095810,2026-10-03T22:36:32.599+05:30,2982,Corporate Bonds
2235373,2026-10-07T19:40:22.726+05:30,3044,Corporate Bonds
2040152,2026-10-07T09:21:43.027+05:30,3040,Corporate Bonds
86616,2026-10-01T13:30:26.083+05:30,2849,Corporate Bonds
1171762,2026-10-06T20:33:17.396+05:30,2644,Securitized Debt Instruments
1311988,2026-10-07T20:16:05.304+05:30,2941,Corporate Bonds
1298147,2026-10-02T13:09:37.701+05:30,2881,Corporate Bonds
2235878,2026-10-07T09:07:59.712+05:30,2849,Corporate Bonds
,2026-10-06T21:12:53.032+05:30,2941,Corporate Bonds
2221803,2026-10-01T19:26:12.039+05:30,2982,Corporate Bonds
1141228,2026-10-03T07:57:21.796+05:30,1873,Corporate Bonds
787181,2026-10-04T10:25:01.929+05:30,2902,Corporate Bonds
753122,2026-10-07T16:30:29.875+05:30,2881,Corporate Bonds
2225385,2026-10-06T13:09:36.381+05:30,2930,Corporate Bonds
1043797,2026-10-02T11:02:30.977+05:30,2643,Securitized Debt Instruments
792587,2026-10-02T22:30:30.458+05:30,2849,Corporate Bonds
2198424,2026-10-07T16:40:59.912+05:30,2918,Corporate Bonds
1611291,2026-10-02T12:16:43.942+05:30,2276,Corporate Bonds
2210115,2026-10-01T08:15:24.007+05:30,2954,Corporate Bonds
1249081,2026-10-05T22:16:56.461+05:30,2909,Corporate Bonds
1609853,2026-10-05T06:48:09.409+05:30,2767,Corporate Bonds
1971034,2026-10-01T10:15:42.488+05:30,3014,Corporate Bonds
1758900,2026-10-06T11:16:31.72+05:30,2981,Corporate Bonds
2074888,2026-10-06T12:57:46.797+05:30,3027,Corporate Bonds
1609853,2026-10-05T07:10:03.562+05:30,2955,Corporate Bonds
2123114,2026-10-06T10:39:34.84+05:30,3027,Corporate Bonds
1252187,2026-10-07T11:01:35.211+05:30,2842,Corporate Bonds
1001460,2026-10-07T17:44:33.918+05:30,2964,Corporate Bonds
79082,2026-10-03T17:46:12.957+05:30,2982,Corporate Bonds
1679035,2026-10-05T15:15:06.608+05:30,3027,Corporate Bonds
2206679,2026-10-02T09:44:10.152+05:30,2300,Corporate Bonds
874904,2026-10-07T22:07:51.502+05:30,3045,Corporate Bonds
1539389,2026-10-01T23:47:11.69+05:30,2982,Corporate Bonds
831605,2026-10-04T18:28:51.54+05:30,1292,High Yield FDs
2104333,2026-10-07T21:51:16.739+05:30,3026,Corporate Bonds
2178320,2026-10-06T17:46:10.514+05:30,2982,Corporate Bonds
2096985,2026-10-01T19:33:03.442+05:30,2767,Corporate Bonds
1076008,2026-10-03T11:21:45.337+05:30,2849,Corporate Bonds
1830017,2026-10-01T12:23:46.507+05:30,2883,Corporate Bonds
838199,2026-10-01T12:06:37.621+05:30,2955,Corporate Bonds
1611365,2026-10-06T22:29:52.735+05:30,2842,Corporate Bonds
2228551,2026-10-02T20:19:47.183+05:30,2993,XCase
1789048,2026-10-03T08:18:33.742+05:30,2902,Corporate Bonds
1971033,2026-10-06T09:50:41.799+05:30,2941,Corporate Bonds
1148241,2026-10-01T01:16:57.165+05:30,2849,Corporate Bonds
2074939,2026-10-07T00:22:35.578+05:30,2849,Corporate Bonds
2227494,2026-10-02T13:07:10.064+05:30,2982,Corporate Bonds
2147089,2026-10-06T19:20:13.607+05:30,3044,Corporate Bonds
1173613,2026-10-01T18:51:51.295+05:30,3040,Corporate Bonds
1058656,2026-10-01T01:39:26.324+05:30,2855,Corporate Bonds
1240854,2026-10-01T23:43:08.248+05:30,2849,Corporate Bonds
1330738,2026-10-06T13:00:06.406+05:30,2982,Corporate Bonds
2231546,2026-10-04T21:43:55.871+05:30,2982,Corporate Bonds
736520,2026-10-05T18:31:16.952+05:30,3027,Corporate Bonds
1241716,2026-10-03T10:04:07.593+05:30,2981,Corporate Bonds
205954,2026-10-07T13:03:41.264+05:30,3000,Corporate Bonds
1330738,2026-10-06T11:46:22.193+05:30,2941,Corporate Bonds
779224,2026-10-01T10:25:32.8+05:30,2981,Corporate Bonds
498448,2026-10-07T14:29:57.584+05:30,3027,Corporate Bonds
2219271,2026-10-01T09:04:55.012+05:30,2982,Corporate Bonds
491191,2026-10-03T00:11:51.207+05:30,2982,Corporate Bonds
2231321,2026-10-04T16:50:26.785+05:30,2895,Corporate Bonds
2226145,2026-10-01T14:25:26.842+05:30,2895,Corporate Bonds
921246,2026-10-05T04:47:00.066+05:30,3027,Corporate Bonds
1530583,2026-10-04T18:25:55.652+05:30,2955,Corporate Bonds
2205241,2026-10-07T21:15:40.617+05:30,3044,Corporate Bonds
2228536,2026-10-02T21:18:13.873+05:30,2849,Corporate Bonds
2232283,2026-10-05T07:59:10.237+05:30,2767,Corporate Bonds
2134012,2026-10-04T14:58:32.372+05:30,2895,Corporate Bonds
1736133,2026-10-07T06:45:39.241+05:30,3044,Corporate Bonds
1121264,2026-10-06T13:29:04.746+05:30,2992,Corporate Bonds
645913,2026-10-01T12:01:21.891+05:30,2026,Corporate Bonds
1301099,2026-10-05T11:02:48.878+05:30,2849,Corporate Bonds
2232633,2026-10-05T12:17:40.932+05:30,2781,Corporate Bonds
315600,2026-10-07T10:55:16.236+05:30,3044,Corporate Bonds
2235244,2026-10-06T21:28:36.261+05:30,3040,Corporate Bonds
1710872,2026-10-07T13:29:18.501+05:30,3045,Corporate Bonds
1234986,2026-10-06T12:58:21.314+05:30,1095,High Yield FDs
715373,2026-10-07T20:16:13.41+05:30,3044,Corporate Bonds
1851813,2026-10-01T13:13:09.347+05:30,2881,Corporate Bonds
2141238,2026-10-01T15:12:30.927+05:30,2981,Corporate Bonds
2226726,2026-10-01T23:19:02.261+05:30,2729,Mutual Funds
899973,2026-10-03T16:40:21.754+05:30,2895,Corporate Bonds
2203126,2026-10-01T10:07:15.546+05:30,2781,Corporate Bonds
1354271,2026-10-07T10:54:41.38+05:30,3044,Corporate Bonds
1936126,2026-10-02T08:09:51.937+05:30,2981,Corporate Bonds
1014276,2026-10-01T20:52:46.013+05:30,2740,Corporate Bonds
1823524,2026-10-01T23:43:12.536+05:30,1292,High Yield FDs
809879,2026-10-07T07:51:19.068+05:30,2849,Corporate Bonds
1818634,2026-10-02T14:18:42.192+05:30,2982,Corporate Bonds
1377760,2026-10-04T22:36:59.922+05:30,3023,Corporate Bonds
1484889,2026-10-04T15:04:30.125+05:30,2986,Corporate Bonds
2229508,2026-10-06T21:30:23.21+05:30,3044,Corporate Bonds
2052505,2026-10-07T00:02:29.077+05:30,2729,Mutual Funds
2133315,2026-10-06T02:22:56.943+05:30,2431,Corporate Bonds
600909,2026-10-05T14:44:22.343+05:30,2981,Corporate Bonds
339071,2026-10-07T23:10:19.058+05:30,3045,Corporate Bonds
2236675,2026-10-07T16:59:30.657+05:30,1096,High Yield FDs
62031,2026-10-05T23:12:49.072+05:30,2872,Corporate Bonds
1529150,2026-10-06T15:54:49.924+05:30,3027,Corporate Bonds
1166571,2026-10-06T14:47:30.493+05:30,2812,Corporate Bonds
1818634,2026-10-02T14:18:59.473+05:30,2982,Corporate Bonds
2096765,2026-10-01T12:18:34.868+05:30,2981,Corporate Bonds
1970950,2026-10-03T12:07:44.533+05:30,2729,Mutual Funds
930388,2026-10-07T14:42:16.925+05:30,2955,Corporate Bonds
1885235,2026-10-07T20:34:40.912+05:30,2895,Corporate Bonds
1736133,2026-10-02T19:11:56.539+05:30,2982,Corporate Bonds
2117844,2026-10-05T17:05:56.97+05:30,2982,Corporate Bonds
664473,2026-10-06T13:34:18.597+05:30,2843,Corporate Bonds
1379171,2026-10-04T09:54:26.612+05:30,2895,Corporate Bonds
678897,2026-10-04T15:08:33.128+05:30,2849,Corporate Bonds
724966,2026-10-03T22:22:52.81+05:30,3027,Corporate Bonds
2038723,2026-10-05T18:04:22.278+05:30,2883,Corporate Bonds
576375,2026-10-05T22:54:22.055+05:30,2883,Corporate Bonds
1574275,2026-10-03T19:20:43.871+05:30,2949,Corporate Bonds
1574674,2026-10-03T17:38:38.24+05:30,2930,Corporate Bonds
2233483,2026-10-05T21:39:13.732+05:30,2941,Corporate Bonds
1277673,2026-10-03T16:26:47.24+05:30,2930,Corporate Bonds
1062210,2026-10-04T23:40:33.295+05:30,2881,Corporate Bonds
2224379,2026-10-01T11:00:33.916+05:30,2982,Corporate Bonds
2234787,2026-10-06T16:41:34.569+05:30,2881,Corporate Bonds
1755172,2026-10-02T17:14:10.864+05:30,2982,Corporate Bonds
845771,2026-10-04T21:50:35.875+05:30,2881,Corporate Bonds
1491321,2026-10-05T02:18:09.237+05:30,2908,Corporate Bonds
645913,2026-10-01T11:47:07.586+05:30,1873,Corporate Bonds
2182594,2026-10-05T09:22:07.792+05:30,2895,Corporate Bonds
2085601,2026-10-03T23:22:52.859+05:30,2873,XCase
516595,2026-10-02T13:24:57.476+05:30,2626,Corporate Bonds
1752216,2026-10-02T07:59:56.743+05:30,2433,Corporate Bonds
944871,2026-10-07T12:15:32.935+05:30,3044,Corporate Bonds
1953938,2026-10-05T18:13:42.792+05:30,2895,Corporate Bonds
2195367,2026-10-01T19:57:32.314+05:30,1685,Corporate Bonds
2209159,2026-10-07T22:09:01.41+05:30,2881,Corporate Bonds
2007167,2026-10-07T00:09:56.448+05:30,2907,Corporate Bonds
982493,2026-10-03T07:55:38.868+05:30,3027,Corporate Bonds
1621770,2026-10-07T16:01:58.63+05:30,3044,Corporate Bonds
2096985,2026-10-01T18:48:43.398+05:30,2767,Corporate Bonds
2187338,2026-10-02T12:54:25.282+05:30,2982,Corporate Bonds
1383262,2026-10-02T20:25:43.217+05:30,2849,Corporate Bonds
1652079,2026-10-03T12:32:55.458+05:30,2781,Corporate Bonds
2218905,2026-10-02T13:53:29.551+05:30,1292,High Yield FDs
2192771,2026-10-03T08:55:07.686+05:30,2930,Corporate Bonds
1131933,2026-10-01T15:29:30.287+05:30,2969,XCase
2154247,2026-10-01T10:10:01.4+05:30,1095,High Yield FDs
1829323,2026-10-01T20:53:52.413+05:30,2794,Corporate Bonds
2172200,2026-10-06T20:01:26.223+05:30,1239,High Yield FDs
1409863,2026-10-01T13:41:44.635+05:30,2887,Corporate Bonds
1902321,2026-10-07T00:51:31.415+05:30,2842,Corporate Bonds
2235728,2026-10-07T08:00:12.392+05:30,2907,Corporate Bonds
925626,2026-10-01T14:58:17.717+05:30,2849,Corporate Bonds
2208883,2026-10-06T13:04:01.668+05:30,2889,Corporate Bonds
713869,2026-10-01T11:29:08.893+05:30,2955,Corporate Bonds
1910763,2026-10-02T20:47:49.854+05:30,2982,Corporate Bonds
48948,2026-10-01T22:37:29.451+05:30,2553,Corporate Bonds
1978846,2026-10-01T21:40:24.796+05:30,2883,Corporate Bonds
2193399,2026-10-01T17:35:20.686+05:30,1292,High Yield FDs
2200283,2026-10-04T17:16:26.192+05:30,2849,Corporate Bonds
1590498,2026-10-07T11:24:52.389+05:30,3044,Corporate Bonds
97204,2026-10-01T15:25:58.52+05:30,2769,Corporate Bonds
1606016,2026-10-06T09:29:34.336+05:30,2872,Corporate Bonds
877632,2026-10-02T15:41:07.126+05:30,1239,High Yield FDs
2150457,2026-10-06T13:12:59.111+05:30,3027,Corporate Bonds
1719702,2026-10-03T05:47:34.374+05:30,2431,Corporate Bonds
1398458,2026-10-03T09:27:58.181+05:30,2895,Corporate Bonds
1574275,2026-10-03T19:02:38.415+05:30,3027,Corporate Bonds
1510278,2026-10-07T09:28:56.376+05:30,3027,Corporate Bonds
25391,2026-10-02T14:57:43.6+05:30,2794,Corporate Bonds
469941,2026-10-03T13:41:41.885+05:30,2849,Corporate Bonds
1197369,2026-10-05T09:03:24.581+05:30,2994,Corporate Bonds
2138731,2026-10-03T17:28:36.42+05:30,2981,Corporate Bonds
267596,2026-10-03T16:38:55.642+05:30,2895,Corporate Bonds
2226471,2026-10-06T19:42:46.849+05:30,3026,Corporate Bonds
2231186,2026-10-07T00:20:17.537+05:30,2982,Corporate Bonds
2156873,2026-10-03T22:41:29.371+05:30,3040,Corporate Bonds
2128013,2026-10-04T18:41:14.488+05:30,2849,Corporate Bonds
1971033,2026-10-06T09:58:35.99+05:30,2941,Corporate Bonds
2227877,2026-10-02T13:23:41.888+05:30,2902,Corporate Bonds
2232034,2026-10-07T10:15:00.246+05:30,2907,Corporate Bonds
1017179,2026-10-07T18:57:54.482+05:30,3045,Corporate Bonds
2230243,2026-10-03T22:19:51.8+05:30,1292,High Yield FDs
1500382,2026-10-02T12:32:23.003+05:30,1873,Corporate Bonds
1796085,2026-10-06T13:59:25.623+05:30,2644,Securitized Debt Instruments
1337722,2026-10-05T16:19:13.374+05:30,2843,Corporate Bonds
1415721,2026-10-02T00:47:07.649+05:30,2881,Corporate Bonds
1612014,2026-10-04T08:33:48.915+05:30,2849,Corporate Bonds
782918,2026-10-05T16:42:49.564+05:30,3026,Corporate Bonds
2223920,2026-10-01T15:33:19.679+05:30,2994,Corporate Bonds
1100622,2026-10-03T18:08:57.483+05:30,2849,Corporate Bonds
98689,2026-10-01T07:00:27.252+05:30,2781,Corporate Bonds
1507144,2026-10-01T16:31:02.013+05:30,3027,Corporate Bonds
739936,2026-10-07T09:43:56.714+05:30,3044,Corporate Bonds
2199985,2026-10-01T18:18:37.096+05:30,3014,Corporate Bonds
2192630,2026-10-04T23:27:47.994+05:30,2918,Corporate Bonds
520614,2026-10-06T06:30:00.678+05:30,2883,Corporate Bonds
2108151,2026-10-01T07:51:58.984+05:30,2880,Corporate Bonds
1396226,2026-10-01T11:57:37.966+05:30,2981,Corporate Bonds
510191,2026-10-06T07:25:10.325+05:30,1239,High Yield FDs
2074740,2026-10-04T07:50:21.923+05:30,2982,Corporate Bonds
1971444,2026-10-04T17:24:06.917+05:30,2849,Corporate Bonds
1813501,2026-10-01T10:14:54.442+05:30,2767,Corporate Bonds
1637628,2026-10-06T20:03:23.408+05:30,2907,Corporate Bonds
2220028,2026-10-07T16:52:18.301+05:30,2881,Corporate Bonds
204056,2026-10-04T20:37:54.978+05:30,1239,High Yield FDs
1998231,2026-10-02T14:05:58.739+05:30,2895,Corporate Bonds
2177302,2026-10-03T06:45:39.353+05:30,2981,Corporate Bonds
2228672,2026-10-02T21:48:30.439+05:30,2887,Corporate Bonds
2227533,2026-10-02T11:07:01.38+05:30,2982,Corporate Bonds
115504,2026-10-05T17:01:39.518+05:30,2882,Corporate Bonds
2226732,2026-10-06T13:42:17.761+05:30,2644,Securitized Debt Instruments
2230700,2026-10-04T08:41:39.402+05:30,2955,Corporate Bonds
1263550,2026-10-04T20:51:41.151+05:30,2626,Corporate Bonds
1144099,2026-10-06T20:44:36.409+05:30,2881,Corporate Bonds
1252187,2026-10-07T09:29:13.571+05:30,2964,Corporate Bonds
949058,2026-10-06T12:03:14.302+05:30,2908,Corporate Bonds
2223108,2026-10-05T05:40:45.563+05:30,2982,Corporate Bonds
331804,2026-10-07T00:18:09.705+05:30,3044,Corporate Bonds
1055614,2026-10-06T13:26:32.293+05:30,2895,Corporate Bonds
606509,2026-10-07T13:06:43.474+05:30,3044,Corporate Bonds
1470641,2026-10-02T14:04:09.835+05:30,1873,Corporate Bonds
787882,2026-10-01T06:34:49.532+05:30,3014,Corporate Bonds
2228198,2026-10-06T00:51:19.226+05:30,2982,Corporate Bonds
944593,2026-10-01T03:24:38.75+05:30,2882,Corporate Bonds
2084310,2026-10-01T09:08:36.952+05:30,2883,Corporate Bonds
2228355,2026-10-02T18:29:51.604+05:30,1292,High Yield FDs
1557051,2026-10-06T08:52:05.542+05:30,3027,Corporate Bonds
724480,2026-10-05T16:40:23.839+05:30,3040,Corporate Bonds
2223920,2026-10-02T11:42:20.149+05:30,2917,Corporate Bonds
1410235,2026-10-06T12:45:17.385+05:30,2964,Corporate Bonds
2064527,2026-10-01T00:11:09.095+05:30,2849,Corporate Bonds
1085645,2026-10-05T14:21:49.898+05:30,3027,Corporate Bonds
2133104,2026-10-02T11:16:23.393+05:30,2982,Corporate Bonds
2217848,2026-10-05T16:34:17.844+05:30,3027,Corporate Bonds
125358,2026-10-07T14:06:40.951+05:30,3027,Corporate Bonds
786145,2026-10-05T12:09:45.043+05:30,2881,Corporate Bonds
454963,2026-10-07T07:44:28.923+05:30,3027,Corporate Bonds
804223,2026-10-04T14:17:37.778+05:30,2849,Corporate Bonds
2186390,2026-10-05T10:40:33.365+05:30,2982,Corporate Bonds
817301,2026-10-01T15:37:59.814+05:30,2881,Corporate Bonds
2115911,2026-10-05T08:43:25.549+05:30,2855,Corporate Bonds
963666,2026-10-04T02:21:10.831+05:30,3027,Corporate Bonds
2083304,2026-10-06T17:05:09.649+05:30,3027,Corporate Bonds
1574531,2026-10-01T20:20:01.341+05:30,2955,Corporate Bonds
1835929,2026-10-01T23:38:33.706+05:30,2981,Corporate Bonds
791062,2026-10-07T18:55:25.547+05:30,2895,Corporate Bonds
2225599,2026-10-04T18:06:10.74+05:30,2982,Corporate Bonds
2200970,2026-10-01T18:47:58.79+05:30,2902,Corporate Bonds
1166187,2026-10-04T11:07:20.313+05:30,2957,Corporate Bonds
2014915,2026-10-02T18:38:55.027+05:30,2880,Corporate Bonds
1556515,2026-10-03T03:04:00.366+05:30,2879,Corporate Bonds
1060239,2026-10-02T09:19:58.101+05:30,2879,Corporate Bonds
734404,2026-10-05T20:30:26.274+05:30,2941,Corporate Bonds
1002787,2026-10-01T16:01:17.802+05:30,3027,Corporate Bonds
1114693,2026-10-01T21:57:50.679+05:30,2900,Corporate Bonds
875946,2026-10-01T15:23:28.325+05:30,2794,Corporate Bonds
1908891,2026-10-01T11:06:12.111+05:30,2849,Corporate Bonds
2227737,2026-10-02T12:39:49.354+05:30,2781,Corporate Bonds
793459,2026-10-01T15:35:18.546+05:30,2955,Corporate Bonds
997744,2026-10-01T11:31:39.686+05:30,2982,Corporate Bonds
1518766,2026-10-01T21:15:08.225+05:30,2982,Corporate Bonds
1001804,2026-10-01T12:01:31.424+05:30,3040,Corporate Bonds
1592262,2026-10-02T22:24:00.065+05:30,2757,Corporate Bonds
1884304,2026-10-02T10:59:38.462+05:30,2964,Corporate Bonds
1774713,2026-10-05T21:14:11.353+05:30,2906,Corporate Bonds
1810816,2026-10-03T17:06:56.128+05:30,2955,Corporate Bonds
2013016,2026-10-05T13:59:36.859+05:30,2941,Corporate Bonds
1736133,2026-10-03T19:54:33.61+05:30,2982,Corporate Bonds
1611365,2026-10-07T11:17:10.323+05:30,2930,Corporate Bonds
2227251,2026-10-02T07:52:04.804+05:30,2643,Securitized Debt Instruments
643094,2026-10-01T11:11:15.677+05:30,3027,Corporate Bonds
1943849,2026-10-04T20:16:37.855+05:30,2874,Corporate Bonds
1187535,2026-10-01T09:38:07.01+05:30,2643,Securitized Debt Instruments
2229634,2026-10-03T19:01:17.718+05:30,2982,Corporate Bonds
2197394,2026-10-02T20:11:45.738+05:30,2849,Corporate Bonds
2006400,2026-10-03T08:01:48.591+05:30,2981,Corporate Bonds
1767573,2026-10-03T11:44:43.788+05:30,2895,Corporate Bonds
2145013,2026-10-01T12:03:18.566+05:30,2843,Corporate Bonds
713869,2026-10-01T11:29:06.338+05:30,2955,Corporate Bonds
1277673,2026-10-02T21:49:31.15+05:30,2902,Corporate Bonds
2110656,2026-10-03T18:00:00.048+05:30,3026,Corporate Bonds
17515,2026-10-01T11:14:44.566+05:30,2883,Corporate Bonds
1641319,2026-10-02T09:25:05.622+05:30,2981,Corporate Bonds
874258,2026-10-01T09:19:12.429+05:30,2872,Corporate Bonds
874904,2026-10-03T23:10:20.153+05:30,2412,Corporate Bonds
2199744,2026-10-04T08:03:16.29+05:30,2849,Corporate Bonds
1931150,2026-10-01T13:39:17.07+05:30,2794,Corporate Bonds
1558800,2026-10-05T17:26:56.769+05:30,2900,Corporate Bonds
769544,2026-10-07T22:41:41.963+05:30,2335,Corporate Bonds
2225385,2026-10-06T13:14:46.758+05:30,2930,Corporate Bonds
2193399,2026-10-05T11:05:06.796+05:30,1239,High Yield FDs
2062616,2026-10-04T20:38:12.887+05:30,2880,Corporate Bonds
1330738,2026-10-07T12:39:43.778+05:30,3044,Corporate Bonds
2233822,2026-10-06T02:02:33.328+05:30,2941,Corporate Bonds
489173,2026-10-06T12:42:46.76+05:30,3027,Corporate Bonds
255167,2026-10-01T14:07:10.62+05:30,2955,Corporate Bonds
1679040,2026-10-02T09:57:58.295+05:30,2917,Corporate Bonds
2181472,2026-10-06T16:27:35.545+05:30,2895,Corporate Bonds
724966,2026-10-03T21:43:55.303+05:30,2955,Corporate Bonds
2227966,2026-10-04T10:57:51.672+05:30,1239,High Yield FDs
970477,2026-10-04T11:20:49.395+05:30,2849,Corporate Bonds
2228151,2026-10-02T16:13:29.971+05:30,2849,Corporate Bonds
1736133,2026-10-03T19:54:31.159+05:30,2982,Corporate Bonds
2194535,2026-10-06T13:19:12.053+05:30,2902,Corporate Bonds
2225284,2026-10-02T13:04:08.739+05:30,3027,Corporate Bonds
2134756,2026-10-07T17:31:34.933+05:30,3044,Corporate Bonds
961356,2026-10-03T07:22:30.414+05:30,2769,Corporate Bonds
1752605,2026-10-01T13:05:57.924+05:30,2982,Corporate Bonds
2038723,2026-10-05T17:56:27.997+05:30,2849,Corporate Bonds
1827212,2026-10-07T18:05:49.733+05:30,3040,Corporate Bonds
723817,2026-10-01T13:43:38.41+05:30,2847,Corporate Bonds
2130951,2026-10-06T11:55:33.946+05:30,2981,Corporate Bonds
2210351,2026-10-02T10:38:18.42+05:30,2433,Corporate Bonds
1017179,2026-10-07T22:57:13.595+05:30,2574,Corporate Bonds
2227842,2026-10-05T12:42:03.346+05:30,2849,Corporate Bonds
958915,2026-10-03T13:36:48.332+05:30,1239,High Yield FDs
2230243,2026-10-03T22:57:33.923+05:30,1292,High Yield FDs
465763,2026-10-06T16:33:38.613+05:30,3040,Corporate Bonds
1207534,2026-10-05T12:40:08.033+05:30,3027,Corporate Bonds
832029,2026-10-02T20:08:30.567+05:30,2902,Corporate Bonds
1655409,2026-10-03T12:40:36.438+05:30,3027,Corporate Bonds
1269107,2026-10-01T11:26:31.437+05:30,3027,Corporate Bonds
1265647,2026-10-05T07:19:14.142+05:30,2964,Corporate Bonds
1868546,2026-10-05T20:56:01.391+05:30,2881,Corporate Bonds
1170441,2026-10-05T17:34:12.48+05:30,2842,Corporate Bonds
2219575,2026-10-06T10:02:04.599+05:30,2881,Corporate Bonds
1407107,2026-10-07T14:32:32.868+05:30,2849,Corporate Bonds
2208883,2026-10-06T13:04:28.245+05:30,2889,Corporate Bonds
370865,2026-10-01T11:08:33.519+05:30,2981,Corporate Bonds
1574275,2026-10-03T19:04:57.533+05:30,2969,XCase
1493679,2026-10-06T07:24:42.456+05:30,3027,Corporate Bonds
1948145,2026-10-01T11:34:31.935+05:30,3027,Corporate Bonds
1205781,2026-10-07T13:19:31.166+05:30,2855,Corporate Bonds
1376591,2026-10-02T05:40:01.446+05:30,2842,Corporate Bonds
2221452,2026-10-01T18:38:55.449+05:30,2553,Corporate Bonds
2225869,2026-10-01T11:49:54.735+05:30,2941,Corporate Bonds
1150115,2026-10-07T07:09:55.363+05:30,2774,Corporate Bonds
2145924,2026-10-05T18:23:35.916+05:30,2849,Corporate Bonds
2184928,2026-10-05T10:58:42.618+05:30,2864,Corporate Bonds
2233568,2026-10-06T09:54:24.654+05:30,2906,Corporate Bonds
2235132,2026-10-06T20:26:06.061+05:30,2902,Corporate Bonds
1817837,2026-10-05T16:38:56.826+05:30,2872,Corporate Bonds
2231186,2026-10-05T14:00:54.335+05:30,3027,Corporate Bonds
2118895,2026-10-04T09:56:15.407+05:30,2843,Corporate Bonds
663559,2026-10-06T10:58:49.613+05:30,2794,Corporate Bonds
2190102,2026-10-04T12:27:30.876+05:30,2964,Corporate Bonds
821401,2026-10-06T15:01:13.104+05:30,2969,XCase
2194417,2026-10-02T12:29:54.189+05:30,2981,Corporate Bonds
2220951,2026-10-05T13:41:49.31+05:30,2982,Corporate Bonds
2218526,2026-10-04T08:29:38.724+05:30,2906,Corporate Bonds
2186575,2026-10-07T01:05:00.807+05:30,2982,Corporate Bonds
794859,2026-10-04T20:20:16.092+05:30,2849,Corporate Bonds
1330944,2026-10-03T15:54:47.612+05:30,2982,Corporate Bonds
879365,2026-10-05T10:02:58.733+05:30,2874,Corporate Bonds
643094,2026-10-01T11:11:16.355+05:30,3027,Corporate Bonds
2068671,2026-10-04T08:14:36.752+05:30,2729,Mutual Funds
1496555,2026-10-07T21:49:50.265+05:30,3027,Corporate Bonds
274479,2026-10-06T14:57:18.045+05:30,2842,Corporate Bonds
1405608,2026-10-01T20:43:09.646+05:30,2740,Corporate Bonds
719641,2026-10-01T16:37:01.821+05:30,2781,Corporate Bonds
2234666,2026-10-06T15:01:59.586+05:30,2881,Corporate Bonds
1148241,2026-10-06T00:09:55.294+05:30,3040,Corporate Bonds
1450388,2026-10-03T21:06:12.518+05:30,2874,Corporate Bonds
1039595,2026-10-03T23:04:07.616+05:30,2781,Corporate Bonds
982739,2026-10-01T17:54:48.425+05:30,2858,Corporate Bonds
2232425,2026-10-05T15:21:39.999+05:30,2982,Corporate Bonds
2064257,2026-10-01T14:21:06.083+05:30,2847,Corporate Bonds
1063497,2026-10-01T14:08:05.609+05:30,2643,Securitized Debt Instruments
770842,2026-10-02T17:01:37.024+05:30,2981,Corporate Bonds
2015907,2026-10-02T12:19:38.223+05:30,3027,Corporate Bonds
1633898,2026-10-04T19:33:43.552+05:30,1239,High Yield FDs
2174563,2026-10-01T12:47:59.033+05:30,1239,High Yield FDs
473639,2026-10-05T12:20:19.692+05:30,2881,Corporate Bonds
892722,2026-10-04T22:35:53.761+05:30,2955,Corporate Bonds
893985,2026-10-05T14:01:26.862+05:30,2902,Corporate Bonds
1066037,2026-10-03T18:30:13.238+05:30,2887,Corporate Bonds
127524,2026-10-05T16:54:13.563+05:30,2883,Corporate Bonds
2236249,2026-10-07T16:37:56.653+05:30,2941,Corporate Bonds
1465062,2026-10-02T13:39:31.175+05:30,2902,Corporate Bonds
1679040,2026-10-02T09:59:52.842+05:30,3023,Corporate Bonds
591215,2026-10-05T11:41:09.684+05:30,3024,Corporate Bonds
1862617,2026-10-05T22:19:25.316+05:30,3040,Corporate Bonds
1825453,2026-10-03T20:02:33.372+05:30,3027,Corporate Bonds
370865,2026-10-01T11:24:14.155+05:30,2879,Corporate Bonds
2041515,2026-10-07T15:27:08.497+05:30,3045,Corporate Bonds
237302,2026-10-01T22:03:23.561+05:30,2594,Corporate Bonds
667373,2026-10-03T16:33:49.376+05:30,2917,Corporate Bonds
2231850,2026-10-07T09:26:40.618+05:30,2955,Corporate Bonds
2100912,2026-10-07T20:21:16.131+05:30,3044,Corporate Bonds
2234315,2026-10-06T11:43:09.279+05:30,2881,Corporate Bonds
1962563,2026-10-07T13:55:59.999+05:30,2477,Corporate Bonds
2225385,2026-10-06T13:24:26.548+05:30,2941,Corporate Bonds
1066037,2026-10-03T20:46:14.514+05:30,2909,Corporate Bonds
540506,2026-10-01T13:09:31.058+05:30,2767,Corporate Bonds
2223576,2026-10-01T11:35:08.656+05:30,2930,Corporate Bonds
317441,2026-10-01T15:32:00.488+05:30,2895,Corporate Bonds
2111410,2026-10-01T18:23:17.417+05:30,2874,Corporate Bonds
2172200,2026-10-05T19:35:18.294+05:30,1292,High Yield FDs
2224228,2026-10-02T14:50:57.646+05:30,2931,Corporate Bonds
2225869,2026-10-01T11:49:57.514+05:30,2941,Corporate Bonds
2191552,2026-10-02T14:09:41.407+05:30,1292,High Yield FDs
1637088,2026-10-04T12:24:27.023+05:30,3027,Corporate Bonds
2119470,2026-10-07T13:34:06.864+05:30,3044,Corporate Bonds
2201730,2026-10-03T19:32:28.605+05:30,2752,Corporate Bonds
1264353,2026-10-05T00:22:32.422+05:30,3027,Corporate Bonds
1280703,2026-10-06T09:20:04.235+05:30,3027,Corporate Bonds
1163540,2026-10-06T01:18:50.61+05:30,2930,Corporate Bonds
1887604,2026-10-01T22:05:42.225+05:30,2981,Corporate Bonds
196996,2026-10-04T23:08:17.552+05:30,3027,Corporate Bonds
1713559,2026-10-05T09:32:40.098+05:30,3040,Corporate Bonds
1693047,2026-10-02T16:26:51.263+05:30,2794,Corporate Bonds
2176575,2026-10-06T14:27:42.254+05:30,2982,Corporate Bonds
774356,2026-10-01T12:28:56.523+05:30,2849,Corporate Bonds
1703603,2026-10-07T18:35:48.262+05:30,3044,Corporate Bonds
1061854,2026-10-01T11:16:00.935+05:30,2873,XCase
2227383,2026-10-02T09:55:07.661+05:30,2881,Corporate Bonds
2170133,2026-10-04T17:21:21.18+05:30,1239,High Yield FDs
1680002,2026-10-05T14:00:47.223+05:30,2883,Corporate Bonds
245878,2026-10-01T11:07:11.52+05:30,2767,Corporate Bonds
1815308,2026-10-02T23:35:56.155+05:30,2955,Corporate Bonds
874904,2026-10-03T17:46:51.355+05:30,2626,Corporate Bonds
1820764,2026-10-03T22:37:26.361+05:30,2964,Corporate Bonds
2234211,2026-10-07T11:22:19.978+05:30,2906,Corporate Bonds
2225065,2026-10-03T13:10:20.142+05:30,2874,Corporate Bonds
1148241,2026-10-06T00:08:23.211+05:30,3040,Corporate Bonds
1399280,2026-10-01T12:46:41.034+05:30,3027,Corporate Bonds
1173613,2026-10-01T17:22:57.596+05:30,2858,Corporate Bonds
465763,2026-10-07T12:32:02.849+05:30,3040,Corporate Bonds
1104447,2026-10-05T14:48:07.456+05:30,2794,Corporate Bonds
1909464,2026-10-01T19:33:13.586+05:30,2849,Corporate Bonds
743736,2026-10-05T21:25:50.103+05:30,3040,Corporate Bonds
1739736,2026-10-06T14:48:22.683+05:30,2883,Corporate Bonds
2229322,2026-10-03T12:56:13.454+05:30,3034,Corporate Bonds
740810,2026-10-07T10:44:48.38+05:30,2629,Corporate Bonds
998745,2026-10-02T17:47:07.993+05:30,3040,Corporate Bonds
859207,2026-10-07T22:22:50.423+05:30,1292,High Yield FDs
2185087,2026-10-06T16:54:17.961+05:30,3027,Corporate Bonds
2225065,2026-10-07T11:06:06.869+05:30,2855,Corporate Bonds
1500382,2026-10-02T17:41:27.492+05:30,1873,Corporate Bonds
1955467,2026-10-07T17:01:31.545+05:30,3045,Corporate Bonds
2160128,2026-10-06T11:57:27.89+05:30,2729,Mutual Funds
1358222,2026-10-01T10:33:11.645+05:30,3014,Corporate Bonds
1077175,2026-10-03T22:08:05.466+05:30,3027,Corporate Bonds
191714,2026-10-02T19:13:23.781+05:30,2982,Corporate Bonds
1518211,2026-10-03T19:53:02.712+05:30,2626,Corporate Bonds
803355,2026-10-03T12:44:49.796+05:30,2918,Corporate Bonds
1039595,2026-10-03T22:51:08.236+05:30,2849,Corporate Bonds
1092062,2026-10-03T09:25:39.91+05:30,2992,Corporate Bonds
862671,2026-10-04T01:16:23.771+05:30,2918,Corporate Bonds
1805401,2026-10-06T10:03:28.43+05:30,2955,Corporate Bonds
1358222,2026-10-01T10:36:32.726+05:30,3014,Corporate Bonds
1934724,2026-10-05T14:43:14.332+05:30,2431,Corporate Bonds
370865,2026-10-01T11:29:37.679+05:30,2881,Corporate Bonds
2110656,2026-10-03T18:00:36.491+05:30,3026,Corporate Bonds
1173460,2026-10-03T05:11:38.411+05:30,3027,Corporate Bonds
2148102,2026-10-06T11:33:59.686+05:30,1292,High Yield FDs
2161622,2026-10-05T10:06:04.845+05:30,2849,Corporate Bonds
1987899,2026-10-07T07:11:32.203+05:30,3044,Corporate Bonds
353601,2026-10-05T14:38:04.425+05:30,2895,Corporate Bonds
777700,2026-10-01T11:18:25.333+05:30,2883,Corporate Bonds
425084,2026-10-01T19:40:27.711+05:30,3027,Corporate Bonds
939372,2026-10-04T22:58:31.074+05:30,3027,Corporate Bonds
769503,2026-10-04T12:38:09.555+05:30,2993,XCase
2201068,2026-10-06T12:18:34.568+05:30,2412,Corporate Bonds
2083565,2026-10-01T11:50:37.656+05:30,3014,Corporate Bonds
2193786,2026-10-05T16:44:46.45+05:30,2941,Corporate Bonds
819805,2026-10-05T17:01:20.575+05:30,3040,Corporate Bonds
979156,2026-10-02T10:50:47.505+05:30,2794,Corporate Bonds
1561418,2026-10-02T23:25:07.626+05:30,2729,Mutual Funds
2205241,2026-10-02T22:25:49.673+05:30,2757,Corporate Bonds
2000537,2026-10-05T13:41:36.049+05:30,2957,Corporate Bonds
2145013,2026-10-01T12:03:14.473+05:30,2843,Corporate Bonds
1062210,2026-10-04T23:36:10.664+05:30,2412,Corporate Bonds
2178688,2026-10-03T10:36:51.846+05:30,2849,Corporate Bonds
1891345,2026-10-02T10:36:38.79+05:30,3026,Corporate Bonds
1908486,2026-10-01T23:31:14.689+05:30,2981,Corporate Bonds
2128122,2026-10-04T17:07:17.975+05:30,1292,High Yield FDs
2221932,2026-10-03T15:13:41.14+05:30,2982,Corporate Bonds
1679054,2026-10-02T01:23:18.212+05:30,2626,Corporate Bonds
196996,2026-10-04T23:07:49.989+05:30,3027,Corporate Bonds
1613578,2026-10-03T16:35:32.328+05:30,2982,Corporate Bonds
280065,2026-10-01T10:59:01.341+05:30,2981,Corporate Bonds
2236340,2026-10-07T17:42:09.929+05:30,3027,Corporate Bonds
2226424,2026-10-03T20:54:27.972+05:30,2769,Corporate Bonds
1094567,2026-10-06T11:15:53.067+05:30,2917,Corporate Bonds
1261171,2026-10-02T17:25:00.021+05:30,2895,Corporate Bonds
2074143,2026-10-07T17:27:14.078+05:30,3045,Corporate Bonds
1499812,2026-10-03T17:27:23.931+05:30,3027,Corporate Bonds
2195717,2026-10-01T10:09:11.665+05:30,3027,Corporate Bonds
2220781,2026-10-01T18:51:49.977+05:30,1095,High Yield FDs
2095901,2026-10-06T14:56:15.381+05:30,2881,Corporate Bonds
2219271,2026-10-03T15:09:28.496+05:30,2954,Corporate Bonds
2221874,2026-10-06T12:31:07.89+05:30,2982,Corporate Bonds
2121433,2026-10-05T19:43:26.627+05:30,2981,Corporate Bonds
1553953,2026-10-01T11:10:47.961+05:30,3027,Corporate Bonds
548460,2026-10-03T13:33:34.137+05:30,2626,Corporate Bonds
1334667,2026-10-06T10:32:54.8+05:30,2964,Corporate Bonds
1114557,2026-10-03T19:29:00.312+05:30,2794,Corporate Bonds
2021781,2026-10-04T22:49:13.755+05:30,3027,Corporate Bonds
1053855,2026-10-01T12:11:35.308+05:30,2881,Corporate Bonds
1330738,2026-10-06T11:58:55.662+05:30,2982,Corporate Bonds
2223447,2026-10-04T08:08:29.938+05:30,2881,Corporate Bonds
2204137,2026-10-01T12:42:32.464+05:30,3027,Corporate Bonds
1597838,2026-10-06T14:33:03.672+05:30,2729,Mutual Funds
2067387,2026-10-04T18:02:47.551+05:30,2931,Corporate Bonds
2041515,2026-10-05T11:59:56.836+05:30,2883,Corporate Bonds
1205735,2026-10-02T17:00:04.532+05:30,3027,Corporate Bonds
1111369,2026-10-06T00:19:46.478+05:30,3027,Corporate Bonds
272634,2026-10-05T14:25:59.487+05:30,3027,Corporate Bonds
2231695,2026-10-06T21:28:13.467+05:30,2907,Corporate Bonds
1710872,2026-10-07T20:31:55.414+05:30,3045,Corporate Bonds
839782,2026-10-02T19:48:54.092+05:30,2955,Corporate Bonds
1843081,2026-10-01T03:32:55.206+05:30,3027,Corporate Bonds
889706,2026-10-02T22:37:31.041+05:30,2812,Corporate Bonds
2067384,2026-10-05T13:24:13.122+05:30,2830,Corporate Bonds
2143595,2026-10-06T07:22:02.967+05:30,2955,Corporate Bonds
1934748,2026-10-06T18:46:43.916+05:30,2895,Corporate Bonds
2225917,2026-10-04T09:29:51.188+05:30,2982,Corporate Bonds
1715596,2026-10-01T09:13:38.267+05:30,2883,Corporate Bonds
1329320,2026-10-04T08:42:11.008+05:30,2902,Corporate Bonds
864626,2026-10-03T10:06:57.847+05:30,3027,Corporate Bonds
1843954,2026-10-03T18:25:00.353+05:30,2918,Corporate Bonds
1516733,2026-10-04T08:10:41.225+05:30,3040,Corporate Bonds
460738,2026-10-06T13:19:45.695+05:30,2842,Corporate Bonds
1152191,2026-10-06T08:51:01.849+05:30,2881,Corporate Bonds
2234081,2026-10-06T18:48:26.433+05:30,3026,Corporate Bonds
1022826,2026-10-01T17:43:24.46+05:30,2813,Corporate Bonds
1574340,2026-10-04T09:29:18.795+05:30,3040,Corporate Bonds
2133315,2026-10-01T11:55:07.268+05:30,1239,High Yield FDs
1790663,2026-10-01T15:16:35.118+05:30,2881,Corporate Bonds
1836578,2026-10-04T22:56:57.858+05:30,2930,Corporate Bonds
2132268,2026-10-06T01:38:02.157+05:30,2930,Corporate Bonds
1980242,2026-10-03T09:53:19.298+05:30,2964,Corporate Bonds
1239850,2026-10-04T20:35:26.096+05:30,2874,Corporate Bonds
1584555,2026-10-06T14:19:16.878+05:30,2881,Corporate Bonds
2191286,2026-10-05T15:05:48.183+05:30,2794,Corporate Bonds
61321,2026-10-01T08:03:21.981+05:30,2982,Corporate Bonds
1405981,2026-10-01T11:37:20.98+05:30,2849,Corporate Bonds
2207555,2026-10-05T11:03:34.863+05:30,2412,Corporate Bonds
2205241,2026-10-02T22:39:40.687+05:30,2938,Corporate Bonds
2229169,2026-10-03T09:41:54.204+05:30,2992,Corporate Bonds
2035504,2026-10-05T23:35:51.659+05:30,2964,Corporate Bonds
2235373,2026-10-06T22:29:17.285+05:30,2955,Corporate Bonds
1265647,2026-10-04T17:15:47.27+05:30,2930,Corporate Bonds
2227587,2026-10-03T08:40:06.438+05:30,2881,Corporate Bonds
803151,2026-10-03T15:01:40.67+05:30,2875,Corporate Bonds
746101,2026-10-04T19:11:17.202+05:30,2902,Corporate Bonds
1621770,2026-10-07T16:02:46.045+05:30,3044,Corporate Bonds
1362732,2026-10-04T17:09:25.76+05:30,2955,Corporate Bonds
2227860,2026-10-02T13:24:19.084+05:30,2982,Corporate Bonds
2061768,2026-10-02T04:48:45.882+05:30,2881,Corporate Bonds
2150865,2026-10-01T19:17:55.203+05:30,2881,Corporate Bonds
477737,2026-10-05T08:44:29.418+05:30,3027,Corporate Bonds
1885235,2026-10-07T20:42:58.918+05:30,2808,Corporate Bonds
747991,2026-10-01T18:07:05.985+05:30,3027,Corporate Bonds
1790423,2026-10-05T08:46:42.152+05:30,2767,Corporate Bonds
1077175,2026-10-01T20:34:43.856+05:30,3027,Corporate Bonds
1399382,2026-10-07T23:39:16.289+05:30,3044,Corporate Bonds
2228536,2026-10-02T23:35:27.427+05:30,2781,Corporate Bonds
1673126,2026-10-02T20:34:48.866+05:30,2964,Corporate Bonds
370865,2026-10-01T11:20:33.767+05:30,2883,Corporate Bonds
709996,2026-10-05T11:12:29.632+05:30,3026,Corporate Bonds
1337706,2026-10-05T15:43:29.654+05:30,2767,Corporate Bonds
1888539,2026-10-01T18:20:04.581+05:30,2767,Corporate Bonds
2096567,2026-10-05T12:42:56.152+05:30,2883,Corporate Bonds
978859,2026-10-02T02:22:19.381+05:30,2882,Corporate Bonds
683687,2026-10-01T07:18:53.827+05:30,3027,Corporate Bonds
2209188,2026-10-01T22:20:09.008+05:30,2757,Corporate Bonds
2031924,2026-10-05T06:40:35.281+05:30,2849,Corporate Bonds
2022952,2026-10-04T22:44:43.906+05:30,2908,Corporate Bonds
1872766,2026-10-03T08:18:17.685+05:30,2955,Corporate Bonds
2172200,2026-10-06T19:33:21.482+05:30,1292,High Yield FDs
2041392,2026-10-06T12:41:12.698+05:30,2982,Corporate Bonds
2232364,2026-10-05T13:24:39.822+05:30,2781,Corporate Bonds
747037,2026-10-06T19:43:45.697+05:30,2100,Corporate Bonds
1736133,2026-10-02T19:11:58.775+05:30,2982,Corporate Bonds
875946,2026-10-01T15:10:37.268+05:30,2902,Corporate Bonds
1377897,2026-10-05T14:59:51.357+05:30,2964,Corporate Bonds
2232633,2026-10-05T12:16:34.533+05:30,2941,Corporate Bonds
2013974,2026-10-01T22:58:37.47+05:30,2982,Corporate Bonds
2194705,2026-10-03T10:51:13.97+05:30,2840,Corporate Bonds
2231409,2026-10-05T10:45:02.35+05:30,2982,Corporate Bonds
2220085,2026-10-04T21:03:42.114+05:30,2930,Corporate Bonds
2134775,2026-10-02T09:42:41.748+05:30,1873,Corporate Bonds
2230922,2026-10-06T16:53:49.013+05:30,2830,Corporate Bonds
568523,2026-10-01T12:29:07.273+05:30,2906,Corporate Bonds
1490744,2026-10-06T17:30:06.645+05:30,3027,Corporate Bonds
1051159,2026-10-01T23:49:23.167+05:30,2412,Corporate Bonds
460624,2026-10-07T18:35:48.427+05:30,2955,Corporate Bonds
2102167,2026-10-07T13:31:19.753+05:30,3045,Corporate Bonds
237794,2026-10-03T17:21:27.162+05:30,2849,Corporate Bonds
821401,2026-10-06T15:09:50.558+05:30,2981,Corporate Bonds
1434075,2026-10-02T11:48:20.659+05:30,2899,Mutual Funds
864501,2026-10-02T10:30:30.99+05:30,2849,Corporate Bonds
1497525,2026-10-02T14:09:32.521+05:30,2849,Corporate Bonds
1699203,2026-10-06T14:52:49.831+05:30,3011,Corporate Bonds
2199009,2026-10-05T17:54:17.429+05:30,2883,Corporate Bonds
1664321,2026-10-04T00:14:01.796+05:30,2849,Corporate Bonds
2213385,2026-10-03T13:21:52.327+05:30,1239,High Yield FDs
837449,2026-10-02T11:18:06.446+05:30,2981,Corporate Bonds
1198247,2026-10-02T15:03:51.392+05:30,3024,Corporate Bonds
2165971,2026-10-07T01:23:26.349+05:30,3027,Corporate Bonds
1549255,2026-10-04T12:46:06.729+05:30,2412,Corporate Bonds
1939524,2026-10-01T15:00:17.555+05:30,2982,Corporate Bonds
2204137,2026-10-01T10:39:51.306+05:30,2873,XCase
1083630,2026-10-01T09:02:20.136+05:30,3014,Corporate Bonds
1445380,2026-10-04T01:59:25.656+05:30,2849,Corporate Bonds
274479,2026-10-06T15:07:38.591+05:30,2644,Securitized Debt Instruments
18661,2026-10-05T21:06:57.993+05:30,2981,Corporate Bonds
2200893,2026-10-07T16:15:14.393+05:30,3045,Corporate Bonds
2162350,2026-10-02T22:03:50.939+05:30,2982,Corporate Bonds
2192718,2026-10-03T18:24:12.417+05:30,2843,Corporate Bonds
944839,2026-10-07T19:35:51.325+05:30,3040,Corporate Bonds
1973073,2026-10-03T13:18:26.113+05:30,1239,High Yield FDs
1203993,2026-10-05T23:26:47.437+05:30,3027,Corporate Bonds
1042058,2026-10-05T14:07:10.705+05:30,2883,Corporate Bonds
731578,2026-10-03T21:48:44.139+05:30,2875,Corporate Bonds
1690581,2026-10-02T10:15:08.158+05:30,2981,Corporate Bonds
538382,2026-10-06T19:42:25.438+05:30,2644,Securitized Debt Instruments
315936,2026-10-05T12:54:51.58+05:30,2412,Corporate Bonds
1933494,2026-10-01T19:35:23.482+05:30,2250,Corporate Bonds
889531,2026-10-05T15:42:38.287+05:30,3027,Corporate Bonds
2180022,2026-10-07T17:42:55.639+05:30,3040,Corporate Bonds
1679054,2026-10-01T00:01:23.379+05:30,2626,Corporate Bonds
2148995,2026-10-05T12:16:20.459+05:30,3027,Corporate Bonds
1069335,2026-10-06T16:37:12.402+05:30,2930,Corporate Bonds
1750011,2026-10-04T15:47:10.437+05:30,2982,Corporate Bonds
1940292,2026-10-03T19:59:09.833+05:30,2863,Corporate Bonds
1174010,2026-10-03T17:55:29.759+05:30,3027,Corporate Bonds
887784,2026-10-07T14:26:50.593+05:30,3044,Corporate Bonds
460738,2026-10-06T13:21:28.833+05:30,2842,Corporate Bonds
961169,2026-10-01T14:45:59.852+05:30,2955,Corporate Bonds
2228040,2026-10-02T16:58:23.966+05:30,2895,Corporate Bonds
473639,2026-10-03T10:57:16.543+05:30,2881,Corporate Bonds
2077616,2026-10-01T14:19:58.603+05:30,2982,Corporate Bonds
346877,2026-10-07T20:15:24.437+05:30,3044,Corporate Bonds
1234986,2026-10-06T12:37:43.368+05:30,1095,High Yield FDs
1584555,2026-10-06T14:28:19.228+05:30,2881,Corporate Bonds
2034118,2026-10-03T16:06:16.584+05:30,2955,Corporate Bonds
1160222,2026-10-06T17:16:38.541+05:30,1239,High Yield FDs
954912,2026-10-07T20:02:01.329+05:30,2849,Corporate Bonds
187941,2026-10-07T20:21:45.431+05:30,3045,Corporate Bonds
2236241,2026-10-07T13:04:18.82+05:30,3044,Corporate Bonds
2165073,2026-10-07T10:11:29.05+05:30,2895,Corporate Bonds
2189648,2026-10-02T14:01:47.273+05:30,2982,Corporate Bonds
856089,2026-10-01T13:20:01.727+05:30,2881,Corporate Bonds
805083,2026-10-05T19:44:24.053+05:30,1292,High Yield FDs
1100444,2026-10-07T08:11:53.264+05:30,2992,Corporate Bonds
1515411,2026-10-06T22:18:18.109+05:30,3027,Corporate Bonds
2060365,2026-10-06T10:15:38.459+05:30,2729,Mutual Funds
370865,2026-10-01T11:21:28.09+05:30,2849,Corporate Bonds
1173049,2026-10-02T09:11:02.73+05:30,3040,Corporate Bonds
29712,2026-10-01T13:27:52.576+05:30,2883,Corporate Bonds
43316,2026-10-07T18:19:27.592+05:30,3044,Corporate Bonds
1987245,2026-10-03T23:59:47.526+05:30,2930,Corporate Bonds
925626,2026-10-01T14:58:18.8+05:30,2849,Corporate Bonds
2188856,2026-10-04T08:31:38.175+05:30,2930,Corporate Bonds
1887949,2026-10-02T00:00:05.299+05:30,2553,Corporate Bonds
2231186,2026-10-06T13:05:19.84+05:30,2982,Corporate Bonds
1980242,2026-10-02T11:57:30.876+05:30,3027,Corporate Bonds
1793525,2026-10-05T15:10:51.577+05:30,2981,Corporate Bonds
2102210,2026-10-01T16:36:17.788+05:30,2981,Corporate Bonds
2214325,2026-10-05T22:58:35.259+05:30,2982,Corporate Bonds
2232508,2026-10-05T11:11:53.864+05:30,2729,Mutual Funds
267596,2026-10-03T16:35:54.598+05:30,2895,Corporate Bonds
2171766,2026-10-05T07:18:08.1+05:30,2926,Corporate Bonds
2215469,2026-10-02T11:06:50.77+05:30,2982,Corporate Bonds
1998626,2026-10-05T17:49:34.119+05:30,2930,Corporate Bonds
2191186,2026-10-06T18:47:47.83+05:30,2644,Securitized Debt Instruments
1655689,2026-10-01T16:35:15.353+05:30,2981,Corporate Bonds
1518094,2026-10-06T09:32:32.202+05:30,3027,Corporate Bonds
70405,2026-10-04T09:29:37.36+05:30,3027,Corporate Bonds
2001177,2026-10-05T18:40:48.444+05:30,2907,Corporate Bonds
2233568,2026-10-06T09:57:49.646+05:30,2830,Corporate Bonds
1252187,2026-10-06T20:21:44.39+05:30,2644,Securitized Debt Instruments
1823067,2026-10-06T10:19:39.608+05:30,2883,Corporate Bonds
1120749,2026-10-03T19:54:58.877+05:30,2881,Corporate Bonds
2226631,2026-10-02T10:10:38.448+05:30,2767,Corporate Bonds
2043111,2026-10-06T11:51:21.678+05:30,2981,Corporate Bonds
2207820,2026-10-02T15:18:30.312+05:30,2752,Corporate Bonds
992599,2026-10-01T18:59:24.204+05:30,2872,Corporate Bonds
1844494,2026-10-04T13:02:45.992+05:30,2412,Corporate Bonds
1126713,2026-10-06T18:54:29.297+05:30,3000,Corporate Bonds
2168997,2026-10-05T12:46:43.968+05:30,2781,Corporate Bonds
1797875,2026-10-04T23:40:38.026+05:30,3027,Corporate Bonds
826882,2026-10-03T07:50:00.99+05:30,1873,Corporate Bonds
1908106,2026-10-06T13:00:06.287+05:30,2941,Corporate Bonds
1274239,2026-10-02T11:16:47.384+05:30,2918,Corporate Bonds
2225065,2026-10-05T11:45:43.569+05:30,3024,Corporate Bonds
2067384,2026-10-05T13:22:46.672+05:30,2895,Corporate Bonds
1793525,2026-10-05T15:21:34.521+05:30,2767,Corporate Bonds
859158,2026-10-01T10:59:11.732+05:30,3024,Corporate Bonds
1692695,2026-10-05T16:48:03.651+05:30,2982,Corporate Bonds
1793525,2026-10-06T13:56:11.474+05:30,2969,XCase
1289317,2026-10-03T23:18:25.026+05:30,2930,Corporate Bonds
2170717,2026-10-05T21:55:19.046+05:30,2981,Corporate Bonds
465763,2026-10-07T11:49:52.665+05:30,3044,Corporate Bonds
1794354,2026-10-02T12:48:39.933+05:30,2311,Corporate Bonds
2119991,2026-10-05T19:50:11.378+05:30,2993,XCase
840112,2026-10-01T20:23:28.109+05:30,2757,Corporate Bonds
2237041,2026-10-07T20:57:51.73+05:30,2941,Corporate Bonds
1029712,2026-10-07T07:44:54.74+05:30,2842,Corporate Bonds
2226848,2026-10-05T23:27:23.286+05:30,2982,Corporate Bonds
1766392,2026-10-05T12:40:35.342+05:30,3026,Corporate Bonds
2225855,2026-10-01T20:11:15.744+05:30,2100,Corporate Bonds
254542,2026-10-04T02:00:17.56+05:30,2895,Corporate Bonds
731578,2026-10-03T21:34:42.444+05:30,2842,Corporate Bonds
1513323,2026-10-01T13:55:30.961+05:30,2879,Corporate Bonds
2035504,2026-10-05T23:35:55.094+05:30,2964,Corporate Bonds
1827154,2026-10-06T18:46:50.18+05:30,2883,Corporate Bonds
850815,2026-10-01T21:56:18.597+05:30,3040,Corporate Bonds
1736133,2026-10-03T19:54:30.864+05:30,2982,Corporate Bonds
1066037,2026-10-03T18:53:12.745+05:30,2909,Corporate Bonds
1892507,2026-10-02T18:45:07.602+05:30,2843,Corporate Bonds
1964616,2026-10-03T19:49:12.378+05:30,2982,Corporate Bonds
115504,2026-10-05T17:02:09.285+05:30,2882,Corporate Bonds
1252187,2026-10-07T10:57:55.991+05:30,3024,Corporate Bonds
2074888,2026-10-06T13:00:11.183+05:30,2843,Corporate Bonds
2221913,2026-10-02T16:30:12.477+05:30,2729,Mutual Funds
1092101,2026-10-03T09:41:32.432+05:30,2992,Corporate Bonds
1597480,2026-10-01T19:24:36.063+05:30,2883,Corporate Bonds
1626756,2026-10-07T16:54:08.681+05:30,2874,Corporate Bonds
1526657,2026-10-05T14:24:02.399+05:30,2981,Corporate Bonds
916851,2026-10-02T08:21:35.676+05:30,3027,Corporate Bonds
2180022,2026-10-07T17:02:46.929+05:30,3040,Corporate Bonds
1800198,2026-10-05T17:37:16.113+05:30,2881,Corporate Bonds
2230922,2026-10-04T11:34:26.529+05:30,2895,Corporate Bonds
2228341,2026-10-02T18:25:58.443+05:30,2954,Corporate Bonds
2184413,2026-10-01T09:17:26.583+05:30,2729,Mutual Funds
47592,2026-10-01T18:03:56.941+05:30,2981,Corporate Bonds
2231850,2026-10-06T10:35:12.776+05:30,2941,Corporate Bonds
889432,2026-10-01T23:39:54.393+05:30,2300,Corporate Bonds
2009176,2026-10-04T08:04:17.319+05:30,2919,Corporate Bonds
1981293,2026-10-01T21:10:39.04+05:30,2969,XCase
2236381,2026-10-07T14:10:25.801+05:30,2918,Corporate Bonds
1616543,2026-10-02T08:59:42.603+05:30,2899,Mutual Funds
1490744,2026-10-01T17:14:49.036+05:30,2907,Corporate Bonds
1607649,2026-10-01T13:40:22.805+05:30,2881,Corporate Bonds
934071,2026-10-01T18:37:35.869+05:30,2993,XCase
1987224,2026-10-07T16:32:02.914+05:30,3044,Corporate Bonds
1404628,2026-10-01T08:52:32.194+05:30,2895,Corporate Bonds
2228880,2026-10-04T01:14:01.252+05:30,2982,Corporate Bonds
886834,2026-10-02T10:34:00.588+05:30,2849,Corporate Bonds
2182772,2026-10-03T21:46:12.976+05:30,2982,Corporate Bonds
643094,2026-10-01T11:11:19.381+05:30,3027,Corporate Bonds
783782,2026-10-05T13:22:09.041+05:30,2767,Corporate Bonds
1993986,2026-10-02T09:38:23.446+05:30,2982,Corporate Bonds
2195068,2026-10-02T13:01:14.847+05:30,2594,Corporate Bonds
2209475,2026-10-03T09:02:40.115+05:30,3027,Corporate Bonds
1246120,2026-10-05T11:17:43.189+05:30,2626,Corporate Bonds
214808,2026-10-06T19:00:47.687+05:30,2941,Corporate Bonds
1947471,2026-10-03T12:42:46.992+05:30,3025,Corporate Bonds
2229901,2026-10-03T17:47:27.395+05:30,2729,Mutual Funds
1666418,2026-10-06T07:31:14.67+05:30,2993,XCase
2140702,2026-10-07T07:00:52.693+05:30,2883,Corporate Bonds
821401,2026-10-06T14:40:11.179+05:30,2969,XCase
2074739,2026-10-07T16:28:42.313+05:30,3027,Corporate Bonds
2221307,2026-10-05T12:06:09.111+05:30,2941,Corporate Bonds
1998231,2026-10-02T14:05:59.39+05:30,2895,Corporate Bonds
2117785,2026-10-04T18:08:56.579+05:30,2881,Corporate Bonds
1687638,2026-10-03T09:18:01.044+05:30,1095,High Yield FDs
1695699,2026-10-07T22:05:25.645+05:30,2660,Corporate Bonds
1595513,2026-10-06T09:23:47.396+05:30,2969,XCase
2232945,2026-10-05T15:33:41.307+05:30,2767,Corporate Bonds
1590533,2026-10-03T15:31:38.426+05:30,2849,Corporate Bonds
1160468,2026-10-03T21:41:37.111+05:30,3027,Corporate Bonds
2192342,2026-10-07T01:06:15.617+05:30,3044,Corporate Bonds
1156684,2026-10-03T22:08:17.114+05:30,2917,Corporate Bonds
597677,2026-10-01T10:04:04.798+05:30,2643,Securitized Debt Instruments
741378,2026-10-05T13:57:48.411+05:30,2412,Corporate Bonds
2034118,2026-10-03T16:12:14.593+05:30,2918,Corporate Bonds
1862150,2026-10-05T22:26:24.256+05:30,2881,Corporate Bonds
1719644,2026-10-07T12:52:12.15+05:30,2881,Corporate Bonds
2133315,2026-10-01T18:59:16.382+05:30,2433,Corporate Bonds
2225289,2026-10-03T20:00:19.748+05:30,2969,XCase
2064619,2026-10-04T18:19:54.213+05:30,2626,Corporate Bonds
2235479,2026-10-07T14:49:24.789+05:30,3045,Corporate Bonds
2183481,2026-10-01T16:39:44.561+05:30,2964,Corporate Bonds
1520427,2026-10-07T22:44:08.32+05:30,2620,Corporate Bonds
819265,2026-10-04T09:15:02.55+05:30,2868,Corporate Bonds
1509307,2026-10-02T09:17:01.395+05:30,3026,Corporate Bonds
2084504,2026-10-04T20:45:25.404+05:30,2993,XCase
1432460,2026-10-06T15:05:36.381+05:30,3027,Corporate Bonds
1186086,2026-10-01T22:56:50.402+05:30,2887,Corporate Bonds
2189221,2026-10-02T17:01:38.404+05:30,2849,Corporate Bonds
2234079,2026-10-06T09:31:19.829+05:30,2895,Corporate Bonds
1690180,2026-10-07T18:29:03.138+05:30,3044,Corporate Bonds
1731965,2026-10-01T21:59:20.09+05:30,2250,Corporate Bonds
2156010,2026-10-04T17:45:45.838+05:30,2842,Corporate Bonds
2147089,2026-10-06T19:13:19.69+05:30,3040,Corporate Bonds
1145332,2026-10-03T15:15:37.588+05:30,2955,Corporate Bonds
2137205,2026-10-02T07:26:49.059+05:30,2300,Corporate Bonds
1084697,2026-10-06T12:57:16.656+05:30,1292,High Yield FDs
2078374,2026-10-03T08:17:07.904+05:30,2917,Corporate Bonds
1736133,2026-10-03T19:54:33.505+05:30,2982,Corporate Bonds
978467,2026-10-03T18:51:25.7+05:30,2881,Corporate Bonds
889821,2026-10-07T22:21:37.685+05:30,3045,Corporate Bonds
568523,2026-10-04T14:24:20.436+05:30,2930,Corporate Bonds
798299,2026-10-01T23:14:03.752+05:30,2843,Corporate Bonds
2047548,2026-10-06T12:47:05.706+05:30,2981,Corporate Bonds
2111253,2026-10-02T09:52:24.089+05:30,2883,Corporate Bonds
1657266,2026-10-04T10:40:04.532+05:30,2986,Corporate Bonds
47592,2026-10-01T18:06:00.058+05:30,2955,Corporate Bonds
2041515,2026-10-07T15:42:32.763+05:30,3027,Corporate Bonds
1964616,2026-10-03T19:37:57.98+05:30,2982,Corporate Bonds
2227966,2026-10-02T14:32:34.643+05:30,1239,High Yield FDs
2225289,2026-10-01T15:58:20.674+05:30,1292,High Yield FDs
1120749,2026-10-03T15:13:41.129+05:30,2794,Corporate Bonds
1184144,2026-10-06T18:17:55.693+05:30,2930,Corporate Bonds
2079044,2026-10-07T14:14:22.831+05:30,2477,Corporate Bonds
1277673,2026-10-01T22:11:34.296+05:30,2902,Corporate Bonds
1456528,2026-10-07T06:50:42.569+05:30,2849,Corporate Bonds
568523,2026-10-01T12:21:57.614+05:30,2868,Corporate Bonds
1736133,2026-10-02T19:11:56.721+05:30,2982,Corporate Bonds
1553741,2026-10-03T09:15:14.298+05:30,2774,Corporate Bonds
2081895,2026-10-06T21:34:59.373+05:30,3026,Corporate Bonds
1645747,2026-10-06T16:09:57.177+05:30,2930,Corporate Bonds
1782825,2026-10-05T19:39:56.549+05:30,2926,Corporate Bonds
1590498,2026-10-04T12:28:33.02+05:30,2843,Corporate Bonds
1538855,2026-10-02T12:58:01.299+05:30,2412,Corporate Bonds
,2026-10-07T15:59:27.86+05:30,2794,Corporate Bonds
1457024,2026-10-03T09:30:04.436+05:30,2874,Corporate Bonds
2012786,2026-10-02T14:03:59.59+05:30,3025,Corporate Bonds
1284412,2026-10-05T17:42:48.215+05:30,2969,XCase
2112160,2026-10-01T15:19:32.253+05:30,2858,Corporate Bonds
2171619,2026-10-05T21:21:06.181+05:30,2644,Securitized Debt Instruments
1681830,2026-10-04T12:26:32.482+05:30,2895,Corporate Bonds
939987,2026-10-03T00:04:05.117+05:30,1239,High Yield FDs
1132224,2026-10-07T16:14:21.788+05:30,3044,Corporate Bonds
2230044,2026-10-03T19:37:29.406+05:30,2910,Corporate Bonds
2206051,2026-10-02T12:04:56.659+05:30,2907,Corporate Bonds
2166938,2026-10-06T20:52:00.543+05:30,3040,Corporate Bonds
352,2026-10-01T12:44:39.489+05:30,2873,XCase
1377760,2026-10-04T22:34:36.216+05:30,2849,Corporate Bonds
2233005,2026-10-05T17:02:21.157+05:30,2842,Corporate Bonds
860735,2026-10-01T10:22:06.486+05:30,2902,Corporate Bonds
1824823,2026-10-05T04:59:40.506+05:30,3027,Corporate Bonds
855180,2026-10-01T00:03:59.912+05:30,2643,Securitized Debt Instruments
1661912,2026-10-04T10:57:56.394+05:30,2949,Corporate Bonds
981192,2026-10-07T09:08:46.915+05:30,2930,Corporate Bonds
103253,2026-10-01T19:07:31.308+05:30,2883,Corporate Bonds
2225532,2026-10-01T21:04:00.872+05:30,2941,Corporate Bonds
719641,2026-10-01T16:27:09.185+05:30,2982,Corporate Bonds
1768449,2026-10-03T16:40:20.16+05:30,3027,Corporate Bonds
487254,2026-10-03T12:35:39.104+05:30,2769,Corporate Bonds
941335,2026-10-07T11:12:25.643+05:30,3044,Corporate Bonds
2028326,2026-10-03T20:18:36.226+05:30,2842,Corporate Bonds
1955957,2026-10-05T08:11:01.043+05:30,2849,Corporate Bonds
1066725,2026-10-01T03:08:32.686+05:30,2969,XCase
1106309,2026-10-04T01:10:49.234+05:30,2986,Corporate Bonds
2234766,2026-10-07T09:18:32.539+05:30,1292,High Yield FDs
1453942,2026-10-02T15:52:27.78+05:30,2433,Corporate Bonds
2232224,2026-10-05T08:22:42.358+05:30,2842,Corporate Bonds
2212621,2026-10-04T20:07:33.941+05:30,2918,Corporate Bonds
1893630,2026-10-03T20:03:04.573+05:30,3027,Corporate Bonds
805501,2026-10-05T21:47:58.262+05:30,1292,High Yield FDs
1419432,2026-10-01T10:25:42.686+05:30,2887,Corporate Bonds
907482,2026-10-05T12:10:40.349+05:30,2843,Corporate Bonds
1439400,2026-10-07T12:22:17.964+05:30,2729,Mutual Funds
1127489,2026-10-04T17:35:01.016+05:30,3027,Corporate Bonds
865015,2026-10-04T11:20:10.019+05:30,2902,Corporate Bonds
2063878,2026-10-04T00:13:50.877+05:30,2769,Corporate Bonds
1400934,2026-10-05T10:02:30.867+05:30,2868,Corporate Bonds
2141206,2026-10-04T19:37:58.967+05:30,2412,Corporate Bonds
865015,2026-10-04T20:35:03.5+05:30,1239,High Yield FDs
1521782,2026-10-01T19:13:04.966+05:30,2883,Corporate Bonds
1914361,2026-10-06T18:28:37.028+05:30,2881,Corporate Bonds
162737,2026-10-01T23:38:09.258+05:30,2431,Corporate Bonds
1962077,2026-10-05T13:01:15.895+05:30,2868,Corporate Bonds
1278843,2026-10-03T12:19:33.714+05:30,2992,Corporate Bonds
1434620,2026-10-05T11:52:54.979+05:30,2964,Corporate Bonds
1249346,2026-10-01T12:01:46.215+05:30,2883,Corporate Bonds
1457016,2026-10-01T13:30:51.159+05:30,3027,Corporate Bonds
881769,2026-10-02T22:45:04.398+05:30,2993,XCase
1904834,2026-10-01T01:09:46.883+05:30,2883,Corporate Bonds
2225385,2026-10-06T13:06:35.099+05:30,2955,Corporate Bonds
2103357,2026-10-06T18:59:56.828+05:30,2868,Corporate Bonds
998035,2026-10-02T00:27:59.486+05:30,2843,Corporate Bonds
669798,2026-10-01T16:06:01.069+05:30,1239,High Yield FDs
916520,2026-10-07T08:41:42.332+05:30,3044,Corporate Bonds
1126713,2026-10-06T19:01:44.939+05:30,2938,Corporate Bonds
132426,2026-10-06T16:39:00.963+05:30,3027,Corporate Bonds
1625577,2026-10-07T14:24:56.195+05:30,3045,Corporate Bonds
2225065,2026-10-03T13:29:10.541+05:30,2874,Corporate Bonds
2218090,2026-10-01T20:06:51.505+05:30,1292,High Yield FDs
2230844,2026-10-04T10:53:31.191+05:30,3027,Corporate Bonds
443444,2026-10-02T08:53:45.928+05:30,2969,XCase
2062555,2026-10-02T09:49:36.983+05:30,2881,Corporate Bonds
2225555,2026-10-05T11:45:48.105+05:30,1239,High Yield FDs
2228842,2026-10-06T16:58:24.35+05:30,2644,Securitized Debt Instruments
1060067,2026-10-01T10:05:39.069+05:30,3027,Corporate Bonds
2236885,2026-10-07T19:52:05.792+05:30,2881,Corporate Bonds
2077274,2026-10-02T14:55:37.941+05:30,2881,Corporate Bonds
1049595,2026-10-02T12:12:31.025+05:30,2955,Corporate Bonds
2230054,2026-10-04T12:15:57.915+05:30,2729,Mutual Funds
922595,2026-10-01T07:46:44.43+05:30,2981,Corporate Bonds
1517835,2026-10-01T07:30:36.463+05:30,2858,Corporate Bonds
779224,2026-10-01T10:41:42.161+05:30,2981,Corporate Bonds
2226915,2026-10-01T22:49:17.799+05:30,3040,Corporate Bonds
2132265,2026-10-04T08:48:23.641+05:30,2955,Corporate Bonds
840112,2026-10-01T20:21:46.203+05:30,2757,Corporate Bonds
2230055,2026-10-03T19:33:48.877+05:30,2955,Corporate Bonds
1858261,2026-10-01T23:48:34.532+05:30,2433,Corporate Bonds
882413,2026-10-01T13:45:55.058+05:30,2883,Corporate Bonds
2027616,2026-10-02T22:29:41.812+05:30,2955,Corporate Bonds
1891083,2026-10-04T12:10:05.074+05:30,2982,Corporate Bonds
2225040,2026-10-06T00:47:47.256+05:30,2863,Corporate Bonds
2229306,2026-10-07T11:35:35.444+05:30,2941,Corporate Bonds
2221736,2026-10-07T16:16:21.46+05:30,2941,Corporate Bonds
1439096,2026-10-02T12:59:11.83+05:30,2955,Corporate Bonds
1770547,2026-10-02T10:57:46.756+05:30,3024,Corporate Bonds
1440152,2026-10-02T17:53:11.389+05:30,2849,Corporate Bonds
1652540,2026-10-01T14:35:40.63+05:30,3027,Corporate Bonds
1752216,2026-10-05T18:36:48.595+05:30,2930,Corporate Bonds
1366929,2026-10-04T14:50:00.5+05:30,2849,Corporate Bonds
2166373,2026-10-04T10:25:39.372+05:30,3027,Corporate Bonds
1792609,2026-10-04T11:29:55.929+05:30,2849,Corporate Bonds
2217078,2026-10-02T16:31:55.429+05:30,2729,Mutual Funds
2229096,2026-10-03T10:18:04.478+05:30,2881,Corporate Bonds
1177735,2026-10-01T12:50:45.596+05:30,2767,Corporate Bonds
2229534,2026-10-03T13:27:34.042+05:30,2993,XCase
1063425,2026-10-05T12:12:50.708+05:30,2883,Corporate Bonds
2051474,2026-10-07T19:55:22.258+05:30,3027,Corporate Bonds
1452701,2026-10-01T15:54:37.87+05:30,2767,Corporate Bonds
2155737,2026-10-06T19:12:31.116+05:30,2883,Corporate Bonds
773879,2026-10-07T16:34:25.945+05:30,3044,Corporate Bonds
2220951,2026-10-05T13:38:51.725+05:30,2941,Corporate Bonds
2110406,2026-10-05T07:00:02.697+05:30,2907,Corporate Bonds
1162901,2026-10-02T18:09:19.249+05:30,2880,Corporate Bonds
735208,2026-10-07T17:21:05.416+05:30,2930,Corporate Bonds
1558003,2026-10-05T20:28:31.65+05:30,3027,Corporate Bonds
2192576,2026-10-06T14:29:12.768+05:30,2982,Corporate Bonds
2191552,2026-10-02T10:26:44.67+05:30,1873,Corporate Bonds
1973073,2026-10-03T13:15:29.651+05:30,1239,High Yield FDs
1699384,2026-10-07T16:57:22.265+05:30,3045,Corporate Bonds
2144972,2026-10-02T16:05:11.125+05:30,1095,High Yield FDs
974085,2026-10-02T09:28:49.186+05:30,3025,Corporate Bonds
2235962,2026-10-07T10:36:29.005+05:30,2849,Corporate Bonds
2232280,2026-10-05T08:03:14.689+05:30,2982,Corporate Bonds
989311,2026-10-05T17:22:39.549+05:30,3040,Corporate Bonds
999696,2026-10-07T19:17:14.172+05:30,2883,Corporate Bonds
1790294,2026-10-05T13:11:25.709+05:30,2982,Corporate Bonds
1938725,2026-10-03T00:52:46.111+05:30,2981,Corporate Bonds
1755172,2026-10-02T17:30:56.085+05:30,2433,Corporate Bonds
2171930,2026-10-02T11:13:49.225+05:30,2955,Corporate Bonds
2081757,2026-10-03T00:12:14.607+05:30,2729,Mutual Funds
1330738,2026-10-06T11:50:13.982+05:30,2941,Corporate Bonds
592229,2026-10-01T15:19:38.353+05:30,2643,Securitized Debt Instruments
1774977,2026-10-01T21:59:09.12+05:30,2930,Corporate Bonds
1410235,2026-10-06T12:48:54.027+05:30,2964,Corporate Bonds
1755227,2026-10-02T14:44:42.202+05:30,2902,Corporate Bonds
1794783,2026-10-01T15:46:45.243+05:30,2849,Corporate Bonds
643094,2026-10-01T11:11:13.022+05:30,3027,Corporate Bonds
2083565,2026-10-01T11:50:41.171+05:30,3014,Corporate Bonds
2227252,2026-10-02T07:35:55.925+05:30,2881,Corporate Bonds
2232658,2026-10-06T13:10:43.544+05:30,2930,Corporate Bonds
1410235,2026-10-06T11:54:53.781+05:30,3027,Corporate Bonds
1574340,2026-10-04T09:15:50.036+05:30,2812,Corporate Bonds
2102167,2026-10-07T13:11:47.662+05:30,3045,Corporate Bonds
1865215,2026-10-07T05:50:05.508+05:30,3034,Corporate Bonds
1552315,2026-10-06T12:48:51.81+05:30,2930,Corporate Bonds
2206679,2026-10-02T09:25:37.204+05:30,2868,Corporate Bonds
1236356,2026-10-01T11:00:00.764+05:30,3027,Corporate Bonds
2226563,2026-10-01T19:44:01.146+05:30,2930,Corporate Bonds
177185,2026-10-05T08:29:07.517+05:30,2881,Corporate Bonds
2206887,2026-10-07T08:37:25.21+05:30,2729,Mutual Funds
2231832,2026-10-04T21:43:38.692+05:30,2895,Corporate Bonds
2225385,2026-10-07T11:12:32.864+05:30,2872,Corporate Bonds
879091,2026-10-05T21:39:48.887+05:30,3027,Corporate Bonds
706363,2026-10-07T10:36:31.218+05:30,3044,Corporate Bonds
754355,2026-10-05T23:25:29.66+05:30,2993,XCase
1891129,2026-10-01T11:04:13.405+05:30,3027,Corporate Bonds
2225087,2026-10-04T18:50:16.157+05:30,2412,Corporate Bonds
1162542,2026-10-01T16:04:45.596+05:30,2981,Corporate Bonds
1434512,2026-10-01T15:25:20.597+05:30,2881,Corporate Bonds
877824,2026-10-07T17:20:16.892+05:30,2477,Corporate Bonds
2215713,2026-10-01T06:36:52.321+05:30,3014,Corporate Bonds
2218790,2026-10-06T10:04:59.888+05:30,2872,Corporate Bonds
1790294,2026-10-05T13:17:28.023+05:30,2955,Corporate Bonds
2219271,2026-10-01T13:26:12.08+05:30,2781,Corporate Bonds
2229316,2026-10-03T11:08:54.746+05:30,2964,Corporate Bonds
2189876,2026-10-01T13:10:15.778+05:30,2872,Corporate Bonds
2228718,2026-10-02T23:34:13.308+05:30,2626,Corporate Bonds
1173613,2026-10-02T18:42:49.462+05:30,2276,Corporate Bonds
1046666,2026-10-07T11:36:38.609+05:30,3040,Corporate Bonds
600909,2026-10-05T15:23:43.976+05:30,2930,Corporate Bonds
1064738,2026-10-01T12:08:31.861+05:30,2986,Corporate Bonds
1616652,2026-10-01T07:58:23.648+05:30,2930,Corporate Bonds
28728,2026-10-01T22:31:37.607+05:30,2250,Corporate Bonds
2139341,2026-10-01T14:47:29.977+05:30,2986,Corporate Bonds
2227229,2026-10-05T19:05:51.41+05:30,2941,Corporate Bonds
1590533,2026-10-03T15:29:52.557+05:30,2849,Corporate Bonds
2114069,2026-10-06T20:09:28.881+05:30,2982,Corporate Bonds
945322,2026-10-07T11:37:50.706+05:30,3044,Corporate Bonds
2224172,2026-10-01T11:37:24.166+05:30,3027,Corporate Bonds
1226274,2026-10-07T11:37:49.78+05:30,2919,Corporate Bonds
779224,2026-10-01T10:21:50.317+05:30,2981,Corporate Bonds
372356,2026-10-01T23:18:44.503+05:30,3040,Corporate Bonds
272986,2026-10-07T23:44:21.964+05:30,3027,Corporate Bonds
2193399,2026-10-01T17:28:41.232+05:30,1095,High Yield FDs
2232655,2026-10-05T12:40:23.395+05:30,2849,Corporate Bonds
1797797,2026-10-04T11:24:26.54+05:30,3027,Corporate Bonds
2235479,2026-10-06T23:37:34.029+05:30,2874,Corporate Bonds
1611365,2026-10-06T22:26:43.856+05:30,3027,Corporate Bonds
2236475,2026-10-07T15:24:39.643+05:30,3050,Corporate Bonds
831605,2026-10-04T18:38:47.823+05:30,2881,Corporate Bonds
173369,2026-10-04T19:11:37.911+05:30,2849,Corporate Bonds
1980242,2026-10-04T16:04:30.476+05:30,2895,Corporate Bonds
1491321,2026-10-05T02:19:27.577+05:30,2767,Corporate Bonds
1100444,2026-10-07T08:06:33.591+05:30,2992,Corporate Bonds
2220360,2026-10-01T19:26:24.964+05:30,2907,Corporate Bonds
2009285,2026-10-02T08:14:44.63+05:30,3040,Corporate Bonds
19685,2026-10-07T02:18:12.912+05:30,1239,High Yield FDs
1574275,2026-10-03T19:15:54.456+05:30,2964,Corporate Bonds
1301805,2026-10-06T12:03:25.338+05:30,2881,Corporate Bonds
643094,2026-10-01T11:11:19.717+05:30,3027,Corporate Bonds
1630323,2026-10-03T19:20:40.75+05:30,2982,Corporate Bonds
184214,2026-10-06T17:07:58.061+05:30,2881,Corporate Bonds
1910178,2026-10-06T10:23:02.85+05:30,2858,Corporate Bonds
2224228,2026-10-02T15:01:56.265+05:30,2931,Corporate Bonds
1922348,2026-10-06T13:56:13.096+05:30,2982,Corporate Bonds
1084898,2026-10-01T20:06:08.423+05:30,2740,Corporate Bonds
2186986,2026-10-01T23:08:55.036+05:30,2553,Corporate Bonds
1590533,2026-10-06T23:20:43.93+05:30,2849,Corporate Bonds
1638967,2026-10-03T23:09:08.59+05:30,2849,Corporate Bonds
333586,2026-10-07T20:26:43.893+05:30,2955,Corporate Bonds
1197369,2026-10-07T22:07:19.153+05:30,2994,Corporate Bonds
356462,2026-10-01T00:17:22.859+05:30,2643,Securitized Debt Instruments
1569991,2026-10-07T20:14:20.707+05:30,2930,Corporate Bonds
2060703,2026-10-04T09:40:40.377+05:30,3040,Corporate Bonds
2096765,2026-10-05T23:34:55.948+05:30,3027,Corporate Bonds
2231915,2026-10-04T22:11:25.508+05:30,2982,Corporate Bonds
2229096,2026-10-03T17:56:29.817+05:30,2918,Corporate Bonds
1611589,2026-10-02T02:40:02.465+05:30,2982,Corporate Bonds
2213417,2026-10-01T17:40:39.541+05:30,2855,Corporate Bonds
989101,2026-10-05T19:11:22.93+05:30,2855,Corporate Bonds
1928148,2026-10-04T15:14:31.609+05:30,2955,Corporate Bonds
2226875,2026-10-01T22:17:33.61+05:30,2433,Corporate Bonds
2140512,2026-10-07T01:18:16.374+05:30,2982,Corporate Bonds
2149674,2026-10-07T17:31:36.078+05:30,2769,Corporate Bonds
,2026-10-07T05:05:16.845+05:30,3044,Corporate Bonds
1274944,2026-10-03T12:13:59.511+05:30,2849,Corporate Bonds
1664321,2026-10-04T00:16:30.971+05:30,3027,Corporate Bonds
1294836,2026-10-02T19:07:06.48+05:30,2774,Corporate Bonds
2228536,2026-10-02T20:09:57.512+05:30,2930,Corporate Bonds
2226051,2026-10-01T13:43:35.979+05:30,2873,XCase
879091,2026-10-04T10:48:19.228+05:30,3027,Corporate Bonds
2164720,2026-10-01T14:25:08.984+05:30,3034,Corporate Bonds
2226849,2026-10-01T21:56:08.333+05:30,2941,Corporate Bonds
1002421,2026-10-06T13:01:35.967+05:30,2993,XCase
1749957,2026-10-05T19:58:28.288+05:30,2858,Corporate Bonds
2195473,2026-10-01T19:25:32.792+05:30,2868,Corporate Bonds
2228706,2026-10-05T10:41:59.745+05:30,2982,Corporate Bonds
1868546,2026-10-05T20:47:19.891+05:30,2883,Corporate Bonds
1340863,2026-10-02T22:13:34.245+05:30,3027,Corporate Bonds
1554872,2026-10-02T14:56:56.962+05:30,3027,Corporate Bonds
1039421,2026-10-02T00:13:42.052+05:30,2883,Corporate Bonds
761284,2026-10-03T02:43:57.976+05:30,2993,XCase
2149434,2026-10-05T22:27:26.948+05:30,2941,Corporate Bonds
497979,2026-10-02T16:45:49.675+05:30,2880,Corporate Bonds
1069311,2026-10-03T08:45:11.335+05:30,2887,Corporate Bonds
521903,2026-10-07T14:49:21.551+05:30,3045,Corporate Bonds
1887604,2026-10-01T21:12:33.873+05:30,2767,Corporate Bonds
2220097,2026-10-04T17:22:43.562+05:30,2930,Corporate Bonds
1301799,2026-10-04T18:44:13.254+05:30,2849,Corporate Bonds
1720585,2026-10-07T21:00:45.666+05:30,3044,Corporate Bonds
802260,2026-10-07T16:43:44.332+05:30,3027,Corporate Bonds
2166128,2026-10-07T07:21:02.774+05:30,3027,Corporate Bonds
1820764,2026-10-03T22:32:32.696+05:30,3027,Corporate Bonds
1623532,2026-10-02T21:09:30.551+05:30,2849,Corporate Bonds
2223143,2026-10-06T10:48:27.761+05:30,3034,Corporate Bonds
2035504,2026-10-05T23:35:54.657+05:30,2964,Corporate Bonds
1671513,2026-10-01T09:18:02.924+05:30,2981,Corporate Bonds
2102167,2026-10-07T13:30:02.374+05:30,3045,Corporate Bonds
910201,2026-10-02T13:37:59.719+05:30,2881,Corporate Bonds
2228252,2026-10-07T11:50:30.627+05:30,2907,Corporate Bonds
2229096,2026-10-03T17:49:39.759+05:30,2880,Corporate Bonds
1954362,2026-10-05T10:33:03.735+05:30,3027,Corporate Bonds
1224312,2026-10-05T14:41:42.409+05:30,3023,Corporate Bonds
2228341,2026-10-02T18:22:14.19+05:30,2982,Corporate Bonds
683536,2026-10-01T13:51:55.041+05:30,2849,Corporate Bonds
1239802,2026-10-05T20:46:14.335+05:30,2902,Corporate Bonds
2132265,2026-10-04T08:57:44.851+05:30,2955,Corporate Bonds
683272,2026-10-01T07:53:29.189+05:30,3027,Corporate Bonds
2229662,2026-10-04T18:53:04.381+05:30,2982,Corporate Bonds
1174043,2026-10-01T00:08:43.33+05:30,2860,Corporate Bonds
2122840,2026-10-04T19:45:43.593+05:30,3034,Corporate Bonds
633184,2026-10-06T13:06:32.942+05:30,2874,Corporate Bonds
1791352,2026-10-01T00:30:41.022+05:30,2855,Corporate Bonds
815180,2026-10-07T10:09:32.724+05:30,2874,Corporate Bonds
1884342,2026-10-06T03:38:15.56+05:30,2872,Corporate Bonds
1258378,2026-10-07T18:36:31.275+05:30,3044,Corporate Bonds
1045634,2026-10-04T03:55:32.362+05:30,2849,Corporate Bonds
1786096,2026-10-06T19:24:20.438+05:30,2883,Corporate Bonds
1002839,2026-10-04T20:03:33.032+05:30,3027,Corporate Bonds
2225476,2026-10-01T21:26:32.12+05:30,2954,Corporate Bonds
2142149,2026-10-01T10:45:05.485+05:30,3026,Corporate Bonds
370865,2026-10-03T15:26:45.391+05:30,2769,Corporate Bonds
824695,2026-10-06T15:25:08+05:30,2981,Corporate Bonds
831605,2026-10-05T08:26:27.141+05:30,2874,Corporate Bonds
1162075,2026-10-02T21:50:24.53+05:30,2752,Corporate Bonds
2117215,2026-10-04T17:53:38.619+05:30,2982,Corporate Bonds
730742,2026-10-04T18:33:53.256+05:30,1239,High Yield FDs
1725954,2026-10-06T11:21:47.269+05:30,2902,Corporate Bonds
2061462,2026-10-05T09:26:51.807+05:30,2842,Corporate Bonds
1029624,2026-10-04T00:25:03.592+05:30,3027,Corporate Bonds
1643110,2026-10-02T18:58:43.853+05:30,2981,Corporate Bonds
1351896,2026-10-02T13:01:43.631+05:30,3027,Corporate Bonds
2186390,2026-10-07T16:36:30.741+05:30,3044,Corporate Bonds
2215702,2026-10-03T09:42:25.151+05:30,2922,Corporate Bonds
2119089,2026-10-02T09:45:40.831+05:30,2881,Corporate Bonds
2077274,2026-10-02T14:51:05.084+05:30,2868,Corporate Bonds
2117382,2026-10-06T13:55:35.716+05:30,2930,Corporate Bonds
97204,2026-10-01T15:18:26.111+05:30,2643,Securitized Debt Instruments
204056,2026-10-04T20:21:50.517+05:30,1292,High Yield FDs
948818,2026-10-03T08:40:15.643+05:30,2767,Corporate Bonds
1300266,2026-10-06T22:41:21.916+05:30,2849,Corporate Bonds
1231325,2026-10-06T19:26:51.179+05:30,2808,Corporate Bonds
1650715,2026-10-01T22:46:17.432+05:30,2881,Corporate Bonds
1710872,2026-10-07T18:32:38.347+05:30,3045,Corporate Bonds
1973347,2026-10-01T22:49:29.44+05:30,2981,Corporate Bonds
2200889,2026-10-06T18:11:56.547+05:30,3044,Corporate Bonds
944593,2026-10-02T23:27:48.811+05:30,2907,Corporate Bonds
1274462,2026-10-01T21:40:57.053+05:30,2431,Corporate Bonds
2234348,2026-10-06T12:24:38.201+05:30,2729,Mutual Funds
2019963,2026-10-03T19:53:56.434+05:30,2849,Corporate Bonds
972274,2026-10-01T12:35:12.698+05:30,3027,Corporate Bonds
2217136,2026-10-04T07:44:38.766+05:30,3027,Corporate Bonds
1481680,2026-10-07T18:26:33.017+05:30,3044,Corporate Bonds
990834,2026-10-04T10:37:45.125+05:30,3040,Corporate Bonds
1326795,2026-10-03T08:19:49.416+05:30,2900,Corporate Bonds
2224074,2026-10-01T10:46:03.368+05:30,2881,Corporate Bonds
446432,2026-10-01T09:19:21.198+05:30,2981,Corporate Bonds
785169,2026-10-01T13:36:24.025+05:30,2847,Corporate Bonds
1238166,2026-10-06T12:16:32.846+05:30,2930,Corporate Bonds
2216847,2026-10-02T00:01:30.1+05:30,2849,Corporate Bonds
1365679,2026-10-01T10:53:15.986+05:30,2626,Corporate Bonds
1792772,2026-10-04T20:44:37.266+05:30,3027,Corporate Bonds
998114,2026-10-04T19:46:31.002+05:30,3026,Corporate Bonds
698987,2026-10-03T13:06:28.55+05:30,2311,Corporate Bonds
2218551,2026-10-05T07:39:19.436+05:30,3027,Corporate Bonds
2132296,2026-10-01T20:03:03.709+05:30,2874,Corporate Bonds
2153153,2026-10-01T10:11:20.471+05:30,2412,Corporate Bonds
2224333,2026-10-06T11:38:34.758+05:30,2906,Corporate Bonds
776328,2026-10-06T10:44:38.333+05:30,2881,Corporate Bonds
1885748,2026-10-01T08:25:18.405+05:30,2881,Corporate Bonds
1184144,2026-10-06T18:19:08.473+05:30,2930,Corporate Bonds
2227840,2026-10-02T13:13:35.166+05:30,2881,Corporate Bonds
780395,2026-10-01T14:46:54.2+05:30,2858,Corporate Bonds
1794721,2026-10-06T20:54:59.223+05:30,2883,Corporate Bonds
2160970,2026-10-04T13:39:50.686+05:30,2626,Corporate Bonds
959793,2026-10-05T15:51:20.634+05:30,2883,Corporate Bonds
858994,2026-10-05T09:38:07.788+05:30,2895,Corporate Bonds
1617217,2026-10-07T09:23:00.731+05:30,2812,Corporate Bonds
2070884,2026-10-03T09:16:42.713+05:30,2849,Corporate Bonds
2176630,2026-10-05T21:32:14.665+05:30,2858,Corporate Bonds
2074740,2026-10-04T07:50:00.733+05:30,2982,Corporate Bonds
2218905,2026-10-04T15:48:56.464+05:30,2964,Corporate Bonds
2232398,2026-10-05T09:45:29.75+05:30,2881,Corporate Bonds
2095043,2026-10-07T09:40:20.884+05:30,2941,Corporate Bonds
2220184,2026-10-05T14:46:14.542+05:30,2955,Corporate Bonds
2048101,2026-10-06T09:18:53.935+05:30,3027,Corporate Bonds
2219251,2026-10-07T11:12:48.449+05:30,2849,Corporate Bonds
535695,2026-10-06T18:49:52.922+05:30,2074,SIF
2167159,2026-10-06T16:07:04.392+05:30,3040,Corporate Bonds
441470,2026-10-07T09:35:55.434+05:30,2794,Corporate Bonds
1798586,2026-10-05T11:35:19.272+05:30,2769,Corporate Bonds
2074067,2026-10-02T00:19:29.362+05:30,2930,Corporate Bonds
2216110,2026-10-06T13:37:52.272+05:30,2842,Corporate Bonds
2134101,2026-10-06T12:46:58.118+05:30,2941,Corporate Bonds
2141772,2026-10-04T21:40:25.114+05:30,3027,Corporate Bonds
2059419,2026-10-06T12:25:53.957+05:30,2902,Corporate Bonds
1606723,2026-10-01T09:36:22.445+05:30,3014,Corporate Bonds
1970120,2026-10-07T23:26:52.019+05:30,2808,Corporate Bonds
2226670,2026-10-02T10:05:59.768+05:30,2907,Corporate Bonds
2211572,2026-10-04T19:30:44.966+05:30,2982,Corporate Bonds
344881,2026-10-02T11:58:41.562+05:30,2833,Corporate Bonds
1752216,2026-10-02T15:34:42.855+05:30,2433,Corporate Bonds
2223108,2026-10-05T05:45:42.569+05:30,2982,Corporate Bonds
700533,2026-10-04T12:48:59.619+05:30,3027,Corporate Bonds
2062494,2026-10-05T17:57:28.472+05:30,2969,XCase
352,2026-10-06T20:37:59.965+05:30,2644,Securitized Debt Instruments
2225599,2026-10-04T18:08:18.519+05:30,2849,Corporate Bonds
170901,2026-10-05T14:33:44.061+05:30,2926,Corporate Bonds
735208,2026-10-07T17:12:52.128+05:30,2941,Corporate Bonds
2225385,2026-10-06T10:35:58.029+05:30,2941,Corporate Bonds
1281871,2026-10-06T15:46:36.24+05:30,2981,Corporate Bonds
2092489,2026-10-02T21:58:16.933+05:30,3027,Corporate Bonds
2193399,2026-10-05T11:17:34.911+05:30,1292,High Yield FDs
2225256,2026-10-01T22:15:48.146+05:30,2982,Corporate Bonds
2217270,2026-10-07T10:12:11.32+05:30,2881,Corporate Bonds
2194057,2026-10-03T14:49:02.275+05:30,2874,Corporate Bonds
1801062,2026-10-02T08:42:09.922+05:30,3026,Corporate Bonds
1067065,2026-10-04T15:32:52.687+05:30,2926,Corporate Bonds
1456045,2026-10-07T13:58:11.471+05:30,3044,Corporate Bonds
1995638,2026-10-03T12:42:40.07+05:30,2767,Corporate Bonds
98689,2026-10-01T10:42:03.52+05:30,2982,Corporate Bonds
1691052,2026-10-06T11:23:05.043+05:30,2881,Corporate Bonds
2027884,2026-10-06T14:01:45.56+05:30,2843,Corporate Bonds
2205325,2026-10-05T14:50:25.526+05:30,3027,Corporate Bonds
1619533,2026-10-06T15:58:24.216+05:30,2644,Securitized Debt Instruments
2204137,2026-10-01T22:04:40.558+05:30,2250,Corporate Bonds
743736,2026-10-03T07:27:49.617+05:30,3027,Corporate Bonds
2225018,2026-10-05T10:45:48.172+05:30,3027,Corporate Bonds
1719545,2026-10-07T20:40:33.406+05:30,3044,Corporate Bonds
2226079,2026-10-01T14:34:36.597+05:30,2849,Corporate Bonds
465763,2026-10-07T21:31:00.982+05:30,3040,Corporate Bonds
1818634,2026-10-02T14:18:59.211+05:30,2982,Corporate Bonds
1176886,2026-10-06T09:45:43.617+05:30,3040,Corporate Bonds
2229447,2026-10-03T12:33:48.101+05:30,2982,Corporate Bonds
969555,2026-10-01T09:13:43.004+05:30,3014,Corporate Bonds
734524,2026-10-03T09:04:38.284+05:30,2874,Corporate Bonds
2216650,2026-10-01T20:55:36.39+05:30,2941,Corporate Bonds
1736133,2026-10-05T05:21:36.027+05:30,2849,Corporate Bonds
1619533,2026-10-05T20:20:05.747+05:30,2982,Corporate Bonds
835197,2026-10-06T19:07:59.062+05:30,2955,Corporate Bonds
25057,2026-10-06T14:27:34.028+05:30,2842,Corporate Bonds
568523,2026-10-04T14:22:34.139+05:30,2412,Corporate Bonds
370865,2026-10-01T11:13:34.688+05:30,2872,Corporate Bonds
1953938,2026-10-05T18:11:40.714+05:30,2964,Corporate Bonds
887784,2026-10-07T22:00:42.211+05:30,3044,Corporate Bonds
2232951,2026-10-05T15:55:53.149+05:30,2969,XCase
2234815,2026-10-06T16:49:33.309+05:30,2881,Corporate Bonds
2102733,2026-10-06T22:40:44.315+05:30,2895,Corporate Bonds
1028954,2026-10-03T00:53:37.341+05:30,3027,Corporate Bonds
2220184,2026-10-06T12:58:25.473+05:30,2955,Corporate Bonds
97204,2026-10-01T15:11:24.969+05:30,2873,XCase
780531,2026-10-05T06:46:00.809+05:30,2849,Corporate Bonds
97204,2026-10-01T15:11:39.009+05:30,2873,XCase
1958784,2026-10-04T23:32:40.25+05:30,3027,Corporate Bonds
2171930,2026-10-03T08:33:45.875+05:30,3027,Corporate Bonds
944593,2026-10-01T02:53:09.681+05:30,2922,Corporate Bonds
1003452,2026-10-02T20:34:36.897+05:30,2881,Corporate Bonds
1878331,2026-10-01T19:42:44.155+05:30,2947,Corporate Bonds
961356,2026-10-06T23:46:14.771+05:30,3044,Corporate Bonds
1083019,2026-10-05T09:58:00.753+05:30,2992,Corporate Bonds
731578,2026-10-03T21:37:43.222+05:30,2842,Corporate Bonds
591215,2026-10-05T12:22:23.054+05:30,2964,Corporate Bonds
2228040,2026-10-03T14:44:14.412+05:30,2895,Corporate Bonds
1665728,2026-10-07T22:16:06.437+05:30,2837,Corporate Bonds
1894389,2026-10-04T11:03:52.165+05:30,2982,Corporate Bonds
18932,2026-10-01T07:42:25.402+05:30,1239,High Yield FDs
1641319,2026-10-02T21:03:01.129+05:30,2981,Corporate Bonds
1397670,2026-10-01T17:10:37.706+05:30,2849,Corporate Bonds
1151420,2026-10-05T12:20:00.757+05:30,2981,Corporate Bonds
478904,2026-10-04T13:21:19.258+05:30,3034,Corporate Bonds
2137775,2026-10-02T15:15:45.027+05:30,2879,Corporate Bonds
937401,2026-10-06T04:09:15.6+05:30,3026,Corporate Bonds
2226471,2026-10-06T07:04:54.687+05:30,3026,Corporate Bonds
1252187,2026-10-06T23:52:33.296+05:30,2930,Corporate Bonds
2219271,2026-10-06T11:31:56.165+05:30,2981,Corporate Bonds
1170276,2026-10-05T18:59:47.497+05:30,2895,Corporate Bonds
1998231,2026-10-02T14:05:59.057+05:30,2895,Corporate Bonds
2232910,2026-10-05T15:14:59.442+05:30,2729,Mutual Funds
1233714,2026-10-06T15:46:23.071+05:30,2981,Corporate Bonds
2212206,2026-10-07T14:18:04.45+05:30,2964,Corporate Bonds
2220136,2026-10-01T16:24:13.24+05:30,3027,Corporate Bonds
1979219,2026-10-06T09:09:16.912+05:30,2858,Corporate Bonds
2233999,2026-10-06T17:40:50.108+05:30,2895,Corporate Bonds
1939327,2026-10-07T18:19:11.699+05:30,3044,Corporate Bonds
437434,2026-10-03T21:40:32.361+05:30,2794,Corporate Bonds
2229362,2026-10-03T11:35:48.005+05:30,2812,Corporate Bonds
2204354,2026-10-03T23:14:14.917+05:30,2922,Corporate Bonds
2194417,2026-10-02T12:29:57.064+05:30,2981,Corporate Bonds
2230844,2026-10-04T11:01:12.668+05:30,3027,Corporate Bonds
2211550,2026-10-06T06:01:21.351+05:30,2842,Corporate Bonds
724966,2026-10-03T22:01:32.667+05:30,2311,Corporate Bonds
2234883,2026-10-07T12:03:07.199+05:30,3044,Corporate Bonds
1433587,2026-10-01T11:36:08.58+05:30,2895,Corporate Bonds
2229081,2026-10-03T17:22:07.876+05:30,2849,Corporate Bonds
743736,2026-10-05T21:26:35.685+05:30,3040,Corporate Bonds
2195388,2026-10-01T10:11:04.872+05:30,3034,Corporate Bonds
723420,2026-10-06T19:52:58.356+05:30,2964,Corporate Bonds
1633920,2026-10-01T11:21:52.054+05:30,2902,Corporate Bonds
1803099,2026-10-07T11:36:47.166+05:30,2842,Corporate Bonds
2185273,2026-10-04T18:52:06.814+05:30,2849,Corporate Bonds
941878,2026-10-01T23:55:07.097+05:30,2412,Corporate Bonds
1475867,2026-10-04T09:28:22.806+05:30,3027,Corporate Bonds
2226032,2026-10-01T13:52:59.87+05:30,2881,Corporate Bonds
2214134,2026-10-04T12:36:38.896+05:30,2982,Corporate Bonds
2228820,2026-10-07T22:14:37.084+05:30,2604,Corporate Bonds
1266659,2026-10-03T11:58:23.493+05:30,2981,Corporate Bonds
190009,2026-10-02T18:18:51.285+05:30,3027,Corporate Bonds
2133315,2026-10-01T19:03:55.916+05:30,2433,Corporate Bonds
1633920,2026-10-02T09:01:09.526+05:30,3027,Corporate Bonds
2221057,2026-10-03T22:32:03.753+05:30,3027,Corporate Bonds
1938794,2026-10-03T23:37:16.237+05:30,2918,Corporate Bonds
1306955,2026-10-06T15:07:15.872+05:30,2930,Corporate Bonds
2232457,2026-10-05T10:38:50.816+05:30,3027,Corporate Bonds
2068078,2026-10-01T08:25:15.423+05:30,3027,Corporate Bonds
713869,2026-10-01T11:29:13.341+05:30,2955,Corporate Bonds
1571565,2026-10-02T19:20:37.489+05:30,1873,Corporate Bonds
888940,2026-10-02T13:59:21.178+05:30,2872,Corporate Bonds
746101,2026-10-04T19:15:03.85+05:30,2922,Corporate Bonds
734561,2026-10-07T06:24:53.981+05:30,2881,Corporate Bonds
292164,2026-10-01T14:21:34.218+05:30,2981,Corporate Bonds
1430448,2026-10-01T21:15:22.428+05:30,2849,Corporate Bonds
331616,2026-10-02T07:20:56.491+05:30,2981,Corporate Bonds
2226057,2026-10-01T14:09:04.665+05:30,3034,Corporate Bonds
1334765,2026-10-01T03:33:19.603+05:30,2849,Corporate Bonds
2235479,2026-10-06T23:35:57.259+05:30,2874,Corporate Bonds
1719545,2026-10-07T20:24:18.041+05:30,3040,Corporate Bonds
460624,2026-10-07T14:54:09.213+05:30,2872,Corporate Bonds
19685,2026-10-07T02:12:59.729+05:30,1239,High Yield FDs
1970950,2026-10-03T12:04:57.241+05:30,2729,Mutual Funds
2214200,2026-10-04T12:54:27.031+05:30,2881,Corporate Bonds
442169,2026-10-04T02:46:23.993+05:30,2849,Corporate Bonds
600860,2026-10-01T14:13:17.704+05:30,2981,Corporate Bonds
1439096,2026-10-05T15:13:49.572+05:30,2955,Corporate Bonds
1203639,2026-10-03T16:14:34.303+05:30,2842,Corporate Bonds
1881320,2026-10-07T13:44:08.849+05:30,2629,Corporate Bonds
2165971,2026-10-07T01:26:22.16+05:30,3027,Corporate Bonds
1584585,2026-10-07T12:50:26.154+05:30,3026,Corporate Bonds
1197369,2026-10-04T23:23:04.022+05:30,2994,Corporate Bonds
2230606,2026-10-04T10:45:37.363+05:30,2849,Corporate Bonds
1739959,2026-10-01T19:43:39.881+05:30,2882,Corporate Bonds
1719734,2026-10-02T13:14:42.684+05:30,2982,Corporate Bonds
1565387,2026-10-06T13:18:00.391+05:30,2992,Corporate Bonds
2230800,2026-10-05T17:38:47.656+05:30,2930,Corporate Bonds
2003242,2026-10-07T07:02:15.887+05:30,3044,Corporate Bonds
1964914,2026-10-06T20:44:05.167+05:30,2895,Corporate Bonds
1982898,2026-10-06T17:53:49.259+05:30,2882,Corporate Bonds
838586,2026-10-02T12:28:25.81+05:30,2849,Corporate Bonds
210974,2026-10-01T10:15:00.796+05:30,2752,Corporate Bonds
2234322,2026-10-06T11:53:03.008+05:30,2981,Corporate Bonds
1382508,2026-10-04T16:10:42.124+05:30,3027,Corporate Bonds
1187840,2026-10-05T18:38:06.501+05:30,2918,Corporate Bonds
1141591,2026-10-03T23:49:17.456+05:30,2982,Corporate Bonds
1634939,2026-10-01T10:52:03.022+05:30,2954,Corporate Bonds
2216740,2026-10-01T09:30:44.497+05:30,2955,Corporate Bonds
2213417,2026-10-01T17:40:48.241+05:30,2855,Corporate Bonds
379120,2026-10-01T11:21:43.184+05:30,2938,Corporate Bonds
2048162,2026-10-05T09:56:53.647+05:30,3027,Corporate Bonds
2230922,2026-10-06T16:54:25.881+05:30,2830,Corporate Bonds
2127831,2026-10-01T09:56:18.425+05:30,2026,Corporate Bonds
942262,2026-10-03T22:21:46.26+05:30,2908,Corporate Bonds
1081684,2026-10-03T08:07:08.39+05:30,2993,XCase
2224199,2026-10-01T14:55:14.6+05:30,3027,Corporate Bonds
1518766,2026-10-01T21:15:06.44+05:30,2982,Corporate Bonds
836848,2026-10-01T13:10:51.691+05:30,3014,Corporate Bonds
2206679,2026-10-04T11:04:55.057+05:30,2881,Corporate Bonds
2076765,2026-10-03T07:52:57.001+05:30,2849,Corporate Bonds
1062677,2026-10-01T00:59:52.438+05:30,2947,Corporate Bonds
1978575,2026-10-02T14:24:38.711+05:30,2981,Corporate Bonds
908507,2026-10-01T14:18:56.328+05:30,2752,Corporate Bonds
2052667,2026-10-05T07:39:36.132+05:30,3027,Corporate Bonds
755698,2026-10-01T13:38:07.771+05:30,3034,Corporate Bonds
1738329,2026-10-06T16:48:01.84+05:30,3040,Corporate Bonds
2007228,2026-10-02T10:18:20.063+05:30,2594,Corporate Bonds
2227523,2026-10-02T18:26:52.92+05:30,2906,Corporate Bonds
2222049,2026-10-01T20:55:40.884+05:30,2729,Mutual Funds
2021781,2026-10-04T22:49:24.028+05:30,3027,Corporate Bonds
2120075,2026-10-02T13:10:17.147+05:30,2955,Corporate Bonds
1187840,2026-10-05T05:35:47.338+05:30,2918,Corporate Bonds
144992,2026-10-04T11:19:39.595+05:30,2849,Corporate Bonds
2182553,2026-10-05T04:22:58.812+05:30,3027,Corporate Bonds
1430562,2026-10-02T20:44:02.326+05:30,3027,Corporate Bonds
2126904,2026-10-05T19:41:31.65+05:30,2982,Corporate Bonds
1264445,2026-10-01T13:13:22.386+05:30,2781,Corporate Bonds
2213502,2026-10-01T17:13:43.568+05:30,2849,Corporate Bonds
1275223,2026-10-06T09:37:25.446+05:30,2969,XCase
2233568,2026-10-06T09:51:32.094+05:30,2874,Corporate Bonds
2227777,2026-10-03T00:47:44.886+05:30,3026,Corporate Bonds
1265103,2026-10-06T16:19:41.262+05:30,2843,Corporate Bonds
2231963,2026-10-04T22:32:30.756+05:30,2982,Corporate Bonds
1659917,2026-10-01T09:05:17.879+05:30,2981,Corporate Bonds
2234315,2026-10-06T11:58:05.41+05:30,2918,Corporate Bonds
1503489,2026-10-05T15:16:31.815+05:30,2982,Corporate Bonds
424846,2026-10-07T06:10:04.807+05:30,2992,Corporate Bonds
1231325,2026-10-04T13:26:31.684+05:30,2917,Corporate Bonds
6,2026-10-05T11:44:27.432+05:30,2887,Corporate Bonds
1439096,2026-10-03T16:47:15.781+05:30,2981,Corporate Bonds
1977466,2026-10-01T17:19:36.323+05:30,2931,Corporate Bonds
2028326,2026-10-03T20:19:21.347+05:30,2842,Corporate Bonds
1881063,2026-10-02T19:05:21.786+05:30,2982,Corporate Bonds
2099455,2026-10-04T21:08:48.473+05:30,2781,Corporate Bonds
949208,2026-10-07T13:18:23.122+05:30,2477,Corporate Bonds
1481920,2026-10-06T21:27:52.464+05:30,2895,Corporate Bonds
1962587,2026-10-07T08:45:43.287+05:30,2881,Corporate Bonds
1508628,2026-10-02T09:19:12.186+05:30,3040,Corporate Bonds
1294738,2026-10-01T16:10:52.231+05:30,2881,Corporate Bonds
1351896,2026-10-02T18:15:09.267+05:30,3027,Corporate Bonds
1687033,2026-10-06T12:30:51.983+05:30,2981,Corporate Bonds
1841593,2026-10-02T23:44:36.134+05:30,2849,Corporate Bonds
2108086,2026-10-07T16:14:32.748+05:30,3044,Corporate Bonds
1310444,2026-10-01T19:21:05.466+05:30,1873,Corporate Bonds
572729,2026-10-01T15:46:04.045+05:30,2849,Corporate Bonds
1591613,2026-10-01T18:12:25.107+05:30,2872,Corporate Bonds
1028914,2026-10-04T12:51:54.552+05:30,2930,Corporate Bonds
988989,2026-10-04T05:26:39.329+05:30,2769,Corporate Bonds
265944,2026-10-02T00:01:04.836+05:30,2887,Corporate Bonds
1197369,2026-10-05T08:13:58.043+05:30,2994,Corporate Bonds
738507,2026-10-03T20:39:15.215+05:30,2955,Corporate Bonds
882892,2026-10-03T09:14:25.374+05:30,3027,Corporate Bonds
932384,2026-10-02T15:45:43.797+05:30,2767,Corporate Bonds
1774977,2026-10-01T22:08:53.078+05:30,2955,Corporate Bonds
1412731,2026-10-06T14:15:52.899+05:30,2919,Corporate Bonds
2216568,2026-10-03T16:57:06.97+05:30,2881,Corporate Bonds
846638,2026-10-01T10:23:08.009+05:30,3027,Corporate Bonds
2138731,2026-10-03T17:27:17.077+05:30,2981,Corporate Bonds
2079196,2026-10-01T14:17:28.911+05:30,2907,Corporate Bonds
673481,2026-10-06T08:01:22.861+05:30,2930,Corporate Bonds
1351117,2026-10-03T16:53:25.616+05:30,2849,Corporate Bonds
1016818,2026-10-02T13:20:54.744+05:30,2311,Corporate Bonds
1719670,2026-10-03T15:02:47.346+05:30,2955,Corporate Bonds
1873165,2026-10-07T22:36:18.583+05:30,2477,Corporate Bonds
419957,2026-10-05T15:02:34.595+05:30,3027,Corporate Bonds
2085068,2026-10-01T20:06:40.499+05:30,2868,Corporate Bonds
883847,2026-10-06T23:10:17.384+05:30,2883,Corporate Bonds
2231118,2026-10-04T13:18:45.821+05:30,2955,Corporate Bonds
715100,2026-10-01T23:36:35.71+05:30,2872,Corporate Bonds
1897130,2026-10-05T12:25:27.568+05:30,2781,Corporate Bonds
2051182,2026-10-07T21:02:54.992+05:30,2604,Corporate Bonds
843512,2026-10-02T13:45:55.154+05:30,3027,Corporate Bonds
2229078,2026-10-05T16:17:59.815+05:30,2955,Corporate Bonds
1314877,2026-10-01T00:07:18.264+05:30,2930,Corporate Bonds
2203615,2026-10-02T13:15:06.768+05:30,2964,Corporate Bonds
1881749,2026-10-02T14:03:54.973+05:30,2881,Corporate Bonds
2187019,2026-10-05T09:54:28.111+05:30,2781,Corporate Bonds
1894132,2026-10-01T20:23:00.233+05:30,2740,Corporate Bonds
627526,2026-10-03T18:58:29.494+05:30,2842,Corporate Bonds
1063077,2026-10-02T16:52:44.244+05:30,2594,Corporate Bonds
1736133,2026-10-02T19:11:55.345+05:30,2982,Corporate Bonds
132426,2026-10-06T16:39:02.42+05:30,3027,Corporate Bonds
873654,2026-10-01T12:23:06.244+05:30,2849,Corporate Bonds
1980717,2026-10-04T08:57:43.948+05:30,2849,Corporate Bonds
2065127,2026-10-03T21:19:45.805+05:30,2902,Corporate Bonds
2132296,2026-10-01T20:07:32.99+05:30,2868,Corporate Bonds
1039020,2026-10-03T06:51:39.429+05:30,2964,Corporate Bonds
2169616,2026-10-03T14:27:56.965+05:30,3027,Corporate Bonds
1164541,2026-10-07T12:02:04.174+05:30,3027,Corporate Bonds
2204057,2026-10-05T15:20:22.816+05:30,2981,Corporate Bonds
1443837,2026-10-07T08:38:30.855+05:30,3044,Corporate Bonds
2226145,2026-10-01T14:37:48.242+05:30,2881,Corporate Bonds
1909540,2026-10-02T09:56:05.935+05:30,2300,Corporate Bonds
981921,2026-10-01T21:20:32.793+05:30,2883,Corporate Bonds
1640680,2026-10-04T17:36:16.548+05:30,2849,Corporate Bonds
2091030,2026-10-01T18:10:17.039+05:30,2858,Corporate Bonds
1351896,2026-10-01T16:30:09.514+05:30,3027,Corporate Bonds
1185520,2026-10-01T08:22:50.674+05:30,2906,Corporate Bonds
729579,2026-10-06T12:47:00.448+05:30,2643,Securitized Debt Instruments
2074888,2026-10-07T11:54:45.004+05:30,3044,Corporate Bonds
2139864,2026-10-04T14:47:47.409+05:30,2881,Corporate Bonds
2216568,2026-10-04T10:47:45.915+05:30,2882,Corporate Bonds
1604356,2026-10-02T21:05:10.005+05:30,2729,Mutual Funds
1410235,2026-10-06T13:17:19.828+05:30,2964,Corporate Bonds
2221874,2026-10-06T12:31:05.165+05:30,2982,Corporate Bonds
1419774,2026-10-05T23:13:47.239+05:30,2964,Corporate Bonds
2110656,2026-10-03T18:06:00.953+05:30,3026,Corporate Bonds
2231850,2026-10-07T09:23:53.454+05:30,2872,Corporate Bonds
2185430,2026-10-05T09:28:21.912+05:30,2955,Corporate Bonds
1297820,2026-10-01T13:26:56.011+05:30,2986,Corporate Bonds
2207991,2026-10-03T16:52:37.625+05:30,1239,High Yield FDs
2216408,2026-10-01T19:32:42.824+05:30,2412,Corporate Bonds
159128,2026-10-02T11:17:38.552+05:30,2433,Corporate Bonds
2227383,2026-10-02T09:34:02.851+05:30,2881,Corporate Bonds
804309,2026-10-02T11:30:28.57+05:30,2895,Corporate Bonds
1868546,2026-10-05T20:24:09.949+05:30,2883,Corporate Bonds
1648575,2026-10-02T12:06:15.558+05:30,3040,Corporate Bonds
2234129,2026-10-06T10:10:03.539+05:30,2887,Corporate Bonds
2231409,2026-10-05T10:44:59.896+05:30,2982,Corporate Bonds
1088456,2026-10-03T20:23:03.898+05:30,2900,Corporate Bonds
2214094,2026-10-03T18:36:11.166+05:30,2895,Corporate Bonds
772069,2026-10-02T11:12:00.639+05:30,3040,Corporate Bonds
2234322,2026-10-06T11:54:10.487+05:30,2794,Corporate Bonds
1646437,2026-10-01T00:27:38.108+05:30,3014,Corporate Bonds
2224074,2026-10-01T10:50:51.798+05:30,2881,Corporate Bonds
2236326,2026-10-07T13:32:37.411+05:30,2941,Corporate Bonds
2225599,2026-10-04T18:08:12.948+05:30,2849,Corporate Bonds
1843718,2026-10-06T09:07:58.494+05:30,3027,Corporate Bonds
2226770,2026-10-01T21:14:20.649+05:30,2982,Corporate Bonds
2215713,2026-10-01T06:33:25.012+05:30,2930,Corporate Bonds
1114557,2026-10-03T21:11:41.23+05:30,2902,Corporate Bonds
245640,2026-10-02T10:22:41.684+05:30,2982,Corporate Bonds
1818634,2026-10-02T14:18:54.313+05:30,2982,Corporate Bonds
1879798,2026-10-02T21:25:36.588+05:30,2855,Corporate Bonds
814664,2026-10-05T10:45:16.153+05:30,2882,Corporate Bonds
1667963,2026-10-06T08:11:31.099+05:30,2644,Securitized Debt Instruments
2234741,2026-10-06T16:36:31.482+05:30,2941,Corporate Bonds
1964006,2026-10-03T20:53:54.829+05:30,3027,Corporate Bonds
1198183,2026-10-05T16:05:53.571+05:30,2941,Corporate Bonds
1144529,2026-10-07T04:37:07.176+05:30,2957,Corporate Bonds
988989,2026-10-07T16:31:14.816+05:30,3044,Corporate Bonds
1002839,2026-10-04T20:02:36.978+05:30,3027,Corporate Bonds
2002436,2026-10-02T14:31:23.416+05:30,2767,Corporate Bonds
1266788,2026-10-05T23:22:33.273+05:30,2412,Corporate Bonds
499664,2026-10-03T22:44:51.069+05:30,2794,Corporate Bonds
1348589,2026-10-07T16:15:30.353+05:30,3044,Corporate Bonds
1628912,2026-10-03T10:06:07.335+05:30,2895,Corporate Bonds
775330,2026-10-03T20:41:51.981+05:30,2881,Corporate Bonds
465763,2026-10-06T16:41:43.962+05:30,3027,Corporate Bonds
1286425,2026-10-04T14:48:35.442+05:30,2849,Corporate Bonds
1980717,2026-10-05T13:55:04.293+05:30,2902,Corporate Bonds
500914,2026-10-03T06:33:41.93+05:30,2868,Corporate Bonds
1001992,2026-10-01T13:59:25.42+05:30,1873,Corporate Bonds
2118294,2026-10-01T21:57:33.655+05:30,2781,Corporate Bonds
1019555,2026-10-03T12:30:26.809+05:30,3027,Corporate Bonds
2210573,2026-10-03T14:43:03.722+05:30,2955,Corporate Bonds
2056395,2026-10-05T10:37:15.177+05:30,2881,Corporate Bonds
1520199,2026-10-01T16:13:00.615+05:30,3014,Corporate Bonds
924450,2026-10-07T09:21:56.007+05:30,3027,Corporate Bonds
1424779,2026-10-06T05:00:27.655+05:30,2794,Corporate Bonds
2149674,2026-10-07T17:42:41.218+05:30,3040,Corporate Bonds
1925298,2026-10-02T19:34:39.843+05:30,2955,Corporate Bonds
2220466,2026-10-04T20:02:17.694+05:30,2907,Corporate Bonds
1771619,2026-10-07T14:30:52.916+05:30,2794,Corporate Bonds
2148657,2026-10-04T16:52:19.689+05:30,3040,Corporate Bonds
1300410,2026-10-05T15:44:16.493+05:30,2993,XCase
2236475,2026-10-07T15:06:32.79+05:30,2881,Corporate Bonds
1868546,2026-10-05T20:24:19.469+05:30,2883,Corporate Bonds
1592781,2026-10-07T00:13:35.946+05:30,2918,Corporate Bonds
2217256,2026-10-01T08:33:28.973+05:30,3025,Corporate Bonds
867018,2026-10-01T07:34:53.708+05:30,2872,Corporate Bonds
873654,2026-10-07T10:27:19.335+05:30,2883,Corporate Bonds
1903646,2026-10-06T15:01:18.485+05:30,2842,Corporate Bonds
937401,2026-10-06T04:08:59.215+05:30,3026,Corporate Bonds
25391,2026-10-02T20:43:05.203+05:30,2794,Corporate Bonds
443108,2026-10-04T17:40:22.112+05:30,2907,Corporate Bonds
632640,2026-10-04T15:49:45.546+05:30,2964,Corporate Bonds
1905195,2026-10-02T20:56:16.244+05:30,2872,Corporate Bonds
1068318,2026-10-03T17:09:31.42+05:30,2919,Corporate Bonds
1710872,2026-10-07T20:29:50.024+05:30,3045,Corporate Bonds
1498103,2026-10-01T14:37:34.086+05:30,2982,Corporate Bonds
2220165,2026-10-06T20:55:38.409+05:30,2919,Corporate Bonds
970477,2026-10-03T12:54:04.951+05:30,3027,Corporate Bonds
2191552,2026-10-02T14:17:56.956+05:30,1292,High Yield FDs
698987,2026-10-03T13:12:20.985+05:30,2311,Corporate Bonds
1067243,2026-10-01T16:22:41.038+05:30,3027,Corporate Bonds
1987026,2026-10-04T21:56:06.145+05:30,2843,Corporate Bonds
2105826,2026-10-01T11:35:45.027+05:30,1292,High Yield FDs
2006400,2026-10-03T07:44:09.304+05:30,3027,Corporate Bonds
2225385,2026-10-06T13:02:55.105+05:30,2769,Corporate Bonds
1055614,2026-10-06T13:28:53.311+05:30,2917,Corporate Bonds
1744844,2026-10-02T08:56:27.776+05:30,2969,XCase
2115925,2026-10-01T15:54:30.187+05:30,2849,Corporate Bonds
797527,2026-10-03T00:00:59.411+05:30,2881,Corporate Bonds
2228252,2026-10-04T17:56:31.995+05:30,2881,Corporate Bonds
20998,2026-10-06T12:38:14.05+05:30,3027,Corporate Bonds
1885866,2026-10-04T21:40:01.968+05:30,2412,Corporate Bonds
2224206,2026-10-07T15:50:28.611+05:30,2849,Corporate Bonds
864501,2026-10-01T19:22:59.4+05:30,2740,Corporate Bonds
2108123,2026-10-02T21:04:12.372+05:30,2895,Corporate Bonds
2224061,2026-10-03T19:17:06.622+05:30,2895,Corporate Bonds
1154650,2026-10-07T01:48:24.387+05:30,2917,Corporate Bonds
2184413,2026-10-05T10:06:55.865+05:30,2729,Mutual Funds
2192771,2026-10-03T08:50:45.458+05:30,2981,Corporate Bonds
2184711,2026-10-02T17:28:15.5+05:30,2982,Corporate Bonds
2037800,2026-10-03T17:17:00.698+05:30,3034,Corporate Bonds
63755,2026-10-07T16:17:24.426+05:30,2925,Corporate Bonds
97204,2026-10-01T15:20:34.127+05:30,2767,Corporate Bonds
2193173,2026-10-06T10:51:42.227+05:30,2982,Corporate Bonds
1792103,2026-10-03T00:08:46.26+05:30,2981,Corporate Bonds
2225385,2026-10-07T11:12:07.898+05:30,2872,Corporate Bonds
948993,2026-10-01T12:48:24.229+05:30,2849,Corporate Bonds
1240812,2026-10-01T20:41:28.854+05:30,3040,Corporate Bonds
1155226,2026-10-02T10:43:15.393+05:30,2982,Corporate Bonds
831897,2026-10-02T14:40:25.54+05:30,2955,Corporate Bonds
1917120,2026-10-06T12:22:51.278+05:30,2981,Corporate Bonds
1994574,2026-10-03T09:50:13.803+05:30,2874,Corporate Bonds
2229136,2026-10-04T11:19:30.447+05:30,2982,Corporate Bonds
1274116,2026-10-02T23:14:10.339+05:30,3027,Corporate Bonds
1571526,2026-10-01T14:36:16.035+05:30,2843,Corporate Bonds
1161750,2026-10-07T12:05:36.93+05:30,3045,Corporate Bonds
600909,2026-10-05T14:42:38.279+05:30,3027,Corporate Bonds
1827212,2026-10-02T12:15:02.765+05:30,2250,Corporate Bonds
1520427,2026-10-06T03:31:35.542+05:30,2895,Corporate Bonds
2165971,2026-10-04T21:34:27.655+05:30,3027,Corporate Bonds
370865,2026-10-01T11:25:31.779+05:30,2872,Corporate Bonds
1630090,2026-10-04T11:43:04.549+05:30,3040,Corporate Bonds
1342570,2026-10-02T23:16:01.116+05:30,2909,Corporate Bonds
1349280,2026-10-06T13:00:53.838+05:30,2900,Corporate Bonds
1170341,2026-10-01T11:46:09.296+05:30,3027,Corporate Bonds
842747,2026-10-01T01:14:44.749+05:30,2858,Corporate Bonds
1042612,2026-10-07T12:53:26.581+05:30,1292,High Yield FDs
1048983,2026-10-04T12:36:12.335+05:30,2843,Corporate Bonds
2233863,2026-10-06T04:47:30.266+05:30,2982,Corporate Bonds
2224172,2026-10-01T11:37:27.527+05:30,3027,Corporate Bonds
2035504,2026-10-05T23:35:54.323+05:30,2964,Corporate Bonds
1408205,2026-10-05T16:47:41.428+05:30,2883,Corporate Bonds
1187225,2026-10-02T17:10:31.26+05:30,2981,Corporate Bonds
1556515,2026-10-06T01:34:46.726+05:30,2981,Corporate Bonds
1859706,2026-10-07T15:25:27.345+05:30,3027,Corporate Bonds
1301805,2026-10-06T12:03:27.143+05:30,2881,Corporate Bonds
1912653,2026-10-05T07:00:08.197+05:30,2982,Corporate Bonds
2103027,2026-10-01T12:57:57.115+05:30,2868,Corporate Bonds
2161622,2026-10-05T10:12:01.338+05:30,2982,Corporate Bonds
2133315,2026-10-01T19:00:57.679+05:30,2799,Corporate Bonds
734603,2026-10-07T09:42:08.731+05:30,3040,Corporate Bonds
2080943,2026-10-05T11:26:07.947+05:30,3027,Corporate Bonds
2083304,2026-10-06T17:02:23.509+05:30,3027,Corporate Bonds
1725954,2026-10-06T11:20:55.165+05:30,2902,Corporate Bonds
672327,2026-10-01T16:44:44.408+05:30,2941,Corporate Bonds
2114139,2026-10-06T20:04:55.98+05:30,3044,Corporate Bonds
2216650,2026-10-01T18:30:01.432+05:30,2982,Corporate Bonds
1186881,2026-10-03T12:29:41.415+05:30,2986,Corporate Bonds
2231588,2026-10-04T18:21:32.312+05:30,2881,Corporate Bonds
874490,2026-10-05T21:24:40.424+05:30,3027,Corporate Bonds
2231517,2026-10-04T17:33:44.422+05:30,2849,Corporate Bonds
2231649,2026-10-04T19:15:26.06+05:30,2982,Corporate Bonds
2233760,2026-10-06T00:57:38.745+05:30,2906,Corporate Bonds
772632,2026-10-06T11:24:45.767+05:30,2969,XCase
2189707,2026-10-04T09:11:39.883+05:30,2895,Corporate Bonds
478904,2026-10-04T13:13:07.446+05:30,2875,Corporate Bonds
1357629,2026-10-03T09:13:32.935+05:30,3027,Corporate Bonds
1576436,2026-10-04T00:30:50.245+05:30,2849,Corporate Bonds
2236755,2026-10-07T17:55:59.059+05:30,2941,Corporate Bonds
2102733,2026-10-06T22:41:47.131+05:30,2930,Corporate Bonds
1364078,2026-10-06T21:58:01.35+05:30,2907,Corporate Bonds
2149332,2026-10-05T14:01:35.523+05:30,2881,Corporate Bonds
1848920,2026-10-02T14:20:57.992+05:30,2840,Corporate Bonds
1499888,2026-10-03T13:44:24.266+05:30,2868,Corporate Bonds
2225599,2026-10-04T14:48:54.524+05:30,2982,Corporate Bonds
1973556,2026-10-05T11:08:57.466+05:30,2964,Corporate Bonds
1444924,2026-10-02T15:57:22.064+05:30,2833,Corporate Bonds
1767573,2026-10-03T10:54:38.112+05:30,2895,Corporate Bonds
2085349,2026-10-05T14:24:49.897+05:30,2883,Corporate Bonds
2070884,2026-10-02T13:48:24.849+05:30,2849,Corporate Bonds
926885,2026-10-07T19:54:22.333+05:30,3044,Corporate Bonds
1597480,2026-10-01T19:22:12.363+05:30,2883,Corporate Bonds
989101,2026-10-07T07:30:55.283+05:30,2881,Corporate Bonds
1143168,2026-10-02T06:21:32.688+05:30,3027,Corporate Bonds
1342570,2026-10-02T23:23:05.476+05:30,2947,Corporate Bonds
1516375,2026-10-06T18:17:40.373+05:30,2930,Corporate Bonds
1432460,2026-10-06T09:53:17.111+05:30,3040,Corporate Bonds
797558,2026-10-05T07:22:39.078+05:30,2868,Corporate Bonds
841170,2026-10-01T09:25:56.716+05:30,2849,Corporate Bonds
1710872,2026-10-06T12:00:35.529+05:30,2964,Corporate Bonds
1749483,2026-10-06T12:09:04.343+05:30,2874,Corporate Bonds
2231239,2026-10-04T16:08:25.69+05:30,2907,Corporate Bonds
2228550,2026-10-02T20:28:18.451+05:30,2431,Corporate Bonds
2230457,2026-10-06T12:09:02.607+05:30,2881,Corporate Bonds
989163,2026-10-05T09:48:19.577+05:30,3027,Corporate Bonds
1334765,2026-10-01T03:30:44.743+05:30,2849,Corporate Bonds
2217136,2026-10-04T07:35:41.722+05:30,2769,Corporate Bonds
1611365,2026-10-06T22:29:51.861+05:30,2842,Corporate Bonds
2182553,2026-10-05T04:29:32.491+05:30,2902,Corporate Bonds
1870334,2026-10-05T19:13:53.034+05:30,3027,Corporate Bonds
2111230,2026-10-01T16:55:00.758+05:30,3014,Corporate Bonds
577213,2026-10-07T22:47:47.934+05:30,2604,Corporate Bonds
1096524,2026-10-07T13:01:19.7+05:30,3045,Corporate Bonds
921246,2026-10-05T04:47:34.045+05:30,3027,Corporate Bonds
2133342,2026-10-07T11:34:57.876+05:30,2842,Corporate Bonds
1330738,2026-10-07T12:42:41.279+05:30,3044,Corporate Bonds
2225248,2026-10-07T20:22:46.278+05:30,1239,High Yield FDs
780284,2026-10-01T09:56:03.951+05:30,2964,Corporate Bonds
673690,2026-10-07T16:38:11.717+05:30,2955,Corporate Bonds
1576436,2026-10-04T00:31:20.443+05:30,3027,Corporate Bonds
1973556,2026-10-01T11:20:02.609+05:30,2874,Corporate Bonds
2058395,2026-10-05T16:17:44.15+05:30,2895,Corporate Bonds
521581,2026-10-02T16:59:21.846+05:30,2431,Corporate Bonds
1375700,2026-10-01T14:39:52.677+05:30,2881,Corporate Bonds
640039,2026-10-01T14:10:30.947+05:30,3027,Corporate Bonds
278598,2026-10-02T12:08:41.098+05:30,2887,Corporate Bonds
779807,2026-10-03T22:38:45.093+05:30,1095,High Yield FDs
2231517,2026-10-07T17:33:37.877+05:30,2881,Corporate Bonds
1246385,2026-10-03T06:29:46.421+05:30,2981,Corporate Bonds
378376,2026-10-05T12:08:48.952+05:30,2842,Corporate Bonds
1961958,2026-10-01T10:15:27.311+05:30,1873,Corporate Bonds
2149434,2026-10-01T08:33:01.114+05:30,2849,Corporate Bonds
976702,2026-10-07T13:42:21.877+05:30,2849,Corporate Bonds
216279,2026-10-05T04:22:42.752+05:30,2849,Corporate Bonds
1419432,2026-10-01T10:12:29.575+05:30,2431,Corporate Bonds
2181544,2026-10-02T12:08:00.531+05:30,3024,Corporate Bonds
1668039,2026-10-01T16:15:42.439+05:30,2881,Corporate Bonds
2200583,2026-10-05T22:11:36.29+05:30,2872,Corporate Bonds
1779274,2026-10-02T19:15:03.578+05:30,2881,Corporate Bonds
519043,2026-10-07T16:22:33.573+05:30,2830,Corporate Bonds
1962144,2026-10-05T15:33:16.124+05:30,2947,Corporate Bonds
2152753,2026-10-05T18:44:09.174+05:30,2941,Corporate Bonds
1617252,2026-10-02T22:08:16.437+05:30,2909,Corporate Bonds
878533,2026-10-04T08:31:41.064+05:30,2881,Corporate Bonds
1516733,2026-10-04T08:11:59.37+05:30,2849,Corporate Bonds
2225778,2026-10-01T11:52:04.292+05:30,2881,Corporate Bonds
2112501,2026-10-04T15:22:00.688+05:30,3040,Corporate Bonds
1698198,2026-10-06T19:19:00.301+05:30,3044,Corporate Bonds
2210705,2026-10-03T13:41:05.86+05:30,3027,Corporate Bonds
1182684,2026-10-01T12:01:05.178+05:30,3027,Corporate Bonds
28007,2026-10-06T17:16:06.456+05:30,2840,Corporate Bonds
948085,2026-10-05T06:52:47.925+05:30,2895,Corporate Bonds
1645496,2026-10-05T21:42:38.813+05:30,2858,Corporate Bonds
2111125,2026-10-07T09:01:27.087+05:30,3027,Corporate Bonds
899821,2026-10-01T10:02:58.729+05:30,3014,Corporate Bonds
865015,2026-10-04T20:33:11.731+05:30,2626,Corporate Bonds
1316091,2026-10-01T21:03:21.012+05:30,1239,High Yield FDs
744069,2026-10-03T18:17:32.602+05:30,1292,High Yield FDs
2226632,2026-10-01T20:02:57.094+05:30,2881,Corporate Bonds
2031924,2026-10-05T06:42:10.648+05:30,2849,Corporate Bonds
2229126,2026-10-04T11:19:07.205+05:30,2982,Corporate Bonds
1973347,2026-10-01T22:52:06.833+05:30,3027,Corporate Bonds
1289222,2026-10-05T16:22:09.631+05:30,2644,Securitized Debt Instruments
343212,2026-10-04T13:31:02.91+05:30,2982,Corporate Bonds
2226471,2026-10-03T06:56:13.643+05:30,3026,Corporate Bonds
1736133,2026-10-02T19:11:57.759+05:30,2982,Corporate Bonds
1779542,2026-10-01T22:38:44.631+05:30,2982,Corporate Bonds
1261171,2026-10-02T17:27:34.544+05:30,2895,Corporate Bonds
1565463,2026-10-04T12:33:20.928+05:30,2964,Corporate Bonds
1981878,2026-10-07T00:04:48.316+05:30,2842,Corporate Bonds
1729416,2026-10-01T10:47:13.693+05:30,2849,Corporate Bonds
1189098,2026-10-04T10:02:53.432+05:30,2843,Corporate Bonds
579967,2026-10-03T03:34:11.362+05:30,2849,Corporate Bonds
1327932,2026-10-06T21:09:46.85+05:30,2881,Corporate Bonds
2229316,2026-10-03T11:16:24.864+05:30,2895,Corporate Bonds
1401541,2026-10-05T07:29:03.112+05:30,2955,Corporate Bonds
1668544,2026-10-01T10:50:04.077+05:30,3014,Corporate Bonds
1793525,2026-10-05T14:27:51.192+05:30,2883,Corporate Bonds
1591613,2026-10-01T18:26:31.315+05:30,3014,Corporate Bonds
41077,2026-10-05T10:29:05.554+05:30,2794,Corporate Bonds
1004599,2026-10-02T15:30:51.84+05:30,2981,Corporate Bonds
520614,2026-10-01T21:39:36.202+05:30,2883,Corporate Bonds
2201253,2026-10-06T15:01:37.71+05:30,2981,Corporate Bonds
2107139,2026-10-07T20:24:06.666+05:30,3044,Corporate Bonds
1655116,2026-10-03T18:16:34.191+05:30,3027,Corporate Bonds
2187019,2026-10-05T09:54:55.368+05:30,2781,Corporate Bonds
2220951,2026-10-05T14:00:14.5+05:30,2964,Corporate Bonds
1431758,2026-10-07T11:24:56.577+05:30,3044,Corporate Bonds
1433441,2026-10-07T18:55:16.238+05:30,3027,Corporate Bonds
1091020,2026-10-05T06:43:49.387+05:30,3026,Corporate Bonds
878883,2026-10-03T12:16:08.838+05:30,2849,Corporate Bonds
2228776,2026-10-03T13:20:46.73+05:30,2982,Corporate Bonds
1020551,2026-10-04T10:39:36.728+05:30,2767,Corporate Bonds
1340974,2026-10-02T20:55:57.115+05:30,2812,Corporate Bonds
2229096,2026-10-03T18:00:24.197+05:30,2918,Corporate Bonds
2208883,2026-10-06T11:24:31.624+05:30,2781,Corporate Bonds
1548371,2026-10-07T11:23:47.848+05:30,3044,Corporate Bonds
2228379,2026-10-02T18:31:39.007+05:30,2982,Corporate Bonds
2224074,2026-10-01T10:55:05.768+05:30,2881,Corporate Bonds
632640,2026-10-07T22:14:07.055+05:30,3045,Corporate Bonds
1482212,2026-10-07T08:27:09.313+05:30,3044,Corporate Bonds
2216110,2026-10-06T08:43:09.195+05:30,2842,Corporate Bonds
255093,2026-10-01T13:56:13.603+05:30,1239,High Yield FDs
1871295,2026-10-06T11:16:09.458+05:30,2941,Corporate Bonds
2231118,2026-10-04T13:18:47.503+05:30,2955,Corporate Bonds
249719,2026-10-02T09:50:59.693+05:30,3025,Corporate Bonds
403572,2026-10-02T13:39:31.243+05:30,2906,Corporate Bonds
2207991,2026-10-03T12:38:02.202+05:30,1239,High Yield FDs
110037,2026-10-07T21:04:43.869+05:30,3044,Corporate Bonds
1043114,2026-10-01T18:16:16.557+05:30,2982,Corporate Bonds
2213417,2026-10-01T17:00:48.968+05:30,2830,Corporate Bonds
2176964,2026-10-01T23:20:12.228+05:30,2981,Corporate Bonds
2206887,2026-10-06T20:49:03.712+05:30,2729,Mutual Funds
2172200,2026-10-05T20:23:30.819+05:30,1292,High Yield FDs
491656,2026-10-02T13:35:40.673+05:30,2981,Corporate Bonds
2220360,2026-10-04T09:48:54.576+05:30,2954,Corporate Bonds
1755273,2026-10-01T15:44:46.802+05:30,2026,Corporate Bonds
2052116,2026-10-05T16:09:47.797+05:30,2981,Corporate Bonds
1357629,2026-10-02T11:01:07.646+05:30,2981,Corporate Bonds
1076819,2026-10-04T18:47:48.775+05:30,2902,Corporate Bonds
424679,2026-10-01T14:30:06.647+05:30,3027,Corporate Bonds
1827212,2026-10-07T18:02:29.489+05:30,3040,Corporate Bonds
1432460,2026-10-06T15:06:08.13+05:30,3027,Corporate Bonds
2225577,2026-10-01T10:12:20.071+05:30,3014,Corporate Bonds
2022952,2026-10-04T22:39:15.817+05:30,2881,Corporate Bonds
198671,2026-10-06T02:27:25.948+05:30,2918,Corporate Bonds
2229431,2026-10-07T16:25:01.729+05:30,2907,Corporate Bonds
1565714,2026-10-07T18:08:25.411+05:30,3045,Corporate Bonds
1511457,2026-10-01T15:31:55.211+05:30,2843,Corporate Bonds
1565387,2026-10-06T13:19:58.209+05:30,2992,Corporate Bonds
46908,2026-10-01T16:26:30.475+05:30,2881,Corporate Bonds
1894174,2026-10-04T17:42:36.838+05:30,2993,XCase
944593,2026-10-04T05:52:57.119+05:30,2922,Corporate Bonds
1887949,2026-10-02T00:09:36.848+05:30,2100,Corporate Bonds
1263550,2026-10-04T20:57:35.793+05:30,2849,Corporate Bonds
1140857,2026-10-02T17:07:15.957+05:30,3027,Corporate Bonds
1112161,2026-10-01T09:33:43.319+05:30,2992,Corporate Bonds
2226869,2026-10-01T22:07:22.668+05:30,2982,Corporate Bonds
2062220,2026-10-05T16:13:35.12+05:30,3000,Corporate Bonds
2223788,2026-10-07T15:17:12.187+05:30,2872,Corporate Bonds
1923050,2026-10-01T10:43:14.648+05:30,2857,Corporate Bonds
2077616,2026-10-03T13:06:32.693+05:30,2982,Corporate Bonds
1553294,2026-10-02T20:14:15.987+05:30,2982,Corporate Bonds
949949,2026-10-07T22:36:06.831+05:30,3044,Corporate Bonds
2160993,2026-10-02T13:30:31.118+05:30,2955,Corporate Bonds
1248990,2026-10-05T20:54:50.544+05:30,2955,Corporate Bonds
843051,2026-10-06T20:10:31.607+05:30,1239,High Yield FDs
2224172,2026-10-01T11:26:57.68+05:30,2930,Corporate Bonds
1937308,2026-10-05T20:36:23.294+05:30,2872,Corporate Bonds
733236,2026-10-06T07:53:04.375+05:30,1095,High Yield FDs
1437754,2026-10-01T10:46:20.414+05:30,2849,Corporate Bonds
446432,2026-10-01T09:19:26.882+05:30,2981,Corporate Bonds
2219271,2026-10-01T13:30:32.849+05:30,2849,Corporate Bonds
1917120,2026-10-06T12:22:52.683+05:30,2981,Corporate Bonds
2222267,2026-10-02T10:14:29.105+05:30,2781,Corporate Bonds
1280703,2026-10-06T08:47:37.08+05:30,3027,Corporate Bonds
2127325,2026-10-03T12:16:05.886+05:30,2909,Corporate Bonds
1616237,2026-10-02T08:40:00.503+05:30,2881,Corporate Bonds
1135982,2026-10-06T16:19:29.092+05:30,2981,Corporate Bonds
2213999,2026-10-01T10:19:33.286+05:30,1292,High Yield FDs
2233740,2026-10-06T09:43:06.961+05:30,2868,Corporate Bonds
1315916,2026-10-02T08:28:11.688+05:30,3040,Corporate Bonds
220617,2026-10-05T15:01:21.108+05:30,1239,High Yield FDs
2224172,2026-10-01T11:37:28.517+05:30,3027,Corporate Bonds
1736133,2026-10-03T19:54:29.052+05:30,2982,Corporate Bonds
805501,2026-10-01T21:43:57.462+05:30,2881,Corporate Bonds
1516030,2026-10-05T08:04:35.642+05:30,2849,Corporate Bonds
797558,2026-10-07T07:35:00.77+05:30,2868,Corporate Bonds
1077175,2026-10-01T20:34:46.993+05:30,3027,Corporate Bonds
1891772,2026-10-05T11:10:43.97+05:30,2918,Corporate Bonds
1062210,2026-10-04T23:33:57.441+05:30,2849,Corporate Bonds
2226915,2026-10-01T22:44:42.839+05:30,1873,Corporate Bonds
1558182,2026-10-01T12:09:13.114+05:30,2874,Corporate Bonds
2210705,2026-10-03T13:40:25.349+05:30,3027,Corporate Bonds
1137737,2026-10-01T16:48:57.46+05:30,2981,Corporate Bonds
384997,2026-10-01T23:45:05.324+05:30,2955,Corporate Bonds
2174871,2026-10-05T18:25:56.118+05:30,3027,Corporate Bonds
1126771,2026-10-01T21:18:30.558+05:30,3040,Corporate Bonds
150972,2026-10-06T11:16:15.477+05:30,2930,Corporate Bonds
1817707,2026-10-02T09:04:23.45+05:30,2910,Corporate Bonds
514087,2026-10-05T10:57:46.458+05:30,3026,Corporate Bonds
1054583,2026-10-04T21:31:01.98+05:30,2895,Corporate Bonds
2099455,2026-10-04T20:58:47.241+05:30,2982,Corporate Bonds
315600,2026-10-04T15:47:40.118+05:30,2930,Corporate Bonds
1574340,2026-10-04T13:21:48.335+05:30,2849,Corporate Bonds
1775974,2026-10-01T18:59:48.399+05:30,1685,Corporate Bonds
2095043,2026-10-07T09:29:29.898+05:30,2941,Corporate Bonds
1611365,2026-10-06T22:32:37.779+05:30,2895,Corporate Bonds
2095901,2026-10-05T12:30:38.042+05:30,2881,Corporate Bonds
2223514,2026-10-05T16:11:25.111+05:30,2644,Securitized Debt Instruments
2077274,2026-10-03T09:42:04.215+05:30,2311,Corporate Bonds
63755,2026-10-07T16:14:00.06+05:30,2925,Corporate Bonds
846638,2026-10-01T12:02:31.392+05:30,3027,Corporate Bonds
1713037,2026-10-01T10:20:20.16+05:30,3027,Corporate Bonds
1455044,2026-10-06T20:29:11.35+05:30,3027,Corporate Bonds
1009400,2026-10-05T21:13:40.24+05:30,2883,Corporate Bonds
862671,2026-10-04T01:15:05.158+05:30,2887,Corporate Bonds
643094,2026-10-01T11:11:20.011+05:30,3027,Corporate Bonds
2231128,2026-10-04T13:56:45.795+05:30,2982,Corporate Bonds
2228887,2026-10-03T01:21:06.716+05:30,2982,Corporate Bonds
696328,2026-10-05T10:43:33.932+05:30,3027,Corporate Bonds
1749208,2026-10-06T11:40:45.241+05:30,2982,Corporate Bonds
1605770,2026-10-06T10:07:52.725+05:30,2981,Corporate Bonds
1538855,2026-10-02T14:15:31.609+05:30,2982,Corporate Bonds
278201,2026-10-02T10:51:12.484+05:30,2982,Corporate Bonds
1330738,2026-10-05T17:19:01.487+05:30,2941,Corporate Bonds
1509307,2026-10-07T20:11:56.092+05:30,2826,Corporate Bonds
1152191,2026-10-06T08:08:06.988+05:30,2881,Corporate Bonds
801567,2026-10-02T21:34:10.852+05:30,3027,Corporate Bonds
1865812,2026-10-07T13:54:36.04+05:30,3044,Corporate Bonds
2153153,2026-10-01T10:11:19.586+05:30,2412,Corporate Bonds
2231942,2026-10-04T22:24:57.262+05:30,2955,Corporate Bonds
1053969,2026-10-07T12:16:02.719+05:30,2969,XCase
872218,2026-10-06T11:01:21.154+05:30,2887,Corporate Bonds
331804,2026-10-07T00:05:45.021+05:30,3027,Corporate Bonds
2212206,2026-10-04T11:46:22.254+05:30,2412,Corporate Bonds
1149267,2026-10-07T07:16:52.854+05:30,2907,Corporate Bonds
330396,2026-10-05T09:12:49.874+05:30,2930,Corporate Bonds
1812181,2026-10-07T17:47:43.59+05:30,3040,Corporate Bonds
1554872,2026-10-01T07:20:41.913+05:30,2703,Corporate Bonds
2210047,2026-10-06T11:16:40.395+05:30,2902,Corporate Bonds
889008,2026-10-05T09:03:02.914+05:30,2849,Corporate Bonds
2195793,2026-10-04T16:16:50.103+05:30,3027,Corporate Bonds
2227071,2026-10-02T14:56:39.919+05:30,3025,Corporate Bonds
392542,2026-10-02T11:57:17.773+05:30,2872,Corporate Bonds
1951703,2026-10-06T10:49:31.814+05:30,2930,Corporate Bonds
2072068,2026-10-02T19:49:29.722+05:30,3026,Corporate Bonds
2085132,2026-10-07T22:18:40.961+05:30,2993,XCase
2231625,2026-10-04T18:50:39.775+05:30,2881,Corporate Bonds
524573,2026-10-02T14:06:13.887+05:30,2433,Corporate Bonds
1263550,2026-10-05T02:07:37.213+05:30,2769,Corporate Bonds
1169373,2026-10-03T02:22:33.123+05:30,2981,Corporate Bonds
1365679,2026-10-01T10:43:20.294+05:30,2767,Corporate Bonds
227792,2026-10-05T19:35:36.359+05:30,3040,Corporate Bonds
538143,2026-10-07T07:39:41.353+05:30,3040,Corporate Bonds
2091515,2026-10-07T08:27:08.519+05:30,3040,Corporate Bonds
1498613,2026-10-05T20:05:11.32+05:30,2941,Corporate Bonds
1382681,2026-10-05T15:45:11.089+05:30,3040,Corporate Bonds
465763,2026-10-06T16:38:21.013+05:30,2883,Corporate Bonds
2225599,2026-10-01T08:14:51.426+05:30,2941,Corporate Bonds
2225385,2026-10-06T12:48:51.276+05:30,3027,Corporate Bonds
2236022,2026-10-07T11:15:53.26+05:30,2908,Corporate Bonds
2162350,2026-10-02T22:06:16.52+05:30,2982,Corporate Bonds
1077175,2026-10-01T20:31:39.473+05:30,3027,Corporate Bonds
468335,2026-10-06T11:31:53.823+05:30,2769,Corporate Bonds
2213679,2026-10-02T13:11:52.333+05:30,2918,Corporate Bonds
2058395,2026-10-05T16:38:55.709+05:30,2981,Corporate Bonds
2235490,2026-10-07T17:46:07.328+05:30,2849,Corporate Bonds
2110656,2026-10-03T18:00:32.672+05:30,3026,Corporate Bonds
244510,2026-10-07T10:23:25.397+05:30,2769,Corporate Bonds
489173,2026-10-06T12:41:22.782+05:30,3027,Corporate Bonds
2041392,2026-10-06T12:41:15.348+05:30,2982,Corporate Bonds
1458747,2026-10-01T09:40:03.785+05:30,3027,Corporate Bonds
2147427,2026-10-05T08:49:49.459+05:30,2849,Corporate Bonds
1749483,2026-10-06T12:12:10.179+05:30,2874,Corporate Bonds
1597838,2026-10-06T14:33:34.242+05:30,2729,Mutual Funds
2231079,2026-10-05T13:48:40.621+05:30,2431,Corporate Bonds
939987,2026-10-06T22:14:41.137+05:30,1239,High Yield FDs
1302869,2026-10-05T00:01:20.86+05:30,2957,Corporate Bonds
1762784,2026-10-06T06:33:14.872+05:30,2769,Corporate Bonds
1606016,2026-10-06T09:30:58.385+05:30,2930,Corporate Bonds
1066725,2026-10-01T03:08:55.439+05:30,2873,XCase
933948,2026-10-04T12:40:27.039+05:30,2930,Corporate Bonds
2051474,2026-10-07T19:54:41.739+05:30,3027,Corporate Bonds
2058395,2026-10-05T13:14:54.543+05:30,2902,Corporate Bonds
1224225,2026-10-01T20:51:54.664+05:30,2300,Corporate Bonds
2224206,2026-10-07T15:45:44.5+05:30,2849,Corporate Bonds
2178193,2026-10-02T16:06:57.31+05:30,2930,Corporate Bonds
2233034,2026-10-05T16:34:53.101+05:30,2881,Corporate Bonds
805083,2026-10-04T10:58:53.082+05:30,1292,High Yield FDs
1173613,2026-10-01T18:44:14.613+05:30,3040,Corporate Bonds
1879798,2026-10-02T21:43:13.053+05:30,2887,Corporate Bonds
1908486,2026-10-01T23:34:52.501+05:30,3027,Corporate Bonds
1262735,2026-10-06T18:54:23.907+05:30,2982,Corporate Bonds
1302869,2026-10-04T20:06:16.324+05:30,2992,Corporate Bonds
1107069,2026-10-07T12:46:46.304+05:30,2849,Corporate Bonds
1525926,2026-10-07T00:53:50.565+05:30,2842,Corporate Bonds
1926756,2026-10-01T19:48:07.236+05:30,2881,Corporate Bonds
1266788,2026-10-02T23:12:09.518+05:30,2880,Corporate Bonds
2212405,2026-10-03T03:12:12.324+05:30,2729,Mutual Funds
352,2026-10-03T12:10:25.021+05:30,3027,Corporate Bonds
1236356,2026-10-01T10:51:52.69+05:30,2883,Corporate Bonds
48948,2026-10-01T22:37:19.134+05:30,2553,Corporate Bonds
1051159,2026-10-01T23:50:43.118+05:30,2412,Corporate Bonds
1924378,2026-10-05T20:29:48.842+05:30,2981,Corporate Bonds
1346383,2026-10-05T21:59:33.32+05:30,2881,Corporate Bonds
1500382,2026-10-02T12:34:06.608+05:30,1873,Corporate Bonds
2111718,2026-10-01T11:06:27.535+05:30,3025,Corporate Bonds
1208344,2026-10-01T17:10:12.55+05:30,3027,Corporate Bonds
1173381,2026-10-05T20:06:03.777+05:30,3027,Corporate Bonds
1936895,2026-10-02T22:11:27.764+05:30,2981,Corporate Bonds
936925,2026-10-05T23:19:01.441+05:30,2918,Corporate Bonds
2235782,2026-10-07T10:59:33.154+05:30,2982,Corporate Bonds
1014051,2026-10-01T17:11:39.629+05:30,3027,Corporate Bonds
2219254,2026-10-06T16:06:03.821+05:30,2863,Corporate Bonds
2220165,2026-10-06T21:00:10.917+05:30,2919,Corporate Bonds
1603310,2026-10-05T12:19:16.019+05:30,2868,Corporate Bonds
1684571,2026-10-06T23:11:22.578+05:30,3044,Corporate Bonds
997744,2026-10-06T08:13:25.788+05:30,2883,Corporate Bonds
2075089,2026-10-01T18:17:06.021+05:30,2431,Corporate Bonds
2200558,2026-10-04T13:42:48.875+05:30,2982,Corporate Bonds
1069312,2026-10-06T09:41:58.538+05:30,2900,Corporate Bonds
443854,2026-10-05T15:35:38.789+05:30,2881,Corporate Bonds
2208930,2026-10-03T16:20:05.019+05:30,3026,Corporate Bonds
2176288,2026-10-01T11:31:20.151+05:30,1292,High Yield FDs
1256334,2026-10-05T10:45:26.895+05:30,2993,XCase
1568383,2026-10-01T11:42:07.051+05:30,2981,Corporate Bonds
2113649,2026-10-01T12:19:47.82+05:30,2849,Corporate Bonds
949526,2026-10-06T08:49:51.264+05:30,2881,Corporate Bonds
1996804,2026-10-03T10:57:51.509+05:30,2879,Corporate Bonds
2183413,2026-10-06T07:55:30.016+05:30,2644,Securitized Debt Instruments
2228573,2026-10-02T21:08:03.12+05:30,2781,Corporate Bonds
1672211,2026-10-05T10:17:53.876+05:30,2849,Corporate Bonds
1671757,2026-10-05T17:43:24.311+05:30,2767,Corporate Bonds
1005483,2026-10-04T14:38:34.944+05:30,2922,Corporate Bonds
2224523,2026-10-01T14:23:51.481+05:30,2941,Corporate Bonds
264162,2026-10-04T17:40:10.759+05:30,2982,Corporate Bonds
2082343,2026-10-02T05:46:57.037+05:30,2969,XCase
529623,2026-10-06T16:23:24.472+05:30,2930,Corporate Bonds
1886212,2026-10-05T21:13:22.46+05:30,3040,Corporate Bonds
986980,2026-10-06T14:49:33.348+05:30,2902,Corporate Bonds
2117382,2026-10-07T23:10:07.355+05:30,3045,Corporate Bonds
1235896,2026-10-07T22:07:22.801+05:30,3045,Corporate Bonds
713869,2026-10-01T11:29:08.221+05:30,2955,Corporate Bonds
2184342,2026-10-01T11:35:19.907+05:30,2982,Corporate Bonds
491191,2026-10-03T00:16:18.996+05:30,2982,Corporate Bonds
2223990,2026-10-05T10:48:32.24+05:30,2955,Corporate Bonds
1052127,2026-10-04T09:52:24.712+05:30,2849,Corporate Bonds
1055614,2026-10-06T13:22:15.81+05:30,2895,Corporate Bonds
979749,2026-10-05T19:56:45.113+05:30,2902,Corporate Bonds
2082992,2026-10-04T10:12:49.379+05:30,2849,Corporate Bonds
1268698,2026-10-01T09:29:06.716+05:30,2840,Corporate Bonds
2183894,2026-10-07T21:30:56.951+05:30,2849,Corporate Bonds
259589,2026-10-05T11:42:43.76+05:30,2881,Corporate Bonds
890093,2026-10-04T20:09:34.173+05:30,3040,Corporate Bonds
2225869,2026-10-01T12:01:16.333+05:30,3027,Corporate Bonds
2192778,2026-10-05T16:30:59.534+05:30,2881,Corporate Bonds
210787,2026-10-02T15:43:51.419+05:30,1095,High Yield FDs
461559,2026-10-06T20:59:31.225+05:30,1239,High Yield FDs
1568122,2026-10-02T21:36:54.1+05:30,2849,Corporate Bonds
2195367,2026-10-01T19:50:09.81+05:30,2799,Corporate Bonds
2138731,2026-10-03T17:29:43.614+05:30,2981,Corporate Bonds
2111125,2026-10-02T21:04:29.673+05:30,2311,Corporate Bonds
1958324,2026-10-03T09:47:46.551+05:30,2752,Corporate Bonds
2138404,2026-10-01T09:16:39.587+05:30,2997,Corporate Bonds
1170846,2026-10-07T23:07:52.834+05:30,2881,Corporate Bonds
540506,2026-10-01T13:04:10.315+05:30,2026,Corporate Bonds
2116723,2026-10-01T20:15:19.359+05:30,2740,Corporate Bonds
2230185,2026-10-03T21:38:04.421+05:30,2982,Corporate Bonds
1870923,2026-10-03T19:34:54.987+05:30,2769,Corporate Bonds
1884286,2026-10-03T13:27:35.063+05:30,2930,Corporate Bonds
1235348,2026-10-07T18:40:37.229+05:30,2849,Corporate Bonds
2145347,2026-10-03T12:24:18.244+05:30,1292,High Yield FDs
2143139,2026-10-02T09:24:05.272+05:30,3026,Corporate Bonds
1778969,2026-10-03T13:55:07.915+05:30,2918,Corporate Bonds
2225385,2026-10-06T12:52:47.094+05:30,3040,Corporate Bonds
2091515,2026-10-06T19:59:35.47+05:30,2930,Corporate Bonds
1269107,2026-10-01T11:26:53.665+05:30,3027,Corporate Bonds
2232064,2026-10-05T21:23:09.203+05:30,1239,High Yield FDs
1038861,2026-10-01T10:52:59.805+05:30,2883,Corporate Bonds
2206412,2026-10-02T13:12:27.565+05:30,2864,Corporate Bonds
333586,2026-10-07T19:49:14.377+05:30,2955,Corporate Bonds
1728963,2026-10-06T16:27:33.51+05:30,2981,Corporate Bonds
2232447,2026-10-05T15:36:11.967+05:30,2982,Corporate Bonds
1488582,2026-10-06T19:56:56.654+05:30,3044,Corporate Bonds
899359,2026-10-01T18:29:48.771+05:30,2433,Corporate Bonds
1642088,2026-10-02T11:14:14.378+05:30,2643,Securitized Debt Instruments
2229701,2026-10-03T15:29:54.868+05:30,2849,Corporate Bonds
1973827,2026-10-03T06:32:16.864+05:30,2781,Corporate Bonds
2068503,2026-10-05T13:43:34.336+05:30,2752,Corporate Bonds
673481,2026-10-06T14:02:43.789+05:30,2930,Corporate Bonds
2226425,2026-10-01T23:08:33.27+05:30,2433,Corporate Bonds
2081264,2026-10-02T13:57:00.434+05:30,2594,Corporate Bonds
603523,2026-10-02T19:21:45.047+05:30,2902,Corporate Bonds
673481,2026-10-07T13:35:36.18+05:30,2964,Corporate Bonds
2229078,2026-10-05T15:41:00.068+05:30,2955,Corporate Bonds
1554939,2026-10-01T19:52:31.458+05:30,3040,Corporate Bonds
1439096,2026-10-02T10:12:26.432+05:30,2955,Corporate Bonds
2062494,2026-10-05T17:58:25.656+05:30,2872,Corporate Bonds
1424837,2026-10-02T17:21:09.893+05:30,1292,High Yield FDs
517695,2026-10-01T11:03:22.233+05:30,2902,Corporate Bonds
2180446,2026-10-06T20:12:56.714+05:30,3044,Corporate Bonds
1257471,2026-10-02T10:29:34.215+05:30,2849,Corporate Bonds
1491321,2026-10-05T02:23:43.286+05:30,2906,Corporate Bonds
2193399,2026-10-05T11:01:19.878+05:30,1096,High Yield FDs
1081333,2026-10-03T20:50:22.519+05:30,2957,Corporate Bonds
2085349,2026-10-05T14:24:43.519+05:30,2883,Corporate Bonds
2234322,2026-10-06T11:48:38.457+05:30,2881,Corporate Bonds
1892507,2026-10-02T11:25:42.516+05:30,2843,Corporate Bonds
1755172,2026-10-02T17:33:06.467+05:30,2930,Corporate Bonds
2220466,2026-10-04T20:01:33.698+05:30,2907,Corporate Bonds
1499812,2026-10-05T22:05:38.268+05:30,2843,Corporate Bonds
2167407,2026-10-03T13:28:26.461+05:30,1239,High Yield FDs
20111,2026-10-04T04:03:16.641+05:30,2794,Corporate Bonds
2227587,2026-10-02T14:16:41.67+05:30,2918,Corporate Bonds
951531,2026-10-03T12:59:08.522+05:30,2955,Corporate Bonds
1959368,2026-10-07T23:25:55.837+05:30,3044,Corporate Bonds
1001804,2026-10-01T11:56:40.625+05:30,3040,Corporate Bonds
1508804,2026-10-06T14:12:45.618+05:30,2964,Corporate Bonds
2016916,2026-10-01T23:36:13.708+05:30,2883,Corporate Bonds
1537123,2026-10-07T11:42:28.643+05:30,2842,Corporate Bonds
909963,2026-10-06T12:57:38.541+05:30,2930,Corporate Bonds
1928861,2026-10-06T00:31:43.149+05:30,2842,Corporate Bonds
1187840,2026-10-01T06:21:35.219+05:30,2918,Corporate Bonds
1368386,2026-10-07T10:42:49.144+05:30,2812,Corporate Bonds
22293,2026-10-03T09:09:29.479+05:30,2982,Corporate Bonds
2067384,2026-10-06T14:45:13.306+05:30,2881,Corporate Bonds
2063752,2026-10-01T11:10:11.727+05:30,2026,Corporate Bonds
1739493,2026-10-01T10:44:03.265+05:30,2026,Corporate Bonds
1036480,2026-10-07T00:56:37.239+05:30,3027,Corporate Bonds
2234883,2026-10-07T11:41:26.349+05:30,3044,Corporate Bonds
1049287,2026-10-04T17:09:35.113+05:30,2626,Corporate Bonds
2074067,2026-10-05T22:40:24.901+05:30,2930,Corporate Bonds
2236145,2026-10-07T13:09:06.176+05:30,2840,Corporate Bonds
1366465,2026-10-04T09:58:47.373+05:30,2895,Corporate Bonds
2235728,2026-10-07T07:58:23.526+05:30,2907,Corporate Bonds
409478,2026-10-01T11:54:40.509+05:30,2964,Corporate Bonds
1277673,2026-10-03T22:44:51.987+05:30,2930,Corporate Bonds
1687620,2026-10-03T08:54:48.087+05:30,2842,Corporate Bonds
1514346,2026-10-04T21:48:58.114+05:30,2964,Corporate Bonds
1224225,2026-10-01T20:52:49.655+05:30,2300,Corporate Bonds
1661912,2026-10-04T10:55:47.521+05:30,2964,Corporate Bonds
897511,2026-10-06T13:58:19.866+05:30,3027,Corporate Bonds
1198789,2026-10-07T20:43:28.245+05:30,3044,Corporate Bonds
280065,2026-10-05T22:46:42.165+05:30,2981,Corporate Bonds
2037658,2026-10-06T15:05:49.318+05:30,2769,Corporate Bonds
622570,2026-10-06T12:47:44.04+05:30,2874,Corporate Bonds
2231832,2026-10-04T22:10:21.925+05:30,2895,Corporate Bonds
1321518,2026-10-01T18:15:33.91+05:30,1239,High Yield FDs
2218526,2026-10-04T08:38:04.111+05:30,2830,Corporate Bonds
1965130,2026-10-07T22:17:38.125+05:30,3045,Corporate Bonds
,2026-10-06T09:14:09.988+05:30,2729,Mutual Funds
936736,2026-10-03T18:10:51.42+05:30,2981,Corporate Bonds
1872766,2026-10-01T11:09:11.824+05:30,3027,Corporate Bonds
1572266,2026-10-03T23:17:59.347+05:30,2895,Corporate Bonds
1813132,2026-10-01T21:36:37.727+05:30,2955,Corporate Bonds
2189707,2026-10-04T09:08:42.599+05:30,2626,Corporate Bonds
949525,2026-10-01T11:10:07.934+05:30,2849,Corporate Bonds
1352477,2026-10-01T16:48:20.937+05:30,3027,Corporate Bonds
2227494,2026-10-02T13:11:36.868+05:30,2982,Corporate Bonds
2110656,2026-10-03T17:59:43.996+05:30,3026,Corporate Bonds
1872542,2026-10-04T22:42:48.113+05:30,2840,Corporate Bonds
2034849,2026-10-03T23:28:54.709+05:30,3027,Corporate Bonds
1106062,2026-10-07T11:58:51.56+05:30,2895,Corporate Bonds
2230844,2026-10-04T11:08:39.184+05:30,2781,Corporate Bonds
2217487,2026-10-02T08:36:11.2+05:30,2833,Corporate Bonds
1865506,2026-10-04T11:26:28.148+05:30,2849,Corporate Bonds
2205166,2026-10-01T15:07:30.71+05:30,1292,High Yield FDs
1884304,2026-10-02T13:00:55.761+05:30,2964,Corporate Bonds
2227383,2026-10-02T09:53:00.514+05:30,2918,Corporate Bonds
1491643,2026-10-05T14:21:21.909+05:30,2955,Corporate Bonds
1493075,2026-10-01T15:53:20.828+05:30,3025,Corporate Bonds
2119990,2026-10-06T12:05:54.977+05:30,2981,Corporate Bonds
1289289,2026-10-05T14:36:21.449+05:30,2982,Corporate Bonds
2219254,2026-10-01T21:04:38.926+05:30,2863,Corporate Bonds
2172200,2026-10-05T22:26:54.424+05:30,1292,High Yield FDs
2228536,2026-10-02T20:30:30.401+05:30,2881,Corporate Bonds
205954,2026-10-07T13:07:11.435+05:30,3000,Corporate Bonds
2227383,2026-10-02T09:55:07.1+05:30,2881,Corporate Bonds
670384,2026-10-07T10:02:33.349+05:30,1096,High Yield FDs
1252187,2026-10-07T09:30:56.942+05:30,2895,Corporate Bonds
2133315,2026-10-01T10:48:55.255+05:30,1239,High Yield FDs
1420823,2026-10-05T10:41:34.348+05:30,2849,Corporate Bonds
1118678,2026-10-02T01:37:31.528+05:30,2981,Corporate Bonds
747991,2026-10-07T21:15:49.948+05:30,3044,Corporate Bonds
2226471,2026-10-05T23:50:56.326+05:30,3026,Corporate Bonds
210974,2026-10-07T19:52:38.794+05:30,2334,Corporate Bonds
941878,2026-10-01T23:56:34.265+05:30,2412,Corporate Bonds
800345,2026-10-04T10:57:05.875+05:30,3034,Corporate Bonds
2193399,2026-10-05T11:03:58.507+05:30,1239,High Yield FDs
2230886,2026-10-04T11:09:10.769+05:30,1095,High Yield FDs
2047784,2026-10-01T15:24:17.512+05:30,2847,Corporate Bonds
2220184,2026-10-05T14:49:26.708+05:30,3027,Corporate Bonds
2142741,2026-10-02T10:17:54.176+05:30,2981,Corporate Bonds
1558680,2026-10-06T10:50:14.314+05:30,2994,Corporate Bonds
75658,2026-10-01T18:08:02.698+05:30,2626,Corporate Bonds
2233176,2026-10-05T18:40:49.129+05:30,2881,Corporate Bonds
592229,2026-10-03T08:15:30.783+05:30,2849,Corporate Bonds
2234766,2026-10-07T09:21:30.368+05:30,1292,High Yield FDs
2184535,2026-10-07T16:53:59.274+05:30,3044,Corporate Bonds
2064970,2026-10-01T22:16:49.479+05:30,2883,Corporate Bonds
1288856,2026-10-01T00:02:42.749+05:30,2969,XCase
1055023,2026-10-01T21:46:31.552+05:30,2874,Corporate Bonds
1628784,2026-10-04T12:17:26.692+05:30,2982,Corporate Bonds
2198638,2026-10-05T14:55:20.649+05:30,2895,Corporate Bonds
465763,2026-10-07T21:21:43.352+05:30,3040,Corporate Bonds
803557,2026-10-07T15:19:16.2+05:30,2774,Corporate Bonds
1966467,2026-10-01T11:40:55.941+05:30,2981,Corporate Bonds
741774,2026-10-03T23:26:00.2+05:30,2874,Corporate Bonds
2205399,2026-10-01T13:50:13.024+05:30,2643,Securitized Debt Instruments
1118678,2026-10-01T23:44:40.61+05:30,2883,Corporate Bonds
2219737,2026-10-04T21:46:22.013+05:30,2931,Corporate Bonds
579967,2026-10-03T03:44:23.402+05:30,3025,Corporate Bonds
1778141,2026-10-01T12:54:56.7+05:30,2849,Corporate Bonds
314109,2026-10-03T22:43:54.454+05:30,2907,Corporate Bonds
591215,2026-10-05T15:23:18.561+05:30,2902,Corporate Bonds
2209540,2026-10-06T18:15:56.345+05:30,2982,Corporate Bonds
1965777,2026-10-07T21:08:03.975+05:30,3044,Corporate Bonds
2225506,2026-10-01T14:31:45.212+05:30,2982,Corporate Bonds
1736133,2026-10-02T19:11:58.963+05:30,2982,Corporate Bonds
1450407,2026-10-06T19:13:15.362+05:30,2880,Corporate Bonds
2236793,2026-10-07T18:13:21.361+05:30,2941,Corporate Bonds
1160340,2026-10-06T16:06:07.24+05:30,1292,High Yield FDs
2226145,2026-10-01T14:22:44.721+05:30,2881,Corporate Bonds
819805,2026-10-06T11:22:13.423+05:30,3040,Corporate Bonds
2088151,2026-10-01T21:15:03.858+05:30,2594,Corporate Bonds
741378,2026-10-05T13:58:32.811+05:30,2902,Corporate Bonds
2051282,2026-10-01T11:37:22.492+05:30,2955,Corporate Bonds
2181208,2026-10-06T09:24:40.603+05:30,2872,Corporate Bonds
2231649,2026-10-04T19:17:00.588+05:30,2982,Corporate Bonds
2229865,2026-10-03T17:29:01.421+05:30,2982,Corporate Bonds
2175089,2026-10-06T14:56:07.246+05:30,2981,Corporate Bonds
498448,2026-10-07T14:39:25.747+05:30,2843,Corporate Bonds
1459081,2026-10-07T09:01:13.683+05:30,3044,Corporate Bonds
2180446,2026-10-06T20:05:30.889+05:30,3044,Corporate Bonds
1980242,2026-10-03T09:53:14.032+05:30,2964,Corporate Bonds
2207673,2026-10-01T22:19:30.214+05:30,2300,Corporate Bonds
2152567,2026-10-01T11:22:27.296+05:30,2982,Corporate Bonds
2231850,2026-10-07T09:17:46.734+05:30,2849,Corporate Bonds
989311,2026-10-07T11:18:27.086+05:30,3044,Corporate Bonds
874490,2026-10-02T14:12:42.784+05:30,2981,Corporate Bonds
1890682,2026-10-07T20:30:12.084+05:30,3040,Corporate Bonds
1308233,2026-10-01T14:56:10.837+05:30,2858,Corporate Bonds
1571322,2026-10-02T20:42:37.206+05:30,2849,Corporate Bonds
1915209,2026-10-04T15:17:03.787+05:30,2930,Corporate Bonds
1170276,2026-10-05T19:47:06.35+05:30,2794,Corporate Bonds
1037759,2026-10-05T21:49:22.724+05:30,2872,Corporate Bonds
65582,2026-10-06T12:38:04.703+05:30,2907,Corporate Bonds
945322,2026-10-05T10:18:42.921+05:30,3027,Corporate Bonds
1162075,2026-10-02T20:23:38.531+05:30,2881,Corporate Bonds
1639476,2026-10-06T08:48:01.394+05:30,2902,Corporate Bonds
910059,2026-10-02T17:47:15.386+05:30,3040,Corporate Bonds
2235490,2026-10-06T23:55:22.224+05:30,3044,Corporate Bonds
2220646,2026-10-07T10:34:51.582+05:30,3044,Corporate Bonds
1747271,2026-10-04T08:33:47.779+05:30,2964,Corporate Bonds
1802190,2026-10-02T11:59:14.009+05:30,3040,Corporate Bonds
1256334,2026-10-05T10:45:40.14+05:30,2993,XCase
311160,2026-10-04T18:55:58.388+05:30,3027,Corporate Bonds
716918,2026-10-05T17:31:42.413+05:30,3027,Corporate Bonds
2158880,2026-10-01T08:18:49.491+05:30,2026,Corporate Bonds
562716,2026-10-07T14:59:14.957+05:30,1239,High Yield FDs
1872766,2026-10-03T15:14:42.929+05:30,3027,Corporate Bonds
1961958,2026-10-01T15:34:41.135+05:30,2941,Corporate Bonds
2227742,2026-10-02T13:12:36.236+05:30,2982,Corporate Bonds
1677656,2026-10-05T12:39:17.232+05:30,2902,Corporate Bonds
1736133,2026-10-03T19:54:35.329+05:30,2982,Corporate Bonds
2098953,2026-10-06T16:36:53.01+05:30,3042,Corporate Bonds
2101073,2026-10-01T08:04:12.476+05:30,2941,Corporate Bonds
1590498,2026-10-04T20:01:35.023+05:30,2930,Corporate Bonds
618487,2026-10-06T14:21:35.588+05:30,2881,Corporate Bonds
535695,2026-10-06T10:04:06.485+05:30,2969,XCase
1081333,2026-10-03T20:55:09.378+05:30,2957,Corporate Bonds
2155299,2026-10-02T12:47:10.11+05:30,2964,Corporate Bonds
2034849,2026-10-03T13:57:30.287+05:30,3027,Corporate Bonds
1677306,2026-10-03T16:14:02.594+05:30,2769,Corporate Bonds
2086082,2026-10-04T11:52:56.789+05:30,2895,Corporate Bonds
2218090,2026-10-01T20:39:00.42+05:30,1292,High Yield FDs
2230479,2026-10-04T01:13:03.804+05:30,2729,Mutual Funds
46908,2026-10-06T00:35:01.173+05:30,2881,Corporate Bonds
2062618,2026-10-01T08:38:44.948+05:30,2895,Corporate Bonds
2198638,2026-10-05T13:31:55.007+05:30,2895,Corporate Bonds
2193399,2026-10-01T18:31:37.616+05:30,1292,High Yield FDs
1852823,2026-10-03T18:28:14.368+05:30,2849,Corporate Bonds
1242147,2026-10-03T08:33:29.255+05:30,2895,Corporate Bonds
243358,2026-10-05T21:24:00.067+05:30,2769,Corporate Bonds
2216650,2026-10-04T11:36:55.925+05:30,2982,Corporate Bonds
1734432,2026-10-03T20:58:29.231+05:30,2412,Corporate Bonds
1986243,2026-10-04T20:51:13.318+05:30,2855,Corporate Bonds
1988634,2026-10-02T20:05:31.656+05:30,1095,High Yield FDs
2144972,2026-10-02T23:13:39.198+05:30,1096,High Yield FDs
568523,2026-10-01T09:43:14.093+05:30,3014,Corporate Bonds
482997,2026-10-01T12:46:16.747+05:30,3027,Corporate Bonds
2065127,2026-10-04T18:44:21.383+05:30,2902,Corporate Bonds
2230096,2026-10-03T19:55:35.471+05:30,2906,Corporate Bonds
2208883,2026-10-06T13:05:58.762+05:30,2644,Securitized Debt Instruments
822989,2026-10-03T19:31:26.619+05:30,2868,Corporate Bonds
2236582,2026-10-07T16:27:34.408+05:30,3050,Corporate Bonds
1019555,2026-10-01T20:52:03.688+05:30,2740,Corporate Bonds
841773,2026-10-07T10:54:11.637+05:30,3044,Corporate Bonds
1252599,2026-10-03T13:05:05.778+05:30,2947,Corporate Bonds
2197982,2026-10-07T10:33:10.771+05:30,3044,Corporate Bonds
2218557,2026-10-02T09:39:42.985+05:30,2982,Corporate Bonds
153708,2026-10-04T18:53:24.544+05:30,3040,Corporate Bonds
1830017,2026-10-01T12:23:27.741+05:30,2883,Corporate Bonds
2058395,2026-10-01T15:42:25.509+05:30,2964,Corporate Bonds
2067384,2026-10-05T13:27:29.955+05:30,2881,Corporate Bonds
2116723,2026-10-01T20:15:16.688+05:30,2740,Corporate Bonds
1358952,2026-10-07T13:12:24.547+05:30,3044,Corporate Bonds
1820625,2026-10-06T15:32:32.644+05:30,2794,Corporate Bonds
2119308,2026-10-05T09:25:41.657+05:30,2752,Corporate Bonds
1577927,2026-10-06T13:16:38.312+05:30,2895,Corporate Bonds
1748596,2026-10-07T12:47:03.577+05:30,3044,Corporate Bonds
2070544,2026-10-01T10:11:37.724+05:30,2729,Mutual Funds
395612,2026-10-02T13:24:19.97+05:30,2955,Corporate Bonds
1668695,2026-10-01T17:04:45.785+05:30,2858,Corporate Bonds
2071668,2026-10-06T19:32:41.565+05:30,3027,Corporate Bonds
2104333,2026-10-03T18:50:57.479+05:30,3026,Corporate Bonds
1904347,2026-10-02T20:43:07.325+05:30,2981,Corporate Bonds
173340,2026-10-05T13:07:39.422+05:30,3034,Corporate Bonds
1008765,2026-10-02T16:14:11.443+05:30,2908,Corporate Bonds
1813501,2026-10-01T10:10:39.368+05:30,2849,Corporate Bonds
1843954,2026-10-05T14:06:59.916+05:30,2881,Corporate Bonds
2231850,2026-10-06T12:54:09.453+05:30,3027,Corporate Bonds
642424,2026-10-07T17:16:03.693+05:30,3044,Corporate Bonds
1958784,2026-10-04T23:34:09.399+05:30,3027,Corporate Bonds
845808,2026-10-05T19:01:49.076+05:30,3027,Corporate Bonds
780846,2026-10-01T21:24:55.389+05:30,2872,Corporate Bonds
874310,2026-10-05T11:24:22.46+05:30,3027,Corporate Bonds
2027590,2026-10-07T18:19:24.73+05:30,3027,Corporate Bonds
1240141,2026-10-01T20:07:42.196+05:30,2883,Corporate Bonds
1668305,2026-10-07T14:19:17.795+05:30,2769,Corporate Bonds
2103964,2026-10-06T08:34:12.72+05:30,2930,Corporate Bonds
1584555,2026-10-06T12:02:14.178+05:30,2881,Corporate Bonds
1302869,2026-10-07T22:22:44.252+05:30,2925,Corporate Bonds
720373,2026-10-01T10:23:24.868+05:30,2883,Corporate Bonds
1463406,2026-10-07T23:52:58.216+05:30,3044,Corporate Bonds
1736133,2026-10-03T19:54:36.048+05:30,2982,Corporate Bonds
1165459,2026-10-01T15:33:24.092+05:30,3014,Corporate Bonds
736520,2026-10-05T18:32:05.574+05:30,3027,Corporate Bonds
1617744,2026-10-07T16:55:22.062+05:30,2930,Corporate Bonds
,2026-10-03T09:05:09.906+05:30,2849,Corporate Bonds
1510798,2026-10-01T08:23:56.153+05:30,3027,Corporate Bonds
2173299,2026-10-06T15:06:21.231+05:30,2930,Corporate Bonds
878936,2026-10-01T10:14:50.898+05:30,2883,Corporate Bonds
1895290,2026-10-04T12:04:43.749+05:30,2887,Corporate Bonds
1257219,2026-10-05T15:57:51.689+05:30,2767,Corporate Bonds
841170,2026-10-02T09:54:41.242+05:30,3040,Corporate Bonds
2120868,2026-10-01T14:00:47.631+05:30,2997,Corporate Bonds
2172546,2026-10-05T15:40:47.991+05:30,2644,Securitized Debt Instruments
823111,2026-10-06T21:28:57.617+05:30,3044,Corporate Bonds
2168538,2026-10-04T19:57:47.717+05:30,2868,Corporate Bonds
70405,2026-10-04T09:37:18.002+05:30,2842,Corporate Bonds
1611033,2026-10-03T12:57:53.631+05:30,2849,Corporate Bonds
819265,2026-10-04T09:17:30.558+05:30,2922,Corporate Bonds
2199796,2026-10-04T09:54:19.081+05:30,3026,Corporate Bonds
1289289,2026-10-03T18:27:28.204+05:30,2982,Corporate Bonds
1688635,2026-10-03T18:35:34.927+05:30,1292,High Yield FDs
1132863,2026-10-02T08:21:33.397+05:30,3040,Corporate Bonds
2197564,2026-10-07T13:47:29.984+05:30,3027,Corporate Bonds
1787756,2026-10-02T23:14:42.682+05:30,2855,Corporate Bonds
1511457,2026-10-02T12:08:00.206+05:30,3040,Corporate Bonds
2149332,2026-10-07T23:24:42.239+05:30,2881,Corporate Bonds
1762784,2026-10-07T11:24:51.169+05:30,2849,Corporate Bonds
1317043,2026-10-06T14:16:02.668+05:30,3026,Corporate Bonds
1481680,2026-10-07T18:24:20.316+05:30,3044,Corporate Bonds
2208930,2026-10-02T10:11:03.568+05:30,2864,Corporate Bonds
1943849,2026-10-04T20:11:09.72+05:30,2874,Corporate Bonds
2039971,2026-10-05T19:22:37.099+05:30,3026,Corporate Bonds
2160199,2026-10-02T12:50:21.126+05:30,3027,Corporate Bonds
2203344,2026-10-01T13:54:27.859+05:30,2941,Corporate Bonds
26830,2026-10-02T23:24:40.778+05:30,2955,Corporate Bonds
1092986,2026-10-05T17:50:03.551+05:30,2969,XCase
1881063,2026-10-02T19:16:54.658+05:30,2781,Corporate Bonds
1617217,2026-10-06T21:02:50.94+05:30,2644,Securitized Debt Instruments
1475867,2026-10-05T12:19:42.829+05:30,2895,Corporate Bonds
2180022,2026-10-07T17:46:06.317+05:30,3040,Corporate Bonds
2232985,2026-10-05T19:20:52.85+05:30,2941,Corporate Bonds
788634,2026-10-07T11:47:07.483+05:30,3044,Corporate Bonds
2227493,2026-10-04T13:42:12.03+05:30,2982,Corporate Bonds
1267836,2026-10-07T17:13:39.988+05:30,3027,Corporate Bonds
1852311,2026-10-04T00:14:13.383+05:30,2895,Corporate Bonds
2133315,2026-10-01T15:45:56.575+05:30,2931,Corporate Bonds
2133315,2026-10-01T15:50:37.48+05:30,3024,Corporate Bonds
1702779,2026-10-07T10:08:03.99+05:30,3044,Corporate Bonds
2002379,2026-10-01T07:06:42.723+05:30,2858,Corporate Bonds
1457912,2026-10-06T16:25:45.203+05:30,2883,Corporate Bonds
2163550,2026-10-06T22:58:38.524+05:30,2955,Corporate Bonds
2116656,2026-10-05T16:50:04.575+05:30,3027,Corporate Bonds
1335366,2026-10-05T03:36:19.691+05:30,3027,Corporate Bonds
736520,2026-10-05T18:43:42.083+05:30,2981,Corporate Bonds
1252187,2026-10-07T09:23:54.488+05:30,2969,XCase
1971843,2026-10-03T10:36:13.249+05:30,1239,High Yield FDs
2206189,2026-10-01T09:58:39.66+05:30,3027,Corporate Bonds
1290860,2026-10-07T12:31:43.935+05:30,3044,Corporate Bonds
1633237,2026-10-06T07:53:06.196+05:30,2644,Securitized Debt Instruments
2094906,2026-10-07T18:14:22.99+05:30,3045,Corporate Bonds
1058273,2026-10-06T10:36:59.977+05:30,2412,Corporate Bonds
2228198,2026-10-02T16:30:04.268+05:30,2781,Corporate Bonds
779224,2026-10-01T10:25:35.182+05:30,2981,Corporate Bonds
2067003,2026-10-07T11:23:16.974+05:30,2881,Corporate Bonds
2079044,2026-10-07T14:14:17.542+05:30,2477,Corporate Bonds
2229096,2026-10-03T18:07:06.799+05:30,2840,Corporate Bonds
907482,2026-10-05T12:10:36.569+05:30,2843,Corporate Bonds
1151674,2026-10-01T08:47:13.134+05:30,3027,Corporate Bonds
1301799,2026-10-04T11:32:19.842+05:30,3027,Corporate Bonds
2225709,2026-10-01T09:35:08.872+05:30,2941,Corporate Bonds
411852,2026-10-01T11:12:33.235+05:30,2857,Corporate Bonds
1895417,2026-10-02T11:58:07.004+05:30,2881,Corporate Bonds
2045527,2026-10-03T12:14:49.795+05:30,2849,Corporate Bonds
2085068,2026-10-01T21:01:54.04+05:30,2300,Corporate Bonds
1273543,2026-10-04T18:32:07.81+05:30,3027,Corporate Bonds
1525926,2026-10-03T02:30:16.169+05:30,2895,Corporate Bonds
2151042,2026-10-07T15:48:12.587+05:30,3027,Corporate Bonds
2231971,2026-10-04T22:37:09.857+05:30,2767,Corporate Bonds
787458,2026-10-02T16:28:02.171+05:30,2881,Corporate Bonds
1081302,2026-10-04T13:00:06.386+05:30,2881,Corporate Bonds
2160970,2026-10-03T17:24:02.206+05:30,2907,Corporate Bonds
1176223,2026-10-05T11:46:21.589+05:30,2883,Corporate Bonds
1226274,2026-10-07T11:13:56.98+05:30,2775,Corporate Bonds
1258723,2026-10-06T07:22:05.705+05:30,2994,Corporate Bonds
2005372,2026-10-04T17:06:34.203+05:30,2881,Corporate Bonds
2184454,2026-10-04T12:16:32.257+05:30,2982,Corporate Bonds
2058395,2026-10-05T15:53:50.102+05:30,2902,Corporate Bonds
2098953,2026-10-06T20:15:59.45+05:30,2930,Corporate Bonds
2229297,2026-10-03T11:15:23.29+05:30,2982,Corporate Bonds
2065541,2026-10-02T21:28:48.087+05:30,3027,Corporate Bonds
362232,2026-10-01T19:02:47.309+05:30,1685,Corporate Bonds
1998231,2026-10-02T14:05:59.707+05:30,2895,Corporate Bonds
440930,2026-10-06T10:17:23.536+05:30,2895,Corporate Bonds
2102167,2026-10-07T12:12:59.985+05:30,3045,Corporate Bonds
1040009,2026-10-07T17:23:08.189+05:30,2842,Corporate Bonds
804200,2026-10-02T22:38:00.709+05:30,2981,Corporate Bonds
2226660,2026-10-07T16:25:20.804+05:30,2994,Corporate Bonds
2220085,2026-10-04T21:05:10.899+05:30,2930,Corporate Bonds
465763,2026-10-07T12:30:05.704+05:30,3040,Corporate Bonds
798505,2026-10-02T11:13:57.889+05:30,2250,Corporate Bonds
1266788,2026-10-05T23:20:02.536+05:30,2412,Corporate Bonds
2224838,2026-10-07T16:02:20.687+05:30,2941,Corporate Bonds
1231325,2026-10-05T08:59:16.702+05:30,2917,Corporate Bonds
2201068,2026-10-06T12:09:52.252+05:30,2412,Corporate Bonds
1095964,2026-10-01T18:29:30.821+05:30,2955,Corporate Bonds
1848235,2026-10-04T08:41:14.707+05:30,2431,Corporate Bonds
2216568,2026-10-04T10:47:48.132+05:30,2882,Corporate Bonds
436091,2026-10-05T11:27:15.441+05:30,2843,Corporate Bonds
454732,2026-10-06T23:10:16.999+05:30,2981,Corporate Bonds
778666,2026-10-02T15:25:08.884+05:30,3027,Corporate Bonds
1602692,2026-10-04T12:54:50.85+05:30,3027,Corporate Bonds
1710726,2026-10-03T17:09:09.228+05:30,2767,Corporate Bonds
1083019,2026-10-07T18:03:23.596+05:30,2919,Corporate Bonds
1034229,2026-10-01T07:52:20.687+05:30,3014,Corporate Bonds
1439400,2026-10-07T12:31:52.342+05:30,2729,Mutual Funds
1491321,2026-10-05T02:37:45.814+05:30,2757,Corporate Bonds
910494,2026-10-05T12:18:54.316+05:30,2930,Corporate Bonds
1375700,2026-10-02T11:47:02.012+05:30,2881,Corporate Bonds
937059,2026-10-06T05:03:08.217+05:30,2858,Corporate Bonds
1757975,2026-10-05T13:28:51.953+05:30,2883,Corporate Bonds
2218790,2026-10-05T08:12:04.559+05:30,3027,Corporate Bonds
354376,2026-10-06T23:46:19.326+05:30,2872,Corporate Bonds
2032390,2026-10-05T15:38:25.208+05:30,2981,Corporate Bonds
1266659,2026-10-03T12:11:47.662+05:30,2981,Corporate Bonds
773537,2026-10-07T19:48:40.346+05:30,3044,Corporate Bonds
1692695,2026-10-05T16:03:49.586+05:30,2982,Corporate Bonds
1755136,2026-10-07T21:33:41.966+05:30,3045,Corporate Bonds
2093775,2026-10-05T14:15:45.912+05:30,2840,Corporate Bonds
2100545,2026-10-01T16:22:59.59+05:30,2643,Securitized Debt Instruments
2207072,2026-10-02T12:05:57.868+05:30,2875,Corporate Bonds
2232364,2026-10-05T13:16:01.002+05:30,2781,Corporate Bonds
2214747,2026-10-07T12:20:00.886+05:30,3027,Corporate Bonds
2180022,2026-10-07T17:30:53.375+05:30,3040,Corporate Bonds
1332856,2026-10-03T07:57:25.176+05:30,1239,High Yield FDs
679498,2026-10-01T10:11:34.97+05:30,1873,Corporate Bonds
1073532,2026-10-04T12:07:24.814+05:30,3027,Corporate Bonds
831605,2026-10-04T18:20:13.261+05:30,3026,Corporate Bonds
2079044,2026-10-03T20:39:21.118+05:30,2842,Corporate Bonds
25686,2026-10-01T08:08:36.614+05:30,2843,Corporate Bonds
520817,2026-10-06T13:17:28.832+05:30,2729,Mutual Funds
2193643,2026-10-07T23:26:05.763+05:30,3045,Corporate Bonds
1601971,2026-10-05T10:09:40.041+05:30,2881,Corporate Bonds
992658,2026-10-01T02:06:40.275+05:30,1873,Corporate Bonds
2133315,2026-10-01T10:44:12.115+05:30,1239,High Yield FDs
2136754,2026-10-01T15:31:17.194+05:30,2643,Securitized Debt Instruments
1373170,2026-10-01T12:27:25.706+05:30,2955,Corporate Bonds
1278843,2026-10-03T12:25:15.33+05:30,2992,Corporate Bonds
2058395,2026-10-03T20:18:31.951+05:30,2881,Corporate Bonds
1788356,2026-10-03T21:14:11.731+05:30,2955,Corporate Bonds
1568383,2026-10-01T11:41:11.613+05:30,2883,Corporate Bonds
1946244,2026-10-01T02:09:36.218+05:30,2849,Corporate Bonds
837343,2026-10-01T15:47:16.887+05:30,3014,Corporate Bonds
1887949,2026-10-02T00:11:20.033+05:30,2100,Corporate Bonds
2225440,2026-10-01T00:56:09.779+05:30,2751,Corporate Bonds
1074269,2026-10-05T10:04:45.838+05:30,3027,Corporate Bonds
1126713,2026-10-06T18:51:32.905+05:30,2938,Corporate Bonds
1367614,2026-10-01T07:16:50.322+05:30,3014,Corporate Bonds
1734432,2026-10-04T10:11:37.63+05:30,1095,High Yield FDs
2233146,2026-10-06T08:10:39.27+05:30,2993,XCase
836705,2026-10-06T01:39:44.532+05:30,2883,Corporate Bonds
1120805,2026-10-01T19:27:08.001+05:30,3027,Corporate Bonds
1252222,2026-10-02T11:36:24.615+05:30,2757,Corporate Bonds
2195193,2026-10-07T11:06:57.485+05:30,3044,Corporate Bonds
53541,2026-10-06T09:25:05.034+05:30,2412,Corporate Bonds
1317043,2026-10-06T14:16:17.858+05:30,3026,Corporate Bonds
2091030,2026-10-01T18:11:24.573+05:30,2872,Corporate Bonds
949624,2026-10-05T08:06:14.452+05:30,2752,Corporate Bonds
2227542,2026-10-04T12:50:52.104+05:30,2757,Corporate Bonds
2138783,2026-10-06T16:41:47.568+05:30,3027,Corporate Bonds
156871,2026-10-05T23:35:05.928+05:30,2941,Corporate Bonds
1135678,2026-10-02T23:10:30.904+05:30,1873,Corporate Bonds
2166938,2026-10-01T19:10:36.968+05:30,2594,Corporate Bonds
1817837,2026-10-05T16:31:28.848+05:30,2883,Corporate Bonds
1475867,2026-10-03T11:05:16.679+05:30,2895,Corporate Bonds
2003242,2026-10-05T08:02:36.892+05:30,2849,Corporate Bonds
2207991,2026-10-03T17:38:37.408+05:30,1239,High Yield FDs
2227372,2026-10-02T09:59:51.777+05:30,2868,Corporate Bonds
2226586,2026-10-01T19:39:16.615+05:30,2982,Corporate Bonds
713869,2026-10-01T11:29:10.86+05:30,2955,Corporate Bonds
2195083,2026-10-03T06:59:32.986+05:30,2431,Corporate Bonds
266272,2026-10-03T17:25:12.979+05:30,2902,Corporate Bonds
2185950,2026-10-04T09:08:35.595+05:30,2908,Corporate Bonds
637193,2026-10-01T09:41:12.519+05:30,2883,Corporate Bonds
2225692,2026-10-01T17:30:25.685+05:30,2864,Corporate Bonds
75658,2026-10-01T18:16:02.012+05:30,2813,Corporate Bonds
865015,2026-10-04T20:33:35.753+05:30,2626,Corporate Bonds
422305,2026-10-04T11:54:29.603+05:30,2849,Corporate Bonds
1553953,2026-10-01T11:20:09.272+05:30,2941,Corporate Bonds
2231963,2026-10-04T22:33:05.685+05:30,2982,Corporate Bonds
2060703,2026-10-04T09:39:10.425+05:30,3040,Corporate Bonds
588206,2026-10-04T22:30:46.563+05:30,3026,Corporate Bonds
1397670,2026-10-04T08:10:28.935+05:30,2982,Corporate Bonds
2177565,2026-10-01T10:52:13.058+05:30,2941,Corporate Bonds
793459,2026-10-01T15:40:27.694+05:30,2858,Corporate Bonds
1870065,2026-10-03T21:30:56.152+05:30,2982,Corporate Bonds
2228287,2026-10-02T17:19:36.67+05:30,2982,Corporate Bonds
971361,2026-10-03T17:05:21.712+05:30,3027,Corporate Bonds
460738,2026-10-07T16:49:12.498+05:30,3045,Corporate Bonds
2220097,2026-10-04T17:14:59.268+05:30,2895,Corporate Bonds
2161002,2026-10-06T22:34:04.426+05:30,2955,Corporate Bonds
1043797,2026-10-02T10:45:19.834+05:30,2881,Corporate Bonds
2098129,2026-10-07T21:21:45.324+05:30,3044,Corporate Bonds
2211832,2026-10-05T14:25:02.303+05:30,2982,Corporate Bonds
2163128,2026-10-06T17:37:37.05+05:30,3044,Corporate Bonds
1894389,2026-10-04T11:02:57.047+05:30,2982,Corporate Bonds
2223912,2026-10-05T00:18:22.148+05:30,2729,Mutual Funds
2058334,2026-10-01T19:24:01.475+05:30,2879,Corporate Bonds
52526,2026-10-06T12:01:44.236+05:30,3040,Corporate Bonds
2188571,2026-10-06T23:35:32.992+05:30,2881,Corporate Bonds
1924282,2026-10-03T15:17:36.596+05:30,3027,Corporate Bonds
2230844,2026-10-04T11:12:04.829+05:30,2767,Corporate Bonds
489173,2026-10-06T17:28:51.469+05:30,3027,Corporate Bonds
2172424,2026-10-05T00:24:19.677+05:30,2412,Corporate Bonds
1150732,2026-10-07T10:52:50.614+05:30,3044,Corporate Bonds
2233740,2026-10-06T09:38:34.961+05:30,2941,Corporate Bonds
1443480,2026-10-02T05:26:37.517+05:30,2955,Corporate Bonds
2212550,2026-10-01T23:35:25.269+05:30,2433,Corporate Bonds
1852632,2026-10-05T11:27:55.725+05:30,3027,Corporate Bonds
2216847,2026-10-05T22:48:28.513+05:30,2941,Corporate Bonds
2216568,2026-10-04T10:47:40.613+05:30,2882,Corporate Bonds
1353978,2026-10-06T07:52:18.79+05:30,1239,High Yield FDs
186101,2026-10-03T23:11:05.3+05:30,2918,Corporate Bonds
1120749,2026-10-02T09:02:28.757+05:30,2412,Corporate Bonds
1248065,2026-10-01T14:57:47.136+05:30,2855,Corporate Bonds
113117,2026-10-06T13:38:56.5+05:30,3027,Corporate Bonds
1092101,2026-10-03T09:40:13.187+05:30,2986,Corporate Bonds
2223147,2026-10-01T23:07:04.684+05:30,2895,Corporate Bonds
969511,2026-10-05T22:11:53.33+05:30,2629,Corporate Bonds
2231695,2026-10-06T22:20:11.365+05:30,2752,Corporate Bonds
2214646,2026-10-02T19:22:48.337+05:30,2849,Corporate Bonds
2235043,2026-10-06T19:08:39.384+05:30,2941,Corporate Bonds
2234883,2026-10-07T12:02:35.875+05:30,3044,Corporate Bonds
2230270,2026-10-05T15:22:32.338+05:30,2895,Corporate Bonds
2233331,2026-10-06T11:35:00.427+05:30,2917,Corporate Bonds
1570974,2026-10-02T11:40:42.532+05:30,3027,Corporate Bonds
1914361,2026-10-06T18:27:09.921+05:30,2881,Corporate Bonds
890309,2026-10-03T01:32:17.977+05:30,2902,Corporate Bonds
1538855,2026-10-02T13:58:39.363+05:30,1095,High Yield FDs
465763,2026-10-06T16:39:02.212+05:30,2883,Corporate Bonds
772713,2026-10-03T10:31:25.378+05:30,2955,Corporate Bonds
1951392,2026-10-01T21:24:55.482+05:30,2982,Corporate Bonds
1008765,2026-10-02T16:16:33.07+05:30,2863,Corporate Bonds
2084078,2026-10-02T10:04:04.156+05:30,3027,Corporate Bonds
1831692,2026-10-03T11:22:17.967+05:30,2769,Corporate Bonds
1520261,2026-10-01T06:01:24.353+05:30,2873,XCase
2223576,2026-10-01T11:38:23.922+05:30,3014,Corporate Bonds
1491751,2026-10-07T13:42:08.35+05:30,3044,Corporate Bonds
1889830,2026-10-06T08:21:13.794+05:30,2883,Corporate Bonds
731578,2026-10-03T21:14:14.839+05:30,2842,Corporate Bonds
1435021,2026-10-03T00:11:12.354+05:30,2849,Corporate Bonds
2230457,2026-10-06T12:09:00.272+05:30,2881,Corporate Bonds
731578,2026-10-03T21:00:06.815+05:30,2875,Corporate Bonds
2223631,2026-10-04T20:32:14.481+05:30,2769,Corporate Bonds
2213073,2026-10-01T20:47:44.816+05:30,2982,Corporate Bonds
1736830,2026-10-06T13:38:12.868+05:30,3027,Corporate Bonds
1313303,2026-10-01T17:53:15.954+05:30,3027,Corporate Bonds
2128122,2026-10-05T13:48:18.63+05:30,1239,High Yield FDs
1898558,2026-10-07T17:03:04.461+05:30,2849,Corporate Bonds
2095043,2026-10-07T09:57:31.293+05:30,3027,Corporate Bonds
2110656,2026-10-03T17:59:47.201+05:30,3026,Corporate Bonds
1470276,2026-10-07T07:52:15.513+05:30,2881,Corporate Bonds
497979,2026-10-02T16:37:47.182+05:30,2874,Corporate Bonds
2225328,2026-10-01T20:08:38.052+05:30,3040,Corporate Bonds
2155775,2026-10-03T21:59:16.845+05:30,2982,Corporate Bonds
2051435,2026-10-05T10:36:47.234+05:30,2907,Corporate Bonds
2110656,2026-10-03T18:00:12.031+05:30,3026,Corporate Bonds
944631,2026-10-03T12:59:20.422+05:30,3027,Corporate Bonds
2231239,2026-10-07T07:08:06.805+05:30,2982,Corporate Bonds
445625,2026-10-03T10:45:15.038+05:30,2849,Corporate Bonds
1277673,2026-10-03T22:43:40.276+05:30,2930,Corporate Bonds
1793286,2026-10-02T17:15:07.392+05:30,3025,Corporate Bonds
25391,2026-10-02T15:33:57.985+05:30,2794,Corporate Bonds
635863,2026-10-01T23:22:17.104+05:30,2895,Corporate Bonds
2096765,2026-10-03T14:38:24.289+05:30,3027,Corporate Bonds
2227777,2026-10-07T10:07:50.342+05:30,3026,Corporate Bonds
2110656,2026-10-03T18:00:27.816+05:30,3026,Corporate Bonds
2226732,2026-10-06T13:42:16.715+05:30,2644,Securitized Debt Instruments
2034990,2026-10-01T13:12:57.738+05:30,2955,Corporate Bonds
925626,2026-10-07T14:45:30.48+05:30,3044,Corporate Bonds
2110656,2026-10-03T17:59:46.678+05:30,3026,Corporate Bonds
2229322,2026-10-06T07:11:54.83+05:30,2864,Corporate Bonds
1444561,2026-10-05T09:54:15.945+05:30,1239,High Yield FDs
2148561,2026-10-07T14:17:34.303+05:30,2830,Corporate Bonds
1337649,2026-10-05T11:38:32.415+05:30,2881,Corporate Bonds
1736133,2026-10-02T19:11:55.252+05:30,2982,Corporate Bonds
1891083,2026-10-04T12:09:50.254+05:30,2982,Corporate Bonds
779807,2026-10-04T22:53:47.91+05:30,1096,High Yield FDs
2188856,2026-10-04T17:13:40.982+05:30,3040,Corporate Bonds
962528,2026-10-02T21:44:17.266+05:30,2902,Corporate Bonds
179906,2026-10-03T20:50:30.271+05:30,3027,Corporate Bonds
2183894,2026-10-06T21:33:58.656+05:30,2881,Corporate Bonds
2234129,2026-10-06T09:57:00.8+05:30,2906,Corporate Bonds
2152753,2026-10-04T11:45:07.999+05:30,2982,Corporate Bonds
1767831,2026-10-02T21:56:05.189+05:30,2843,Corporate Bonds
2140512,2026-10-06T23:59:10.377+05:30,2849,Corporate Bonds
529143,2026-10-01T22:58:04.957+05:30,2875,Corporate Bonds
1513323,2026-10-01T13:52:19.424+05:30,2849,Corporate Bonds
883847,2026-10-06T23:15:07.073+05:30,2957,Corporate Bonds
1452128,2026-10-01T15:26:56.762+05:30,2981,Corporate Bonds
2073231,2026-10-02T01:51:23.005+05:30,2982,Corporate Bonds
1163992,2026-10-01T14:13:49.839+05:30,2992,Corporate Bonds
731578,2026-10-03T21:22:31.141+05:30,2875,Corporate Bonds
1035911,2026-10-07T12:35:48.008+05:30,2955,Corporate Bonds
1396039,2026-10-05T16:16:50.324+05:30,3027,Corporate Bonds
2231321,2026-10-04T16:58:18.429+05:30,2881,Corporate Bonds
2231850,2026-10-06T12:38:24.224+05:30,2941,Corporate Bonds
2219356,2026-10-03T10:42:54.74+05:30,2930,Corporate Bonds
2205399,2026-10-01T13:39:38.138+05:30,2643,Securitized Debt Instruments
2114009,2026-10-06T21:15:26.375+05:30,2880,Corporate Bonds
2031924,2026-10-05T06:37:36.152+05:30,3040,Corporate Bonds
18912,2026-10-04T08:27:43.977+05:30,2902,Corporate Bonds
2088142,2026-10-02T10:57:59.195+05:30,1873,Corporate Bonds
1871655,2026-10-03T22:55:13.574+05:30,2992,Corporate Bonds
2018079,2026-10-07T20:21:30.315+05:30,2895,Corporate Bonds
2212193,2026-10-07T12:09:36.912+05:30,3027,Corporate Bonds
2227400,2026-10-02T09:47:12.493+05:30,3027,Corporate Bonds
2231695,2026-10-07T22:22:35.558+05:30,2918,Corporate Bonds
2193399,2026-10-06T10:41:54.193+05:30,1096,High Yield FDs
2223990,2026-10-05T11:11:57.135+05:30,2767,Corporate Bonds
2225385,2026-10-06T13:24:11.487+05:30,2941,Corporate Bonds
479034,2026-10-02T14:12:47.084+05:30,2769,Corporate Bonds
2234111,2026-10-06T09:32:57.009+05:30,3026,Corporate Bonds
1395685,2026-10-01T10:55:57.259+05:30,2981,Corporate Bonds
259589,2026-10-05T16:12:46.13+05:30,2767,Corporate Bonds
2089486,2026-10-01T20:56:19.792+05:30,2643,Securitized Debt Instruments
2010364,2026-10-02T12:17:35.5+05:30,2950,Corporate Bonds
2229400,2026-10-03T12:13:05.995+05:30,2881,Corporate Bonds
1516030,2026-10-01T14:58:30.467+05:30,2849,Corporate Bonds
2145013,2026-10-01T11:56:08.741+05:30,2843,Corporate Bonds
673690,2026-10-07T17:09:42.444+05:30,2767,Corporate Bonds
2231033,2026-10-05T10:17:47.478+05:30,2930,Corporate Bonds
835197,2026-10-06T12:18:07.957+05:30,2955,Corporate Bonds
2110656,2026-10-03T18:00:40.885+05:30,3026,Corporate Bonds
1973827,2026-10-03T14:44:56.024+05:30,2895,Corporate Bonds
51692,2026-10-07T13:33:32.152+05:30,3044,Corporate Bonds
2235011,2026-10-06T18:37:11.223+05:30,3040,Corporate Bonds
2228326,2026-10-02T18:05:11.461+05:30,2906,Corporate Bonds
228841,2026-10-02T10:02:57.559+05:30,2982,Corporate Bonds
2232301,2026-10-06T18:04:31.269+05:30,3026,Corporate Bonds
1120749,2026-10-02T09:15:38.055+05:30,2895,Corporate Bonds
1167450,2026-10-01T13:46:24.462+05:30,2849,Corporate Bonds
19981,2026-10-01T13:02:20.46+05:30,2026,Corporate Bonds
465763,2026-10-07T12:30:04.581+05:30,3040,Corporate Bonds
898869,2026-10-01T15:54:47.893+05:30,2881,Corporate Bonds
1188163,2026-10-04T19:49:32.105+05:30,3027,Corporate Bonds
962528,2026-10-05T13:07:35.182+05:30,2874,Corporate Bonds
1974215,2026-10-06T19:41:35.819+05:30,2981,Corporate Bonds
875795,2026-10-05T22:23:51.082+05:30,2874,Corporate Bonds
2229081,2026-10-03T17:17:44.737+05:30,2982,Corporate Bonds
1678299,2026-10-04T17:42:45.361+05:30,3027,Corporate Bonds
2133531,2026-10-03T11:13:05.071+05:30,2767,Corporate Bonds
1094567,2026-10-06T11:09:11.541+05:30,2910,Corporate Bonds
41077,2026-10-04T08:10:06.447+05:30,1292,High Yield FDs
1677306,2026-10-03T16:04:16.673+05:30,2843,Corporate Bonds
2191186,2026-10-06T18:55:35.33+05:30,2982,Corporate Bonds
17515,2026-10-01T11:19:19.479+05:30,2849,Corporate Bonds
1948145,2026-10-01T11:34:26.753+05:30,3027,Corporate Bonds
1527215,2026-10-05T08:34:31.499+05:30,3026,Corporate Bonds
2139864,2026-10-01T00:08:35.408+05:30,2751,Corporate Bonds
1640680,2026-10-04T21:34:25.576+05:30,2849,Corporate Bonds
105880,2026-10-07T11:46:57.975+05:30,2930,Corporate Bonds
2191500,2026-10-03T22:43:03.334+05:30,3024,Corporate Bonds
1120918,2026-10-03T16:31:58.54+05:30,2909,Corporate Bonds
58628,2026-10-01T22:07:02.01+05:30,2250,Corporate Bonds
1240301,2026-10-06T16:20:07.445+05:30,2908,Corporate Bonds
251504,2026-10-01T13:58:26.358+05:30,3014,Corporate Bonds
1787970,2026-10-05T17:52:44.696+05:30,3026,Corporate Bonds
1091020,2026-10-02T08:03:14.455+05:30,3026,Corporate Bonds
1661281,2026-10-03T16:55:23.15+05:30,2874,Corporate Bonds
1187225,2026-10-02T16:38:39.057+05:30,2412,Corporate Bonds
1960898,2026-10-02T12:10:56.788+05:30,2931,Corporate Bonds
2205325,2026-10-05T14:46:20.899+05:30,2883,Corporate Bonds
2232064,2026-10-06T00:17:39.777+05:30,1239,High Yield FDs
942262,2026-10-03T22:22:50.258+05:30,2908,Corporate Bonds
838824,2026-10-03T12:32:24.989+05:30,2842,Corporate Bonds
1961550,2026-10-01T11:41:11.29+05:30,2849,Corporate Bonds
2191186,2026-10-06T18:52:28.342+05:30,2644,Securitized Debt Instruments
2112713,2026-10-03T14:01:26.673+05:30,1239,High Yield FDs
19981,2026-10-01T13:02:22.708+05:30,2026,Corporate Bonds
1197369,2026-10-06T20:30:40.863+05:30,2994,Corporate Bonds
1966467,2026-10-01T11:44:28.109+05:30,2955,Corporate Bonds
1452410,2026-10-07T22:03:50.838+05:30,3044,Corporate Bonds
1987224,2026-10-07T16:49:00.076+05:30,3044,Corporate Bonds
2119438,2026-10-01T01:43:58.339+05:30,2982,Corporate Bonds
2102733,2026-10-06T22:44:05.145+05:30,2895,Corporate Bonds
1818634,2026-10-02T14:18:52.914+05:30,2982,Corporate Bonds
1578278,2026-10-06T10:15:33.466+05:30,1239,High Yield FDs
2226849,2026-10-01T21:56:06.586+05:30,2941,Corporate Bonds
2198724,2026-10-04T22:13:27.583+05:30,2881,Corporate Bonds
2040152,2026-10-04T10:48:45.219+05:30,2955,Corporate Bonds
2119471,2026-10-01T21:09:24.184+05:30,2964,Corporate Bonds
1253495,2026-10-05T11:13:01.44+05:30,3027,Corporate Bonds
65582,2026-10-05T16:46:51.842+05:30,2881,Corporate Bonds
1359442,2026-10-02T10:19:30.87+05:30,2849,Corporate Bonds
981196,2026-10-02T10:56:07.624+05:30,2794,Corporate Bonds
1549746,2026-10-05T23:22:16.283+05:30,2858,Corporate Bonds
2208731,2026-10-06T15:54:11.37+05:30,2881,Corporate Bonds
2065541,2026-10-02T21:29:33.605+05:30,3027,Corporate Bonds
379120,2026-10-01T10:56:36.381+05:30,2812,Corporate Bonds
1487608,2026-10-03T00:39:54.413+05:30,3027,Corporate Bonds
793459,2026-10-02T11:51:44.283+05:30,3040,Corporate Bonds
1558003,2026-10-05T20:17:57.238+05:30,2883,Corporate Bonds
1517607,2026-10-02T10:39:58.374+05:30,2840,Corporate Bonds
1628912,2026-10-03T10:00:09.155+05:30,2918,Corporate Bonds
2018836,2026-10-07T10:34:25.485+05:30,2843,Corporate Bonds
941517,2026-10-02T16:46:41.361+05:30,2849,Corporate Bonds
2230054,2026-10-04T12:05:13.825+05:30,2729,Mutual Funds
2184579,2026-10-06T11:57:16.351+05:30,2644,Securitized Debt Instruments
1907394,2026-10-01T05:40:36.783+05:30,2849,Corporate Bonds
752616,2026-10-07T22:30:50.218+05:30,2794,Corporate Bonds
1605727,2026-10-06T11:20:26.811+05:30,2982,Corporate Bonds
1235896,2026-10-07T22:35:47.711+05:30,2881,Corporate Bonds
1818634,2026-10-02T14:18:44.553+05:30,2982,Corporate Bonds
2223147,2026-10-01T20:26:14.663+05:30,2982,Corporate Bonds
1609365,2026-10-06T09:23:35.772+05:30,3040,Corporate Bonds
941517,2026-10-02T16:44:24.781+05:30,2849,Corporate Bonds
937059,2026-10-01T20:12:09.799+05:30,2740,Corporate Bonds
838824,2026-10-03T12:40:23.664+05:30,2875,Corporate Bonds
1068776,2026-10-07T23:20:29.978+05:30,2938,Corporate Bonds
1398458,2026-10-02T13:41:07.156+05:30,1873,Corporate Bonds
2012038,2026-10-01T10:06:03.744+05:30,3027,Corporate Bonds
2147727,2026-10-04T22:02:19.217+05:30,2881,Corporate Bonds
1330364,2026-10-06T07:56:28.615+05:30,3027,Corporate Bonds
927608,2026-10-02T17:15:03.109+05:30,2981,Corporate Bonds
2225385,2026-10-06T13:02:53.272+05:30,2769,Corporate Bonds
696779,2026-10-01T06:42:21.739+05:30,2881,Corporate Bonds
731894,2026-10-01T13:47:54.887+05:30,2412,Corporate Bonds
2227860,2026-10-04T21:46:06.138+05:30,2767,Corporate Bonds
854799,2026-10-04T17:11:33.26+05:30,2881,Corporate Bonds
1645496,2026-10-05T21:42:33.652+05:30,2858,Corporate Bonds
2195367,2026-10-01T20:19:16.618+05:30,2799,Corporate Bonds
151393,2026-10-01T16:55:25.684+05:30,3027,Corporate Bonds
1538136,2026-10-02T17:59:09.15+05:30,2887,Corporate Bonds
1158553,2026-10-07T14:53:37.954+05:30,2842,Corporate Bonds
972117,2026-10-05T02:03:08.969+05:30,2412,Corporate Bonds
2088151,2026-10-01T11:22:41.828+05:30,1873,Corporate Bonds
80637,2026-10-04T08:12:38.513+05:30,2895,Corporate Bonds
747680,2026-10-06T11:06:52.518+05:30,2993,XCase
805083,2026-10-06T19:10:35.256+05:30,1292,High Yield FDs
2216568,2026-10-04T10:47:36.489+05:30,2882,Corporate Bonds
1884304,2026-10-02T11:06:28.463+05:30,2964,Corporate Bonds
2049741,2026-10-01T21:01:33.837+05:30,2930,Corporate Bonds
747,2026-10-06T07:03:06.655+05:30,2969,XCase
2231233,2026-10-04T14:09:34.295+05:30,2881,Corporate Bonds
1924554,2026-10-05T20:46:19.521+05:30,2981,Corporate Bonds
767980,2026-10-06T22:29:51.654+05:30,2902,Corporate Bonds
2226539,2026-10-07T18:45:41.257+05:30,3027,Corporate Bonds
786548,2026-10-07T17:34:54.653+05:30,3027,Corporate Bonds
1633630,2026-10-01T13:45:17.745+05:30,2981,Corporate Bonds
1937308,2026-10-05T20:36:04.744+05:30,2872,Corporate Bonds
2211550,2026-10-07T18:44:18.408+05:30,2477,Corporate Bonds
1925162,2026-10-01T21:25:14.02+05:30,2964,Corporate Bonds
1107069,2026-10-07T12:48:42.297+05:30,2849,Corporate Bonds
2223595,2026-10-03T16:33:56.95+05:30,2982,Corporate Bonds
2229316,2026-10-03T11:21:23.423+05:30,2906,Corporate Bonds
1738329,2026-10-06T16:13:46.418+05:30,2981,Corporate Bonds
2224206,2026-10-07T15:47:26.391+05:30,2849,Corporate Bonds
1537123,2026-10-07T11:43:13.66+05:30,3027,Corporate Bonds
995649,2026-10-04T19:17:38.617+05:30,3027,Corporate Bonds
1730078,2026-10-07T11:03:27.998+05:30,2883,Corporate Bonds
1622392,2026-10-07T17:46:07.056+05:30,2964,Corporate Bonds
2203126,2026-10-04T19:41:51.558+05:30,2982,Corporate Bonds
2235373,2026-10-07T19:52:08.543+05:30,2769,Corporate Bonds
2229297,2026-10-03T11:05:30.156+05:30,2982,Corporate Bonds
274479,2026-10-06T15:04:33.621+05:30,2842,Corporate Bonds
1744295,2026-10-01T16:36:25.518+05:30,2955,Corporate Bonds
2018836,2026-10-07T10:33:05.22+05:30,3027,Corporate Bonds
2212206,2026-10-02T17:07:08.679+05:30,2842,Corporate Bonds
1202320,2026-10-01T12:16:49.414+05:30,2849,Corporate Bonds
1759924,2026-10-02T16:44:52.603+05:30,2868,Corporate Bonds
465763,2026-10-07T12:30:20.078+05:30,3040,Corporate Bonds
1304448,2026-10-03T06:40:00.347+05:30,2981,Corporate Bonds
2226563,2026-10-01T19:45:53.849+05:30,2930,Corporate Bonds
356636,2026-10-03T18:15:55.396+05:30,2843,Corporate Bonds
1431740,2026-10-06T20:44:29.316+05:30,2872,Corporate Bonds
2152780,2026-10-02T09:53:47.803+05:30,3027,Corporate Bonds
1437754,2026-10-07T19:18:50.849+05:30,3040,Corporate Bonds
1419432,2026-10-01T10:28:52.921+05:30,2887,Corporate Bonds
2059419,2026-10-06T12:24:36.946+05:30,2752,Corporate Bonds
2231409,2026-10-04T16:36:06.248+05:30,2982,Corporate Bonds
1865506,2026-10-05T14:38:37.985+05:30,2769,Corporate Bonds
807907,2026-10-04T09:20:46.86+05:30,2849,Corporate Bonds
1788534,2026-10-05T14:27:46.625+05:30,3027,Corporate Bonds
98109,2026-10-01T18:14:01.892+05:30,2895,Corporate Bonds
307408,2026-10-03T09:21:38.564+05:30,2794,Corporate Bonds
1668587,2026-10-06T14:52:20.629+05:30,2895,Corporate Bonds
2226561,2026-10-01T20:45:07.434+05:30,2954,Corporate Bonds
2219575,2026-10-05T22:29:12.946+05:30,2881,Corporate Bonds
1736133,2026-10-02T19:11:57.815+05:30,2982,Corporate Bonds
1017130,2026-10-02T02:57:21.614+05:30,2729,Mutual Funds
2018079,2026-10-05T13:18:11.424+05:30,2843,Corporate Bonds
1905543,2026-10-06T21:28:22.781+05:30,2881,Corporate Bonds
2158753,2026-10-06T22:54:28.312+05:30,3044,Corporate Bonds
64311,2026-10-03T20:08:15.682+05:30,2849,Corporate Bonds
591215,2026-10-06T12:40:59.426+05:30,2868,Corporate Bonds
1919775,2026-10-04T19:07:47.317+05:30,3040,Corporate Bonds
1663924,2026-10-06T13:12:09.337+05:30,2930,Corporate Bonds
2014915,2026-10-02T18:46:57.611+05:30,3027,Corporate Bonds
1918136,2026-10-01T19:00:46.307+05:30,2999,Corporate Bonds
783753,2026-10-05T11:32:04.123+05:30,1292,High Yield FDs
1691500,2026-10-06T23:39:31.942+05:30,3027,Corporate Bonds
941072,2026-10-03T17:18:33.505+05:30,2849,Corporate Bonds
1786567,2026-10-05T10:56:34.263+05:30,2774,Corporate Bonds
1254429,2026-10-01T16:10:24.613+05:30,2947,Corporate Bonds
2216666,2026-10-01T04:12:15.116+05:30,2982,Corporate Bonds
1885593,2026-10-04T11:38:08.155+05:30,2880,Corporate Bonds
2225256,2026-10-01T22:13:01.792+05:30,2982,Corporate Bonds
1896964,2026-10-07T09:23:49.063+05:30,3027,Corporate Bonds
1274462,2026-10-01T21:48:17.917+05:30,2431,Corporate Bonds
696328,2026-10-05T12:47:28.31+05:30,3027,Corporate Bonds
2233236,2026-10-05T20:07:29.609+05:30,3026,Corporate Bonds
724012,2026-10-06T00:20:30.441+05:30,2895,Corporate Bonds
962482,2026-10-01T08:38:07.162+05:30,3027,Corporate Bonds
1535313,2026-10-02T11:19:34.108+05:30,2902,Corporate Bonds
2234114,2026-10-06T09:36:10.733+05:30,2872,Corporate Bonds
1302773,2026-10-04T22:57:25.648+05:30,3040,Corporate Bonds
1736133,2026-10-03T19:54:35.087+05:30,2982,Corporate Bonds
2182553,2026-10-05T04:23:01.733+05:30,3027,Corporate Bonds
1299053,2026-10-04T22:40:17.476+05:30,2849,Corporate Bonds
1798265,2026-10-06T12:22:20.084+05:30,3040,Corporate Bonds
1850356,2026-10-07T23:29:15.352+05:30,3044,Corporate Bonds
2212917,2026-10-02T21:47:58.91+05:30,2982,Corporate Bonds
2193291,2026-10-01T08:52:27.8+05:30,2926,Corporate Bonds
1271910,2026-10-05T06:36:23.475+05:30,2930,Corporate Bonds
1071706,2026-10-05T21:40:49.081+05:30,2858,Corporate Bonds
1390320,2026-10-06T11:30:45.303+05:30,2955,Corporate Bonds
1529150,2026-10-06T15:49:16.401+05:30,3027,Corporate Bonds
775011,2026-10-05T14:58:50.293+05:30,2955,Corporate Bonds
2003242,2026-10-05T08:29:15.653+05:30,3040,Corporate Bonds
1771619,2026-10-07T14:15:06.174+05:30,2794,Corporate Bonds
2029574,2026-10-02T08:04:13.483+05:30,2847,Corporate Bonds
2232435,2026-10-05T16:35:01.564+05:30,2982,Corporate Bonds
1452128,2026-10-01T15:26:36.826+05:30,2981,Corporate Bonds
836848,2026-10-05T14:39:03.158+05:30,2930,Corporate Bonds
1171762,2026-10-06T20:30:53.046+05:30,2644,Securitized Debt Instruments
1711283,2026-10-03T13:12:49.029+05:30,3027,Corporate Bonds
1075384,2026-10-01T11:56:13.878+05:30,2917,Corporate Bonds
2065207,2026-10-04T12:11:45.722+05:30,2842,Corporate Bonds
761431,2026-10-03T17:29:09.276+05:30,2881,Corporate Bonds
1302869,2026-10-06T07:54:19.324+05:30,2957,Corporate Bonds
977525,2026-10-06T14:04:48.318+05:30,3040,Corporate Bonds
1308491,2026-10-04T07:13:16.19+05:30,3026,Corporate Bonds
314109,2026-10-01T12:30:17.614+05:30,2922,Corporate Bonds
1752605,2026-10-01T13:11:37.036+05:30,2982,Corporate Bonds
2147727,2026-10-03T04:46:25.799+05:30,2880,Corporate Bonds
1329834,2026-10-04T23:20:32.714+05:30,2849,Corporate Bonds
2123114,2026-10-06T10:18:24.789+05:30,2644,Securitized Debt Instruments
2216740,2026-10-01T10:56:38.236+05:30,2955,Corporate Bonds
2215315,2026-10-01T19:50:44.449+05:30,2849,Corporate Bonds
1431051,2026-10-01T07:12:13.249+05:30,3027,Corporate Bonds
842964,2026-10-07T16:10:38.352+05:30,2994,Corporate Bonds
2226732,2026-10-06T13:48:32.914+05:30,2644,Securitized Debt Instruments
1697992,2026-10-06T00:07:03.719+05:30,2644,Securitized Debt Instruments
1475867,2026-10-02T09:36:14.131+05:30,3040,Corporate Bonds
2215702,2026-10-07T22:34:26.708+05:30,2477,Corporate Bonds
1986243,2026-10-04T20:50:26.35+05:30,2855,Corporate Bonds
1239198,2026-10-03T12:09:19.969+05:30,2955,Corporate Bonds
2065207,2026-10-04T12:05:09.266+05:30,2842,Corporate Bonds
2163896,2026-10-07T19:03:46.863+05:30,3027,Corporate Bonds
1666418,2026-10-06T07:33:43.042+05:30,2993,XCase
2195367,2026-10-02T22:39:31.657+05:30,2955,Corporate Bonds
370865,2026-10-01T11:06:08.509+05:30,2883,Corporate Bonds
2102733,2026-10-05T19:47:52.897+05:30,2883,Corporate Bonds
2208883,2026-10-06T13:05:53.593+05:30,2644,Securitized Debt Instruments
2024170,2026-10-06T22:14:46.898+05:30,3027,Corporate Bonds
2225018,2026-10-04T07:43:17.226+05:30,2982,Corporate Bonds
1779324,2026-10-02T17:25:17.931+05:30,2955,Corporate Bonds
33948,2026-10-04T12:51:47.991+05:30,2930,Corporate Bonds
1289289,2026-10-03T19:06:55.381+05:30,2982,Corporate Bonds
2077616,2026-10-01T22:02:38.21+05:30,2982,Corporate Bonds
1525926,2026-10-07T01:14:22.688+05:30,2930,Corporate Bonds
2190102,2026-10-04T11:50:45.318+05:30,2964,Corporate Bonds
2218526,2026-10-04T08:39:31.688+05:30,2830,Corporate Bonds
2182906,2026-10-07T11:49:16.302+05:30,2930,Corporate Bonds
2215315,2026-10-01T19:50:43.179+05:30,2849,Corporate Bonds
1525926,2026-10-06T02:12:24.823+05:30,2644,Securitized Debt Instruments
2230781,2026-10-04T09:51:28.161+05:30,3026,Corporate Bonds
2030065,2026-10-01T21:55:00.316+05:30,2874,Corporate Bonds
1410645,2026-10-04T11:51:16.415+05:30,2875,Corporate Bonds
2227414,2026-10-02T09:56:33.165+05:30,2881,Corporate Bonds
1171762,2026-10-07T11:51:32.573+05:30,3027,Corporate Bonds
2156186,2026-10-01T18:41:59.227+05:30,2874,Corporate Bonds
1366487,2026-10-04T06:43:32.809+05:30,2842,Corporate Bonds
1120749,2026-10-03T15:01:53.063+05:30,2881,Corporate Bonds
1565714,2026-10-07T18:04:39.506+05:30,3044,Corporate Bonds
2230606,2026-10-04T10:48:22.144+05:30,2849,Corporate Bonds
2233568,2026-10-06T09:55:01.848+05:30,2906,Corporate Bonds
1800369,2026-10-07T12:52:39.863+05:30,3027,Corporate Bonds
2048101,2026-10-01T09:06:17.586+05:30,2982,Corporate Bonds
730204,2026-10-02T08:16:11.767+05:30,1239,High Yield FDs
2198724,2026-10-04T22:06:01.439+05:30,2881,Corporate Bonds
1885748,2026-10-02T12:17:22.926+05:30,2881,Corporate Bonds
2076765,2026-10-06T11:36:51.493+05:30,2883,Corporate Bonds
2167819,2026-10-07T15:02:55.677+05:30,3045,Corporate Bonds
1736133,2026-10-03T19:54:28.736+05:30,2982,Corporate Bonds
739457,2026-10-04T11:25:00.358+05:30,2895,Corporate Bonds
2082867,2026-10-07T10:12:34.567+05:30,2910,Corporate Bonds
1173613,2026-10-02T22:54:03.829+05:30,2276,Corporate Bonds
2090528,2026-10-01T09:39:42.386+05:30,3027,Corporate Bonds
2180022,2026-10-07T17:59:26.721+05:30,3040,Corporate Bonds
1577267,2026-10-01T18:37:51.16+05:30,2433,Corporate Bonds
1439096,2026-10-03T14:53:01.35+05:30,2767,Corporate Bonds
2063816,2026-10-07T09:25:32.215+05:30,2981,Corporate Bonds
741185,2026-10-02T15:07:58.754+05:30,2752,Corporate Bonds
375955,2026-10-02T22:03:53.031+05:30,3025,Corporate Bonds
1251789,2026-10-06T23:05:48.773+05:30,2910,Corporate Bonds
1602692,2026-10-04T12:54:49.393+05:30,3027,Corporate Bonds
2207039,2026-10-04T10:24:09.353+05:30,2840,Corporate Bonds
2200719,2026-10-02T10:00:03.123+05:30,2868,Corporate Bonds
2217848,2026-10-05T16:17:36.155+05:30,2872,Corporate Bonds
2218090,2026-10-01T20:34:54.893+05:30,1292,High Yield FDs
1156303,2026-10-01T17:46:45.426+05:30,2969,XCase
1634939,2026-10-07T21:30:18.192+05:30,2477,Corporate Bonds
1802190,2026-10-02T11:57:56.134+05:30,3040,Corporate Bonds
2158753,2026-10-02T12:18:02.706+05:30,2849,Corporate Bonds
850815,2026-10-01T21:47:57.533+05:30,3040,Corporate Bonds
2156010,2026-10-03T18:54:57.532+05:30,2954,Corporate Bonds
1003363,2026-10-07T08:58:40.733+05:30,3027,Corporate Bonds
2199800,2026-10-04T11:21:27.931+05:30,3027,Corporate Bonds
1844494,2026-10-04T13:04:24.047+05:30,2964,Corporate Bonds
99386,2026-10-01T21:51:43.16+05:30,2917,Corporate Bonds
1127049,2026-10-07T09:58:03.278+05:30,3027,Corporate Bonds
2181927,2026-10-07T12:37:56.96+05:30,3045,Corporate Bonds
887918,2026-10-01T06:20:22.569+05:30,2431,Corporate Bonds
1066095,2026-10-07T13:10:43.342+05:30,2957,Corporate Bonds
1996326,2026-10-06T04:10:03.789+05:30,3027,Corporate Bonds
1716587,2026-10-01T17:35:48.314+05:30,2849,Corporate Bonds
1757975,2026-10-06T12:12:38.422+05:30,2794,Corporate Bonds
2231695,2026-10-05T22:20:24.467+05:30,2907,Corporate Bonds
1813501,2026-10-01T10:10:44.559+05:30,2849,Corporate Bonds
611852,2026-10-05T10:37:56.825+05:30,2880,Corporate Bonds
2213573,2026-10-07T17:13:42.657+05:30,3045,Corporate Bonds
1954362,2026-10-01T09:31:57.006+05:30,3027,Corporate Bonds
2234492,2026-10-06T13:20:10.087+05:30,2941,Corporate Bonds
926885,2026-10-07T20:14:38.459+05:30,2837,Corporate Bonds
633184,2026-10-06T13:29:38.014+05:30,2930,Corporate Bonds
1233714,2026-10-07T01:25:49.759+05:30,2981,Corporate Bonds
1766392,2026-10-05T12:39:51.912+05:30,3026,Corporate Bonds
2235316,2026-10-07T22:12:46.193+05:30,2794,Corporate Bonds
1866204,2026-10-02T19:39:18.086+05:30,2895,Corporate Bonds
2213416,2026-10-04T11:03:41.73+05:30,2982,Corporate Bonds
1224312,2026-10-05T13:44:00.743+05:30,2917,Corporate Bonds
1302869,2026-10-06T07:54:19.325+05:30,2957,Corporate Bonds
2231695,2026-10-06T21:41:07.036+05:30,2908,Corporate Bonds
1095672,2026-10-01T13:15:45.917+05:30,3027,Corporate Bonds
2190822,2026-10-02T01:12:26.519+05:30,2941,Corporate Bonds
2230185,2026-10-03T23:10:24.99+05:30,2849,Corporate Bonds
1126713,2026-10-06T18:55:32.438+05:30,2812,Corporate Bonds
2230005,2026-10-03T19:12:27.442+05:30,2849,Corporate Bonds
1736133,2026-10-02T19:11:56.105+05:30,2982,Corporate Bonds
2236551,2026-10-07T15:56:33.467+05:30,2729,Mutual Funds
1033200,2026-10-02T14:56:28.284+05:30,2849,Corporate Bonds
2111253,2026-10-01T16:04:17.514+05:30,3027,Corporate Bonds
1709577,2026-10-05T07:48:09.921+05:30,2626,Corporate Bonds
2223108,2026-10-03T17:34:01.654+05:30,2982,Corporate Bonds
2147546,2026-10-02T18:48:52.398+05:30,2881,Corporate Bonds
1167597,2026-10-04T22:44:24.015+05:30,2918,Corporate Bonds
1401441,2026-10-07T10:36:37.446+05:30,3044,Corporate Bonds
2236022,2026-10-07T11:20:22.044+05:30,2908,Corporate Bonds
2227742,2026-10-02T14:13:41.807+05:30,2982,Corporate Bonds
1116162,2026-10-05T10:24:55.868+05:30,3040,Corporate Bonds
2021781,2026-10-04T22:53:12.15+05:30,2930,Corporate Bonds
1870334,2026-10-02T16:23:33.705+05:30,2276,Corporate Bonds
2149674,2026-10-07T17:54:22.655+05:30,2964,Corporate Bonds
1813501,2026-10-01T17:01:58.109+05:30,1239,High Yield FDs
460624,2026-10-07T14:45:56.731+05:30,3044,Corporate Bonds
1049287,2026-10-04T17:49:31.889+05:30,2626,Corporate Bonds
2212433,2026-10-04T16:20:10.988+05:30,2955,Corporate Bonds
1186869,2026-10-03T13:32:31.013+05:30,2909,Corporate Bonds
1199382,2026-10-01T07:37:32.795+05:30,3023,Corporate Bonds
1194780,2026-10-05T11:57:12.403+05:30,2883,Corporate Bonds
2229096,2026-10-03T17:27:52.961+05:30,2949,Corporate Bonds
1055829,2026-10-02T10:30:34.146+05:30,2875,Corporate Bonds
2205867,2026-10-07T21:15:22.623+05:30,3027,Corporate Bonds
769386,2026-10-02T16:28:24.152+05:30,2982,Corporate Bonds
1889919,2026-10-07T10:27:07.965+05:30,3044,Corporate Bonds
1852311,2026-10-04T00:14:15.491+05:30,2895,Corporate Bonds
2234583,2026-10-06T14:13:04.637+05:30,2863,Corporate Bonds
1300266,2026-10-06T22:57:51.48+05:30,2849,Corporate Bonds
2230800,2026-10-05T17:31:49.273+05:30,2930,Corporate Bonds
1595513,2026-10-06T09:15:05.807+05:30,2969,XCase
2193862,2026-10-06T13:08:09.427+05:30,3027,Corporate Bonds
2148102,2026-10-06T09:13:50.493+05:30,2969,XCase
831605,2026-10-04T18:26:50.719+05:30,1292,High Yield FDs
2226561,2026-10-01T19:26:11.111+05:30,1685,Corporate Bonds
1425730,2026-10-03T11:28:55.812+05:30,3027,Corporate Bonds
2085601,2026-10-03T23:22:50.499+05:30,2873,XCase
1327245,2026-10-02T00:52:16.477+05:30,2881,Corporate Bonds
841000,2026-10-02T08:17:24.986+05:30,1873,Corporate Bonds
2219714,2026-10-04T18:18:49.232+05:30,2982,Corporate Bonds
1479380,2026-10-02T23:02:22.987+05:30,2881,Corporate Bonds
1431318,2026-10-01T22:06:04.02+05:30,2250,Corporate Bonds
2113846,2026-10-02T10:35:43.357+05:30,2895,Corporate Bonds
1412410,2026-10-03T18:05:41.607+05:30,2311,Corporate Bonds
1203993,2026-10-05T23:34:12.497+05:30,3027,Corporate Bonds
2230273,2026-10-07T22:15:07.499+05:30,2881,Corporate Bonds
2043313,2026-10-01T19:51:36.781+05:30,2910,Corporate Bonds
2058334,2026-10-06T22:06:37.109+05:30,3044,Corporate Bonds
1896964,2026-10-07T09:11:06.796+05:30,3027,Corporate Bonds
960662,2026-10-01T10:41:56.537+05:30,2887,Corporate Bonds
2234111,2026-10-07T22:38:06.87+05:30,3050,Corporate Bonds
661819,2026-10-01T11:32:22.985+05:30,2412,Corporate Bonds
1526657,2026-10-05T14:27:32.655+05:30,2883,Corporate Bonds
1287551,2026-10-05T21:56:22.795+05:30,2858,Corporate Bonds
2201877,2026-10-02T10:01:05.886+05:30,2868,Corporate Bonds
2077999,2026-10-03T18:08:52.131+05:30,2981,Corporate Bonds
882892,2026-10-03T09:02:50.477+05:30,2881,Corporate Bonds
1002421,2026-10-06T12:59:56.629+05:30,2794,Corporate Bonds
1870065,2026-10-03T21:23:49.033+05:30,2982,Corporate Bonds
1398272,2026-10-06T14:10:40.309+05:30,2644,Securitized Debt Instruments
2231070,2026-10-04T12:51:46.611+05:30,2982,Corporate Bonds
857902,2026-10-07T21:30:58.762+05:30,3044,Corporate Bonds
1077318,2026-10-04T16:28:57.188+05:30,2909,Corporate Bonds
2138297,2026-10-06T13:20:13.229+05:30,2629,Corporate Bonds
1837859,2026-10-04T09:21:22.834+05:30,3027,Corporate Bonds
831475,2026-10-03T14:49:57.465+05:30,2981,Corporate Bonds
80637,2026-10-04T08:11:36.736+05:30,2895,Corporate Bonds
63755,2026-10-07T16:06:46.221+05:30,2917,Corporate Bonds
1033384,2026-10-07T14:37:59.772+05:30,3027,Corporate Bonds
2226563,2026-10-01T19:48:08.56+05:30,2930,Corporate Bonds
2155614,2026-10-05T02:35:23.445+05:30,2881,Corporate Bonds
589846,2026-10-07T13:19:56.193+05:30,2883,Corporate Bonds
1260656,2026-10-06T09:03:24.308+05:30,3027,Corporate Bonds
1091020,2026-10-07T09:14:03.187+05:30,3026,Corporate Bonds
731894,2026-10-01T13:44:30.676+05:30,2412,Corporate Bonds
2221308,2026-10-05T11:35:24.789+05:30,2902,Corporate Bonds
2077522,2026-10-06T20:19:12.441+05:30,3044,Corporate Bonds
2232633,2026-10-05T12:16:35.081+05:30,2941,Corporate Bonds
857698,2026-10-02T08:25:10.703+05:30,3027,Corporate Bonds
2219271,2026-10-05T11:39:55.876+05:30,3027,Corporate Bonds
1774977,2026-10-01T21:59:10.574+05:30,2930,Corporate Bonds
2193173,2026-10-06T11:07:39.312+05:30,2644,Securitized Debt Instruments
2221736,2026-10-07T16:20:57.39+05:30,2941,Corporate Bonds
616189,2026-10-04T14:26:58.377+05:30,3027,Corporate Bonds
2234348,2026-10-06T12:14:07.254+05:30,2881,Corporate Bonds
1187840,2026-10-07T21:14:00.073+05:30,2918,Corporate Bonds
2225289,2026-10-02T17:45:30.073+05:30,3034,Corporate Bonds
769544,2026-10-06T19:39:29.692+05:30,2686,Corporate Bonds
2140512,2026-10-07T00:10:02.676+05:30,2849,Corporate Bonds
2184413,2026-10-01T09:20:14.5+05:30,2729,Mutual Funds
2153153,2026-10-01T10:11:13.346+05:30,2412,Corporate Bonds
2229273,2026-10-07T18:41:10.195+05:30,2477,Corporate Bonds
1277673,2026-10-02T21:37:27.339+05:30,2874,Corporate Bonds
1917120,2026-10-06T12:22:49.083+05:30,2981,Corporate Bonds
837628,2026-10-06T17:11:53.187+05:30,2895,Corporate Bonds
1255327,2026-10-06T17:11:12.392+05:30,2812,Corporate Bonds
1752216,2026-10-02T08:00:02.9+05:30,2433,Corporate Bonds
1229410,2026-10-06T19:44:10.676+05:30,2937,Corporate Bonds
2194989,2026-10-02T20:54:25.531+05:30,2981,Corporate Bonds
1184144,2026-10-06T18:18:52.337+05:30,2930,Corporate Bonds
1480763,2026-10-02T21:53:38.885+05:30,2311,Corporate Bonds
2195367,2026-10-06T00:56:29.65+05:30,2629,Corporate Bonds
1835685,2026-10-06T11:58:30.569+05:30,2982,Corporate Bonds
1787843,2026-10-01T19:47:27.403+05:30,2767,Corporate Bonds
2225599,2026-10-04T18:09:06.076+05:30,2982,Corporate Bonds
720428,2026-10-02T16:11:36.894+05:30,2895,Corporate Bonds
788634,2026-10-07T11:48:11.382+05:30,3044,Corporate Bonds
2216470,2026-10-04T17:06:37.431+05:30,2982,Corporate Bonds
2224151,2026-10-06T11:21:23.335+05:30,3040,Corporate Bonds
2218090,2026-10-02T14:18:13.743+05:30,1292,High Yield FDs
2113850,2026-10-04T23:21:42.833+05:30,2955,Corporate Bonds
1706931,2026-10-07T05:23:03.35+05:30,3044,Corporate Bonds
2156010,2026-10-02T23:48:01.938+05:30,1873,Corporate Bonds
2224083,2026-10-04T10:02:55.397+05:30,1239,High Yield FDs
98109,2026-10-01T16:23:36.464+05:30,2895,Corporate Bonds
2128404,2026-10-03T18:36:38.949+05:30,2868,Corporate Bonds
912762,2026-10-04T19:50:39.191+05:30,1239,High Yield FDs
1661518,2026-10-04T02:16:47.214+05:30,2849,Corporate Bonds
1162542,2026-10-01T15:36:57.389+05:30,2849,Corporate Bonds
888940,2026-10-04T22:38:38.751+05:30,3027,Corporate Bonds
280425,2026-10-04T15:25:33.503+05:30,3027,Corporate Bonds
1931327,2026-10-05T10:26:44.966+05:30,1239,High Yield FDs
2166373,2026-10-06T09:33:31.575+05:30,2644,Securitized Debt Instruments
2163128,2026-10-06T18:10:34.79+05:30,3044,Corporate Bonds
1054772,2026-10-01T20:56:47.172+05:30,2883,Corporate Bonds
722407,2026-10-05T22:16:43.831+05:30,2842,Corporate Bonds
170901,2026-10-05T14:34:33.766+05:30,2431,Corporate Bonds
2234460,2026-10-06T15:07:40.501+05:30,2941,Corporate Bonds
1278713,2026-10-02T08:27:09.969+05:30,2983,Corporate Bonds
1257219,2026-10-05T15:08:42.035+05:30,2882,Corporate Bonds
1644455,2026-10-07T10:06:41.157+05:30,2918,Corporate Bonds
2234348,2026-10-06T12:32:02.765+05:30,2881,Corporate Bonds
2160970,2026-10-03T17:08:54.448+05:30,2982,Corporate Bonds
1330738,2026-10-06T12:12:09.789+05:30,2982,Corporate Bonds
2229052,2026-10-03T08:03:07.534+05:30,2955,Corporate Bonds
1378174,2026-10-06T17:18:27.219+05:30,2887,Corporate Bonds
1663853,2026-10-02T16:45:49.919+05:30,2981,Corporate Bonds
2207991,2026-10-03T12:10:12.862+05:30,1239,High Yield FDs
342460,2026-10-01T07:36:00.507+05:30,2849,Corporate Bonds
2032252,2026-10-07T14:53:00.758+05:30,3045,Corporate Bonds
1835175,2026-10-01T08:39:02.822+05:30,2883,Corporate Bonds
1088456,2026-10-03T20:23:00.305+05:30,2900,Corporate Bonds
587809,2026-10-04T16:02:44.608+05:30,2849,Corporate Bonds
1092986,2026-10-06T08:01:49.441+05:30,2969,XCase
711450,2026-10-02T18:45:49.988+05:30,2880,Corporate Bonds
577213,2026-10-07T22:43:18.817+05:30,3044,Corporate Bonds
2007228,2026-10-02T10:20:39.592+05:30,2626,Corporate Bonds
2167819,2026-10-07T21:33:25.564+05:30,2686,Corporate Bonds
2203126,2026-10-01T16:00:49.751+05:30,2781,Corporate Bonds
1314637,2026-10-02T22:37:45.583+05:30,2930,Corporate Bonds
1885866,2026-10-04T12:45:45.917+05:30,2412,Corporate Bonds
1732425,2026-10-02T13:46:32.599+05:30,2981,Corporate Bonds
568523,2026-10-01T13:50:17.837+05:30,2964,Corporate Bonds
937401,2026-10-03T18:40:52.222+05:30,3026,Corporate Bonds
897100,2026-10-03T15:43:43.948+05:30,3027,Corporate Bonds
2235479,2026-10-06T23:39:52.875+05:30,2895,Corporate Bonds
2096985,2026-10-01T18:48:44.376+05:30,2767,Corporate Bonds
2095901,2026-10-06T14:56:37.595+05:30,2881,Corporate Bonds
2225018,2026-10-05T10:44:33.697+05:30,3027,Corporate Bonds
620301,2026-10-04T12:34:23.357+05:30,1239,High Yield FDs
1736133,2026-10-02T21:12:11.996+05:30,2982,Corporate Bonds
274479,2026-10-06T15:19:21.734+05:30,2644,Securitized Debt Instruments
1120918,2026-10-03T16:32:51.204+05:30,2909,Corporate Bonds
1894389,2026-10-04T11:02:20.679+05:30,2982,Corporate Bonds
907482,2026-10-05T14:20:57.764+05:30,2955,Corporate Bonds
1478594,2026-10-07T10:51:07.863+05:30,2883,Corporate Bonds
1536350,2026-10-01T12:48:27.991+05:30,2883,Corporate Bonds
1186881,2026-10-03T12:29:06.591+05:30,2986,Corporate Bonds
786973,2026-10-07T13:37:37.402+05:30,2874,Corporate Bonds
2193399,2026-10-06T10:43:52.035+05:30,1292,High Yield FDs
1235896,2026-10-07T22:07:17.615+05:30,3045,Corporate Bonds
1313303,2026-10-01T17:14:39.253+05:30,3027,Corporate Bonds
2231233,2026-10-04T14:09:32.834+05:30,2881,Corporate Bonds
20985,2026-10-06T17:27:06.257+05:30,2887,Corporate Bonds
2091515,2026-10-06T19:54:17.594+05:30,2644,Securitized Debt Instruments
408636,2026-10-05T18:15:57.032+05:30,2850,Corporate Bonds
1558680,2026-10-02T12:14:59.146+05:30,2910,Corporate Bonds
194173,2026-10-07T22:56:27.157+05:30,2930,Corporate Bonds
793459,2026-10-01T15:43:19.929+05:30,2858,Corporate Bonds
944593,2026-10-04T05:59:28.648+05:30,2908,Corporate Bonds
2225438,2026-10-01T01:07:58.964+05:30,2782,Corporate Bonds
2232906,2026-10-05T15:12:18.797+05:30,2769,Corporate Bonds
2047784,2026-10-01T15:24:56.705+05:30,2847,Corporate Bonds
27073,2026-10-01T12:05:40.032+05:30,2955,Corporate Bonds
958915,2026-10-03T14:02:20.218+05:30,1239,High Yield FDs
1487939,2026-10-07T07:13:46.346+05:30,3040,Corporate Bonds
2230260,2026-10-05T08:08:16.791+05:30,2982,Corporate Bonds
2217848,2026-10-05T16:14:54.81+05:30,2872,Corporate Bonds
2019963,2026-10-03T17:52:16.345+05:30,3027,Corporate Bonds
1136309,2026-10-04T18:12:35.226+05:30,2849,Corporate Bonds
1276614,2026-10-03T09:43:50.312+05:30,3027,Corporate Bonds
1768042,2026-10-02T20:55:28.241+05:30,2872,Corporate Bonds
1263210,2026-10-04T19:32:03.646+05:30,2982,Corporate Bonds
1863836,2026-10-06T15:43:52.224+05:30,2981,Corporate Bonds
1041192,2026-10-05T21:33:00.746+05:30,2881,Corporate Bonds
1093869,2026-10-07T15:17:08.43+05:30,3000,Corporate Bonds
2207673,2026-10-06T12:18:37.693+05:30,2794,Corporate Bonds
2227737,2026-10-02T12:35:42.57+05:30,2781,Corporate Bonds
844288,2026-10-06T09:34:59.248+05:30,2993,XCase
2226563,2026-10-01T19:45:10.765+05:30,2930,Corporate Bonds
2162404,2026-10-01T23:22:01.577+05:30,2553,Corporate Bonds
1844587,2026-10-01T01:07:44.278+05:30,3026,Corporate Bonds
782918,2026-10-06T02:53:29.972+05:30,2906,Corporate Bonds
1926339,2026-10-01T14:06:53.07+05:30,2849,Corporate Bonds
352,2026-10-06T20:40:50.679+05:30,2644,Securitized Debt Instruments
775011,2026-10-05T17:15:51.478+05:30,2955,Corporate Bonds
2148102,2026-10-06T10:53:14.939+05:30,1292,High Yield FDs
2142741,2026-10-02T10:36:11.879+05:30,3027,Corporate Bonds
1744820,2026-10-07T10:04:07.522+05:30,3044,Corporate Bonds
2235728,2026-10-07T08:00:16.531+05:30,2907,Corporate Bonds
1497525,2026-10-02T14:18:23.475+05:30,3027,Corporate Bonds
2162401,2026-10-01T12:07:51.686+05:30,2849,Corporate Bonds
1529150,2026-10-03T20:16:26.332+05:30,2849,Corporate Bonds
470813,2026-10-03T10:26:12.756+05:30,3027,Corporate Bonds
1057781,2026-10-01T11:25:15.178+05:30,2908,Corporate Bonds
1931666,2026-10-06T16:50:03.454+05:30,2769,Corporate Bonds
365458,2026-10-02T18:48:27.215+05:30,2992,Corporate Bonds
643094,2026-10-01T11:12:46.214+05:30,3027,Corporate Bonds
2228355,2026-10-02T19:35:07.39+05:30,3026,Corporate Bonds
266272,2026-10-03T17:32:15.527+05:30,2918,Corporate Bonds
2191552,2026-10-02T13:53:33.221+05:30,1292,High Yield FDs
2223147,2026-10-02T10:55:45.231+05:30,2982,Corporate Bonds
2079044,2026-10-07T14:12:32.399+05:30,2477,Corporate Bonds
2223631,2026-10-03T05:22:11.814+05:30,2813,Corporate Bonds
2231113,2026-10-04T13:01:04.076+05:30,2881,Corporate Bonds
2235479,2026-10-06T23:36:22.467+05:30,2874,Corporate Bonds
2217175,2026-10-01T14:34:28.316+05:30,2955,Corporate Bonds
1953938,2026-10-05T18:31:28.77+05:30,2881,Corporate Bonds
1156304,2026-10-05T06:38:32.945+05:30,2947,Corporate Bonds
2211366,2026-10-01T10:48:49.337+05:30,2906,Corporate Bonds
1334313,2026-10-05T14:16:40.747+05:30,2941,Corporate Bonds
2218090,2026-10-04T18:45:13.55+05:30,1292,High Yield FDs
1479380,2026-10-02T23:02:26.531+05:30,2881,Corporate Bonds
2215431,2026-10-04T02:31:08.359+05:30,2767,Corporate Bonds
1837943,2026-10-07T23:11:22.675+05:30,2941,Corporate Bonds
1786543,2026-10-03T09:59:04.795+05:30,2930,Corporate Bonds
805501,2026-10-01T21:43:36.747+05:30,2881,Corporate Bonds
2228841,2026-10-03T21:57:54.777+05:30,2982,Corporate Bonds
1577267,2026-10-07T11:05:08.349+05:30,2955,Corporate Bonds
1655409,2026-10-03T12:10:56.524+05:30,2879,Corporate Bonds
2014122,2026-10-04T22:31:19.326+05:30,3026,Corporate Bonds
366577,2026-10-03T14:11:35.567+05:30,2981,Corporate Bonds
1520339,2026-10-04T16:09:35.407+05:30,2964,Corporate Bonds
1552680,2026-10-03T21:18:26.561+05:30,2849,Corporate Bonds
1277673,2026-10-03T21:17:36.259+05:30,3027,Corporate Bonds
740810,2026-10-05T14:23:04.39+05:30,2843,Corporate Bonds
1548555,2026-10-04T23:17:36.409+05:30,2907,Corporate Bonds
738507,2026-10-03T20:40:02.415+05:30,2955,Corporate Bonds
2225031,2026-10-01T06:52:39.806+05:30,2986,Corporate Bonds
2139467,2026-10-04T19:20:02.932+05:30,2918,Corporate Bonds
2145390,2026-10-02T10:05:48.082+05:30,2433,Corporate Bonds
1634452,2026-10-06T15:04:41.173+05:30,2895,Corporate Bonds
804001,2026-10-03T17:52:11.868+05:30,3027,Corporate Bonds
274479,2026-10-06T15:11:38.665+05:30,2840,Corporate Bonds
22253,2026-10-04T08:35:57.152+05:30,2982,Corporate Bonds
1988634,2026-10-02T19:33:08.531+05:30,1239,High Yield FDs
65582,2026-10-07T20:12:38.488+05:30,2907,Corporate Bonds
1158553,2026-10-07T00:57:25.377+05:30,2842,Corporate Bonds
1821696,2026-10-03T16:48:12.496+05:30,3026,Corporate Bonds
2206679,2026-10-07T15:09:15.064+05:30,3045,Corporate Bonds
,2026-10-01T09:29:09.452+05:30,2782,Corporate Bonds
742497,2026-10-03T06:34:16.023+05:30,1239,High Yield FDs
1169373,2026-10-03T02:21:40.93+05:30,2981,Corporate Bonds
2010444,2026-10-06T19:37:07.596+05:30,1239,High Yield FDs
1029476,2026-10-04T11:36:45.434+05:30,2849,Corporate Bonds
592229,2026-10-02T14:31:45.768+05:30,3040,Corporate Bonds
422305,2026-10-04T14:09:12.946+05:30,2982,Corporate Bonds
1992552,2026-10-03T08:52:45.875+05:30,3027,Corporate Bonds
741378,2026-10-07T22:05:43.387+05:30,2964,Corporate Bonds
2226495,2026-10-02T09:58:42.053+05:30,2954,Corporate Bonds
2160840,2026-10-05T14:40:14.453+05:30,2981,Corporate Bonds
212246,2026-10-04T17:08:53.465+05:30,3027,Corporate Bonds
1865049,2026-10-05T10:59:17.459+05:30,2881,Corporate Bonds
2230767,2026-10-04T10:36:03.083+05:30,2881,Corporate Bonds
1355345,2026-10-01T21:40:52.504+05:30,2981,Corporate Bonds
2181927,2026-10-07T12:30:42.628+05:30,2849,Corporate Bonds
2213417,2026-10-01T17:41:02.309+05:30,2855,Corporate Bonds
1532890,2026-10-05T14:40:41.059+05:30,2907,Corporate Bonds
2183276,2026-10-06T10:20:35.781+05:30,2930,Corporate Bonds
1667963,2026-10-06T08:09:56.855+05:30,2644,Securitized Debt Instruments
842471,2026-10-05T16:02:24.431+05:30,2930,Corporate Bonds
1949335,2026-10-04T19:47:41.298+05:30,2849,Corporate Bonds
144657,2026-10-05T18:28:30.37+05:30,1239,High Yield FDs
2171619,2026-10-05T21:22:31.677+05:30,2644,Securitized Debt Instruments
1961958,2026-10-02T23:19:40.123+05:30,3027,Corporate Bonds
1797825,2026-10-07T14:24:50.312+05:30,3044,Corporate Bonds
1755626,2026-10-01T10:58:24.4+05:30,2883,Corporate Bonds
777805,2026-10-06T15:13:31.743+05:30,2812,Corporate Bonds
2232398,2026-10-05T09:44:27.403+05:30,2881,Corporate Bonds
1304046,2026-10-05T11:16:21.739+05:30,2757,Corporate Bonds
1612337,2026-10-02T13:34:02.011+05:30,2918,Corporate Bonds
1049287,2026-10-05T15:39:46.972+05:30,2887,Corporate Bonds
2235490,2026-10-07T21:06:30.687+05:30,2843,Corporate Bonds
2063634,2026-10-06T11:53:25.68+05:30,2644,Securitized Debt Instruments
1938725,2026-10-03T00:52:47.765+05:30,2981,Corporate Bonds
2236381,2026-10-07T14:10:25.561+05:30,2918,Corporate Bonds
1236729,2026-10-03T13:37:13.048+05:30,2982,Corporate Bonds
862671,2026-10-04T01:14:14.207+05:30,2882,Corporate Bonds
972319,2026-10-06T09:38:43.72+05:30,2982,Corporate Bonds
2182553,2026-10-05T09:12:47.771+05:30,2849,Corporate Bonds
465763,2026-10-07T12:00:46.697+05:30,2981,Corporate Bonds
2160878,2026-10-05T15:10:30.928+05:30,2644,Securitized Debt Instruments
950408,2026-10-01T20:07:47.878+05:30,2553,Corporate Bonds
2225018,2026-10-06T11:55:56.052+05:30,2982,Corporate Bonds
889450,2026-10-05T18:11:20.298+05:30,2849,Corporate Bonds
1927345,2026-10-03T20:58:35.84+05:30,3027,Corporate Bonds
1069638,2026-10-04T14:33:09.956+05:30,3027,Corporate Bonds
805501,2026-10-05T19:17:57.504+05:30,1292,High Yield FDs
1524078,2026-10-05T16:51:56.544+05:30,2881,Corporate Bonds
2209573,2026-10-01T21:17:04.862+05:30,3040,Corporate Bonds
944593,2026-10-02T23:25:16.897+05:30,2881,Corporate Bonds
370865,2026-10-01T17:49:51.073+05:30,2881,Corporate Bonds
2225385,2026-10-06T13:14:47.845+05:30,2930,Corporate Bonds
1252187,2026-10-07T09:27:08.863+05:30,2918,Corporate Bonds
783753,2026-10-05T11:22:52.277+05:30,1292,High Yield FDs
1263210,2026-10-04T19:33:11.537+05:30,2982,Corporate Bonds
1432460,2026-10-07T09:45:08.807+05:30,3027,Corporate Bonds
1033720,2026-10-01T12:02:53.439+05:30,2883,Corporate Bonds
2229458,2026-10-05T20:41:39.497+05:30,3027,Corporate Bonds
2088151,2026-10-01T21:16:44.973+05:30,2100,Corporate Bonds
920772,2026-10-04T21:09:30.863+05:30,2996,Corporate Bonds
815212,2026-10-01T10:03:54.659+05:30,3024,Corporate Bonds
805083,2026-10-05T11:51:08.923+05:30,1292,High Yield FDs
2218614,2026-10-02T19:34:12.364+05:30,2955,Corporate Bonds
2213521,2026-10-01T10:58:53.276+05:30,2872,Corporate Bonds
1305388,2026-10-04T20:42:15.558+05:30,2881,Corporate Bonds
127524,2026-10-05T16:54:17.277+05:30,2883,Corporate Bonds
2042771,2026-10-04T22:23:57.293+05:30,2830,Corporate Bonds
1231084,2026-10-01T14:43:37.859+05:30,2858,Corporate Bonds
1698708,2026-10-02T12:46:31.19+05:30,2982,Corporate Bonds
234684,2026-10-07T13:18:57.99+05:30,2969,XCase
2225778,2026-10-01T11:57:15.14+05:30,2881,Corporate Bonds
2224182,2026-10-01T12:02:45.872+05:30,3027,Corporate Bonds
1590498,2026-10-04T13:20:42.994+05:30,2843,Corporate Bonds
716557,2026-10-03T08:41:01.941+05:30,2874,Corporate Bonds
910494,2026-10-05T12:00:49.316+05:30,2964,Corporate Bonds
2228536,2026-10-03T22:00:27.048+05:30,2895,Corporate Bonds
1577865,2026-10-06T21:15:36.389+05:30,3044,Corporate Bonds
2092759,2026-10-01T08:25:21.691+05:30,2992,Corporate Bonds
2225385,2026-10-06T13:14:44.77+05:30,2930,Corporate Bonds
2188856,2026-10-04T08:37:24.925+05:30,2902,Corporate Bonds
838427,2026-10-01T10:24:52.975+05:30,2993,XCase
2117382,2026-10-06T14:01:43.404+05:30,2930,Corporate Bonds
1736404,2026-10-03T19:48:05.007+05:30,2880,Corporate Bonds
2102167,2026-10-07T13:10:57.687+05:30,3045,Corporate Bonds
2169616,2026-10-01T17:14:56.289+05:30,2849,Corporate Bonds
2232633,2026-10-05T12:12:38.731+05:30,2941,Corporate Bonds
2220240,2026-10-01T18:42:12.404+05:30,2433,Corporate Bonds
1561754,2026-10-03T21:01:55.721+05:30,2955,Corporate Bonds
190086,2026-10-07T00:11:40.157+05:30,2969,XCase
2116215,2026-10-04T11:36:11.923+05:30,2982,Corporate Bonds
1978846,2026-10-01T21:42:33.352+05:30,2883,Corporate Bonds
2174563,2026-10-01T13:01:54.287+05:30,1239,High Yield FDs
314109,2026-10-01T12:27:02.333+05:30,2907,Corporate Bonds
1066037,2026-10-03T18:55:59.513+05:30,2909,Corporate Bonds
372417,2026-10-05T11:51:28.618+05:30,2883,Corporate Bonds
1908784,2026-10-03T21:55:28.777+05:30,1239,High Yield FDs
2145013,2026-10-01T12:03:16.246+05:30,2843,Corporate Bonds
2231832,2026-10-04T22:14:33.329+05:30,2895,Corporate Bonds
2225065,2026-10-05T11:21:02.211+05:30,2906,Corporate Bonds
1711045,2026-10-03T12:34:57.692+05:30,2981,Corporate Bonds
2121500,2026-10-02T21:10:19.779+05:30,3027,Corporate Bonds
1712668,2026-10-05T18:35:19.162+05:30,2969,XCase
77527,2026-10-04T23:14:09.683+05:30,2849,Corporate Bonds
1156303,2026-10-01T15:31:25.164+05:30,2858,Corporate Bonds
2117382,2026-10-06T14:01:38.374+05:30,2930,Corporate Bonds
1075309,2026-10-05T12:08:03.45+05:30,2993,XCase
1884304,2026-10-05T19:31:17.565+05:30,2964,Corporate Bonds
1924882,2026-10-01T15:59:32.353+05:30,2922,Corporate Bonds
841170,2026-10-01T09:28:34.896+05:30,2883,Corporate Bonds
266272,2026-10-02T16:08:42.969+05:30,2855,Corporate Bonds
780284,2026-10-07T18:36:00.992+05:30,2964,Corporate Bonds
2184535,2026-10-07T16:52:40.027+05:30,3044,Corporate Bonds
356462,2026-10-03T10:59:52.476+05:30,2981,Corporate Bonds
2006080,2026-10-07T17:06:33.984+05:30,2909,Corporate Bonds
577578,2026-10-02T09:57:43.696+05:30,2074,SIF
2171930,2026-10-02T11:09:11.623+05:30,2872,Corporate Bonds
2226820,2026-10-01T21:55:46.147+05:30,2881,Corporate Bonds
2160966,2026-10-01T04:45:11.938+05:30,2907,Corporate Bonds
16869,2026-10-01T13:01:22.074+05:30,2842,Corporate Bonds
2110656,2026-10-03T18:00:06.034+05:30,3026,Corporate Bonds
2223631,2026-10-04T20:22:48.137+05:30,2781,Corporate Bonds
884130,2026-10-05T04:21:17.704+05:30,2849,Corporate Bonds
1697992,2026-10-06T00:07:22.472+05:30,2644,Securitized Debt Instruments
1277673,2026-10-03T22:44:22.301+05:30,2930,Corporate Bonds
2215208,2026-10-05T15:14:09.823+05:30,2842,Corporate Bonds
881271,2026-10-05T20:21:26.506+05:30,3034,Corporate Bonds
2115925,2026-10-01T15:46:40.432+05:30,2849,Corporate Bonds
2216650,2026-10-01T18:50:55.409+05:30,2982,Corporate Bonds
1711446,2026-10-01T19:27:41.183+05:30,2849,Corporate Bonds
798204,2026-10-01T11:54:34.789+05:30,2880,Corporate Bonds
2208823,2026-10-03T11:50:29.374+05:30,2626,Corporate Bonds
1595513,2026-10-06T09:30:52.553+05:30,2822,XCase
1287551,2026-10-05T21:58:50.707+05:30,2858,Corporate Bonds
1302869,2026-10-07T22:23:59.496+05:30,2957,Corporate Bonds
2187966,2026-10-03T16:55:48.497+05:30,2887,Corporate Bonds
949624,2026-10-05T08:05:09.122+05:30,2752,Corporate Bonds
1396039,2026-10-05T16:17:28.041+05:30,3027,Corporate Bonds
2133315,2026-10-06T02:25:02.084+05:30,2889,Corporate Bonds
1299053,2026-10-04T23:37:40.507+05:30,2849,Corporate Bonds
1001460,2026-10-01T11:58:47.442+05:30,3027,Corporate Bonds
634077,2026-10-07T17:30:44.487+05:30,2849,Corporate Bonds
1748596,2026-10-07T12:14:19.517+05:30,3044,Corporate Bonds
1794424,2026-10-07T13:21:45.849+05:30,3044,Corporate Bonds
478904,2026-10-04T13:21:33.38+05:30,3034,Corporate Bonds
1594369,2026-10-04T11:11:56.054+05:30,2881,Corporate Bonds
1616237,2026-10-02T08:40:01.022+05:30,2881,Corporate Bonds
2195367,2026-10-01T20:01:59.52+05:30,1685,Corporate Bonds
2224172,2026-10-01T11:39:21.071+05:30,3027,Corporate Bonds
2229096,2026-10-03T10:27:23.027+05:30,2930,Corporate Bonds
1858261,2026-10-07T12:28:15.196+05:30,3044,Corporate Bonds
2175038,2026-10-03T14:05:43.729+05:30,2881,Corporate Bonds
2012786,2026-10-02T14:24:09.066+05:30,3026,Corporate Bonds
2207820,2026-10-02T15:24:43.744+05:30,2752,Corporate Bonds
2233508,2026-10-05T22:11:56.28+05:30,2830,Corporate Bonds
1618976,2026-10-05T20:31:20.338+05:30,1239,High Yield FDs
1793286,2026-10-02T17:06:54.398+05:30,2872,Corporate Bonds
1187535,2026-10-01T09:37:08.46+05:30,2643,Securitized Debt Instruments
2222620,2026-10-01T08:48:05.01+05:30,2993,XCase
2110866,2026-10-07T05:03:03.113+05:30,3040,Corporate Bonds
786145,2026-10-05T12:06:22.021+05:30,2881,Corporate Bonds
1942084,2026-10-01T07:16:23.638+05:30,2849,Corporate Bonds
409983,2026-10-02T09:46:58.852+05:30,3024,Corporate Bonds
2236739,2026-10-07T17:32:48.83+05:30,2941,Corporate Bonds
521903,2026-10-01T09:58:48.743+05:30,3034,Corporate Bonds
1935893,2026-10-02T17:27:20.701+05:30,2982,Corporate Bonds
526628,2026-10-07T14:19:02.803+05:30,3044,Corporate Bonds
704485,2026-10-01T09:48:12.016+05:30,3014,Corporate Bonds
2191286,2026-10-05T14:03:17.348+05:30,2895,Corporate Bonds
1180128,2026-10-01T23:36:26.51+05:30,2874,Corporate Bonds
846638,2026-10-01T10:28:00.134+05:30,3027,Corporate Bonds
2142078,2026-10-06T23:16:05.27+05:30,3044,Corporate Bonds
1069638,2026-10-03T14:04:03.068+05:30,2849,Corporate Bonds
1102503,2026-10-01T22:22:13.222+05:30,3040,Corporate Bonds
2225289,2026-10-03T15:51:08.561+05:30,2906,Corporate Bonds
2150381,2026-10-02T10:44:48.425+05:30,2964,Corporate Bonds
2134012,2026-10-02T15:05:04.697+05:30,2433,Corporate Bonds
1207534,2026-10-02T17:32:37.397+05:30,2981,Corporate Bonds
2220184,2026-10-06T13:02:01.939+05:30,2955,Corporate Bonds
2206679,2026-10-07T15:05:27.019+05:30,3045,Corporate Bonds
2217777,2026-10-04T04:50:45.622+05:30,2412,Corporate Bonds
1597838,2026-10-05T17:03:21.813+05:30,2842,Corporate Bonds
1558098,2026-10-03T15:01:11.306+05:30,2931,Corporate Bonds
2145347,2026-10-03T11:54:02.045+05:30,2412,Corporate Bonds
206047,2026-10-05T16:54:27.117+05:30,2890,Corporate Bonds
814980,2026-10-06T02:32:48.915+05:30,2767,Corporate Bonds
2074231,2026-10-07T09:47:09.806+05:30,3040,Corporate Bonds
1510798,2026-10-01T08:26:34.903+05:30,3027,Corporate Bonds
2163550,2026-10-07T20:24:08.984+05:30,2895,Corporate Bonds
1616652,2026-10-05T06:34:01.857+05:30,2964,Corporate Bonds
1611365,2026-10-06T22:29:52.153+05:30,2842,Corporate Bonds
274479,2026-10-06T15:01:36.403+05:30,2842,Corporate Bonds
2227777,2026-10-02T14:26:20.923+05:30,3026,Corporate Bonds
2116748,2026-10-03T10:48:51.415+05:30,2767,Corporate Bonds
2208531,2026-10-02T19:40:43.27+05:30,2881,Corporate Bonds
2127205,2026-10-01T18:14:23.93+05:30,2643,Securitized Debt Instruments
180994,2026-10-02T04:57:17.261+05:30,2794,Corporate Bonds
2063733,2026-10-01T15:05:00.406+05:30,1873,Corporate Bonds
2074740,2026-10-04T07:49:53.101+05:30,2982,Corporate Bonds
644383,2026-10-01T08:13:44.924+05:30,3014,Corporate Bonds
1842474,2026-10-05T12:12:35.795+05:30,2981,Corporate Bonds
2089027,2026-10-01T12:40:57.02+05:30,2794,Corporate Bonds
101157,2026-10-04T19:32:04.164+05:30,2626,Corporate Bonds
483863,2026-10-02T10:25:15.137+05:30,2849,Corporate Bonds
1186527,2026-10-02T10:34:02.345+05:30,2981,Corporate Bonds
1496846,2026-10-04T13:56:40.932+05:30,2643,Securitized Debt Instruments
1884304,2026-10-02T11:03:15.309+05:30,2964,Corporate Bonds
1556515,2026-10-03T03:00:09.304+05:30,2813,Corporate Bonds
1613578,2026-10-03T16:34:26.529+05:30,2982,Corporate Bonds
1905948,2026-10-01T12:21:40.215+05:30,2643,Securitized Debt Instruments
1114568,2026-10-03T09:47:27.942+05:30,2919,Corporate Bonds
1687033,2026-10-06T12:26:26.693+05:30,2981,Corporate Bonds
1736133,2026-10-02T19:11:55.746+05:30,2982,Corporate Bonds
2208883,2026-10-06T13:05:50.941+05:30,2644,Securitized Debt Instruments
2033376,2026-10-01T22:48:47.413+05:30,2883,Corporate Bonds
1671711,2026-10-05T18:43:41.561+05:30,3040,Corporate Bonds
1475867,2026-10-04T09:29:27.476+05:30,3027,Corporate Bonds
1547231,2026-10-06T23:12:19.692+05:30,2964,Corporate Bonds
2153591,2026-10-03T12:00:34.271+05:30,2868,Corporate Bonds
2082867,2026-10-07T10:11:46.004+05:30,2910,Corporate Bonds
2226471,2026-10-05T18:34:37.837+05:30,2881,Corporate Bonds
971160,2026-10-07T12:28:01.558+05:30,3044,Corporate Bonds
713869,2026-10-01T11:29:13.764+05:30,2955,Corporate Bonds
696005,2026-10-07T12:00:44.501+05:30,3044,Corporate Bonds
521581,2026-10-01T11:19:02.912+05:30,1239,High Yield FDs
2231061,2026-10-04T12:34:33.002+05:30,2863,Corporate Bonds
2206887,2026-10-05T11:36:54.518+05:30,2729,Mutual Funds
889185,2026-10-04T10:31:16.698+05:30,2955,Corporate Bonds
618487,2026-10-06T14:30:35.027+05:30,3026,Corporate Bonds
1744820,2026-10-07T10:05:25.18+05:30,3044,Corporate Bonds
2225855,2026-10-01T20:06:05.905+05:30,2100,Corporate Bonds
1999790,2026-10-07T15:44:28.469+05:30,3044,Corporate Bonds
949624,2026-10-05T08:06:34+05:30,2752,Corporate Bonds
2224871,2026-10-01T15:24:05.049+05:30,2908,Corporate Bonds
2226471,2026-10-05T05:16:39.71+05:30,3026,Corporate Bonds
1548886,2026-10-02T15:00:51.378+05:30,3027,Corporate Bonds
602823,2026-10-06T13:43:55.479+05:30,3027,Corporate Bonds
877824,2026-10-05T16:26:59.971+05:30,2644,Securitized Debt Instruments
1696635,2026-10-01T18:33:09.476+05:30,2849,Corporate Bonds
2224206,2026-10-06T10:57:54.205+05:30,3027,Corporate Bonds
1747478,2026-10-02T22:39:54.408+05:30,2849,Corporate Bonds
1797699,2026-10-07T22:02:45.614+05:30,2849,Corporate Bonds
622529,2026-10-04T21:07:31.028+05:30,3027,Corporate Bonds
735291,2026-10-07T16:45:10.552+05:30,3045,Corporate Bonds
1793525,2026-10-06T07:44:36.531+05:30,2969,XCase
956759,2026-10-05T21:55:47.015+05:30,1095,High Yield FDs
1388406,2026-10-04T12:53:04.085+05:30,2874,Corporate Bonds
1500382,2026-10-04T11:53:06.115+05:30,2875,Corporate Bonds
2060703,2026-10-01T21:30:50.088+05:30,3040,Corporate Bonds
2174057,2026-10-01T11:44:41.415+05:30,2964,Corporate Bonds
65582,2026-10-07T20:11:40.592+05:30,2881,Corporate Bonds
2150381,2026-10-02T11:00:49.923+05:30,2964,Corporate Bonds
1420823,2026-10-05T10:38:51.873+05:30,3027,Corporate Bonds
1773016,2026-10-06T17:58:42.105+05:30,2794,Corporate Bonds
1813501,2026-10-02T10:27:11.856+05:30,2849,Corporate Bonds
2192184,2026-10-07T18:19:12.245+05:30,3045,Corporate Bonds
1793525,2026-10-05T15:16:16.022+05:30,2969,XCase
1051159,2026-10-07T18:17:57.145+05:30,3045,Corporate Bonds
2224074,2026-10-01T11:02:20.485+05:30,2902,Corporate Bonds
1187840,2026-10-03T05:38:46.423+05:30,2918,Corporate Bonds
2211572,2026-10-02T22:13:55.894+05:30,2626,Corporate Bonds
2067387,2026-10-04T17:53:38.08+05:30,2895,Corporate Bonds
1400114,2026-10-05T11:26:42.388+05:30,3027,Corporate Bonds
1729259,2026-10-02T03:00:18.441+05:30,2955,Corporate Bonds
1735201,2026-10-05T20:07:41.4+05:30,3026,Corporate Bonds
2137230,2026-10-02T08:21:46.878+05:30,2883,Corporate Bonds
2142149,2026-10-01T10:48:41.946+05:30,2908,Corporate Bonds
1405981,2026-10-01T11:37:26.43+05:30,2849,Corporate Bonds
1727968,2026-10-02T07:40:40.996+05:30,2849,Corporate Bonds
2128122,2026-10-04T18:20:41.675+05:30,1292,High Yield FDs
1902495,2026-10-03T22:01:31.24+05:30,2992,Corporate Bonds
953571,2026-10-04T17:33:53.377+05:30,2794,Corporate Bonds
2188856,2026-10-03T17:16:03.802+05:30,2930,Corporate Bonds
2176630,2026-10-05T21:33:59.66+05:30,2858,Corporate Bonds
1399280,2026-10-01T10:37:49.88+05:30,3027,Corporate Bonds
2233822,2026-10-06T02:03:35.351+05:30,2881,Corporate Bonds
2230260,2026-10-05T08:08:17.168+05:30,2982,Corporate Bonds
711450,2026-10-02T18:49:56.132+05:30,2855,Corporate Bonds
1987790,2026-10-01T19:22:08.394+05:30,2981,Corporate Bonds
2176630,2026-10-05T21:31:59.509+05:30,2858,Corporate Bonds
2182890,2026-10-02T19:42:27.695+05:30,2849,Corporate Bonds
1397670,2026-10-05T13:43:59.431+05:30,2941,Corporate Bonds
,2026-10-04T10:08:12.56+05:30,1239,High Yield FDs
255093,2026-10-01T14:04:18.351+05:30,1292,High Yield FDs
2236214,2026-10-07T12:44:33.987+05:30,3026,Corporate Bonds
1779274,2026-10-05T16:17:23.844+05:30,2930,Corporate Bonds
1400114,2026-10-05T11:27:34.613+05:30,3027,Corporate Bonds
2150066,2026-10-02T11:14:53.571+05:30,3025,Corporate Bonds
2187339,2026-10-01T22:56:16.129+05:30,2849,Corporate Bonds
865015,2026-10-01T21:43:45.853+05:30,2794,Corporate Bonds
23050,2026-10-05T12:01:43.083+05:30,2883,Corporate Bonds
1372765,2026-10-06T12:52:12.398+05:30,2881,Corporate Bonds
643094,2026-10-01T11:11:18.768+05:30,3027,Corporate Bonds
1895290,2026-10-04T12:11:22.549+05:30,2767,Corporate Bonds
673481,2026-10-07T21:41:56.592+05:30,2808,Corporate Bonds
1080695,2026-10-07T20:27:38.869+05:30,2917,Corporate Bonds
1525074,2026-10-04T20:09:18.692+05:30,2895,Corporate Bonds
1904347,2026-10-02T20:44:55.723+05:30,2849,Corporate Bonds
331804,2026-10-07T00:06:37.65+05:30,3027,Corporate Bonds
1980717,2026-10-03T07:25:37.472+05:30,2849,Corporate Bonds
2149674,2026-10-07T17:26:23.582+05:30,3040,Corporate Bonds
2218833,2026-10-01T14:32:31.844+05:30,2941,Corporate Bonds
2231850,2026-10-06T10:52:28.752+05:30,2982,Corporate Bonds
2051122,2026-10-07T11:21:33.825+05:30,3044,Corporate Bonds
1187225,2026-10-02T16:40:07.511+05:30,2412,Corporate Bonds
1703275,2026-10-01T10:49:09.454+05:30,2874,Corporate Bonds
439539,2026-10-01T09:22:13.807+05:30,2969,XCase
1280703,2026-10-06T09:17:55.231+05:30,3027,Corporate Bonds
840126,2026-10-05T01:36:43.11+05:30,3027,Corporate Bonds
846154,2026-10-03T19:33:59.319+05:30,2955,Corporate Bonds
1287336,2026-10-02T02:46:30.776+05:30,2849,Corporate Bonds
1358222,2026-10-01T10:32:43.62+05:30,3014,Corporate Bonds
2086082,2026-10-01T19:35:36.811+05:30,2840,Corporate Bonds
2220184,2026-10-07T12:51:14.414+05:30,2955,Corporate Bonds
2231850,2026-10-06T12:51:42.144+05:30,2982,Corporate Bonds
1954362,2026-10-01T09:32:00.395+05:30,3027,Corporate Bonds
1757975,2026-10-06T19:12:10.396+05:30,2794,Corporate Bonds
274479,2026-10-06T15:13:24.334+05:30,2840,Corporate Bonds
944593,2026-10-02T23:31:05.63+05:30,2907,Corporate Bonds
2232157,2026-10-06T10:14:58.362+05:30,3027,Corporate Bonds
2229078,2026-10-05T18:23:59.48+05:30,2842,Corporate Bonds
2232791,2026-10-06T09:10:09.428+05:30,2964,Corporate Bonds
891588,2026-10-07T18:33:49.252+05:30,3044,Corporate Bonds
859492,2026-10-04T22:57:20.323+05:30,2982,Corporate Bonds
2226079,2026-10-01T13:57:28.494+05:30,2849,Corporate Bonds
2082849,2026-10-02T13:19:26.175+05:30,2955,Corporate Bonds
1405608,2026-10-01T13:51:57.98+05:30,2981,Corporate Bonds
1060239,2026-10-02T09:30:40.335+05:30,2879,Corporate Bonds
2170254,2026-10-05T09:11:16.617+05:30,2964,Corporate Bonds
1925911,2026-10-04T02:09:54.503+05:30,2874,Corporate Bonds
272262,2026-10-03T16:05:44.234+05:30,3027,Corporate Bonds
1954362,2026-10-06T16:31:12.886+05:30,2842,Corporate Bonds
217224,2026-10-07T18:57:57.545+05:30,3044,Corporate Bonds
2161089,2026-10-01T20:42:23.866+05:30,2981,Corporate Bonds
1933764,2026-10-01T08:07:15.314+05:30,2703,Corporate Bonds
1251426,2026-10-01T08:28:35.509+05:30,2643,Securitized Debt Instruments
516299,2026-10-04T22:46:02.793+05:30,2843,Corporate Bonds
34390,2026-10-02T11:31:41.27+05:30,2872,Corporate Bonds
2236340,2026-10-07T17:08:42.314+05:30,3027,Corporate Bonds
2232364,2026-10-05T13:21:44.781+05:30,2781,Corporate Bonds
2172200,2026-10-06T16:36:23.889+05:30,1292,High Yield FDs
809614,2026-10-04T22:03:41.479+05:30,3040,Corporate Bonds
1114557,2026-10-03T21:05:48.319+05:30,2949,Corporate Bonds
1183664,2026-10-01T13:09:53.102+05:30,2969,XCase
498581,2026-10-01T09:42:24.721+05:30,3024,Corporate Bonds
2227400,2026-10-02T09:42:03.427+05:30,2982,Corporate Bonds
465763,2026-10-07T12:30:02.18+05:30,3040,Corporate Bonds
1066037,2026-10-03T18:41:17.329+05:30,2909,Corporate Bonds
2060365,2026-10-06T10:13:36.47+05:30,2729,Mutual Funds
960002,2026-10-07T07:10:39.892+05:30,2769,Corporate Bonds
2128258,2026-10-02T16:28:44.549+05:30,2981,Corporate Bonds
1522076,2026-10-04T07:32:07.594+05:30,3027,Corporate Bonds
815566,2026-10-07T16:02:29.969+05:30,3044,Corporate Bonds
1557965,2026-10-02T10:24:37.349+05:30,2981,Corporate Bonds
408786,2026-10-03T13:27:52.702+05:30,2849,Corporate Bonds
1719734,2026-10-02T13:22:58.024+05:30,2982,Corporate Bonds
1264445,2026-10-01T13:07:26.071+05:30,2982,Corporate Bonds
591215,2026-10-07T12:19:57.468+05:30,2930,Corporate Bonds
2236641,2026-10-07T16:46:09.496+05:30,3044,Corporate Bonds
2234339,2026-10-06T12:37:19.88+05:30,2412,Corporate Bonds
2229028,2026-10-03T14:14:16.556+05:30,2781,Corporate Bonds
1088280,2026-10-06T08:39:57.41+05:30,2926,Corporate Bonds
2032390,2026-10-05T16:22:30.189+05:30,3027,Corporate Bonds
2114368,2026-10-01T15:05:30.324+05:30,2858,Corporate Bonds
2216336,2026-10-01T08:26:59.727+05:30,2026,Corporate Bonds
731894,2026-10-01T13:33:18.529+05:30,2412,Corporate Bonds
1184143,2026-10-05T09:59:47.53+05:30,2895,Corporate Bonds
2060365,2026-10-06T10:32:09.072+05:30,2899,Mutual Funds
846638,2026-10-01T10:28:01.996+05:30,3027,Corporate Bonds
2231834,2026-10-04T21:18:48.658+05:30,2982,Corporate Bonds
944362,2026-10-01T10:45:08.729+05:30,3014,Corporate Bonds
821348,2026-10-07T15:13:42.745+05:30,2794,Corporate Bonds
1779324,2026-10-02T17:27:46.832+05:30,2955,Corporate Bonds
1850356,2026-10-07T23:45:37.399+05:30,3044,Corporate Bonds
2195068,2026-10-06T16:21:16.599+05:30,2644,Securitized Debt Instruments
2018836,2026-10-07T10:33:30.999+05:30,3027,Corporate Bonds
2043313,2026-10-01T19:58:57.164+05:30,2910,Corporate Bonds
2231517,2026-10-04T17:33:39.407+05:30,2849,Corporate Bonds
2160840,2026-10-06T20:04:55.911+05:30,2769,Corporate Bonds
2220109,2026-10-07T20:36:47.724+05:30,3040,Corporate Bonds
65582,2026-10-07T13:46:29.945+05:30,2881,Corporate Bonds
1786278,2026-10-01T13:58:09.327+05:30,2026,Corporate Bonds
2223514,2026-10-07T16:09:05.55+05:30,3027,Corporate Bonds
740056,2026-10-02T10:33:02.342+05:30,2849,Corporate Bonds
2231546,2026-10-05T08:58:17.56+05:30,2982,Corporate Bonds
972319,2026-10-02T13:48:50.403+05:30,2767,Corporate Bonds
514187,2026-10-01T13:38:26.767+05:30,2412,Corporate Bonds
2149674,2026-10-07T17:27:33.265+05:30,2955,Corporate Bonds
2224796,2026-10-07T16:08:42.61+05:30,3045,Corporate Bonds
1552064,2026-10-01T17:31:55.496+05:30,3014,Corporate Bonds
2236706,2026-10-07T17:21:32.725+05:30,2895,Corporate Bonds
1963875,2026-10-03T00:58:07.844+05:30,2311,Corporate Bonds
1630323,2026-10-05T12:07:08.654+05:30,2982,Corporate Bonds
2025404,2026-10-02T19:52:50.623+05:30,2872,Corporate Bonds
2024810,2026-10-04T14:20:54.936+05:30,2849,Corporate Bonds
1438401,2026-10-01T20:40:42.996+05:30,2740,Corporate Bonds
29712,2026-10-01T13:27:52.597+05:30,2883,Corporate Bonds
874310,2026-10-06T15:57:09.73+05:30,2644,Securitized Debt Instruments
1152191,2026-10-06T08:08:50.608+05:30,2881,Corporate Bonds
793459,2026-10-01T15:47:42.505+05:30,2858,Corporate Bonds
1429996,2026-10-01T16:02:26.727+05:30,2981,Corporate Bonds
521473,2026-10-06T13:34:04.5+05:30,3040,Corporate Bonds
1304448,2026-10-03T06:40:10.726+05:30,2981,Corporate Bonds
2096567,2026-10-05T13:00:51.909+05:30,2769,Corporate Bonds
1188571,2026-10-01T07:47:49.555+05:30,2643,Securitized Debt Instruments
2235479,2026-10-06T23:36:18.239+05:30,2874,Corporate Bonds
1574275,2026-10-01T22:51:45.452+05:30,2930,Corporate Bonds
2210723,2026-10-01T09:41:30.737+05:30,2729,Mutual Funds
2149749,2026-10-06T12:27:21.572+05:30,3027,Corporate Bonds
41077,2026-10-05T10:29:26.827+05:30,2794,Corporate Bonds
2235490,2026-10-07T21:00:34.04+05:30,2849,Corporate Bonds
2229096,2026-10-03T10:18:00.28+05:30,2881,Corporate Bonds
1725331,2026-10-03T21:47:19.632+05:30,2955,Corporate Bonds
2234090,2026-10-06T10:33:44.474+05:30,2941,Corporate Bonds
1551447,2026-10-07T23:48:28.268+05:30,3044,Corporate Bonds
1494166,2026-10-01T00:01:24.11+05:30,2883,Corporate Bonds
1872766,2026-10-03T15:14:47.638+05:30,3027,Corporate Bonds
2001115,2026-10-04T13:35:34.094+05:30,2899,Mutual Funds
1736133,2026-10-02T19:11:58.44+05:30,2982,Corporate Bonds
1419432,2026-10-01T10:25:15.153+05:30,2887,Corporate Bonds
1412731,2026-10-06T07:40:31.252+05:30,3040,Corporate Bonds
1956239,2026-10-01T18:17:14.131+05:30,2881,Corporate Bonds
2220951,2026-10-05T13:56:20.564+05:30,2880,Corporate Bonds
751088,2026-10-05T12:58:26.646+05:30,3027,Corporate Bonds
874904,2026-10-07T22:09:49.371+05:30,2686,Corporate Bonds
1051625,2026-10-07T10:42:40.044+05:30,2964,Corporate Bonds
2226848,2026-10-06T08:42:21.461+05:30,2982,Corporate Bonds
2155299,2026-10-02T12:38:30.949+05:30,3027,Corporate Bonds
1863992,2026-10-07T20:36:37.419+05:30,3045,Corporate Bonds
1629812,2026-10-05T00:47:16.575+05:30,2982,Corporate Bonds
2179830,2026-10-02T09:52:31.419+05:30,2857,Corporate Bonds
1645221,2026-10-07T17:31:43.93+05:30,2911,Mutual Funds
2234741,2026-10-06T16:42:22.145+05:30,2941,Corporate Bonds
2232774,2026-10-05T13:43:52.704+05:30,2941,Corporate Bonds
2224124,2026-10-01T07:46:20.873+05:30,3025,Corporate Bonds
2225983,2026-10-01T12:42:04.151+05:30,2881,Corporate Bonds
1046091,2026-10-07T19:19:34.387+05:30,1292,High Yield FDs
1310872,2026-10-05T20:35:39.701+05:30,3027,Corporate Bonds
1525926,2026-10-03T02:24:11.094+05:30,2874,Corporate Bonds
2229078,2026-10-05T22:13:57.87+05:30,2895,Corporate Bonds
1985018,2026-10-02T00:25:45.311+05:30,2849,Corporate Bonds
953084,2026-10-05T22:08:58.699+05:30,2858,Corporate Bonds
2225284,2026-10-06T11:31:48.064+05:30,2644,Securitized Debt Instruments
1534053,2026-10-03T22:37:11.717+05:30,2982,Corporate Bonds
501353,2026-10-01T08:15:02.732+05:30,3027,Corporate Bonds
1735128,2026-10-05T06:08:44.813+05:30,2881,Corporate Bonds
1001174,2026-10-07T13:24:53.258+05:30,3045,Corporate Bonds
1765363,2026-10-07T12:33:49.513+05:30,2868,Corporate Bonds
967268,2026-10-02T14:26:32.4+05:30,2982,Corporate Bonds
430995,2026-10-05T15:20:42.293+05:30,2767,Corporate Bonds
522118,2026-10-01T13:50:02.563+05:30,2930,Corporate Bonds
2233760,2026-10-06T00:53:45.559+05:30,2830,Corporate Bonds
1806228,2026-10-07T16:23:22.507+05:30,3027,Corporate Bonds
1357945,2026-10-01T15:44:10.902+05:30,3027,Corporate Bonds
1040009,2026-10-04T16:56:14.451+05:30,2881,Corporate Bonds
2193635,2026-10-01T17:50:48.264+05:30,2849,Corporate Bonds
1773016,2026-10-06T17:57:39.002+05:30,2794,Corporate Bonds
422288,2026-10-01T17:43:08.927+05:30,3000,Corporate Bonds
697717,2026-10-03T06:58:11.735+05:30,3027,Corporate Bonds
662900,2026-10-01T23:28:15.979+05:30,2982,Corporate Bonds
1917120,2026-10-04T15:43:46.562+05:30,3027,Corporate Bonds
2209190,2026-10-04T11:22:26.229+05:30,2919,Corporate Bonds
1173049,2026-10-02T09:18:56.737+05:30,3040,Corporate Bonds
1810019,2026-10-05T00:24:34.199+05:30,2881,Corporate Bonds
2057288,2026-10-06T23:15:14.44+05:30,2842,Corporate Bonds
944362,2026-10-01T10:45:10.097+05:30,3014,Corporate Bonds
412177,2026-10-01T18:45:29.483+05:30,1873,Corporate Bonds
2227966,2026-10-04T10:34:53.973+05:30,1095,High Yield FDs
2024810,2026-10-07T16:34:12.519+05:30,2842,Corporate Bonds
2063510,2026-10-05T13:37:01.436+05:30,2947,Corporate Bonds
1599347,2026-10-06T09:58:28.878+05:30,2964,Corporate Bonds
934885,2026-10-07T19:38:40.784+05:30,3044,Corporate Bonds
2228066,2026-10-02T16:26:00.264+05:30,2982,Corporate Bonds
2233252,2026-10-05T19:07:06.971+05:30,2858,Corporate Bonds
1685359,2026-10-06T20:55:59.815+05:30,2874,Corporate Bonds
2233620,2026-10-05T23:10:58.261+05:30,2881,Corporate Bonds
1625776,2026-10-03T14:14:05.308+05:30,2982,Corporate Bonds
2234583,2026-10-06T14:13:41.097+05:30,2644,Securitized Debt Instruments
1112161,2026-10-01T09:34:23.46+05:30,2992,Corporate Bonds
2213416,2026-10-04T11:05:25.762+05:30,2982,Corporate Bonds
473639,2026-10-02T18:02:33.872+05:30,2881,Corporate Bonds
1971033,2026-10-06T09:46:38.046+05:30,2941,Corporate Bonds
1099567,2026-10-01T02:22:39.087+05:30,3027,Corporate Bonds
1612014,2026-10-04T08:33:41.111+05:30,2849,Corporate Bonds
1827154,2026-10-05T20:03:36.433+05:30,2858,Corporate Bonds
2236883,2026-10-07T19:16:01.561+05:30,2729,Mutual Funds
2229362,2026-10-03T11:38:31.989+05:30,2812,Corporate Bonds
1066725,2026-10-03T22:42:29.028+05:30,2969,XCase
1893708,2026-10-07T22:32:54.804+05:30,2626,Corporate Bonds
2161082,2026-10-02T19:39:30.204+05:30,2757,Corporate Bonds
2227742,2026-10-02T13:12:49.723+05:30,2982,Corporate Bonds
2105782,2026-10-04T11:50:46.06+05:30,2769,Corporate Bonds
1141591,2026-10-03T23:51:17.59+05:30,2982,Corporate Bonds
841000,2026-10-06T11:23:02.645+05:30,2981,Corporate Bonds
1410235,2026-10-06T09:07:24.344+05:30,2883,Corporate Bonds
1698198,2026-10-04T21:44:14.386+05:30,2849,Corporate Bonds
958481,2026-10-03T22:13:50.354+05:30,2431,Corporate Bonds
2011078,2026-10-07T16:50:00.417+05:30,3044,Corporate Bonds
1995638,2026-10-05T13:34:07.618+05:30,2895,Corporate Bonds
2214693,2026-10-02T07:59:55.237+05:30,1239,High Yield FDs
2166373,2026-10-04T10:30:26.492+05:30,3027,Corporate Bonds
1096524,2026-10-07T13:01:20.894+05:30,3045,Corporate Bonds
26802,2026-10-06T14:31:47.061+05:30,2895,Corporate Bonds
938220,2026-10-07T01:55:54.734+05:30,2992,Corporate Bonds
756009,2026-10-06T07:22:30.165+05:30,2883,Corporate Bonds
597316,2026-10-04T16:15:23.12+05:30,2843,Corporate Bonds
1106400,2026-10-06T11:34:56.458+05:30,2917,Corporate Bonds
1439400,2026-10-07T12:22:26.749+05:30,2729,Mutual Funds
1077136,2026-10-04T10:21:58.885+05:30,2917,Corporate Bonds
2164633,2026-10-04T12:15:42.725+05:30,2982,Corporate Bonds
473639,2026-10-05T00:16:52.564+05:30,2881,Corporate Bonds
1429996,2026-10-01T16:02:24.256+05:30,2981,Corporate Bonds
846638,2026-10-01T12:02:29.114+05:30,3027,Corporate Bonds
899359,2026-10-01T18:29:46.356+05:30,2433,Corporate Bonds
2228277,2026-10-04T13:49:29.82+05:30,3026,Corporate Bonds
2083565,2026-10-01T11:50:43.75+05:30,3014,Corporate Bonds
2236641,2026-10-07T16:49:47.639+05:30,3027,Corporate Bonds
801247,2026-10-02T05:37:45.468+05:30,2981,Corporate Bonds
2205241,2026-10-02T22:36:00.001+05:30,2938,Corporate Bonds
1738785,2026-10-04T20:22:50.174+05:30,2849,Corporate Bonds
2225327,2026-10-02T22:14:56.482+05:30,2781,Corporate Bonds
1329834,2026-10-04T23:26:56.707+05:30,2849,Corporate Bonds
1971033,2026-10-01T13:13:51.367+05:30,2941,Corporate Bonds
989311,2026-10-05T17:22:53.654+05:30,3040,Corporate Bonds
2088142,2026-10-02T11:00:36.752+05:30,1873,Corporate Bonds
2088578,2026-10-07T16:42:50.682+05:30,2842,Corporate Bonds
2149674,2026-10-07T17:44:04.719+05:30,3027,Corporate Bonds
361451,2026-10-02T21:44:02.592+05:30,2074,SIF
2183221,2026-10-01T16:58:20.86+05:30,2931,Corporate Bonds
552423,2026-10-05T05:55:24.678+05:30,2843,Corporate Bonds
473639,2026-10-02T18:02:06.445+05:30,2881,Corporate Bonds
1924882,2026-10-01T16:06:20.898+05:30,2922,Corporate Bonds
1405296,2026-10-02T09:30:38.111+05:30,2879,Corporate Bonds
720373,2026-10-01T10:41:55.571+05:30,2849,Corporate Bonds
1084898,2026-10-01T20:06:44.391+05:30,2740,Corporate Bonds
2234428,2026-10-07T10:12:07.066+05:30,2881,Corporate Bonds
774028,2026-10-02T23:37:40.091+05:30,1292,High Yield FDs
1151674,2026-10-01T08:47:00.951+05:30,3027,Corporate Bonds
1824082,2026-10-07T22:24:32.903+05:30,2881,Corporate Bonds
127524,2026-10-05T16:58:18.651+05:30,2883,Corporate Bonds
2216796,2026-10-01T19:07:58.134+05:30,2908,Corporate Bonds
2111310,2026-10-07T19:22:45.927+05:30,3045,Corporate Bonds
716785,2026-10-01T09:16:43.356+05:30,2643,Securitized Debt Instruments
2226425,2026-10-01T23:07:59.58+05:30,2433,Corporate Bonds
2234111,2026-10-07T22:33:36.302+05:30,2477,Corporate Bonds
1282379,2026-10-01T14:37:21.325+05:30,1095,High Yield FDs
315936,2026-10-05T12:46:24.576+05:30,2955,Corporate Bonds
1120805,2026-10-01T19:27:08.453+05:30,3027,Corporate Bonds
1252187,2026-10-07T10:57:49.035+05:30,3024,Corporate Bonds
2228608,2026-10-03T19:51:52.238+05:30,2982,Corporate Bonds
910201,2026-10-03T20:29:56.186+05:30,2964,Corporate Bonds
2216899,2026-10-01T00:42:24.045+05:30,2895,Corporate Bonds
535695,2026-10-06T18:50:23.298+05:30,2911,Mutual Funds
1280861,2026-10-05T19:51:57.376+05:30,2982,Corporate Bonds
2227777,2026-10-07T10:07:28.186+05:30,3026,Corporate Bonds
2235042,2026-10-06T18:55:04.709+05:30,2941,Corporate Bonds
2043313,2026-10-01T19:59:26.001+05:30,2910,Corporate Bonds
997561,2026-10-04T14:00:27.252+05:30,2842,Corporate Bonds
2233483,2026-10-05T21:42:43.658+05:30,2941,Corporate Bonds
2214693,2026-10-02T07:55:12.626+05:30,1239,High Yield FDs
1412410,2026-10-03T18:05:11.902+05:30,2311,Corporate Bonds
2207991,2026-10-03T12:28:53.49+05:30,1239,High Yield FDs
2231695,2026-10-06T22:01:44.179+05:30,3044,Corporate Bonds
2199800,2026-10-04T11:42:06.583+05:30,3027,Corporate Bonds
2192771,2026-10-06T22:46:05.203+05:30,3044,Corporate Bonds
615622,2026-10-01T23:58:31.289+05:30,3027,Corporate Bonds
98109,2026-10-01T18:07:09.649+05:30,2895,Corporate Bonds
255093,2026-10-01T14:00:43.446+05:30,1239,High Yield FDs
1961958,2026-10-01T10:15:29.547+05:30,1873,Corporate Bonds
1568383,2026-10-01T11:43:48.299+05:30,2981,Corporate Bonds
738605,2026-10-01T14:36:02.058+05:30,2955,Corporate Bonds
1511457,2026-10-05T09:01:39.553+05:30,3027,Corporate Bonds
317441,2026-10-01T15:48:44.901+05:30,2955,Corporate Bonds
1564620,2026-10-03T16:31:25.77+05:30,2311,Corporate Bonds
1688712,2026-10-01T22:04:11.94+05:30,3034,Corporate Bonds
2237027,2026-10-07T20:57:03.393+05:30,3045,Corporate Bonds
838800,2026-10-06T23:56:18.661+05:30,1239,High Yield FDs
1248065,2026-10-01T14:48:33.138+05:30,2964,Corporate Bonds
1727400,2026-10-07T18:13:54.024+05:30,3027,Corporate Bonds
2223990,2026-10-05T11:01:36.861+05:30,2955,Corporate Bonds
1070288,2026-10-07T17:50:40.078+05:30,2477,Corporate Bonds
2098953,2026-10-06T20:16:25.299+05:30,2930,Corporate Bonds
2149674,2026-10-07T17:31:35.087+05:30,2769,Corporate Bonds
1532149,2026-10-04T12:10:52.987+05:30,2881,Corporate Bonds
2231799,2026-10-04T20:52:00.878+05:30,2882,Corporate Bonds
944593,2026-10-04T05:57:31.363+05:30,2908,Corporate Bonds
1790073,2026-10-06T22:49:44.017+05:30,2752,Corporate Bonds
2169616,2026-10-07T19:25:35.91+05:30,3044,Corporate Bonds
2226869,2026-10-07T09:51:47.787+05:30,1292,High Yield FDs
2230005,2026-10-03T19:06:48.425+05:30,2982,Corporate Bonds
2205101,2026-10-04T10:28:14.899+05:30,2729,Mutual Funds
1198247,2026-10-02T15:03:45.622+05:30,3024,Corporate Bonds
1014276,2026-10-01T20:50:16.801+05:30,2433,Corporate Bonds
2219383,2026-10-04T16:17:52.583+05:30,2874,Corporate Bonds
2233445,2026-10-05T21:10:17.944+05:30,2881,Corporate Bonds
1162075,2026-10-06T09:12:57.022+05:30,2918,Corporate Bonds
2074888,2026-10-06T12:44:04.082+05:30,3040,Corporate Bonds
1231084,2026-10-01T18:25:53.855+05:30,2849,Corporate Bonds
1433441,2026-10-07T18:41:32.767+05:30,2849,Corporate Bonds
1609853,2026-10-05T06:44:17.66+05:30,2895,Corporate Bonds
520817,2026-10-06T13:21:25.744+05:30,2899,Mutual Funds
1070199,2026-10-01T09:46:24.983+05:30,3027,Corporate Bonds
1947020,2026-10-02T12:49:07.395+05:30,1873,Corporate Bonds
2232367,2026-10-06T11:31:16.929+05:30,2644,Securitized Debt Instruments
2225289,2026-10-02T17:26:16.927+05:30,2868,Corporate Bonds
2220951,2026-10-05T19:44:08.529+05:30,2858,Corporate Bonds
2131212,2026-10-03T21:58:57.458+05:30,3026,Corporate Bonds
2146860,2026-10-01T11:03:17.973+05:30,2883,Corporate Bonds
2088151,2026-10-01T11:22:32.356+05:30,1873,Corporate Bonds
860735,2026-10-01T11:31:17.257+05:30,2902,Corporate Bonds
1153395,2026-10-07T12:29:51.765+05:30,1292,High Yield FDs
1943665,2026-10-03T20:10:36.943+05:30,2830,Corporate Bonds
1171762,2026-10-07T11:50:04.063+05:30,3027,Corporate Bonds
2193322,2026-10-04T10:55:51.67+05:30,3027,Corporate Bonds
1404486,2026-10-04T16:45:15.173+05:30,3027,Corporate Bonds
1516322,2026-10-02T16:56:35.06+05:30,2849,Corporate Bonds
944593,2026-10-01T02:59:59.997+05:30,2908,Corporate Bonds
1787702,2026-10-05T23:57:15.696+05:30,2872,Corporate Bonds
1202320,2026-10-05T21:40:47.017+05:30,2843,Corporate Bonds
797144,2026-10-06T15:26:38.333+05:30,2842,Corporate Bonds
1666418,2026-10-06T07:29:18.611+05:30,2993,XCase
218701,2026-10-05T19:36:20.008+05:30,2883,Corporate Bonds
1221939,2026-10-01T14:39:04.4+05:30,2767,Corporate Bonds
353601,2026-10-06T00:42:12.383+05:30,2881,Corporate Bonds
2234380,2026-10-06T12:27:34.779+05:30,3027,Corporate Bonds
1829334,2026-10-04T16:08:48.087+05:30,2917,Corporate Bonds
815180,2026-10-07T10:14:20.768+05:30,2874,Corporate Bonds
1956239,2026-10-01T18:12:06.98+05:30,2881,Corporate Bonds
2193635,2026-10-01T17:50:47.003+05:30,2849,Corporate Bonds
1198144,2026-10-04T23:16:08.84+05:30,2955,Corporate Bonds
2226079,2026-10-01T15:28:57.686+05:30,2964,Corporate Bonds
2235401,2026-10-06T22:47:07.801+05:30,2930,Corporate Bonds
1065292,2026-10-07T01:24:13.664+05:30,2849,Corporate Bonds
673754,2026-10-03T13:12:22.604+05:30,2849,Corporate Bonds
2126325,2026-10-07T19:58:50.548+05:30,3044,Corporate Bonds
1351550,2026-10-01T12:04:51.312+05:30,2643,Securitized Debt Instruments
2119991,2026-10-05T17:58:19.817+05:30,2993,XCase
2230922,2026-10-04T11:59:18.843+05:30,2855,Corporate Bonds
1318328,2026-10-03T17:55:32.43+05:30,3027,Corporate Bonds
1553953,2026-10-01T11:25:05.695+05:30,2982,Corporate Bonds
882892,2026-10-03T09:19:09.913+05:30,2311,Corporate Bonds
1973827,2026-10-03T14:51:38.132+05:30,2982,Corporate Bonds
2058395,2026-10-05T15:54:33.425+05:30,2902,Corporate Bonds
853692,2026-10-07T08:23:01.49+05:30,3027,Corporate Bonds
1852311,2026-10-04T00:14:07.362+05:30,2895,Corporate Bonds
2115911,2026-10-03T22:54:02.284+05:30,2855,Corporate Bonds
1088074,2026-10-01T12:31:44.705+05:30,2849,Corporate Bonds
752616,2026-10-07T22:37:32.473+05:30,2794,Corporate Bonds
728477,2026-10-05T15:26:19.297+05:30,2843,Corporate Bonds
2055439,2026-10-07T15:04:01.367+05:30,3044,Corporate Bonds
1974053,2026-10-06T01:16:04.575+05:30,2858,Corporate Bonds
1624950,2026-10-07T13:14:24.887+05:30,3045,Corporate Bonds
1832598,2026-10-03T20:36:57.106+05:30,2955,Corporate Bonds
805083,2026-10-05T13:49:48.793+05:30,1292,High Yield FDs
1358952,2026-10-02T13:38:10.3+05:30,2872,Corporate Bonds
1803101,2026-10-02T13:52:33.166+05:30,2843,Corporate Bonds
1419432,2026-10-01T10:29:00.525+05:30,2887,Corporate Bonds
1812739,2026-10-07T11:55:50.568+05:30,3044,Corporate Bonds
2208823,2026-10-03T11:03:00.908+05:30,3027,Corporate Bonds
2152653,2026-10-06T15:09:48.223+05:30,2752,Corporate Bonds
2226361,2026-10-01T17:34:04.833+05:30,1239,High Yield FDs
300234,2026-10-03T15:28:08.226+05:30,2982,Corporate Bonds
1160222,2026-10-06T17:13:10.144+05:30,1239,High Yield FDs
2205101,2026-10-06T14:53:18.711+05:30,2895,Corporate Bonds
949624,2026-10-05T08:05:47.189+05:30,2752,Corporate Bonds
1762784,2026-10-05T20:54:45.196+05:30,3027,Corporate Bonds
1613080,2026-10-05T20:51:09.832+05:30,2812,Corporate Bonds
2119089,2026-10-05T10:37:07.802+05:30,2881,Corporate Bonds
1926938,2026-10-07T22:49:25.72+05:30,2881,Corporate Bonds
1870568,2026-10-01T10:14:41.162+05:30,1873,Corporate Bonds
2021781,2026-10-04T22:49:18.849+05:30,3027,Corporate Bonds
2233331,2026-10-05T19:52:44.023+05:30,2926,Corporate Bonds
2228776,2026-10-03T13:20:58.079+05:30,2982,Corporate Bonds
1249346,2026-10-01T12:32:43.662+05:30,2849,Corporate Bonds
799366,2026-10-04T02:37:05.36+05:30,2412,Corporate Bonds
2230534,2026-10-06T17:00:31.372+05:30,2941,Corporate Bonds
318328,2026-10-02T18:55:23.597+05:30,3025,Corporate Bonds
132426,2026-10-06T16:38:57.131+05:30,3027,Corporate Bonds
1915343,2026-10-01T12:31:55.902+05:30,3014,Corporate Bonds
891588,2026-10-07T18:44:22.301+05:30,3045,Corporate Bonds
720685,2026-10-05T16:28:42.199+05:30,3027,Corporate Bonds
814664,2026-10-05T10:45:57.503+05:30,2882,Corporate Bonds
1120749,2026-10-03T15:07:31.157+05:30,2881,Corporate Bonds
2210388,2026-10-01T07:50:42.439+05:30,2941,Corporate Bonds
2065541,2026-10-02T21:44:42.955+05:30,2311,Corporate Bonds
2231140,2026-10-04T15:48:50.019+05:30,2955,Corporate Bonds
999696,2026-10-03T13:14:06.879+05:30,2981,Corporate Bonds
2029196,2026-10-02T13:30:48.559+05:30,2899,Mutual Funds
186468,2026-10-06T15:38:46.272+05:30,3027,Corporate Bonds
2129490,2026-10-06T10:51:46.559+05:30,2969,XCase
2156873,2026-10-05T09:36:22.5+05:30,1292,High Yield FDs
2090493,2026-10-07T19:31:17.97+05:30,3044,Corporate Bonds
1444124,2026-10-04T20:17:08.996+05:30,2895,Corporate Bonds
2153153,2026-10-01T10:11:17.056+05:30,2412,Corporate Bonds
1998616,2026-10-02T16:51:00.857+05:30,2955,Corporate Bonds
2142139,2026-10-02T12:23:25.285+05:30,2938,Corporate Bonds
1049287,2026-10-04T17:33:44.644+05:30,2626,Corporate Bonds
2145347,2026-10-06T14:14:47.221+05:30,3040,Corporate Bonds
1796819,2026-10-04T06:08:25.349+05:30,2767,Corporate Bonds
2229141,2026-10-06T08:43:21.509+05:30,2982,Corporate Bonds
1909205,2026-10-01T09:15:50.962+05:30,3025,Corporate Bonds
2164106,2026-10-01T16:51:44.029+05:30,2643,Securitized Debt Instruments
2231971,2026-10-04T22:37:11.448+05:30,2767,Corporate Bonds
944593,2026-10-01T02:54:06.05+05:30,2922,Corporate Bonds
2089866,2026-10-02T14:54:33.999+05:30,3040,Corporate Bonds
1150732,2026-10-07T10:52:49.997+05:30,3044,Corporate Bonds
2213573,2026-10-02T23:22:27.635+05:30,2872,Corporate Bonds
579335,2026-10-03T12:26:44.576+05:30,2767,Corporate Bonds
870272,2026-10-01T10:07:47.79+05:30,2626,Corporate Bonds
2227777,2026-10-06T05:24:48.267+05:30,3026,Corporate Bonds
723465,2026-10-04T21:39:38.397+05:30,1239,High Yield FDs
943811,2026-10-01T13:48:03.554+05:30,3027,Corporate Bonds
2099715,2026-10-06T16:46:55.926+05:30,3027,Corporate Bonds
793459,2026-10-01T15:39:53.83+05:30,2858,Corporate Bonds
1066037,2026-10-03T18:57:41.791+05:30,3000,Corporate Bonds
1197369,2026-10-05T09:16:55.38+05:30,3000,Corporate Bonds
1823524,2026-10-01T23:35:09.697+05:30,1292,High Yield FDs
1649963,2026-10-04T10:52:32.775+05:30,2881,Corporate Bonds
1327245,2026-10-02T00:56:41.071+05:30,2757,Corporate Bonds
1813132,2026-10-01T21:35:48.261+05:30,2955,Corporate Bonds
2010710,2026-10-02T09:04:22.861+05:30,2881,Corporate Bonds
2198424,2026-10-07T16:40:08.034+05:30,2918,Corporate Bonds
1885593,2026-10-04T11:42:58.462+05:30,2930,Corporate Bonds
1152191,2026-10-06T08:38:40.307+05:30,2881,Corporate Bonds
2095014,2026-10-03T22:34:44.612+05:30,2849,Corporate Bonds
804001,2026-10-03T17:53:54.96+05:30,3027,Corporate Bonds
954825,2026-10-02T12:38:28.685+05:30,2594,Corporate Bonds
1308491,2026-10-05T06:14:05.564+05:30,2849,Corporate Bonds
1164541,2026-10-07T12:07:25.992+05:30,3027,Corporate Bonds
1546231,2026-10-04T16:56:10.731+05:30,3027,Corporate Bonds
514187,2026-10-01T13:56:03.876+05:30,2412,Corporate Bonds
2077439,2026-10-06T20:19:09.576+05:30,2644,Securitized Debt Instruments
2231695,2026-10-06T21:42:43.848+05:30,2868,Corporate Bonds
1511455,2026-10-06T12:38:05.123+05:30,2881,Corporate Bonds
2204137,2026-10-01T10:39:44.55+05:30,2873,XCase
2018079,2026-10-05T13:16:43.631+05:30,2955,Corporate Bonds
976702,2026-10-05T14:53:31.351+05:30,3027,Corporate Bonds
2133765,2026-10-05T18:29:19.884+05:30,2981,Corporate Bonds
2222404,2026-10-01T07:41:24.008+05:30,2941,Corporate Bonds
1986243,2026-10-02T15:28:57.011+05:30,2881,Corporate Bonds
1126945,2026-10-03T09:18:16.006+05:30,3027,Corporate Bonds
2233871,2026-10-06T05:08:03.33+05:30,2881,Corporate Bonds
1731649,2026-10-07T12:30:19.13+05:30,3044,Corporate Bonds
2222307,2026-10-07T22:03:17.029+05:30,1239,High Yield FDs
2223576,2026-10-01T11:38:29.214+05:30,3014,Corporate Bonds
1973827,2026-10-05T12:14:44.778+05:30,2843,Corporate Bonds
2042771,2026-10-04T22:28:13.803+05:30,2881,Corporate Bonds
1823181,2026-10-04T19:55:24.076+05:30,2849,Corporate Bonds
1965130,2026-10-07T22:12:17.019+05:30,3045,Corporate Bonds
1146147,2026-10-02T13:55:54.097+05:30,2794,Corporate Bonds
864685,2026-10-02T13:03:00.145+05:30,1873,Corporate Bonds
939372,2026-10-04T22:44:38.439+05:30,2849,Corporate Bonds
831538,2026-10-01T23:30:43.5+05:30,2794,Corporate Bonds
1522364,2026-10-03T16:06:39.736+05:30,2937,Corporate Bonds
1520995,2026-10-05T19:09:35.325+05:30,1239,High Yield FDs
1096524,2026-10-07T12:42:55.12+05:30,2794,Corporate Bonds
1506948,2026-10-05T15:01:54.869+05:30,2883,Corporate Bonds
1328553,2026-10-06T11:59:12.74+05:30,2883,Corporate Bonds
2206318,2026-10-02T00:27:45.501+05:30,3026,Corporate Bonds
1178195,2026-10-05T15:52:45.579+05:30,2900,Corporate Bonds
1793964,2026-10-03T10:04:06.944+05:30,2849,Corporate Bonds
1373961,2026-10-02T14:45:46.458+05:30,2874,Corporate Bonds
741378,2026-10-07T22:27:10.472+05:30,2964,Corporate Bonds
1876415,2026-10-04T11:32:49.542+05:30,1095,High Yield FDs
1578278,2026-10-06T15:22:33.787+05:30,1239,High Yield FDs
2082849,2026-10-07T14:03:52.327+05:30,2769,Corporate Bonds
1735201,2026-10-05T20:08:37.919+05:30,3026,Corporate Bonds
2226079,2026-10-01T13:46:32.685+05:30,2881,Corporate Bonds
2193752,2026-10-01T09:52:55.883+05:30,2881,Corporate Bonds
2176630,2026-10-05T21:38:13.732+05:30,2644,Securitized Debt Instruments
842154,2026-10-01T20:56:02.306+05:30,2881,Corporate Bonds
1187225,2026-10-06T18:07:45.947+05:30,3044,Corporate Bonds
1813501,2026-10-01T10:10:48.402+05:30,2849,Corporate Bonds
210974,2026-10-01T10:16:11.605+05:30,2752,Corporate Bonds
1451388,2026-10-03T23:21:09.11+05:30,3027,Corporate Bonds
1760475,2026-10-01T23:52:07.088+05:30,2881,Corporate Bonds
718903,2026-10-06T13:33:14.916+05:30,2955,Corporate Bonds
1936577,2026-10-06T12:52:05.893+05:30,2895,Corporate Bonds
1644831,2026-10-05T12:06:49.939+05:30,3027,Corporate Bonds
1830484,2026-10-07T22:02:53.479+05:30,2881,Corporate Bonds
1715404,2026-10-05T01:29:27.315+05:30,3027,Corporate Bonds
2221214,2026-10-02T09:15:51.161+05:30,3025,Corporate Bonds
981196,2026-10-02T10:56:08.556+05:30,2794,Corporate Bonds
1624950,2026-10-07T12:40:28.765+05:30,3044,Corporate Bonds
2206189,2026-10-07T19:43:35.928+05:30,2686,Corporate Bonds
2226726,2026-10-01T21:06:19.286+05:30,2729,Mutual Funds
482380,2026-10-07T16:57:18.15+05:30,3044,Corporate Bonds
2221754,2026-10-07T07:59:50.081+05:30,2982,Corporate Bonds
2074067,2026-10-02T00:19:24.923+05:30,2930,Corporate Bonds
2207072,2026-10-02T11:34:42.97+05:30,3025,Corporate Bonds
19513,2026-10-01T20:36:50.516+05:30,2849,Corporate Bonds
2224097,2026-10-02T11:24:01.333+05:30,2855,Corporate Bonds
1266788,2026-10-05T23:25:13.363+05:30,2930,Corporate Bonds
1439400,2026-10-07T12:34:01.357+05:30,2899,Mutual Funds
1606723,2026-10-07T15:50:22.408+05:30,2880,Corporate Bonds
2172200,2026-10-06T17:35:08.553+05:30,1292,High Yield FDs
1014276,2026-10-01T20:35:47.888+05:30,2883,Corporate Bonds
2110656,2026-10-03T18:00:16.917+05:30,3026,Corporate Bonds
2230067,2026-10-06T20:48:38.539+05:30,3025,Corporate Bonds
1576118,2026-10-01T12:32:13.845+05:30,2981,Corporate Bonds
370865,2026-10-01T11:04:30.479+05:30,3027,Corporate Bonds
661819,2026-10-06T17:08:20.874+05:30,2925,Corporate Bonds
1301799,2026-10-04T18:32:39.899+05:30,3027,Corporate Bonds
2045989,2026-10-03T18:31:11.247+05:30,2729,Mutual Funds
2188415,2026-10-07T18:56:05.272+05:30,3045,Corporate Bonds
61212,2026-10-07T06:37:45.491+05:30,2969,XCase
2225248,2026-10-07T10:10:17.519+05:30,1239,High Yield FDs
1656379,2026-10-01T17:57:43.089+05:30,2858,Corporate Bonds
1262004,2026-10-03T09:34:03.088+05:30,2992,Corporate Bonds
1965777,2026-10-01T15:56:19.835+05:30,2849,Corporate Bonds
2145299,2026-10-01T22:18:14.093+05:30,2941,Corporate Bonds
1151674,2026-10-01T08:47:14.504+05:30,3027,Corporate Bonds
1813501,2026-10-04T14:29:13.634+05:30,2881,Corporate Bonds
465763,2026-10-07T21:34:37.776+05:30,2849,Corporate Bonds
2225869,2026-10-01T11:49:59.443+05:30,2941,Corporate Bonds
1867423,2026-10-05T00:10:05.34+05:30,2752,Corporate Bonds
2119990,2026-10-06T12:11:26.623+05:30,2981,Corporate Bonds
2117601,2026-10-01T19:11:19.53+05:30,2969,XCase
1622604,2026-10-06T21:52:21.926+05:30,3026,Corporate Bonds
2193635,2026-10-07T14:50:33.837+05:30,3044,Corporate Bonds
1544049,2026-10-04T12:42:25.401+05:30,2986,Corporate Bonds
843198,2026-10-05T22:01:47.072+05:30,2868,Corporate Bonds
2223631,2026-10-04T20:20:12.775+05:30,2781,Corporate Bonds
1865812,2026-10-07T13:55:09.451+05:30,3044,Corporate Bonds
673481,2026-10-07T21:30:22.804+05:30,2849,Corporate Bonds
1584555,2026-10-06T11:59:23.44+05:30,2881,Corporate Bonds
2235132,2026-10-06T19:57:40.815+05:30,2902,Corporate Bonds
1254229,2026-10-04T08:09:41.385+05:30,2910,Corporate Bonds
2150606,2026-10-01T21:56:25.343+05:30,2553,Corporate Bonds
1019555,2026-10-02T12:58:54.872+05:30,2849,Corporate Bonds
2040152,2026-10-07T09:23:58.105+05:30,3040,Corporate Bonds
1097145,2026-10-07T11:25:30.193+05:30,2982,Corporate Bonds
2006048,2026-10-05T15:59:03.537+05:30,3026,Corporate Bonds
1736133,2026-10-03T19:54:31.02+05:30,2982,Corporate Bonds
1411236,2026-10-07T16:54:36.364+05:30,2895,Corporate Bonds
65582,2026-10-01T13:22:49.89+05:30,2907,Corporate Bonds
1386671,2026-10-01T17:56:41.661+05:30,2849,Corporate Bonds
1393058,2026-10-06T12:12:56.077+05:30,3040,Corporate Bonds
2233176,2026-10-05T19:00:03.515+05:30,1292,High Yield FDs
1793525,2026-10-05T14:23:06.908+05:30,2981,Corporate Bonds
1794783,2026-10-01T15:48:34.282+05:30,2849,Corporate Bonds
2195391,2026-10-05T16:19:14.122+05:30,2955,Corporate Bonds
879365,2026-10-05T22:24:53.686+05:30,2874,Corporate Bonds
733303,2026-10-02T15:54:59.169+05:30,1292,High Yield FDs
2139344,2026-10-07T10:07:42.113+05:30,3027,Corporate Bonds
1762784,2026-10-05T21:21:01.8+05:30,3027,Corporate Bonds
1480139,2026-10-06T11:31:51.406+05:30,2930,Corporate Bonds
1998104,2026-10-02T12:41:25.569+05:30,2833,Corporate Bonds
2226631,2026-10-05T14:40:34.466+05:30,2868,Corporate Bonds
1172758,2026-10-03T16:57:53.798+05:30,2981,Corporate Bonds
2173274,2026-10-07T11:42:46.972+05:30,3044,Corporate Bonds
1798265,2026-10-06T12:19:01.977+05:30,3040,Corporate Bonds
1263506,2026-10-07T09:48:37.329+05:30,2874,Corporate Bonds
923611,2026-10-06T21:44:33.826+05:30,3027,Corporate Bonds
766785,2026-10-01T20:49:08.278+05:30,2842,Corporate Bonds
2219254,2026-10-06T16:10:21.316+05:30,2729,Mutual Funds
1169644,2026-10-07T11:22:09.543+05:30,3044,Corporate Bonds
,2026-10-01T18:00:22.703+05:30,3027,Corporate Bonds
1736404,2026-10-03T14:34:03.957+05:30,2431,Corporate Bonds
2141352,2026-10-07T10:28:04.904+05:30,2930,Corporate Bonds
1463406,2026-10-07T23:51:28.099+05:30,3044,Corporate Bonds
2232435,2026-10-06T09:34:28.742+05:30,2941,Corporate Bonds
814664,2026-10-05T10:49:06.503+05:30,2882,Corporate Bonds
969192,2026-10-03T18:41:18.691+05:30,2626,Corporate Bonds
1788664,2026-10-03T08:00:48.195+05:30,2982,Corporate Bonds
2234380,2026-10-06T12:25:50.561+05:30,2982,Corporate Bonds
1699203,2026-10-06T14:47:44.725+05:30,3011,Corporate Bonds
2134012,2026-10-04T14:19:16.503+05:30,2412,Corporate Bonds
550663,2026-10-04T19:29:17.524+05:30,2849,Corporate Bonds
865015,2026-10-04T11:26:10.844+05:30,2902,Corporate Bonds
2095043,2026-10-07T09:46:56.575+05:30,2982,Corporate Bonds
497979,2026-10-02T16:48:16.564+05:30,2964,Corporate Bonds
353601,2026-10-07T17:06:47.662+05:30,3045,Corporate Bonds
2191864,2026-10-01T20:45:38.001+05:30,2849,Corporate Bonds
1762784,2026-10-07T11:03:45.12+05:30,3027,Corporate Bonds
2234079,2026-10-06T09:28:59.522+05:30,2895,Corporate Bonds
2197802,2026-10-04T22:55:09.645+05:30,2881,Corporate Bonds
1985246,2026-10-07T20:52:36.857+05:30,3040,Corporate Bonds
1730078,2026-10-07T10:36:20.134+05:30,3044,Corporate Bonds
1781438,2026-10-02T11:57:48.099+05:30,2881,Corporate Bonds
2133315,2026-10-01T15:54:46.388+05:30,2964,Corporate Bonds
1510721,2026-10-07T09:43:50.715+05:30,2982,Corporate Bonds
2148839,2026-10-04T10:59:47+05:30,2849,Corporate Bonds
53541,2026-10-06T09:25:18.773+05:30,2930,Corporate Bonds
2225869,2026-10-01T12:01:14.066+05:30,3027,Corporate Bonds
1511548,2026-10-03T10:59:13.896+05:30,2849,Corporate Bonds
1594369,2026-10-04T11:01:54.169+05:30,2881,Corporate Bonds
2110656,2026-10-03T18:00:03.078+05:30,3026,Corporate Bonds
2221307,2026-10-05T12:14:31.906+05:30,2941,Corporate Bonds
1125606,2026-10-05T16:17:23.736+05:30,2883,Corporate Bonds
731177,2026-10-03T09:47:20.166+05:30,2895,Corporate Bonds
735414,2026-10-07T09:12:15.798+05:30,2849,Corporate Bonds
1329670,2026-10-02T00:47:33.611+05:30,2986,Corporate Bonds
1182684,2026-10-01T12:01:03.611+05:30,3027,Corporate Bonds
669876,2026-10-06T17:22:39.534+05:30,3040,Corporate Bonds
2127148,2026-10-06T20:15:24.181+05:30,3040,Corporate Bonds
1001804,2026-10-01T11:36:07.154+05:30,3040,Corporate Bonds
837658,2026-10-07T18:11:11.247+05:30,2874,Corporate Bonds
2170101,2026-10-02T21:52:02.699+05:30,3025,Corporate Bonds
1880246,2026-10-02T13:16:43.745+05:30,3027,Corporate Bonds
2223108,2026-10-03T17:23:16.231+05:30,2982,Corporate Bonds
835197,2026-10-06T19:14:12.695+05:30,2955,Corporate Bonds
2231832,2026-10-04T22:19:35.658+05:30,2895,Corporate Bonds
2234192,2026-10-06T10:40:31.114+05:30,2941,Corporate Bonds
1330738,2026-10-05T17:18:03.017+05:30,2941,Corporate Bonds
266272,2026-10-02T16:09:55.371+05:30,3024,Corporate Bonds
2209190,2026-10-04T13:57:10.192+05:30,2849,Corporate Bonds
2163128,2026-10-06T18:10:27.699+05:30,3044,Corporate Bonds
1251789,2026-10-06T23:03:16.99+05:30,2910,Corporate Bonds
2018079,2026-10-07T17:11:45.253+05:30,2794,Corporate Bonds
2115430,2026-10-06T09:02:14.84+05:30,3027,Corporate Bonds
2085601,2026-10-03T23:16:31.628+05:30,2873,XCase
637365,2026-10-04T11:48:58.69+05:30,2982,Corporate Bonds
1554872,2026-10-06T07:56:53.031+05:30,2981,Corporate Bonds
1163017,2026-10-01T13:26:51.733+05:30,2026,Corporate Bonds
2224414,2026-10-01T11:26:09.999+05:30,2941,Corporate Bonds
1173613,2026-10-01T18:52:15.277+05:30,3040,Corporate Bonds
1767573,2026-10-03T20:54:02.163+05:30,2930,Corporate Bonds
1620643,2026-10-07T06:11:11.89+05:30,2907,Corporate Bonds
1226274,2026-10-07T11:34:07.635+05:30,2992,Corporate Bonds
45059,2026-10-05T14:08:57.435+05:30,2881,Corporate Bonds
1129672,2026-10-05T22:30:35.332+05:30,2895,Corporate Bonds
2056094,2026-10-06T21:46:38.58+05:30,2881,Corporate Bonds
1294680,2026-10-06T10:36:55.175+05:30,2887,Corporate Bonds
2006080,2026-10-07T17:08:00.43+05:30,2909,Corporate Bonds
768159,2026-10-04T09:49:31.086+05:30,3027,Corporate Bonds
1202320,2026-10-01T12:18:28.402+05:30,3027,Corporate Bonds
1643110,2026-10-02T19:01:54.15+05:30,2981,Corporate Bonds
2118310,2026-10-07T12:05:07.315+05:30,2881,Corporate Bonds
1015989,2026-10-01T22:50:59.011+05:30,3040,Corporate Bonds
1820764,2026-10-06T13:38:50.309+05:30,1292,High Yield FDs
1664321,2026-10-04T00:12:17.454+05:30,2849,Corporate Bonds
1569991,2026-10-07T21:24:59.146+05:30,3045,Corporate Bonds
2220184,2026-10-06T13:09:42.509+05:30,2955,Corporate Bonds
2230534,2026-10-07T12:29:27.689+05:30,2941,Corporate Bonds
1537123,2026-10-07T11:39:38.822+05:30,3027,Corporate Bonds
1876415,2026-10-02T02:44:40.009+05:30,2311,Corporate Bonds
1234986,2026-10-03T21:30:38.863+05:30,1239,High Yield FDs
292164,2026-10-01T14:44:50.168+05:30,1873,Corporate Bonds
767980,2026-10-03T17:30:29.323+05:30,2918,Corporate Bonds
1719670,2026-10-03T22:22:39.863+05:30,2849,Corporate Bonds
2158676,2026-10-03T23:49:14.648+05:30,2899,Mutual Funds
2222780,2026-10-05T10:58:53.31+05:30,1292,High Yield FDs
2234593,2026-10-06T16:18:53.021+05:30,2941,Corporate Bonds
1480763,2026-10-02T21:53:41.457+05:30,2311,Corporate Bonds
1132863,2026-10-07T13:58:13.561+05:30,3044,Corporate Bonds
2223560,2026-10-05T08:15:09.965+05:30,2752,Corporate Bonds
2236755,2026-10-07T17:57:43.27+05:30,2941,Corporate Bonds
1574674,2026-10-04T09:33:43.973+05:30,2930,Corporate Bonds
1444924,2026-10-02T10:07:31.617+05:30,2895,Corporate Bonds
793459,2026-10-02T11:20:43.749+05:30,3040,Corporate Bonds
152698,2026-10-06T11:23:39.278+05:30,2644,Securitized Debt Instruments
2158404,2026-10-07T13:35:53.052+05:30,3044,Corporate Bonds
2166676,2026-10-07T19:30:29.192+05:30,2895,Corporate Bonds
1304046,2026-10-05T11:28:08.408+05:30,2918,Corporate Bonds
2213491,2026-10-07T21:09:55.497+05:30,3050,Corporate Bonds
1590533,2026-10-06T12:17:36.666+05:30,2969,XCase
781326,2026-10-06T18:43:28.882+05:30,2981,Corporate Bonds
2193635,2026-10-01T17:50:45.886+05:30,2849,Corporate Bonds
2201877,2026-10-02T09:57:28.182+05:30,2868,Corporate Bonds
1463702,2026-10-06T01:41:02.397+05:30,2895,Corporate Bonds
498448,2026-10-07T14:30:31.944+05:30,3027,Corporate Bonds
1315331,2026-10-02T16:06:01.15+05:30,3040,Corporate Bonds
2231128,2026-10-04T14:36:49.455+05:30,3026,Corporate Bonds
2164106,2026-10-01T16:51:05.496+05:30,2643,Securitized Debt Instruments
2157513,2026-10-07T10:54:18.746+05:30,2930,Corporate Bonds
2209190,2026-10-03T20:58:24.926+05:30,2919,Corporate Bonds
2172200,2026-10-05T19:54:08.222+05:30,1292,High Yield FDs
2039801,2026-10-01T22:14:16.296+05:30,3027,Corporate Bonds
2220894,2026-10-03T10:32:21.463+05:30,2982,Corporate Bonds
1432460,2026-10-06T15:04:29.556+05:30,3027,Corporate Bonds
2024810,2026-10-02T18:19:12.518+05:30,1873,Corporate Bonds
2126251,2026-10-06T09:46:49.699+05:30,2899,Mutual Funds
830467,2026-10-02T03:59:11.571+05:30,1873,Corporate Bonds
2201422,2026-10-02T18:01:49.887+05:30,2311,Corporate Bonds
1804536,2026-10-05T16:14:26.593+05:30,2644,Securitized Debt Instruments
1852823,2026-10-03T18:27:24.224+05:30,2849,Corporate Bonds
2210047,2026-10-06T11:16:15.644+05:30,2902,Corporate Bonds
2017752,2026-10-04T21:06:02.883+05:30,3027,Corporate Bonds
2205101,2026-10-04T10:33:40.531+05:30,2982,Corporate Bonds
1045634,2026-10-04T04:08:22.302+05:30,2849,Corporate Bonds
1868546,2026-10-05T20:54:41.9+05:30,2881,Corporate Bonds
2225855,2026-10-01T20:08:07.702+05:30,2100,Corporate Bonds
2021781,2026-10-04T22:53:07.011+05:30,2930,Corporate Bonds
1788534,2026-10-05T14:28:53.407+05:30,3027,Corporate Bonds
2068281,2026-10-05T19:00:35.21+05:30,2858,Corporate Bonds
846638,2026-10-01T10:23:10.252+05:30,3027,Corporate Bonds
1787702,2026-10-05T23:57:00.129+05:30,2872,Corporate Bonds
2229794,2026-10-03T20:36:41.886+05:30,2769,Corporate Bonds
1951703,2026-10-06T09:25:04.922+05:30,2930,Corporate Bonds
783753,2026-10-05T11:23:35.469+05:30,1239,High Yield FDs
1500804,2026-10-05T19:20:35.533+05:30,3027,Corporate Bonds
2096567,2026-10-05T12:58:42.772+05:30,2964,Corporate Bonds
2119438,2026-10-01T01:51:27.232+05:30,2982,Corporate Bonds
442169,2026-10-04T07:44:12.164+05:30,2849,Corporate Bonds
1852024,2026-10-07T15:08:13.613+05:30,3040,Corporate Bonds
2161002,2026-10-07T18:36:09.327+05:30,2895,Corporate Bonds
1105933,2026-10-06T13:55:51.092+05:30,2969,XCase
2005372,2026-10-04T17:03:40.863+05:30,2881,Corporate Bonds
317441,2026-10-03T20:53:57.345+05:30,2849,Corporate Bonds
1818634,2026-10-02T14:18:52.142+05:30,2982,Corporate Bonds
1810019,2026-10-05T00:25:03.588+05:30,2881,Corporate Bonds
1637628,2026-10-06T19:50:27.665+05:30,3044,Corporate Bonds
1796547,2026-10-01T15:55:13.034+05:30,2858,Corporate Bonds
1937063,2026-10-07T07:42:38.3+05:30,2969,XCase
2118294,2026-10-01T21:56:38.001+05:30,2849,Corporate Bonds
803355,2026-10-03T12:34:41.278+05:30,2881,Corporate Bonds
2179830,2026-10-02T09:50:21.28+05:30,2857,Corporate Bonds
1491751,2026-10-07T13:48:03.706+05:30,3044,Corporate Bonds
1046666,2026-10-07T11:44:18.854+05:30,3040,Corporate Bonds
1083630,2026-10-01T13:31:08.608+05:30,3027,Corporate Bonds
1054508,2026-10-07T14:38:08.532+05:30,2843,Corporate Bonds
2130875,2026-10-03T19:02:39.102+05:30,2930,Corporate Bonds
2233416,2026-10-07T12:21:42.774+05:30,1239,High Yield FDs
2227542,2026-10-04T12:54:13.491+05:30,2902,Corporate Bonds
1957076,2026-10-01T12:35:38.757+05:30,2873,XCase
2082196,2026-10-06T15:15:32.176+05:30,2881,Corporate Bonds
2065006,2026-10-01T08:07:49.029+05:30,1292,High Yield FDs
1002421,2026-10-06T12:57:30.294+05:30,2794,Corporate Bonds
1321974,2026-10-02T08:30:45+05:30,2981,Corporate Bonds
2236357,2026-10-07T14:00:01.43+05:30,2881,Corporate Bonds
1038861,2026-10-01T11:05:20.304+05:30,2883,Corporate Bonds
1953938,2026-10-05T18:15:04.68+05:30,2880,Corporate Bonds
522658,2026-10-06T00:03:43.838+05:30,3027,Corporate Bonds
1330738,2026-10-07T12:42:16.127+05:30,3044,Corporate Bonds
1405608,2026-10-01T20:44:02.758+05:30,2740,Corporate Bonds
2232985,2026-10-05T19:28:02.874+05:30,2767,Corporate Bonds
2225328,2026-10-01T20:16:41.018+05:30,2769,Corporate Bonds
1736133,2026-10-01T21:39:18.207+05:30,2849,Corporate Bonds
2236981,2026-10-07T20:21:27.605+05:30,2837,Corporate Bonds
2156010,2026-10-04T17:56:51.718+05:30,2781,Corporate Bonds
912676,2026-10-05T11:36:49.033+05:30,2930,Corporate Bonds
1226274,2026-10-07T11:01:12.625+05:30,2774,Corporate Bonds
1711024,2026-10-03T19:38:32.35+05:30,2981,Corporate Bonds
1277673,2026-10-03T15:32:17.205+05:30,3027,Corporate Bonds
1513323,2026-10-01T13:56:34.716+05:30,2843,Corporate Bonds
1491240,2026-10-03T13:55:25.827+05:30,2902,Corporate Bonds
945264,2026-10-03T08:45:10.091+05:30,2997,Corporate Bonds
2230781,2026-10-04T11:42:45.196+05:30,3026,Corporate Bonds
2192771,2026-10-03T08:48:47.131+05:30,3027,Corporate Bonds
1065564,2026-10-06T11:04:09.591+05:30,2917,Corporate Bonds
2231052,2026-10-04T12:33:40.588+05:30,3027,Corporate Bonds
1719670,2026-10-03T22:26:03.484+05:30,2767,Corporate Bonds
772069,2026-10-03T16:04:05.671+05:30,2981,Corporate Bonds
2058334,2026-10-07T00:13:09.399+05:30,3044,Corporate Bonds
1927727,2026-10-01T21:30:38.427+05:30,2954,Corporate Bonds
1625910,2026-10-04T06:38:08.385+05:30,3024,Corporate Bonds
632640,2026-10-07T22:10:22.253+05:30,2686,Corporate Bonds
1637423,2026-10-05T12:22:57.898+05:30,2918,Corporate Bonds
966475,2026-10-05T18:42:08.862+05:30,2918,Corporate Bonds
553599,2026-10-07T08:54:22.847+05:30,3027,Corporate Bonds
1528142,2026-10-07T20:22:36.324+05:30,2477,Corporate Bonds
769544,2026-10-07T23:11:09.449+05:30,2335,Corporate Bonds
2230534,2026-10-07T12:33:55.609+05:30,3044,Corporate Bonds
1574275,2026-10-03T19:01:26.114+05:30,2895,Corporate Bonds
779630,2026-10-01T10:44:48.226+05:30,2874,Corporate Bonds
1645496,2026-10-05T21:46:36.713+05:30,2881,Corporate Bonds
217224,2026-10-07T19:09:49.53+05:30,3027,Corporate Bonds
1306370,2026-10-01T21:16:35.022+05:30,2969,XCase
838199,2026-10-01T11:57:32.286+05:30,2873,XCase
2226097,2026-10-01T21:39:16.412+05:30,3025,Corporate Bonds
2029574,2026-10-02T08:21:51.254+05:30,2895,Corporate Bonds
460624,2026-10-07T14:50:26.401+05:30,3027,Corporate Bonds
1157005,2026-10-07T11:13:01.719+05:30,3044,Corporate Bonds
1073357,2026-10-06T14:37:13.706+05:30,2955,Corporate Bonds
2232571,2026-10-05T12:20:28.588+05:30,2849,Corporate Bonds
1786242,2026-10-02T10:39:24.469+05:30,2300,Corporate Bonds
792587,2026-10-03T22:01:09.316+05:30,2849,Corporate Bonds
1297706,2026-10-01T23:05:58.185+05:30,2899,Mutual Funds
1671982,2026-10-01T16:35:16.022+05:30,2729,Mutual Funds
1818003,2026-10-06T11:44:05.945+05:30,2907,Corporate Bonds
2207739,2026-10-03T15:51:38.864+05:30,2881,Corporate Bonds
2223514,2026-10-07T10:19:00.899+05:30,2982,Corporate Bonds
860735,2026-10-01T10:22:25.952+05:30,2902,Corporate Bonds
1264445,2026-10-01T13:15:44.408+05:30,2872,Corporate Bonds
2236514,2026-10-07T15:35:15.654+05:30,3044,Corporate Bonds
2201678,2026-10-06T14:28:39.008+05:30,2902,Corporate Bonds
1961550,2026-10-01T11:45:10.316+05:30,2849,Corporate Bonds
634077,2026-10-07T17:29:19.569+05:30,2849,Corporate Bonds
2217368,2026-10-02T11:02:50.448+05:30,2729,Mutual Funds
568523,2026-10-01T10:02:54.845+05:30,2868,Corporate Bonds
1003385,2026-10-03T08:36:20.526+05:30,2981,Corporate Bonds
1653798,2026-10-03T21:42:59.924+05:30,2794,Corporate Bonds
1732425,2026-10-02T13:39:42.993+05:30,2981,Corporate Bonds
2066591,2026-10-03T08:34:52.105+05:30,2849,Corporate Bonds
1014276,2026-10-01T20:51:23.19+05:30,3040,Corporate Bonds
315936,2026-10-02T01:48:13.503+05:30,3027,Corporate Bonds
1949335,2026-10-06T22:34:15.244+05:30,2874,Corporate Bonds
2088151,2026-10-01T11:22:29.887+05:30,1873,Corporate Bonds
1797825,2026-10-07T14:59:15.922+05:30,3044,Corporate Bonds
2059853,2026-10-02T19:40:45.978+05:30,2906,Corporate Bonds
944593,2026-10-01T02:47:57.769+05:30,2757,Corporate Bonds
1820039,2026-10-05T07:54:37.772+05:30,2767,Corporate Bonds
22646,2026-10-01T22:30:57.378+05:30,2843,Corporate Bonds
1755172,2026-10-02T17:25:38.1+05:30,2849,Corporate Bonds
2227790,2026-10-02T12:54:20.835+05:30,2729,Mutual Funds
2085349,2026-10-01T17:35:46.537+05:30,2858,Corporate Bonds
2137230,2026-10-02T08:27:48.472+05:30,2855,Corporate Bonds
95546,2026-10-02T12:22:24.693+05:30,2882,Corporate Bonds
1029712,2026-10-07T07:32:49.322+05:30,3034,Corporate Bonds
1202320,2026-10-01T12:24:39.539+05:30,2883,Corporate Bonds
1400576,2026-10-07T12:51:17.648+05:30,1239,High Yield FDs
862142,2026-10-04T09:33:18.946+05:30,2794,Corporate Bonds
1226274,2026-10-07T11:12:15.936+05:30,2775,Corporate Bonds
1439096,2026-10-02T10:15:18.344+05:30,2955,Corporate Bonds
1202320,2026-10-01T12:18:34.793+05:30,3027,Corporate Bonds
97204,2026-10-01T15:19:04.726+05:30,2643,Securitized Debt Instruments
2031924,2026-10-05T06:42:24.304+05:30,2849,Corporate Bonds
2063752,2026-10-01T11:10:10.737+05:30,2026,Corporate Bonds
1306140,2026-10-01T13:42:09.777+05:30,2849,Corporate Bonds
1554872,2026-10-01T07:33:39.741+05:30,2895,Corporate Bonds
978456,2026-10-01T10:05:14.318+05:30,2883,Corporate Bonds
1747064,2026-10-07T21:29:06.139+05:30,2930,Corporate Bonds
2226869,2026-10-05T13:28:13.352+05:30,2941,Corporate Bonds
2027884,2026-10-01T18:16:37.576+05:30,2955,Corporate Bonds
1992552,2026-10-03T01:07:25.936+05:30,3027,Corporate Bonds
2134101,2026-10-06T22:02:42.284+05:30,2941,Corporate Bonds
2108587,2026-10-03T12:18:40.177+05:30,2781,Corporate Bonds
1549806,2026-10-06T21:01:24.726+05:30,2842,Corporate Bonds
1533529,2026-10-02T07:23:35.643+05:30,2412,Corporate Bonds
939100,2026-10-01T08:45:18.505+05:30,2930,Corporate Bonds
1514429,2026-10-02T19:05:57.378+05:30,2767,Corporate Bonds
24152,2026-10-01T09:43:45.503+05:30,2863,Corporate Bonds
2229136,2026-10-03T09:10:56.251+05:30,2767,Corporate Bonds
2160877,2026-10-01T16:20:55.792+05:30,3027,Corporate Bonds
2235989,2026-10-07T20:40:56.909+05:30,2849,Corporate Bonds
1490150,2026-10-06T09:06:11.815+05:30,2930,Corporate Bonds
1266659,2026-10-03T11:48:14.927+05:30,2981,Corporate Bonds
1577267,2026-10-07T17:05:13.762+05:30,3045,Corporate Bonds
2212621,2026-10-04T20:07:31.626+05:30,2918,Corporate Bonds
1266659,2026-10-05T18:10:17.4+05:30,2981,Corporate Bonds
2114139,2026-10-02T12:46:28.529+05:30,2981,Corporate Bonds
2221494,2026-10-02T04:48:25.551+05:30,2872,Corporate Bonds
2156010,2026-10-03T00:32:53.823+05:30,1873,Corporate Bonds
1719545,2026-10-07T20:26:44.468+05:30,3044,Corporate Bonds
1729416,2026-10-01T10:50:41.874+05:30,2849,Corporate Bonds
2231409,2026-10-05T10:45:02.201+05:30,2982,Corporate Bonds
634399,2026-10-02T14:54:06.043+05:30,2849,Corporate Bonds
2074231,2026-10-01T23:23:58.716+05:30,2883,Corporate Bonds
2220097,2026-10-04T17:18:34.26+05:30,2964,Corporate Bonds
1118678,2026-10-01T21:11:58.934+05:30,3027,Corporate Bonds
2110656,2026-10-03T18:00:22.196+05:30,3026,Corporate Bonds
2222544,2026-10-06T15:36:57.002+05:30,2982,Corporate Bonds
2236299,2026-10-07T13:20:19.588+05:30,2881,Corporate Bonds
215667,2026-10-07T16:04:33.923+05:30,2881,Corporate Bonds
2208883,2026-10-06T12:21:31.147+05:30,2752,Corporate Bonds
2194175,2026-10-05T11:56:23.431+05:30,2981,Corporate Bonds
2211022,2026-10-03T17:35:39.445+05:30,3027,Corporate Bonds
2108421,2026-10-07T13:26:25.643+05:30,2842,Corporate Bonds
976887,2026-10-05T20:44:03.033+05:30,2794,Corporate Bonds
2227053,2026-10-03T08:54:19.11+05:30,2947,Corporate Bonds
2217136,2026-10-04T07:33:50.13+05:30,3027,Corporate Bonds
2111253,2026-10-01T16:00:08.423+05:30,2880,Corporate Bonds
821317,2026-10-03T01:01:42.847+05:30,1239,High Yield FDs
683536,2026-10-01T12:53:45.044+05:30,2849,Corporate Bonds
1419126,2026-10-06T13:21:16.045+05:30,2644,Securitized Debt Instruments
2171766,2026-10-05T07:17:36.959+05:30,2926,Corporate Bonds
944593,2026-10-01T02:56:24.819+05:30,2908,Corporate Bonds
1634452,2026-10-06T14:07:40.72+05:30,3040,Corporate Bonds
1871981,2026-10-03T00:37:41.077+05:30,1873,Corporate Bonds
1195774,2026-10-07T21:29:43.494+05:30,2919,Corporate Bonds
2223447,2026-10-03T07:42:50.072+05:30,2881,Corporate Bonds
2192232,2026-10-07T13:46:18.887+05:30,3040,Corporate Bonds
1299053,2026-10-05T02:01:33.032+05:30,2849,Corporate Bonds
2229141,2026-10-03T10:42:21.188+05:30,2982,Corporate Bonds
178464,2026-10-02T23:15:16.964+05:30,2964,Corporate Bonds
814664,2026-10-06T20:35:59.324+05:30,2882,Corporate Bonds
2148657,2026-10-04T16:52:59.279+05:30,3040,Corporate Bonds
716918,2026-10-05T17:34:42.899+05:30,3027,Corporate Bonds
2234348,2026-10-06T12:24:52.477+05:30,2729,Mutual Funds
1173613,2026-10-02T09:35:55.073+05:30,3040,Corporate Bonds
2197677,2026-10-01T20:04:11.825+05:30,2881,Corporate Bonds
1163017,2026-10-01T13:25:46.052+05:30,2026,Corporate Bonds
2226471,2026-10-04T09:07:01.741+05:30,3026,Corporate Bonds
1771619,2026-10-07T14:03:58.245+05:30,2794,Corporate Bonds
1182226,2026-10-07T21:06:13.956+05:30,2917,Corporate Bonds
2225692,2026-10-01T17:07:19.048+05:30,2881,Corporate Bonds
1433620,2026-10-07T08:24:54.598+05:30,3027,Corporate Bonds
259589,2026-10-05T11:43:03.181+05:30,2881,Corporate Bonds
2225445,2026-10-01T01:26:42.838+05:30,2729,Mutual Funds
1294170,2026-10-04T08:18:08.638+05:30,2874,Corporate Bonds
747991,2026-10-07T21:18:36.83+05:30,3044,Corporate Bonds
1427747,2026-10-06T18:49:37.675+05:30,3040,Corporate Bonds
792119,2026-10-01T06:41:50.101+05:30,2883,Corporate Bonds
746347,2026-10-07T08:07:13.464+05:30,3044,Corporate Bonds
1830017,2026-10-01T12:23:23.104+05:30,2883,Corporate Bonds
1914745,2026-10-07T16:51:22.958+05:30,3027,Corporate Bonds
1980618,2026-10-02T11:35:51.802+05:30,2981,Corporate Bonds
1830017,2026-10-01T12:24:02.647+05:30,2883,Corporate Bonds
2164106,2026-10-01T16:52:09.113+05:30,2643,Securitized Debt Instruments
2198490,2026-10-01T17:43:49.209+05:30,2922,Corporate Bonds
2230844,2026-10-04T11:04:58.93+05:30,2955,Corporate Bonds
2224151,2026-10-06T11:21:23.314+05:30,3040,Corporate Bonds
874310,2026-10-06T15:23:05.278+05:30,2842,Corporate Bonds
1334313,2026-10-05T14:12:20.057+05:30,2941,Corporate Bonds
2227383,2026-10-02T09:35:00.863+05:30,2918,Corporate Bonds
1767573,2026-10-03T14:16:17.704+05:30,2895,Corporate Bonds
1493075,2026-10-01T16:57:28.625+05:30,2729,Mutual Funds
2150317,2026-10-06T13:24:04.394+05:30,3027,Corporate Bonds
1688581,2026-10-01T15:08:49.082+05:30,2906,Corporate Bonds
1710872,2026-10-07T20:33:28.469+05:30,2808,Corporate Bonds
1049595,2026-10-05T13:42:40.635+05:30,2769,Corporate Bonds
2087457,2026-10-02T07:33:48.851+05:30,2883,Corporate Bonds
859207,2026-10-07T09:23:41.13+05:30,1292,High Yield FDs
703311,2026-10-04T08:43:17.225+05:30,2849,Corporate Bonds
,2026-10-05T18:00:15.342+05:30,1239,High Yield FDs
2228490,2026-10-02T19:56:21.359+05:30,2431,Corporate Bonds
2236145,2026-10-07T11:46:13.858+05:30,2982,Corporate Bonds
2217633,2026-10-05T16:41:14.531+05:30,2982,Corporate Bonds
2232951,2026-10-05T15:49:07.034+05:30,2941,Corporate Bonds
1948145,2026-10-02T12:34:30.418+05:30,2849,Corporate Bonds
1908486,2026-10-01T23:31:15.953+05:30,2981,Corporate Bonds
1793286,2026-10-02T15:06:51.763+05:30,2872,Corporate Bonds
2223780,2026-10-04T21:54:34.957+05:30,2982,Corporate Bonds
2039971,2026-10-07T09:58:02.362+05:30,2881,Corporate Bonds
2215897,2026-10-05T15:22:24.465+05:30,2881,Corporate Bonds
2226079,2026-10-01T13:36:46.954+05:30,2849,Corporate Bonds
1445403,2026-10-06T08:01:40.449+05:30,2883,Corporate Bonds
1736133,2026-10-03T19:54:33.228+05:30,2982,Corporate Bonds
2102210,2026-10-01T16:51:23.534+05:30,2964,Corporate Bonds
2065631,2026-10-04T17:36:30.744+05:30,2907,Corporate Bonds
898869,2026-10-07T19:48:29.036+05:30,2863,Corporate Bonds
2224495,2026-10-01T08:01:29.533+05:30,2881,Corporate Bonds
1330738,2026-10-01T12:50:14.993+05:30,2938,Corporate Bonds
1169373,2026-10-01T02:15:17.764+05:30,2858,Corporate Bonds
454896,2026-10-02T08:44:13.567+05:30,2849,Corporate Bonds
2232633,2026-10-05T12:13:47.893+05:30,2868,Corporate Bonds
2227383,2026-10-02T09:55:07.393+05:30,2881,Corporate Bonds
227529,2026-10-04T17:47:30.164+05:30,2849,Corporate Bonds
1965777,2026-10-03T19:58:24.688+05:30,2849,Corporate Bonds
1884304,2026-10-03T20:47:48.609+05:30,2964,Corporate Bonds
1557051,2026-10-04T13:31:36.891+05:30,2957,Corporate Bonds
2215897,2026-10-05T15:29:29.046+05:30,2881,Corporate Bonds
944593,2026-10-01T03:23:45.336+05:30,2882,Corporate Bonds
770101,2026-10-03T13:08:17.555+05:30,2981,Corporate Bonds
1377897,2026-10-02T12:44:51.543+05:30,2955,Corporate Bonds
2227383,2026-10-02T09:55:07.659+05:30,2881,Corporate Bonds
1837859,2026-10-06T16:10:41.527+05:30,2930,Corporate Bonds
2228355,2026-10-02T19:32:56.785+05:30,1292,High Yield FDs
1619533,2026-10-05T14:36:04.135+05:30,2982,Corporate Bonds
816155,2026-10-03T18:28:07.31+05:30,2794,Corporate Bonds
1907853,2026-10-04T07:37:17.513+05:30,3040,Corporate Bonds
2150381,2026-10-02T10:37:36.519+05:30,2964,Corporate Bonds
2216847,2026-10-02T00:04:45.346+05:30,2311,Corporate Bonds
1991330,2026-10-07T06:32:08.782+05:30,2941,Corporate Bonds
1938075,2026-10-06T12:12:28.506+05:30,2981,Corporate Bonds
1354271,2026-10-07T10:54:43.242+05:30,3044,Corporate Bonds
1798560,2026-10-02T16:17:03.326+05:30,3027,Corporate Bonds
1654005,2026-10-03T14:44:30.421+05:30,2767,Corporate Bonds
740804,2026-10-03T08:00:15.365+05:30,2981,Corporate Bonds
1060058,2026-10-01T23:14:41.042+05:30,3040,Corporate Bonds
1205677,2026-10-06T13:01:21.674+05:30,2981,Corporate Bonds
2123114,2026-10-06T09:40:45.804+05:30,2930,Corporate Bonds
740810,2026-10-05T14:20:09.775+05:30,2842,Corporate Bonds
1169644,2026-10-07T11:22:18.221+05:30,3044,Corporate Bonds
2178320,2026-10-06T17:53:40.697+05:30,2874,Corporate Bonds
797351,2026-10-07T02:03:42.864+05:30,2895,Corporate Bonds
1286655,2026-10-01T23:45:44.817+05:30,2849,Corporate Bonds
1267679,2026-10-05T12:36:33.255+05:30,2883,Corporate Bonds
497979,2026-10-02T16:35:21.643+05:30,2812,Corporate Bonds
584069,2026-10-04T22:38:52.669+05:30,2895,Corporate Bonds
2075211,2026-10-01T17:39:21.215+05:30,2843,Corporate Bonds
1044291,2026-10-01T13:25:28.238+05:30,2847,Corporate Bonds
1867793,2026-10-06T17:31:09.101+05:30,2881,Corporate Bonds
1656154,2026-10-01T08:32:50.054+05:30,2626,Corporate Bonds
1491321,2026-10-05T02:22:30.597+05:30,2907,Corporate Bonds
2080249,2026-10-01T11:28:51.839+05:30,2895,Corporate Bonds
1543285,2026-10-07T11:35:42.692+05:30,2882,Corporate Bonds
768832,2026-10-02T19:58:48.166+05:30,2872,Corporate Bonds
2234766,2026-10-07T09:28:05.143+05:30,1292,High Yield FDs
1609395,2026-10-05T10:47:10.902+05:30,2843,Corporate Bonds
2064661,2026-10-04T07:38:11.972+05:30,2881,Corporate Bonds
1432597,2026-10-05T23:09:54.676+05:30,3040,Corporate Bonds
568523,2026-10-01T10:04:51.96+05:30,2868,Corporate Bonds
1049287,2026-10-04T17:37:54.068+05:30,2626,Corporate Bonds
2040152,2026-10-07T09:16:57.994+05:30,3040,Corporate Bonds
949208,2026-10-01T14:39:19.895+05:30,2922,Corporate Bonds
2137361,2026-10-06T11:42:49.351+05:30,2918,Corporate Bonds
955600,2026-10-03T21:10:16.739+05:30,1239,High Yield FDs
2144972,2026-10-02T16:59:48.258+05:30,1095,High Yield FDs
2217270,2026-10-02T11:52:09.276+05:30,2594,Corporate Bonds
775511,2026-10-06T16:14:03.869+05:30,3027,Corporate Bonds
1239864,2026-10-01T22:33:10.192+05:30,3023,Corporate Bonds
1527215,2026-10-05T08:34:40.47+05:30,3026,Corporate Bonds
2212621,2026-10-04T20:07:33.108+05:30,2918,Corporate Bonds
1648575,2026-10-02T11:56:03.026+05:30,3040,Corporate Bonds
1443837,2026-10-05T14:22:24.198+05:30,2412,Corporate Bonds
2146049,2026-10-01T16:48:40.763+05:30,2881,Corporate Bonds
1885235,2026-10-07T20:48:19.346+05:30,2808,Corporate Bonds
2132265,2026-10-04T08:48:48.943+05:30,2955,Corporate Bonds
1002769,2026-10-07T22:02:15.982+05:30,2335,Corporate Bonds
989101,2026-10-06T16:33:57.414+05:30,2881,Corporate Bonds
1924282,2026-10-03T15:14:10.774+05:30,3027,Corporate Bonds
2158987,2026-10-02T17:23:14.165+05:30,2981,Corporate Bonds
478904,2026-10-04T13:09:33.959+05:30,2889,Corporate Bonds
855180,2026-10-01T00:05:54.2+05:30,2643,Securitized Debt Instruments
495702,2026-10-06T14:24:25.957+05:30,3027,Corporate Bonds
1648510,2026-10-02T11:46:49.381+05:30,3027,Corporate Bonds
2231635,2026-10-04T18:56:04.086+05:30,2881,Corporate Bonds
1915343,2026-10-01T12:26:19.191+05:30,2930,Corporate Bonds
1786278,2026-10-01T13:58:07.776+05:30,2026,Corporate Bonds
817718,2026-10-07T18:36:46.003+05:30,3044,Corporate Bonds
1062210,2026-10-04T23:36:35.208+05:30,2412,Corporate Bonds
1790663,2026-10-01T15:18:16.704+05:30,2881,Corporate Bonds
1983055,2026-10-03T08:28:38.099+05:30,3027,Corporate Bonds
805083,2026-10-04T10:47:47.81+05:30,1239,High Yield FDs
2039801,2026-10-01T22:15:32.388+05:30,2981,Corporate Bonds
908198,2026-10-03T07:42:19.553+05:30,2840,Corporate Bonds
944362,2026-10-01T10:45:06.831+05:30,3014,Corporate Bonds
1794783,2026-10-07T11:13:56.998+05:30,3044,Corporate Bonds
2217487,2026-10-02T08:38:02.011+05:30,2833,Corporate Bonds
235487,2026-10-03T09:18:43.732+05:30,3027,Corporate Bonds
637193,2026-10-05T16:38:07.05+05:30,2883,Corporate Bonds
756674,2026-10-02T06:53:20.195+05:30,2757,Corporate Bonds
2203024,2026-10-03T13:33:35.192+05:30,3027,Corporate Bonds
1014276,2026-10-01T20:35:49.351+05:30,2883,Corporate Bonds
2225289,2026-10-03T15:51:19.78+05:30,2906,Corporate Bonds
1980242,2026-10-02T16:07:41.302+05:30,2872,Corporate Bonds
2219176,2026-10-05T15:43:43.145+05:30,3027,Corporate Bonds
1167729,2026-10-03T10:24:16.392+05:30,2919,Corporate Bonds
1974215,2026-10-01T15:23:11.871+05:30,2955,Corporate Bonds
2096765,2026-10-05T23:36:45.634+05:30,3027,Corporate Bonds
1635459,2026-10-07T16:23:52.591+05:30,2849,Corporate Bonds
446432,2026-10-01T09:19:25.604+05:30,2981,Corporate Bonds
2204137,2026-10-01T10:39:39.173+05:30,2873,XCase
1379301,2026-10-01T20:19:32.444+05:30,2740,Corporate Bonds
1052967,2026-10-07T12:06:31.563+05:30,2881,Corporate Bonds
944593,2026-10-01T03:20:06.031+05:30,2757,Corporate Bonds
1251789,2026-10-06T22:52:50.904+05:30,2946,Corporate Bonds
1527215,2026-10-05T08:34:39.326+05:30,3026,Corporate Bonds
2176246,2026-10-04T08:41:24.062+05:30,3027,Corporate Bonds
2116739,2026-10-07T13:57:38.132+05:30,3045,Corporate Bonds
2224989,2026-10-01T13:49:35.195+05:30,3025,Corporate Bonds
2223108,2026-10-04T07:54:08.471+05:30,2982,Corporate Bonds
24783,2026-10-04T14:55:09.522+05:30,2868,Corporate Bonds
2229519,2026-10-03T17:39:42.187+05:30,2982,Corporate Bonds
2229534,2026-10-03T13:27:41.156+05:30,2993,XCase
2069911,2026-10-05T18:47:40.86+05:30,2981,Corporate Bonds
1248065,2026-10-01T14:51:35.387+05:30,2880,Corporate Bonds
2223313,2026-10-02T08:21:01.969+05:30,1239,High Yield FDs
945322,2026-10-05T10:23:31.332+05:30,3027,Corporate Bonds
1286424,2026-10-07T17:17:23.908+05:30,2643,Securitized Debt Instruments
824748,2026-10-01T10:39:27.611+05:30,2842,Corporate Bonds
1591613,2026-10-05T23:10:39.467+05:30,3027,Corporate Bonds
1731965,2026-10-07T03:41:44.836+05:30,2981,Corporate Bonds
511356,2026-10-01T21:59:23.422+05:30,2883,Corporate Bonds
1334656,2026-10-03T10:36:34.891+05:30,3023,Corporate Bonds
1876415,2026-10-06T20:43:54.216+05:30,2100,Corporate Bonds
941072,2026-10-03T17:03:06.691+05:30,3027,Corporate Bonds
2153153,2026-10-01T10:21:12.711+05:30,2930,Corporate Bonds
70205,2026-10-01T14:10:50.718+05:30,3027,Corporate Bonds
876463,2026-10-05T10:45:37.808+05:30,2930,Corporate Bonds
1923050,2026-10-01T10:25:15.289+05:30,2986,Corporate Bonds
1908784,2026-10-03T18:49:27.389+05:30,2887,Corporate Bonds
1443837,2026-10-07T08:41:05.363+05:30,2981,Corporate Bonds
1550802,2026-10-02T23:51:18.23+05:30,2849,Corporate Bonds
1275853,2026-10-06T18:53:01.449+05:30,2981,Corporate Bonds
2095901,2026-10-05T15:24:05.555+05:30,2881,Corporate Bonds
1865812,2026-10-07T11:01:44.537+05:30,3044,Corporate Bonds
2108151,2026-10-01T07:39:35.298+05:30,2931,Corporate Bonds
550975,2026-10-04T10:48:33.151+05:30,2986,Corporate Bonds
1388334,2026-10-04T10:54:42.195+05:30,3027,Corporate Bonds
577213,2026-10-07T22:49:12.613+05:30,2604,Corporate Bonds
2121022,2026-10-02T15:52:52.72+05:30,3027,Corporate Bonds
351771,2026-10-06T16:48:32.782+05:30,2644,Securitized Debt Instruments
2225065,2026-10-07T10:51:19.513+05:30,2830,Corporate Bonds
2234461,2026-10-06T13:06:49.612+05:30,2881,Corporate Bonds
2225289,2026-10-01T17:47:01.302+05:30,2941,Corporate Bonds
1946684,2026-10-03T17:27:25.785+05:30,2881,Corporate Bonds
2205241,2026-10-02T22:30:45.162+05:30,2938,Corporate Bonds
2209573,2026-10-01T21:17:18.91+05:30,3040,Corporate Bonds
2222267,2026-10-02T10:12:18.592+05:30,2982,Corporate Bonds
2232876,2026-10-05T14:52:50.401+05:30,2881,Corporate Bonds
1971351,2026-10-01T14:54:14.958+05:30,3014,Corporate Bonds
2236340,2026-10-07T15:27:16.762+05:30,3027,Corporate Bonds
2185950,2026-10-03T20:44:34.563+05:30,2881,Corporate Bonds
259589,2026-10-01T07:20:33.085+05:30,2881,Corporate Bonds
2219254,2026-10-06T16:11:50.795+05:30,2729,Mutual Funds
2224097,2026-10-02T11:21:59.721+05:30,2794,Corporate Bonds
2220184,2026-10-06T13:34:43.137+05:30,2955,Corporate Bonds
1178195,2026-10-06T20:57:59.513+05:30,2849,Corporate Bonds
2235397,2026-10-07T13:43:25.872+05:30,3044,Corporate Bonds
2155737,2026-10-06T19:35:42.329+05:30,3044,Corporate Bonds
1132863,2026-10-02T11:42:22.018+05:30,3040,Corporate Bonds
930388,2026-10-05T09:36:28.06+05:30,2626,Corporate Bonds
487781,2026-10-01T08:56:39.87+05:30,2843,Corporate Bonds
2052271,2026-10-04T09:37:03.611+05:30,2947,Corporate Bonds
1736133,2026-10-03T19:54:27.718+05:30,2982,Corporate Bonds
1820764,2026-10-03T22:13:52.295+05:30,2964,Corporate Bonds
723420,2026-10-06T19:51:26.604+05:30,2964,Corporate Bonds
881985,2026-10-01T19:23:27.302+05:30,2626,Corporate Bonds
2043111,2026-10-05T11:21:32.612+05:30,3027,Corporate Bonds
1464377,2026-10-05T13:47:37.508+05:30,3027,Corporate Bonds
994942,2026-10-07T18:26:06.559+05:30,3044,Corporate Bonds
18534,2026-10-01T19:59:28.732+05:30,2849,Corporate Bonds
2215981,2026-10-06T12:21:13.012+05:30,2982,Corporate Bonds
2208823,2026-10-03T11:42:20.392+05:30,2849,Corporate Bonds
2210351,2026-10-02T10:44:56.476+05:30,2250,Corporate Bonds
2085068,2026-10-01T20:55:05.165+05:30,2895,Corporate Bonds
1605316,2026-10-07T15:39:12.465+05:30,1239,High Yield FDs
1992552,2026-10-03T01:06:43.025+05:30,3027,Corporate Bonds
241580,2026-10-01T10:41:35.091+05:30,3027,Corporate Bonds
2224199,2026-10-01T14:43:57.05+05:30,2955,Corporate Bonds
2153153,2026-10-01T10:11:46.532+05:30,2412,Corporate Bonds
1973347,2026-10-01T22:49:45.78+05:30,2981,Corporate Bonds
2139864,2026-10-02T00:01:05.518+05:30,2864,Corporate Bonds
2103821,2026-10-01T15:40:56.058+05:30,2872,Corporate Bonds
1896964,2026-10-07T08:48:13.99+05:30,3040,Corporate Bonds
498441,2026-10-05T22:24:32.597+05:30,2964,Corporate Bonds
887784,2026-10-07T22:04:12.474+05:30,3044,Corporate Bonds
1991409,2026-10-07T10:03:48.844+05:30,3044,Corporate Bonds
2184334,2026-10-05T09:34:43.645+05:30,2880,Corporate Bonds
2230457,2026-10-04T00:52:29.22+05:30,2881,Corporate Bonds
1781646,2026-10-06T13:38:14.755+05:30,3027,Corporate Bonds
2217950,2026-10-05T18:14:02.678+05:30,2982,Corporate Bonds
2201068,2026-10-06T12:09:56.589+05:30,2412,Corporate Bonds
812162,2026-10-03T16:05:49.667+05:30,3027,Corporate Bonds
2194535,2026-10-06T13:17:37.263+05:30,2902,Corporate Bonds
2119089,2026-10-02T09:45:40.882+05:30,2881,Corporate Bonds
1290860,2026-10-07T12:31:43.189+05:30,3044,Corporate Bonds
2232364,2026-10-05T13:22:15.046+05:30,2781,Corporate Bonds
2139467,2026-10-04T19:14:47.844+05:30,2918,Corporate Bonds
603523,2026-10-02T14:16:24.823+05:30,2868,Corporate Bonds
1467160,2026-10-01T14:36:05.407+05:30,2431,Corporate Bonds
1051625,2026-10-05T07:17:46.601+05:30,2906,Corporate Bonds
2220165,2026-10-06T20:42:06.56+05:30,2919,Corporate Bonds
2122835,2026-10-02T22:35:02.892+05:30,3027,Corporate Bonds
2192576,2026-10-06T14:27:54.988+05:30,2982,Corporate Bonds
2214627,2026-10-05T10:28:28.165+05:30,2930,Corporate Bonds
2114120,2026-10-03T07:06:05.958+05:30,2981,Corporate Bonds
1607649,2026-10-01T13:42:49.408+05:30,2918,Corporate Bonds
303226,2026-10-02T12:55:21.279+05:30,2981,Corporate Bonds
1366929,2026-10-04T14:57:55.875+05:30,2849,Corporate Bonds
1460543,2026-10-04T22:08:00.478+05:30,2895,Corporate Bonds
1317043,2026-10-06T15:25:29.429+05:30,3026,Corporate Bonds
2148102,2026-10-06T10:45:26.843+05:30,2969,XCase
1998616,2026-10-01T11:19:00.06+05:30,3027,Corporate Bonds
2166505,2026-10-07T19:36:39.299+05:30,3027,Corporate Bonds
872633,2026-10-01T06:41:33.144+05:30,2849,Corporate Bonds
2218614,2026-10-02T19:58:46.958+05:30,2982,Corporate Bonds
2213491,2026-10-03T09:51:24.341+05:30,1095,High Yield FDs
1367514,2026-10-01T22:33:36.842+05:30,3040,Corporate Bonds
2235490,2026-10-07T19:56:08.701+05:30,2849,Corporate Bonds
1884304,2026-10-06T19:59:49.591+05:30,2964,Corporate Bonds
2194899,2026-10-05T15:37:47.808+05:30,2769,Corporate Bonds
1691052,2026-10-06T11:26:12.129+05:30,2881,Corporate Bonds
1994283,2026-10-06T08:40:03.171+05:30,3027,Corporate Bonds
1114568,2026-10-03T09:43:34.928+05:30,2947,Corporate Bonds
1496515,2026-10-05T12:43:49.03+05:30,2964,Corporate Bonds
2231850,2026-10-07T09:31:21.508+05:30,2880,Corporate Bonds
2231832,2026-10-04T22:03:03.393+05:30,2895,Corporate Bonds
801567,2026-10-02T21:35:29.665+05:30,2930,Corporate Bonds
2212334,2026-10-02T22:28:18.089+05:30,2954,Corporate Bonds
783753,2026-10-05T11:34:02.601+05:30,1239,High Yield FDs
1062774,2026-10-01T16:13:04.691+05:30,2626,Corporate Bonds
382942,2026-10-07T07:50:12.153+05:30,3044,Corporate Bonds
1022155,2026-10-02T12:56:17.641+05:30,2881,Corporate Bonds
879365,2026-10-07T03:28:04.874+05:30,2895,Corporate Bonds
2232368,2026-10-05T09:15:19.354+05:30,2982,Corporate Bonds
1105933,2026-10-06T13:52:58.769+05:30,2969,XCase
1755227,2026-10-02T14:40:25.579+05:30,2872,Corporate Bonds
923611,2026-10-06T21:40:53.057+05:30,3027,Corporate Bonds
1616543,2026-10-02T08:57:48.044+05:30,2729,Mutual Funds
178704,2026-10-06T20:05:05.469+05:30,3044,Corporate Bonds
1574275,2026-10-01T22:55:48.468+05:30,2794,Corporate Bonds
2086069,2026-10-06T16:24:57.389+05:30,2982,Corporate Bonds
878936,2026-10-01T10:14:54.143+05:30,2883,Corporate Bonds
725420,2026-10-06T11:57:08.921+05:30,2955,Corporate Bonds
1905543,2026-10-04T18:23:13.657+05:30,2918,Corporate Bonds
2198109,2026-10-05T07:17:13.943+05:30,2881,Corporate Bonds
1720585,2026-10-07T21:00:44.039+05:30,3044,Corporate Bonds
2217270,2026-10-05T11:20:15.787+05:30,2626,Corporate Bonds
2138515,2026-10-07T09:42:50.928+05:30,3027,Corporate Bonds
2148102,2026-10-06T15:55:17.509+05:30,1292,High Yield FDs
1525074,2026-10-04T20:32:13.528+05:30,2993,XCase
2185950,2026-10-04T09:02:25.674+05:30,2887,Corporate Bonds
2225385,2026-10-06T13:25:54.494+05:30,2982,Corporate Bonds
1916307,2026-10-01T14:12:51.352+05:30,2767,Corporate Bonds
2181016,2026-10-06T16:34:55.378+05:30,2982,Corporate Bonds
1163017,2026-10-01T13:55:18.811+05:30,2981,Corporate Bonds
2204741,2026-10-06T15:24:31.496+05:30,2964,Corporate Bonds
2033376,2026-10-03T21:12:21.55+05:30,2849,Corporate Bonds
1054657,2026-10-03T08:54:05.313+05:30,2969,XCase
1577267,2026-10-01T08:40:36.764+05:30,2964,Corporate Bonds
1170276,2026-10-05T11:18:28.567+05:30,2955,Corporate Bonds
1727400,2026-10-07T18:17:38.627+05:30,2955,Corporate Bonds
1321518,2026-10-01T18:11:24.464+05:30,2757,Corporate Bonds
1701000,2026-10-05T14:50:15.646+05:30,2964,Corporate Bonds
1091020,2026-10-04T08:22:17.168+05:30,3026,Corporate Bonds
1543285,2026-10-07T11:36:08.765+05:30,2882,Corporate Bonds
2232793,2026-10-07T11:24:07.554+05:30,2729,Mutual Funds
1297240,2026-10-01T06:35:36.162+05:30,2858,Corporate Bonds
738085,2026-10-01T16:01:12.504+05:30,3014,Corporate Bonds
249698,2026-10-03T15:37:26.324+05:30,2767,Corporate Bonds
2227742,2026-10-02T14:10:02.643+05:30,2982,Corporate Bonds
2021781,2026-10-04T22:42:42.649+05:30,3040,Corporate Bonds
2228075,2026-10-02T15:11:58.695+05:30,2982,Corporate Bonds
877974,2026-10-06T10:21:00.128+05:30,2840,Corporate Bonds
47592,2026-10-01T18:02:40.213+05:30,2858,Corporate Bonds
2233474,2026-10-05T22:17:03.809+05:30,2874,Corporate Bonds
1509764,2026-10-03T07:53:35.897+05:30,2868,Corporate Bonds
1852311,2026-10-04T00:06:55.456+05:30,2895,Corporate Bonds
1818634,2026-10-02T14:18:56.465+05:30,2982,Corporate Bonds
1916295,2026-10-07T19:50:43.304+05:30,3040,Corporate Bonds
2152653,2026-10-06T15:10:48.697+05:30,2752,Corporate Bonds
2218053,2026-10-05T10:54:42.946+05:30,2982,Corporate Bonds
2230844,2026-10-04T11:08:17.659+05:30,2781,Corporate Bonds
1488582,2026-10-05T19:29:43.249+05:30,2858,Corporate Bonds
910261,2026-10-01T14:15:01.01+05:30,1873,Corporate Bonds
1626085,2026-10-05T13:48:00.255+05:30,2895,Corporate Bonds
1092986,2026-10-06T07:18:44.619+05:30,2969,XCase
1057299,2026-10-05T12:59:11.277+05:30,2907,Corporate Bonds
2224083,2026-10-04T10:01:33.837+05:30,1239,High Yield FDs
2088578,2026-10-07T16:44:48.518+05:30,2842,Corporate Bonds
1948120,2026-10-05T09:59:13.364+05:30,2931,Corporate Bonds
858994,2026-10-05T11:25:41.636+05:30,2964,Corporate Bonds
2229949,2026-10-03T22:47:10.082+05:30,2982,Corporate Bonds
2110656,2026-10-03T18:00:08.953+05:30,3026,Corporate Bonds
1881320,2026-10-07T13:42:36.202+05:30,2629,Corporate Bonds
2227071,2026-10-02T16:09:23.842+05:30,3025,Corporate Bonds
2217482,2026-10-01T13:31:59.751+05:30,2907,Corporate Bonds
2179830,2026-10-02T09:50:16.288+05:30,2857,Corporate Bonds
2230479,2026-10-04T01:05:34.214+05:30,2729,Mutual Funds
1619261,2026-10-05T21:59:54.996+05:30,2629,Corporate Bonds
2115925,2026-10-01T15:36:27.374+05:30,2849,Corporate Bonds
,2026-10-07T11:04:28+05:30,2775,Corporate Bonds
1330364,2026-10-06T07:55:26.44+05:30,3027,Corporate Bonds
2225692,2026-10-01T17:06:46.031+05:30,2881,Corporate Bonds
1248065,2026-10-01T15:02:49.132+05:30,2930,Corporate Bonds
2236981,2026-10-07T20:22:39.712+05:30,2895,Corporate Bonds
728477,2026-10-05T15:23:30.868+05:30,2964,Corporate Bonds
845808,2026-10-05T19:26:07.615+05:30,3027,Corporate Bonds
2203126,2026-10-01T15:43:11.831+05:30,2941,Corporate Bonds
1785397,2026-10-03T19:57:01.606+05:30,2849,Corporate Bonds
1973827,2026-10-03T15:22:02.375+05:30,2957,Corporate Bonds
1232720,2026-10-02T20:12:53.324+05:30,2849,Corporate Bonds
2217848,2026-10-05T16:01:34.576+05:30,2872,Corporate Bonds
1001804,2026-10-01T11:59:41.255+05:30,3040,Corporate Bonds
2214010,2026-10-06T17:49:06.964+05:30,2930,Corporate Bonds
1907570,2026-10-06T19:54:30.548+05:30,2981,Corporate Bonds
2076765,2026-10-05T11:57:28.59+05:30,3027,Corporate Bonds
2236516,2026-10-07T15:24:49.392+05:30,2902,Corporate Bonds
1707727,2026-10-02T08:26:15.755+05:30,1873,Corporate Bonds
1680002,2026-10-03T23:37:54.093+05:30,2849,Corporate Bonds
1520152,2026-10-03T12:57:54.197+05:30,2849,Corporate Bonds
696328,2026-10-05T13:04:18.524+05:30,2895,Corporate Bonds
899729,2026-10-07T23:17:38.147+05:30,3044,Corporate Bonds
1774977,2026-10-01T22:05:52.5+05:30,2941,Corporate Bonds
779224,2026-10-01T10:25:36.736+05:30,2981,Corporate Bonds
245259,2026-10-04T16:42:36.913+05:30,2930,Corporate Bonds
2134756,2026-10-02T10:50:33.6+05:30,2982,Corporate Bonds
2213417,2026-10-01T16:58:50.645+05:30,2830,Corporate Bonds
2227383,2026-10-02T09:55:07.674+05:30,2881,Corporate Bonds
786145,2026-10-05T12:07:00.907+05:30,2881,Corporate Bonds
734886,2026-10-05T16:51:08.442+05:30,3027,Corporate Bonds
1186527,2026-10-02T10:32:45.702+05:30,2981,Corporate Bonds
1162075,2026-10-01T15:18:56.801+05:30,2855,Corporate Bonds
1092986,2026-10-05T21:45:48.736+05:30,2969,XCase
960230,2026-10-06T11:34:14.291+05:30,2881,Corporate Bonds
2229136,2026-10-03T09:08:12.526+05:30,2781,Corporate Bonds
1623673,2026-10-07T15:10:08.826+05:30,1292,High Yield FDs
2095518,2026-10-02T13:22:55.913+05:30,2881,Corporate Bonds
1765621,2026-10-01T11:40:57.223+05:30,3027,Corporate Bonds
1066204,2026-10-07T14:59:28.577+05:30,2992,Corporate Bonds
2194989,2026-10-02T20:52:52.172+05:30,2981,Corporate Bonds
1524078,2026-10-05T16:47:58.758+05:30,2881,Corporate Bonds
2206679,2026-10-01T17:12:19.045+05:30,2918,Corporate Bonds
2160970,2026-10-01T09:23:50.218+05:30,3025,Corporate Bonds
2183221,2026-10-03T22:23:11.113+05:30,2311,Corporate Bonds
2142149,2026-10-07T11:22:43.05+05:30,3026,Corporate Bonds
1072960,2026-10-01T07:39:57.688+05:30,2887,Corporate Bonds
883815,2026-10-04T22:16:16.59+05:30,2849,Corporate Bonds
2227742,2026-10-02T14:13:39.232+05:30,2982,Corporate Bonds
1863603,2026-10-01T14:10:44.011+05:30,1873,Corporate Bonds
2230054,2026-10-04T13:38:11.963+05:30,2729,Mutual Funds
1555979,2026-10-07T20:42:22.933+05:30,3027,Corporate Bonds
1590533,2026-10-03T15:30:12.65+05:30,2849,Corporate Bonds
2138739,2026-10-05T12:43:04.701+05:30,3034,Corporate Bonds
791283,2026-10-05T15:39:21.295+05:30,2930,Corporate Bonds
2042225,2026-10-05T07:58:56.066+05:30,3027,Corporate Bonds
1851657,2026-10-01T10:10:43.209+05:30,3027,Corporate Bonds
1908784,2026-10-03T21:37:31.552+05:30,2881,Corporate Bonds
2226471,2026-10-07T12:10:10.201+05:30,3026,Corporate Bonds
2227052,2026-10-02T00:27:31.5+05:30,2907,Corporate Bonds
1712337,2026-10-05T07:57:54.187+05:30,2868,Corporate Bonds
1234986,2026-10-07T09:37:40.909+05:30,2950,Corporate Bonds
2216110,2026-10-01T16:01:52.017+05:30,1873,Corporate Bonds
2227966,2026-10-04T01:39:50.015+05:30,1292,High Yield FDs
859492,2026-10-04T23:00:38.328+05:30,2781,Corporate Bonds
740392,2026-10-04T14:17:46.484+05:30,2982,Corporate Bonds
1571437,2026-10-04T13:09:17.362+05:30,2842,Corporate Bonds
1270822,2026-10-01T21:52:28.853+05:30,2981,Corporate Bonds
1771895,2026-10-02T13:09:23.746+05:30,2849,Corporate Bonds
2063816,2026-10-06T08:55:41.995+05:30,2981,Corporate Bonds
1553714,2026-10-07T23:54:53.489+05:30,3044,Corporate Bonds
2177572,2026-10-04T11:36:50.479+05:30,2954,Corporate Bonds
1830017,2026-10-01T12:23:30.972+05:30,2883,Corporate Bonds
1439400,2026-10-07T12:22:52.68+05:30,2729,Mutual Funds
1608958,2026-10-02T18:22:20.485+05:30,2594,Corporate Bonds
1623673,2026-10-07T15:08:49.552+05:30,1292,High Yield FDs
2231409,2026-10-04T16:57:33.477+05:30,3026,Corporate Bonds
2231409,2026-10-04T16:24:07.932+05:30,2881,Corporate Bonds
2095901,2026-10-05T11:46:22.293+05:30,3026,Corporate Bonds
1830017,2026-10-01T12:23:13.563+05:30,2883,Corporate Bonds
1688579,2026-10-07T11:30:42.423+05:30,3044,Corporate Bonds
2133315,2026-10-05T10:45:05.804+05:30,1239,High Yield FDs
2224074,2026-10-01T11:02:18.479+05:30,2902,Corporate Bonds
2074888,2026-10-06T12:40:22.028+05:30,2930,Corporate Bonds
100423,2026-10-05T15:08:22.798+05:30,2969,XCase
2155609,2026-10-07T22:48:23.004+05:30,3027,Corporate Bonds
2126628,2026-10-05T00:32:05.428+05:30,2902,Corporate Bonds
2148217,2026-10-05T06:20:44.119+05:30,2881,Corporate Bonds
2226754,2026-10-04T11:27:37.569+05:30,2982,Corporate Bonds
1887604,2026-10-03T15:17:41.196+05:30,2981,Corporate Bonds
2152294,2026-10-02T07:58:08.664+05:30,3040,Corporate Bonds
1510181,2026-10-01T15:07:09.545+05:30,2881,Corporate Bonds
1269639,2026-10-03T12:05:27.385+05:30,2981,Corporate Bonds
2128404,2026-10-03T19:40:53.618+05:30,2982,Corporate Bonds
2030065,2026-10-01T21:55:01.654+05:30,2874,Corporate Bonds
1711446,2026-10-02T11:35:25.275+05:30,3040,Corporate Bonds
1884304,2026-10-05T19:50:32.046+05:30,2964,Corporate Bonds
2198856,2026-10-05T08:30:17.731+05:30,2842,Corporate Bonds
1071658,2026-10-07T22:36:01.592+05:30,3044,Corporate Bonds
1877368,2026-10-05T10:52:59.687+05:30,2955,Corporate Bonds
2034849,2026-10-03T23:35:45.22+05:30,2955,Corporate Bonds
1977529,2026-10-06T21:41:22.309+05:30,3044,Corporate Bonds
814980,2026-10-03T12:06:42.102+05:30,2930,Corporate Bonds
678897,2026-10-04T15:12:04.561+05:30,3027,Corporate Bonds
1592262,2026-10-03T07:32:28.581+05:30,2864,Corporate Bonds
2216650,2026-10-01T18:57:58.694+05:30,2849,Corporate Bonds
464591,2026-10-07T11:52:26.991+05:30,2881,Corporate Bonds
2233005,2026-10-05T17:02:24.705+05:30,2842,Corporate Bonds
2147089,2026-10-06T19:25:06.002+05:30,3027,Corporate Bonds
2199531,2026-10-07T08:50:35.754+05:30,3026,Corporate Bonds
1170276,2026-10-05T16:29:40.13+05:30,2955,Corporate Bonds
1887604,2026-10-01T21:19:45.339+05:30,2981,Corporate Bonds
1773016,2026-10-06T17:52:53.371+05:30,2902,Corporate Bonds
2236514,2026-10-07T15:35:02.128+05:30,3044,Corporate Bonds
2229541,2026-10-03T13:27:55.335+05:30,2769,Corporate Bonds
2220165,2026-10-06T20:52:53.443+05:30,2919,Corporate Bonds
1507122,2026-10-02T22:24:50.524+05:30,2955,Corporate Bonds
2188910,2026-10-01T23:17:30.407+05:30,1873,Corporate Bonds
2224871,2026-10-01T15:36:51.782+05:30,2906,Corporate Bonds
2218905,2026-10-04T15:35:53.497+05:30,2964,Corporate Bonds
2119157,2026-10-07T21:33:00.727+05:30,2604,Corporate Bonds
2114139,2026-10-06T20:04:57.725+05:30,3044,Corporate Bonds
504128,2026-10-03T22:12:18.069+05:30,3027,Corporate Bonds
2160295,2026-10-04T16:40:24.419+05:30,2881,Corporate Bonds
266272,2026-10-03T17:24:42.702+05:30,2902,Corporate Bonds
724871,2026-10-01T18:20:05.257+05:30,2883,Corporate Bonds
1536461,2026-10-02T20:56:58.607+05:30,1239,High Yield FDs
98109,2026-10-01T18:20:43.571+05:30,2895,Corporate Bonds
707753,2026-10-03T13:45:25.531+05:30,2849,Corporate Bonds
733303,2026-10-02T16:01:59.631+05:30,1095,High Yield FDs
2022883,2026-10-03T19:57:33.267+05:30,2955,Corporate Bonds
2234561,2026-10-07T12:11:59.676+05:30,2906,Corporate Bonds
1948486,2026-10-04T22:56:40.994+05:30,2849,Corporate Bonds
2226471,2026-10-07T12:11:51.705+05:30,3026,Corporate Bonds
1568122,2026-10-01T13:28:22.265+05:30,2872,Corporate Bonds
2196088,2026-10-02T22:29:57.375+05:30,2757,Corporate Bonds
2210705,2026-10-03T13:33:12.572+05:30,2849,Corporate Bonds
1758900,2026-10-04T23:01:05.973+05:30,2849,Corporate Bonds
987405,2026-10-03T22:46:24.948+05:30,2955,Corporate Bonds
1788356,2026-10-03T20:44:39.475+05:30,2982,Corporate Bonds
916851,2026-10-02T08:28:01.588+05:30,2981,Corporate Bonds
2136778,2026-10-07T08:39:27.863+05:30,3026,Corporate Bonds
670384,2026-10-07T10:02:53.176+05:30,1239,High Yield FDs
2035504,2026-10-05T06:25:35.859+05:30,2868,Corporate Bonds
2142078,2026-10-06T23:19:32.964+05:30,2842,Corporate Bonds
1866204,2026-10-02T19:39:32.942+05:30,2895,Corporate Bonds
1092101,2026-10-03T09:38:07.426+05:30,2986,Corporate Bonds
2166128,2026-10-07T07:12:12.013+05:30,2881,Corporate Bonds
2226409,2026-10-01T17:26:08.065+05:30,2729,Mutual Funds
2234194,2026-10-06T13:31:13.671+05:30,2769,Corporate Bonds
1992552,2026-10-03T01:08:45.349+05:30,3027,Corporate Bonds
2229381,2026-10-03T12:32:07.469+05:30,3027,Corporate Bonds
2152294,2026-10-02T08:00:21.888+05:30,3040,Corporate Bonds
2229486,2026-10-03T12:47:56.359+05:30,2729,Mutual Funds
927534,2026-10-02T21:20:58.43+05:30,3027,Corporate Bonds
1905543,2026-10-06T21:26:47.412+05:30,2881,Corporate Bonds
2151087,2026-10-04T01:44:33.155+05:30,2955,Corporate Bonds
2221736,2026-10-07T08:38:06.101+05:30,2830,Corporate Bonds
1973827,2026-10-01T18:58:10.658+05:30,2767,Corporate Bonds
1115853,2026-10-01T13:49:50.775+05:30,2431,Corporate Bonds
772069,2026-10-02T07:35:37.699+05:30,3040,Corporate Bonds
2099455,2026-10-04T10:24:08.19+05:30,2954,Corporate Bonds
1360259,2026-10-01T15:22:31.102+05:30,2849,Corporate Bonds
507489,2026-10-07T11:52:19.512+05:30,3044,Corporate Bonds
2228551,2026-10-02T20:16:23.818+05:30,2794,Corporate Bonds
1825914,2026-10-03T07:58:55.274+05:30,2849,Corporate Bonds
2103271,2026-10-02T13:45:51.021+05:30,2881,Corporate Bonds
1552958,2026-10-06T07:47:23.499+05:30,3040,Corporate Bonds
2074067,2026-10-05T22:41:26.642+05:30,2930,Corporate Bonds
1612014,2026-10-04T08:33:49.634+05:30,2849,Corporate Bonds
589846,2026-10-01T15:18:08.315+05:30,2769,Corporate Bonds
2201530,2026-10-06T18:24:07.582+05:30,3026,Corporate Bonds
249719,2026-10-01T23:19:07.598+05:30,2954,Corporate Bonds
1829323,2026-10-01T20:55:01.184+05:30,2794,Corporate Bonds
1832924,2026-10-03T13:55:47.258+05:30,2930,Corporate Bonds
2133315,2026-10-05T12:48:04.164+05:30,3034,Corporate Bonds
2231695,2026-10-06T21:40:31.586+05:30,2907,Corporate Bonds
977686,2026-10-04T19:52:19.543+05:30,2993,XCase
2217656,2026-10-01T12:43:32.057+05:30,3026,Corporate Bonds
2090528,2026-10-05T07:01:43.464+05:30,3027,Corporate Bonds
1980227,2026-10-06T00:34:09.334+05:30,3027,Corporate Bonds
250897,2026-10-01T12:47:13.488+05:30,3027,Corporate Bonds
904270,2026-10-02T18:44:51.056+05:30,3027,Corporate Bonds
2221452,2026-10-01T18:54:05.755+05:30,2954,Corporate Bonds
1827212,2026-10-07T18:28:31.109+05:30,3044,Corporate Bonds
12934,2026-10-06T11:27:52.535+05:30,3027,Corporate Bonds
1647296,2026-10-07T10:17:54.496+05:30,3044,Corporate Bonds
846638,2026-10-01T10:23:14.269+05:30,3027,Corporate Bonds
2227777,2026-10-04T10:48:01.45+05:30,3026,Corporate Bonds
1513323,2026-10-01T13:54:10.859+05:30,2981,Corporate Bonds
2079196,2026-10-02T12:50:04.641+05:30,2907,Corporate Bonds
1235896,2026-10-07T22:28:54.198+05:30,2881,Corporate Bonds
1401541,2026-10-01T08:47:25.026+05:30,2955,Corporate Bonds
1306955,2026-10-06T15:27:03.089+05:30,2930,Corporate Bonds
1181310,2026-10-02T15:39:55.24+05:30,2981,Corporate Bonds
2193399,2026-10-01T18:28:50.064+05:30,1292,High Yield FDs
2226770,2026-10-01T21:14:21.906+05:30,2982,Corporate Bonds
1624950,2026-10-07T13:12:39.328+05:30,2629,Corporate Bonds
1460543,2026-10-04T22:26:32.429+05:30,2930,Corporate Bonds
1162542,2026-10-01T15:40:15.291+05:30,2858,Corporate Bonds
709468,2026-10-04T08:09:20.717+05:30,2875,Corporate Bonds
839501,2026-10-01T12:46:38.625+05:30,2883,Corporate Bonds
2207555,2026-10-05T11:10:50.885+05:30,2955,Corporate Bonds
1884786,2026-10-02T19:32:27.645+05:30,2895,Corporate Bonds
662060,2026-10-04T15:29:04.225+05:30,2964,Corporate Bonds
1511548,2026-10-03T10:59:48.234+05:30,3027,Corporate Bonds
1926339,2026-10-07T18:39:13.143+05:30,3044,Corporate Bonds
1292405,2026-10-01T12:11:51.162+05:30,2895,Corporate Bonds
1884304,2026-10-02T11:08:28.443+05:30,2964,Corporate Bonds
2182553,2026-10-05T04:24:45.831+05:30,2769,Corporate Bonds
465763,2026-10-07T11:51:56.84+05:30,2883,Corporate Bonds
,2026-10-05T14:24:33.079+05:30,2883,Corporate Bonds
2232569,2026-10-05T11:52:30.667+05:30,2781,Corporate Bonds
2212597,2026-10-06T10:28:37.741+05:30,2769,Corporate Bonds
1711446,2026-10-01T20:56:38.471+05:30,2955,Corporate Bonds
1234986,2026-10-07T09:57:55.652+05:30,1095,High Yield FDs
2178193,2026-10-04T10:02:49.798+05:30,2930,Corporate Bonds
860735,2026-10-01T12:48:00.19+05:30,2902,Corporate Bonds
2067384,2026-10-05T13:24:40.297+05:30,2830,Corporate Bonds
2225403,2026-10-01T00:16:49.099+05:30,2026,Corporate Bonds
2224414,2026-10-01T11:26:10.531+05:30,2941,Corporate Bonds
2220894,2026-10-07T21:27:13.808+05:30,2981,Corporate Bonds
1605539,2026-10-05T21:42:15.299+05:30,2919,Corporate Bonds
2167421,2026-10-01T08:42:29.185+05:30,2703,Corporate Bonds
2208520,2026-10-03T11:54:49.666+05:30,1239,High Yield FDs
2119991,2026-10-05T20:42:14.683+05:30,2993,XCase
1782766,2026-10-02T17:57:32.988+05:30,2881,Corporate Bonds
2096985,2026-10-01T18:49:08.403+05:30,2767,Corporate Bonds
1001174,2026-10-06T18:36:03.465+05:30,2843,Corporate Bonds
267596,2026-10-03T16:18:18.276+05:30,2311,Corporate Bonds
1198247,2026-10-02T15:03:47.859+05:30,3024,Corporate Bonds
1792342,2026-10-03T22:48:52.301+05:30,2982,Corporate Bonds
2230610,2026-10-04T07:15:16.763+05:30,2882,Corporate Bonds
1750534,2026-10-04T21:44:54.932+05:30,2840,Corporate Bonds
728477,2026-10-04T22:02:34.488+05:30,2843,Corporate Bonds
841534,2026-10-05T15:24:28.751+05:30,3027,Corporate Bonds
25057,2026-10-06T14:27:56.666+05:30,2842,Corporate Bonds
2199800,2026-10-04T09:35:11.035+05:30,3027,Corporate Bonds
1995990,2026-10-05T22:16:44.311+05:30,2858,Corporate Bonds
2225720,2026-10-01T10:03:03.436+05:30,2895,Corporate Bonds
53541,2026-10-06T09:29:48.413+05:30,2881,Corporate Bonds
924486,2026-10-07T13:55:26.672+05:30,3045,Corporate Bonds
2225869,2026-10-01T12:04:45.03+05:30,2849,Corporate Bonds
2232687,2026-10-05T12:57:16.644+05:30,2918,Corporate Bonds
2158702,2026-10-07T13:39:18.285+05:30,2872,Corporate Bonds
1398166,2026-10-04T10:00:02.131+05:30,2881,Corporate Bonds
2119990,2026-10-06T12:12:20.852+05:30,2981,Corporate Bonds
875946,2026-10-01T15:16:40.873+05:30,2855,Corporate Bonds
172237,2026-10-04T12:08:25.739+05:30,2993,XCase
1638967,2026-10-03T23:10:13.356+05:30,2849,Corporate Bonds
451296,2026-10-02T10:47:00.232+05:30,3027,Corporate Bonds
370865,2026-10-01T11:07:09.643+05:30,2849,Corporate Bonds
2226079,2026-10-01T13:36:45.477+05:30,2849,Corporate Bonds
2229534,2026-10-03T13:27:50.082+05:30,2993,XCase
375166,2026-10-07T09:55:56.399+05:30,2919,Corporate Bonds
551300,2026-10-02T11:50:31.797+05:30,2880,Corporate Bonds
2233114,2026-10-05T17:46:18.517+05:30,2982,Corporate Bonds
1173381,2026-10-05T20:04:44.412+05:30,3027,Corporate Bonds
1488582,2026-10-06T19:56:55.627+05:30,3044,Corporate Bonds
1230769,2026-10-05T10:19:36.294+05:30,2930,Corporate Bonds
1601971,2026-10-05T10:09:44.33+05:30,2881,Corporate Bonds
1652731,2026-10-02T15:35:09.631+05:30,1873,Corporate Bonds
1794354,2026-10-02T12:38:52.201+05:30,2311,Corporate Bonds
1989407,2026-10-01T19:29:02.229+05:30,2895,Corporate Bonds
2219251,2026-10-05T13:09:24.15+05:30,2982,Corporate Bonds
1761296,2026-10-01T15:17:03.612+05:30,2922,Corporate Bonds
1868546,2026-10-05T21:40:18.942+05:30,2881,Corporate Bonds
2232775,2026-10-06T15:01:52.192+05:30,2930,Corporate Bonds
889934,2026-10-04T06:41:05.239+05:30,3027,Corporate Bonds
1170276,2026-10-05T16:26:32.358+05:30,2955,Corporate Bonds
540506,2026-10-01T13:09:33.383+05:30,2767,Corporate Bonds
2025185,2026-10-02T11:50:31.082+05:30,2954,Corporate Bonds
975350,2026-10-01T13:01:07.767+05:30,2883,Corporate Bonds
2227956,2026-10-02T14:11:46.685+05:30,3025,Corporate Bonds
1310444,2026-10-01T19:16:45.875+05:30,1873,Corporate Bonds
2181208,2026-10-06T09:27:45.684+05:30,3027,Corporate Bonds
1882864,2026-10-01T07:25:22.703+05:30,2858,Corporate Bonds
2148102,2026-10-06T11:32:40.17+05:30,1239,High Yield FDs
622570,2026-10-06T12:47:06.55+05:30,2412,Corporate Bonds
2195083,2026-10-03T21:37:42.45+05:30,2431,Corporate Bonds
1518751,2026-10-05T08:24:39.402+05:30,2781,Corporate Bonds
1852855,2026-10-03T12:09:28.692+05:30,2822,XCase
1290075,2026-10-06T10:50:29.148+05:30,3040,Corporate Bonds
370865,2026-10-01T11:16:56.071+05:30,3027,Corporate Bonds
1971931,2026-10-03T14:24:23.875+05:30,3025,Corporate Bonds
2207673,2026-10-05T15:26:16.807+05:30,2794,Corporate Bonds
859820,2026-10-05T04:26:55.702+05:30,2982,Corporate Bonds
1736133,2026-10-02T19:11:57.692+05:30,2982,Corporate Bonds
898869,2026-10-01T13:47:08.777+05:30,2863,Corporate Bonds
2105088,2026-10-02T21:26:17.03+05:30,2729,Mutual Funds
1267320,2026-10-06T08:45:22.924+05:30,2644,Securitized Debt Instruments
425084,2026-10-01T19:28:49.754+05:30,2981,Corporate Bonds
1949991,2026-10-06T12:10:30.737+05:30,3027,Corporate Bonds
2102167,2026-10-07T13:31:22.481+05:30,3045,Corporate Bonds
1023577,2026-10-05T01:32:51.133+05:30,3027,Corporate Bonds
740392,2026-10-04T14:18:20.3+05:30,2982,Corporate Bonds
704452,2026-10-07T16:06:53.583+05:30,3044,Corporate Bonds
2191863,2026-10-07T19:54:11.562+05:30,3045,Corporate Bonds
1106984,2026-10-03T21:14:46.686+05:30,2992,Corporate Bonds
960230,2026-10-06T22:42:59.752+05:30,2982,Corporate Bonds
2090588,2026-10-02T10:47:24.988+05:30,2907,Corporate Bonds
1393465,2026-10-05T14:44:05.299+05:30,2917,Corporate Bonds
735291,2026-10-07T16:52:19.877+05:30,3044,Corporate Bonds
1872701,2026-10-04T08:15:46.562+05:30,2994,Corporate Bonds
713869,2026-10-01T11:29:15.083+05:30,2955,Corporate Bonds
2225708,2026-10-03T23:32:26.971+05:30,2881,Corporate Bonds
2227620,2026-10-02T11:58:00.813+05:30,2930,Corporate Bonds
1509307,2026-10-02T09:17:06.777+05:30,3026,Corporate Bonds
1316816,2026-10-03T22:37:54.241+05:30,2899,Mutual Funds
552423,2026-10-03T10:51:13.725+05:30,2842,Corporate Bonds
788634,2026-10-07T11:48:15.206+05:30,3044,Corporate Bonds
2159802,2026-10-04T07:13:40.392+05:30,3027,Corporate Bonds
1810816,2026-10-03T17:29:27.872+05:30,2955,Corporate Bonds
1457673,2026-10-04T05:14:50.101+05:30,2902,Corporate Bonds
1633729,2026-10-05T15:09:00.402+05:30,2883,Corporate Bonds
1236356,2026-10-01T10:40:37.647+05:30,2849,Corporate Bonds
1973827,2026-10-01T18:53:32.656+05:30,2955,Corporate Bonds
1707727,2026-10-07T23:44:25.84+05:30,1292,High Yield FDs
2169976,2026-10-02T19:43:25.304+05:30,3027,Corporate Bonds
2203615,2026-10-02T12:28:00.691+05:30,2930,Corporate Bonds
1859975,2026-10-04T19:13:35.009+05:30,2895,Corporate Bonds
1793525,2026-10-05T14:32:24.446+05:30,2881,Corporate Bonds
1537123,2026-10-07T11:38:07.726+05:30,3044,Corporate Bonds
1444124,2026-10-04T20:07:13.668+05:30,2881,Corporate Bonds
835197,2026-10-06T12:21:00.818+05:30,2955,Corporate Bonds
2232774,2026-10-05T13:46:07.677+05:30,2941,Corporate Bonds
733236,2026-10-07T22:28:55.419+05:30,1095,High Yield FDs
1049595,2026-10-02T12:22:11.558+05:30,2879,Corporate Bonds
2117601,2026-10-01T19:11:15.596+05:30,2969,XCase
1653798,2026-10-03T21:52:05.425+05:30,2794,Corporate Bonds
1755172,2026-10-03T11:26:55.205+05:30,2930,Corporate Bonds
2073231,2026-10-01T00:08:09.242+05:30,2982,Corporate Bonds
1980302,2026-10-01T13:48:14.303+05:30,3027,Corporate Bonds
86616,2026-10-01T13:26:06.97+05:30,2767,Corporate Bonds
2219383,2026-10-04T16:17:52.583+05:30,2874,Corporate Bonds
103253,2026-10-01T19:05:50.527+05:30,2868,Corporate Bonds
351771,2026-10-05T08:45:13.333+05:30,2881,Corporate Bonds
2230336,2026-10-03T22:39:52.327+05:30,2849,Corporate Bonds
2193399,2026-10-01T17:33:40.573+05:30,1095,High Yield FDs
1891041,2026-10-03T10:40:01.498+05:30,2842,Corporate Bonds
2227742,2026-10-02T13:37:33.269+05:30,2982,Corporate Bonds
442169,2026-10-06T15:13:52.754+05:30,2883,Corporate Bonds
2229542,2026-10-03T13:40:34.181+05:30,2626,Corporate Bonds
564357,2026-10-06T18:07:57.863+05:30,2883,Corporate Bonds
1836458,2026-10-01T22:13:16.413+05:30,2849,Corporate Bonds
220254,2026-10-03T08:47:01.241+05:30,2311,Corporate Bonds
2143504,2026-10-02T09:57:22.903+05:30,3040,Corporate Bonds
1713559,2026-10-05T09:35:32.731+05:30,2843,Corporate Bonds
938056,2026-10-06T13:59:16.786+05:30,2964,Corporate Bonds
1793525,2026-10-04T12:38:54.595+05:30,3027,Corporate Bonds
1988127,2026-10-04T12:22:02.928+05:30,2964,Corporate Bonds
397757,2026-10-02T07:21:21.602+05:30,2969,XCase
243075,2026-10-04T22:09:25.906+05:30,2849,Corporate Bonds
1452158,2026-10-07T18:42:10.599+05:30,3044,Corporate Bonds
403572,2026-10-01T21:48:24.48+05:30,2969,XCase
421873,2026-10-03T07:19:15.152+05:30,2794,Corporate Bonds
1419432,2026-10-01T10:28:54.509+05:30,2887,Corporate Bonds
25686,2026-10-01T08:06:05.685+05:30,2981,Corporate Bonds
2225869,2026-10-01T11:50:02.968+05:30,2941,Corporate Bonds
921535,2026-10-03T00:00:42.436+05:30,2955,Corporate Bonds
889768,2026-10-05T16:41:08.403+05:30,2794,Corporate Bonds
2198724,2026-10-04T21:12:19.35+05:30,2830,Corporate Bonds
1584555,2026-10-06T11:55:57.642+05:30,2881,Corporate Bonds
1597480,2026-10-04T09:46:46.256+05:30,2843,Corporate Bonds
1715596,2026-10-01T07:54:32.13+05:30,2883,Corporate Bonds
2214404,2026-10-07T20:22:05.056+05:30,3044,Corporate Bonds
2186185,2026-10-04T13:07:50.903+05:30,2868,Corporate Bonds
2227840,2026-10-02T13:12:13.388+05:30,1873,Corporate Bonds
844048,2026-10-03T07:47:56.012+05:30,2855,Corporate Bonds
2207039,2026-10-07T18:32:49.693+05:30,2842,Corporate Bonds
1300890,2026-10-01T17:06:13.554+05:30,2955,Corporate Bonds
464591,2026-10-07T12:05:59.485+05:30,2881,Corporate Bonds
132426,2026-10-06T16:39:06.399+05:30,3027,Corporate Bonds
2215981,2026-10-02T17:28:53.75+05:30,2767,Corporate Bonds
2027590,2026-10-07T12:32:08.232+05:30,2981,Corporate Bonds
1741771,2026-10-02T12:42:08.599+05:30,1873,Corporate Bonds
2231850,2026-10-06T12:44:06.918+05:30,2895,Corporate Bonds
2052505,2026-10-05T23:24:49.958+05:30,2964,Corporate Bonds
987684,2026-10-01T11:21:02.133+05:30,2881,Corporate Bonds
1431051,2026-10-02T08:52:22.898+05:30,3027,Corporate Bonds
2174362,2026-10-04T21:39:41.158+05:30,2843,Corporate Bonds
1813501,2026-10-01T11:36:19.309+05:30,2895,Corporate Bonds
736084,2026-10-06T12:13:44.864+05:30,2843,Corporate Bonds
1638343,2026-10-01T08:52:50.215+05:30,2643,Securitized Debt Instruments
2216847,2026-10-05T23:03:07.211+05:30,2644,Securitized Debt Instruments
974944,2026-10-07T21:34:29.232+05:30,2930,Corporate Bonds
1393465,2026-10-05T14:41:53.595+05:30,2917,Corporate Bonds
1088456,2026-10-05T21:00:17.099+05:30,3023,Corporate Bonds
2177565,2026-10-01T11:00:36.992+05:30,2941,Corporate Bonds
150972,2026-10-06T11:16:12.689+05:30,2930,Corporate Bonds
1532594,2026-10-04T06:46:03.188+05:30,2964,Corporate Bonds
2138404,2026-10-05T13:02:06.077+05:30,2887,Corporate Bonds
1525926,2026-10-07T01:42:52.601+05:30,2964,Corporate Bonds
2226869,2026-10-01T22:24:57.553+05:30,2941,Corporate Bonds
1252187,2026-10-07T11:59:24.402+05:30,3027,Corporate Bonds
2190414,2026-10-01T21:55:03.881+05:30,2982,Corporate Bonds
1813501,2026-10-01T10:10:41.499+05:30,2849,Corporate Bonds
2181151,2026-10-01T12:27:13.378+05:30,3014,Corporate Bonds
2201877,2026-10-02T09:57:31.38+05:30,2868,Corporate Bonds
2005180,2026-10-07T22:40:33.096+05:30,3045,Corporate Bonds
1419432,2026-10-01T10:25:41.908+05:30,2887,Corporate Bonds
2234551,2026-10-07T11:45:31.602+05:30,2982,Corporate Bonds
2119991,2026-10-05T17:55:08.948+05:30,2993,XCase
1961550,2026-10-06T12:16:12.168+05:30,2981,Corporate Bonds
1166004,2026-10-05T01:15:38.981+05:30,2794,Corporate Bonds
2226471,2026-10-04T20:02:26.943+05:30,3026,Corporate Bonds
2166154,2026-10-06T07:32:56.73+05:30,3026,Corporate Bonds
891204,2026-10-04T19:08:38.754+05:30,2997,Corporate Bonds
843198,2026-10-05T22:02:12.568+05:30,2868,Corporate Bonds
732023,2026-10-01T22:52:04.64+05:30,2931,Corporate Bonds
2031924,2026-10-01T08:31:23.907+05:30,2883,Corporate Bonds
1410235,2026-10-06T09:11:37.267+05:30,2930,Corporate Bonds
1998971,2026-10-02T19:03:05.681+05:30,3027,Corporate Bonds
2192557,2026-10-02T17:11:36.041+05:30,2930,Corporate Bonds
384997,2026-10-01T23:43:32.623+05:30,2955,Corporate Bonds
2231963,2026-10-04T22:34:33.101+05:30,2922,Corporate Bonds
1244768,2026-10-04T16:33:00.898+05:30,2849,Corporate Bonds
2058395,2026-10-01T15:42:11.827+05:30,2964,Corporate Bonds
1197369,2026-10-05T09:15:48.965+05:30,2994,Corporate Bonds
1524078,2026-10-05T16:55:21.741+05:30,2855,Corporate Bonds
1460543,2026-10-04T22:25:43.994+05:30,2412,Corporate Bonds
2179123,2026-10-01T17:47:09.842+05:30,2767,Corporate Bonds
2160647,2026-10-01T19:38:13.012+05:30,3027,Corporate Bonds
1616543,2026-10-02T08:57:42.569+05:30,2729,Mutual Funds
702285,2026-10-01T21:37:27.377+05:30,2981,Corporate Bonds
1147698,2026-10-02T22:54:59.883+05:30,2981,Corporate Bonds
773281,2026-10-02T12:02:07.487+05:30,2752,Corporate Bonds
1248990,2026-10-04T22:06:34.889+05:30,2955,Corporate Bonds
2227934,2026-10-02T13:57:17.736+05:30,2926,Corporate Bonds
1252187,2026-10-07T09:20:40.927+05:30,2881,Corporate Bonds
1830484,2026-10-07T22:00:01.829+05:30,2855,Corporate Bonds
2215469,2026-10-02T11:06:49.149+05:30,2982,Corporate Bonds
831605,2026-10-06T16:15:54.285+05:30,2930,Corporate Bonds
1280322,2026-10-06T12:36:13.007+05:30,2981,Corporate Bonds
1252187,2026-10-06T20:19:22.09+05:30,2644,Securitized Debt Instruments
552423,2026-10-06T17:49:06.437+05:30,2644,Securitized Debt Instruments
2228754,2026-10-05T12:21:58.205+05:30,2982,Corporate Bonds
2175038,2026-10-03T14:05:44.206+05:30,2881,Corporate Bonds
2229794,2026-10-03T20:34:08.641+05:30,2955,Corporate Bonds
1049287,2026-10-04T17:47:18.27+05:30,2626,Corporate Bonds
2230416,2026-10-04T22:51:54.608+05:30,2982,Corporate Bonds
1791352,2026-10-01T00:28:38.498+05:30,2855,Corporate Bonds
2149674,2026-10-07T16:42:46.933+05:30,3044,Corporate Bonds
2226848,2026-10-06T09:51:30.656+05:30,2872,Corporate Bonds
2193970,2026-10-07T07:32:53.706+05:30,3044,Corporate Bonds
1712337,2026-10-01T19:16:47.308+05:30,2954,Corporate Bonds
1240301,2026-10-06T16:24:35.013+05:30,2918,Corporate Bonds
1305388,2026-10-04T20:47:20.553+05:30,2881,Corporate Bonds
2208883,2026-10-06T11:24:45.501+05:30,2842,Corporate Bonds
2079044,2026-10-04T12:46:57.629+05:30,2842,Corporate Bonds
146213,2026-10-07T00:42:34.118+05:30,2629,Corporate Bonds
2182553,2026-10-05T09:12:47.411+05:30,2849,Corporate Bonds
2228355,2026-10-02T19:08:51.111+05:30,1292,High Yield FDs
2184535,2026-10-07T16:50:53.747+05:30,3044,Corporate Bonds
2158155,2026-10-02T21:35:48.643+05:30,3027,Corporate Bonds
1434512,2026-10-01T15:25:20.725+05:30,2881,Corporate Bonds
938117,2026-10-02T18:53:30.278+05:30,2849,Corporate Bonds
397757,2026-10-02T07:21:20.475+05:30,2969,XCase
2119991,2026-10-05T17:53:42.575+05:30,2993,XCase
2193291,2026-10-01T08:52:59.287+05:30,2926,Corporate Bonds
2229231,2026-10-03T10:15:50.875+05:30,2881,Corporate Bonds
2090262,2026-10-06T21:07:01.411+05:30,2955,Corporate Bonds
1439096,2026-10-05T15:22:38.952+05:30,2794,Corporate Bonds
1830017,2026-10-01T12:23:52.806+05:30,2883,Corporate Bonds
1170341,2026-10-01T11:44:53.587+05:30,2883,Corporate Bonds
1083216,2026-10-06T10:25:17.24+05:30,3000,Corporate Bonds
2120292,2026-10-07T08:20:32.559+05:30,2902,Corporate Bonds
1643110,2026-10-04T12:43:59.383+05:30,3027,Corporate Bonds
1736133,2026-10-03T19:54:29.519+05:30,2982,Corporate Bonds
2233568,2026-10-06T09:57:06.877+05:30,2830,Corporate Bonds
1019555,2026-10-03T12:29:04.056+05:30,2849,Corporate Bonds
1638967,2026-10-05T11:43:11.4+05:30,2880,Corporate Bonds
2103493,2026-10-01T12:02:41.774+05:30,2982,Corporate Bonds
2229098,2026-10-03T08:42:16.326+05:30,1239,High Yield FDs
972319,2026-10-06T12:59:04.915+05:30,2982,Corporate Bonds
673481,2026-10-07T18:52:05.194+05:30,2849,Corporate Bonds
1715404,2026-10-05T01:31:26.13+05:30,2843,Corporate Bonds
2226942,2026-10-01T22:48:28.079+05:30,2899,Mutual Funds
2128404,2026-10-06T22:24:04.63+05:30,2895,Corporate Bonds
2224206,2026-10-06T10:55:07.453+05:30,3027,Corporate Bonds
1525926,2026-10-06T03:19:57.924+05:30,2895,Corporate Bonds
18534,2026-10-01T19:43:38.943+05:30,2982,Corporate Bonds
600860,2026-10-01T12:35:16.198+05:30,2883,Corporate Bonds
1578278,2026-10-06T15:21:15.898+05:30,1239,High Yield FDs
1263550,2026-10-04T20:14:40.541+05:30,2982,Corporate Bonds
1032750,2026-10-01T14:39:35.409+05:30,2981,Corporate Bonds
1330738,2026-10-02T10:25:43.593+05:30,2982,Corporate Bonds
728177,2026-10-01T10:01:34.525+05:30,2873,XCase
1166571,2026-10-06T14:48:25.294+05:30,2812,Corporate Bonds
882892,2026-10-03T09:13:56.895+05:30,3027,Corporate Bonds
2226227,2026-10-01T18:38:05.412+05:30,2922,Corporate Bonds
1973347,2026-10-01T23:23:45.936+05:30,2250,Corporate Bonds
1068844,2026-10-07T11:39:36.229+05:30,2850,Corporate Bonds
2074518,2026-10-06T07:56:37.458+05:30,2872,Corporate Bonds
2223147,2026-10-01T23:10:46.372+05:30,2895,Corporate Bonds
1430163,2026-10-02T11:02:04.225+05:30,2855,Corporate Bonds
1951435,2026-10-03T13:52:30.099+05:30,3027,Corporate Bonds
2215897,2026-10-01T13:35:38.238+05:30,2874,Corporate Bonds
1857110,2026-10-01T21:02:21.607+05:30,2902,Corporate Bonds
430433,2026-10-07T15:36:08.993+05:30,3050,Corporate Bonds
1778631,2026-10-03T09:36:50.912+05:30,3027,Corporate Bonds
1014276,2026-10-01T20:58:46.629+05:30,2626,Corporate Bonds
1619261,2026-10-05T21:56:07.08+05:30,2881,Corporate Bonds
2224172,2026-10-01T11:39:25.747+05:30,3027,Corporate Bonds
2187338,2026-10-01T22:04:16.111+05:30,2941,Corporate Bonds
970477,2026-10-03T12:54:10.162+05:30,3027,Corporate Bonds
2231695,2026-10-06T21:59:51.541+05:30,2906,Corporate Bonds
1490135,2026-10-05T12:43:11.989+05:30,2849,Corporate Bonds
353601,2026-10-05T14:39:43.374+05:30,2895,Corporate Bonds
1270822,2026-10-01T21:55:26.479+05:30,2767,Corporate Bonds
1371298,2026-10-04T15:52:27.388+05:30,2729,Mutual Funds
1332834,2026-10-06T22:36:48.584+05:30,3027,Corporate Bonds
2027590,2026-10-07T18:14:52.652+05:30,3027,Corporate Bonds
8059,2026-10-07T13:11:25.428+05:30,2964,Corporate Bonds
2216202,2026-10-05T22:38:15.944+05:30,2982,Corporate Bonds
2222857,2026-10-02T08:24:41.8+05:30,2864,Corporate Bonds
353601,2026-10-02T15:06:13.916+05:30,2895,Corporate Bonds
841000,2026-10-06T11:23:02.845+05:30,2981,Corporate Bonds
1516375,2026-10-06T18:04:00.124+05:30,2930,Corporate Bonds
2218090,2026-10-01T20:44:55.461+05:30,1292,High Yield FDs
625688,2026-10-02T06:36:25.283+05:30,1239,High Yield FDs
2213999,2026-10-01T10:58:19.285+05:30,1095,High Yield FDs
353601,2026-10-02T22:37:03.391+05:30,2895,Corporate Bonds
1625910,2026-10-03T20:01:11.171+05:30,2930,Corporate Bonds
2074729,2026-10-02T21:26:14.764+05:30,3026,Corporate Bonds
1970120,2026-10-07T23:18:01.281+05:30,2895,Corporate Bonds
2178688,2026-10-03T07:18:49.631+05:30,2981,Corporate Bonds
1755136,2026-10-07T21:33:43.258+05:30,3045,Corporate Bonds
2226915,2026-10-01T22:43:46.645+05:30,1873,Corporate Bonds
1908106,2026-10-06T16:10:07.032+05:30,2982,Corporate Bonds
2231517,2026-10-04T17:33:41.796+05:30,2849,Corporate Bonds
1725331,2026-10-06T22:01:21.969+05:30,2872,Corporate Bonds
125358,2026-10-07T14:06:25.211+05:30,3027,Corporate Bonds
2211572,2026-10-02T21:38:12.048+05:30,2982,Corporate Bonds
2219271,2026-10-03T15:10:56.13+05:30,2954,Corporate Bonds
1870334,2026-10-02T16:21:40.784+05:30,2276,Corporate Bonds
2220523,2026-10-02T09:04:17.689+05:30,2880,Corporate Bonds
2046154,2026-10-06T10:18:28.476+05:30,2964,Corporate Bonds
931065,2026-10-06T22:57:14.887+05:30,2883,Corporate Bonds
1994574,2026-10-03T14:13:48.022+05:30,2874,Corporate Bonds
2229431,2026-10-07T16:55:56.636+05:30,1292,High Yield FDs
774043,2026-10-03T23:37:31.484+05:30,2882,Corporate Bonds
266272,2026-10-03T17:34:25.04+05:30,2918,Corporate Bonds
2089165,2026-10-03T11:15:41.279+05:30,2982,Corporate Bonds
801948,2026-10-07T10:04:42.235+05:30,3044,Corporate Bonds
2029057,2026-10-02T09:48:50.648+05:30,2794,Corporate Bonds
1898558,2026-10-07T17:06:48.112+05:30,3027,Corporate Bonds
2184928,2026-10-01T17:54:41.881+05:30,1292,High Yield FDs
2230457,2026-10-04T01:05:00.1+05:30,2881,Corporate Bonds
1926774,2026-10-07T03:01:15.787+05:30,2969,XCase
1320934,2026-10-06T08:51:06.569+05:30,2887,Corporate Bonds
1792628,2026-10-02T19:48:39.111+05:30,2981,Corporate Bonds
2199970,2026-10-04T20:52:26.165+05:30,2840,Corporate Bonds
1618976,2026-10-02T09:44:55.006+05:30,2881,Corporate Bonds
2199985,2026-10-01T18:03:49.429+05:30,3027,Corporate Bonds
1187840,2026-10-04T06:04:54.612+05:30,2918,Corporate Bonds
465763,2026-10-07T15:00:38.039+05:30,2969,XCase
2223777,2026-10-02T17:17:40.746+05:30,2842,Corporate Bonds
2228585,2026-10-02T20:39:43.007+05:30,1873,Corporate Bonds
1234986,2026-10-07T14:36:48.844+05:30,1292,High Yield FDs
2231186,2026-10-05T00:57:53.693+05:30,2982,Corporate Bonds
1973827,2026-10-05T15:32:33.885+05:30,2769,Corporate Bonds
2227646,2026-10-05T13:21:25.138+05:30,1239,High Yield FDs
1877619,2026-10-04T07:38:40.537+05:30,2767,Corporate Bonds
2067387,2026-10-04T17:58:48.819+05:30,2874,Corporate Bonds
2178688,2026-10-03T10:35:23.26+05:30,2981,Corporate Bonds
2196921,2026-10-07T12:09:38.849+05:30,2863,Corporate Bonds
1998231,2026-10-02T14:05:59.944+05:30,2895,Corporate Bonds
2117382,2026-10-06T13:58:35.758+05:30,2769,Corporate Bonds
2131327,2026-10-07T16:50:44.068+05:30,3045,Corporate Bonds
2229400,2026-10-03T12:12:49.1+05:30,2881,Corporate Bonds
1865215,2026-10-05T08:33:49.456+05:30,3034,Corporate Bonds
2218980,2026-10-03T19:21:02.462+05:30,2982,Corporate Bonds
1584585,2026-10-07T12:50:28.076+05:30,3026,Corporate Bonds
1105017,2026-10-05T14:14:30.396+05:30,2887,Corporate Bonds
1449684,2026-10-05T11:32:49.19+05:30,3027,Corporate Bonds
2232425,2026-10-05T15:19:32.944+05:30,2982,Corporate Bonds
1095607,2026-10-02T19:15:59.145+05:30,3025,Corporate Bonds
2170254,2026-10-05T09:07:14.262+05:30,2930,Corporate Bonds
2145390,2026-10-01T19:24:21.052+05:30,2433,Corporate Bonds
2225821,2026-10-01T11:16:18.588+05:30,2849,Corporate Bonds
2220184,2026-10-05T14:44:04.303+05:30,2955,Corporate Bonds
1299736,2026-10-01T11:31:12.257+05:30,2981,Corporate Bonds
1681830,2026-10-04T12:17:29.397+05:30,2881,Corporate Bonds
2192778,2026-10-05T16:31:24.925+05:30,2881,Corporate Bonds
2158713,2026-10-05T23:31:18.48+05:30,2644,Securitized Debt Instruments
2082867,2026-10-07T10:11:27.497+05:30,2910,Corporate Bonds
2227026,2026-10-02T10:00:31.735+05:30,2881,Corporate Bonds
2211487,2026-10-07T12:03:57.307+05:30,1239,High Yield FDs
1163540,2026-10-06T01:18:17.581+05:30,2930,Corporate Bonds
2223323,2026-10-01T16:55:22.568+05:30,2881,Corporate Bonds
13852,2026-10-02T16:49:41.726+05:30,3040,Corporate Bonds
1043114,2026-10-01T17:02:32.927+05:30,2982,Corporate Bonds
643094,2026-10-01T22:19:31.279+05:30,2767,Corporate Bonds
739936,2026-10-07T09:46:44.196+05:30,3044,Corporate Bonds
1166472,2026-10-01T13:56:54.352+05:30,2872,Corporate Bonds
1633898,2026-10-04T17:04:33.124+05:30,1095,High Yield FDs
1736133,2026-10-02T19:11:57.993+05:30,2982,Corporate Bonds
278998,2026-10-03T11:12:10.884+05:30,2880,Corporate Bonds
966017,2026-10-06T04:50:41.731+05:30,2895,Corporate Bonds
1617744,2026-10-07T16:57:55.171+05:30,3045,Corporate Bonds
1995849,2026-10-03T09:40:09.735+05:30,3024,Corporate Bonds
1407661,2026-10-01T20:08:32.608+05:30,2740,Corporate Bonds
1706931,2026-10-07T05:07:25.398+05:30,3044,Corporate Bonds
2174687,2026-10-03T11:19:17.478+05:30,2930,Corporate Bonds
897729,2026-10-01T17:30:17.489+05:30,2981,Corporate Bonds
813952,2026-10-02T16:46:19.828+05:30,2930,Corporate Bonds
1830017,2026-10-01T12:24:01.405+05:30,2883,Corporate Bonds
724966,2026-10-03T21:51:57.822+05:30,2982,Corporate Bonds
1331419,2026-10-01T23:04:42.635+05:30,2882,Corporate Bonds
1400576,2026-10-03T18:09:46.644+05:30,1239,High Yield FDs
1927345,2026-10-03T21:36:48.191+05:30,2767,Corporate Bonds
125358,2026-10-07T14:06:25.239+05:30,3027,Corporate Bonds
1907853,2026-10-07T11:56:06.807+05:30,3040,Corporate Bonds
2106356,2026-10-05T07:40:43.326+05:30,2881,Corporate Bonds
2223108,2026-10-03T17:09:53.88+05:30,2982,Corporate Bonds
1823524,2026-10-01T11:35:17.602+05:30,1292,High Yield FDs
1159503,2026-10-06T20:49:49.415+05:30,2930,Corporate Bonds
1070233,2026-10-02T14:42:22.625+05:30,2849,Corporate Bonds
1655116,2026-10-03T23:53:27.502+05:30,2907,Corporate Bonds
2051282,2026-10-01T11:37:25.917+05:30,2955,Corporate Bonds
2129904,2026-10-05T22:58:30.19+05:30,2729,Mutual Funds
2075211,2026-10-04T23:36:03.795+05:30,3027,Corporate Bonds
742766,2026-10-06T19:37:17.173+05:30,1292,High Yield FDs
1887604,2026-10-01T21:19:46.359+05:30,2981,Corporate Bonds
2131327,2026-10-07T16:50:52.624+05:30,3045,Corporate Bonds
661819,2026-10-01T12:56:55.686+05:30,2412,Corporate Bonds
1398458,2026-10-03T09:22:18.933+05:30,2626,Corporate Bonds
2202554,2026-10-01T16:43:31.745+05:30,2982,Corporate Bonds
266272,2026-10-03T17:18:55.013+05:30,2626,Corporate Bonds
2160840,2026-10-03T10:34:13.321+05:30,3027,Corporate Bonds
1923849,2026-10-02T07:37:30.704+05:30,2879,Corporate Bonds
1680568,2026-10-07T11:31:38.586+05:30,3044,Corporate Bonds
2011722,2026-10-02T08:20:39.276+05:30,3040,Corporate Bonds
1463713,2026-10-07T00:08:07.29+05:30,2849,Corporate Bonds
600438,2026-10-05T23:47:03.891+05:30,2930,Corporate Bonds
2141772,2026-10-03T17:42:33.255+05:30,2955,Corporate Bonds
422288,2026-10-06T09:56:50.475+05:30,3000,Corporate Bonds
2193399,2026-10-01T17:23:44.948+05:30,1239,High Yield FDs
1851813,2026-10-01T13:13:11.607+05:30,2881,Corporate Bonds
2015907,2026-10-02T12:14:54.948+05:30,3027,Corporate Bonds
2228656,2026-10-02T21:46:11.131+05:30,2982,Corporate Bonds
801567,2026-10-05T12:46:05.907+05:30,2955,Corporate Bonds
733303,2026-10-03T15:22:17.099+05:30,1096,High Yield FDs
1690581,2026-10-02T10:06:19.485+05:30,2981,Corporate Bonds
2146049,2026-10-01T16:45:43.786+05:30,2922,Corporate Bonds
2021781,2026-10-03T09:31:20.292+05:30,3027,Corporate Bonds
2129904,2026-10-05T22:59:59.259+05:30,2899,Mutual Funds
2165971,2026-10-07T01:25:52.161+05:30,3027,Corporate Bonds
2220184,2026-10-06T13:18:18.415+05:30,3027,Corporate Bonds
2234111,2026-10-06T09:31:43.008+05:30,2907,Corporate Bonds
2074435,2026-10-03T11:33:47.732+05:30,3027,Corporate Bonds
1043114,2026-10-01T13:43:00.486+05:30,2849,Corporate Bonds
1444924,2026-10-02T10:06:12.011+05:30,2895,Corporate Bonds
2180446,2026-10-06T20:10:31.394+05:30,3044,Corporate Bonds
2096985,2026-10-01T19:32:00.118+05:30,2767,Corporate Bonds
2214537,2026-10-01T09:59:35.575+05:30,2881,Corporate Bonds
786145,2026-10-03T02:34:55.382+05:30,2981,Corporate Bonds
1558003,2026-10-05T20:32:45.98+05:30,3027,Corporate Bonds
2176667,2026-10-07T09:40:39.67+05:30,2855,Corporate Bonds
1716587,2026-10-01T17:33:55.869+05:30,2858,Corporate Bonds
2215708,2026-10-02T09:56:07.652+05:30,2908,Corporate Bonds
2220425,2026-10-06T14:40:01.343+05:30,2955,Corporate Bonds
1181725,2026-10-06T12:52:23.971+05:30,3027,Corporate Bonds
1183263,2026-10-06T22:45:54.862+05:30,3026,Corporate Bonds
2235995,2026-10-07T12:00:32.122+05:30,3027,Corporate Bonds
911558,2026-10-01T00:34:24.367+05:30,2881,Corporate Bonds
2229726,2026-10-03T15:48:23.875+05:30,2855,Corporate Bonds
1100444,2026-10-07T08:10:31.729+05:30,2992,Corporate Bonds
1623673,2026-10-07T15:11:25.816+05:30,1292,High Yield FDs
1091020,2026-10-01T07:19:07.202+05:30,3026,Corporate Bonds
1923050,2026-10-01T10:25:27.007+05:30,2986,Corporate Bonds
2224838,2026-10-07T16:02:18.462+05:30,2941,Corporate Bonds
1172430,2026-10-01T16:35:17.345+05:30,1873,Corporate Bonds
2035504,2026-10-05T23:35:55.802+05:30,2964,Corporate Bonds
739936,2026-10-07T09:44:40.404+05:30,3044,Corporate Bonds
259589,2026-10-05T16:13:06.429+05:30,2767,Corporate Bonds
2110656,2026-10-03T18:00:04.884+05:30,3026,Corporate Bonds
1813501,2026-10-01T16:56:28.065+05:30,2767,Corporate Bonds
838281,2026-10-06T05:47:28.47+05:30,3040,Corporate Bonds
2212206,2026-10-04T11:46:52.264+05:30,2930,Corporate Bonds
2227742,2026-10-02T14:13:40.956+05:30,2982,Corporate Bonds
1590533,2026-10-03T17:01:00.425+05:30,2849,Corporate Bonds
606876,2026-10-01T10:15:16.186+05:30,2849,Corporate Bonds
838661,2026-10-01T09:32:24.729+05:30,2849,Corporate Bonds
2203126,2026-10-01T15:58:24.035+05:30,2941,Corporate Bonds
2187519,2026-10-02T09:28:46.478+05:30,2930,Corporate Bonds
2097687,2026-10-03T11:51:07.664+05:30,3027,Corporate Bonds
1012465,2026-10-01T11:04:35.93+05:30,3027,Corporate Bonds
2085601,2026-10-03T23:27:53.051+05:30,2767,Corporate Bonds
2228173,2026-10-02T16:10:33.584+05:30,2982,Corporate Bonds
798413,2026-10-05T17:01:12.705+05:30,3040,Corporate Bonds
2214010,2026-10-06T20:36:13.049+05:30,2930,Corporate Bonds
1321676,2026-10-01T14:22:46.313+05:30,2643,Securitized Debt Instruments
1357933,2026-10-06T22:29:39.412+05:30,2872,Corporate Bonds
2225091,2026-10-03T22:31:59.297+05:30,2895,Corporate Bonds
2114476,2026-10-04T19:29:27.243+05:30,2902,Corporate Bonds
516231,2026-10-01T23:14:53.663+05:30,2955,Corporate Bonds
465763,2026-10-07T11:53:57.047+05:30,2849,Corporate Bonds
1083630,2026-10-03T09:46:35.877+05:30,3027,Corporate Bonds
1162542,2026-10-01T15:40:16.969+05:30,2858,Corporate Bonds
2088289,2026-10-02T12:42:19.813+05:30,2881,Corporate Bonds
2104333,2026-10-03T03:55:42.314+05:30,3026,Corporate Bonds
2225087,2026-10-04T18:55:41.352+05:30,2830,Corporate Bonds
963442,2026-10-02T22:07:14.154+05:30,2769,Corporate Bonds
859207,2026-10-07T13:49:35.367+05:30,1292,High Yield FDs
1163017,2026-10-01T13:57:41.037+05:30,2843,Corporate Bonds
1624950,2026-10-03T18:43:03.947+05:30,2880,Corporate Bonds
1877619,2026-10-04T07:59:37.169+05:30,2767,Corporate Bonds
1064738,2026-10-01T00:16:28.405+05:30,2782,Corporate Bonds
982739,2026-10-01T17:54:37.334+05:30,2858,Corporate Bonds
2231850,2026-10-07T09:28:30.492+05:30,2930,Corporate Bonds
2229391,2026-10-03T11:44:12.054+05:30,2881,Corporate Bonds
1187840,2026-10-06T02:23:20.333+05:30,2918,Corporate Bonds
921535,2026-10-02T10:10:42.701+05:30,2955,Corporate Bonds
1796696,2026-10-07T11:32:00.069+05:30,2850,Corporate Bonds
291255,2026-10-05T15:53:51.729+05:30,2883,Corporate Bonds
2104117,2026-10-03T08:51:58.654+05:30,3027,Corporate Bonds
2145024,2026-10-03T07:24:13.728+05:30,1239,High Yield FDs
731578,2026-10-03T20:50:27.001+05:30,2875,Corporate Bonds
443444,2026-10-02T08:57:23.101+05:30,3027,Corporate Bonds
2089202,2026-10-01T21:34:02.064+05:30,1292,High Yield FDs
1507144,2026-10-01T16:25:07.425+05:30,3027,Corporate Bonds
1567771,2026-10-07T23:55:23.043+05:30,2955,Corporate Bonds
1980702,2026-10-03T15:41:56.661+05:30,2880,Corporate Bonds
1169113,2026-10-04T20:02:16.224+05:30,3027,Corporate Bonds
2210396,2026-10-01T20:43:17.449+05:30,2981,Corporate Bonds
792587,2026-10-01T13:26:15.193+05:30,2955,Corporate Bonds
2231850,2026-10-06T10:43:45.516+05:30,2982,Corporate Bonds
839782,2026-10-02T19:48:53.754+05:30,2955,Corporate Bonds
870906,2026-10-04T16:54:09.892+05:30,2849,Corporate Bonds
1556355,2026-10-04T20:43:49.971+05:30,2849,Corporate Bonds
2170840,2026-10-06T07:35:05.297+05:30,2941,Corporate Bonds
1994574,2026-10-02T11:36:16.325+05:30,2895,Corporate Bonds
2179016,2026-10-05T09:42:48.892+05:30,2955,Corporate Bonds
2150973,2026-10-01T20:50:13.832+05:30,2981,Corporate Bonds
2103964,2026-10-06T08:22:40.211+05:30,2930,Corporate Bonds
489989,2026-10-01T23:44:16.87+05:30,2880,Corporate Bonds
655666,2026-10-05T16:02:00.812+05:30,2982,Corporate Bonds
1645747,2026-10-06T15:25:33.433+05:30,2930,Corporate Bonds
1205677,2026-10-06T13:01:20.072+05:30,2981,Corporate Bonds
2231073,2026-10-05T20:15:41.06+05:30,3027,Corporate Bonds
1173613,2026-10-01T18:37:19.431+05:30,3040,Corporate Bonds
2213416,2026-10-04T10:56:19.411+05:30,2930,Corporate Bonds
812162,2026-10-01T18:08:14.094+05:30,2872,Corporate Bonds
2225403,2026-10-03T14:14:17.448+05:30,2982,Corporate Bonds
779630,2026-10-01T10:43:23.497+05:30,1873,Corporate Bonds
900942,2026-10-03T16:03:46.539+05:30,2930,Corporate Bonds
724871,2026-10-01T18:21:27.736+05:30,2849,Corporate Bonds
2220184,2026-10-05T14:31:36.508+05:30,3027,Corporate Bonds
1054657,2026-10-03T08:50:02.403+05:30,3023,Corporate Bonds
2236381,2026-10-07T14:12:54.528+05:30,2949,Corporate Bonds
1260656,2026-10-03T20:26:23.944+05:30,2843,Corporate Bonds
2107477,2026-10-03T18:10:04.743+05:30,2969,XCase
1076850,2026-10-03T18:17:24.822+05:30,2992,Corporate Bonds
1591613,2026-10-01T18:04:18.72+05:30,3027,Corporate Bonds
1767239,2026-10-04T21:59:15.946+05:30,2881,Corporate Bonds
2229726,2026-10-03T15:46:45.159+05:30,2855,Corporate Bonds
2218902,2026-10-01T11:30:40.401+05:30,3027,Corporate Bonds
2081829,2026-10-01T18:14:02.755+05:30,2643,Securitized Debt Instruments
1837859,2026-10-06T16:10:40.077+05:30,2930,Corporate Bonds
2229461,2026-10-03T15:24:04.485+05:30,2982,Corporate Bonds
1049287,2026-10-05T15:04:17.935+05:30,3027,Corporate Bonds
723817,2026-10-06T14:54:21.22+05:30,2881,Corporate Bonds
2123114,2026-10-01T17:42:59.893+05:30,2843,Corporate Bonds
774356,2026-10-01T12:33:29.015+05:30,3027,Corporate Bonds
1515679,2026-10-02T00:41:46.644+05:30,2250,Corporate Bonds
1548555,2026-10-04T23:13:21.398+05:30,2922,Corporate Bonds
1891041,2026-10-03T10:44:11.438+05:30,2842,Corporate Bonds
1790825,2026-10-07T19:48:10.257+05:30,3044,Corporate Bonds
587478,2026-10-05T10:11:53.251+05:30,2849,Corporate Bonds
1162135,2026-10-01T22:44:35.979+05:30,2767,Corporate Bonds
2204354,2026-10-07T17:02:00.511+05:30,2477,Corporate Bonds
892722,2026-10-06T09:38:53.432+05:30,2955,Corporate Bonds
2189125,2026-10-02T22:47:00.12+05:30,2868,Corporate Bonds
1762573,2026-10-05T16:19:33.072+05:30,3027,Corporate Bonds
1868546,2026-10-05T21:35:19.427+05:30,2881,Corporate Bonds
2236516,2026-10-07T15:28:14.962+05:30,2769,Corporate Bonds
1380471,2026-10-06T10:43:14.822+05:30,2887,Corporate Bonds
1277673,2026-10-03T15:21:06.521+05:30,2930,Corporate Bonds
127524,2026-10-05T16:58:12.142+05:30,2883,Corporate Bonds
2225711,2026-10-01T12:50:28.873+05:30,2781,Corporate Bonds
2227868,2026-10-03T00:18:17.494+05:30,2881,Corporate Bonds
843051,2026-10-06T20:01:50.809+05:30,1239,High Yield FDs
2200283,2026-10-05T09:33:15.234+05:30,2930,Corporate Bonds
2225482,2026-10-01T02:33:08.649+05:30,2947,Corporate Bonds
2226165,2026-10-04T10:03:58.181+05:30,2431,Corporate Bonds
713869,2026-10-01T11:29:03.753+05:30,2955,Corporate Bonds
2227742,2026-10-02T14:13:40.152+05:30,2982,Corporate Bonds
1266659,2026-10-03T12:10:21.752+05:30,2981,Corporate Bonds
2235755,2026-10-07T07:43:47.335+05:30,2629,Corporate Bonds
20396,2026-10-01T08:09:46.027+05:30,1873,Corporate Bonds
1714833,2026-10-06T12:19:10.596+05:30,2982,Corporate Bonds
2128122,2026-10-05T12:17:05.556+05:30,1292,High Yield FDs
1321518,2026-10-01T18:24:09.713+05:30,1292,High Yield FDs
884842,2026-10-06T18:27:24.917+05:30,2955,Corporate Bonds
2231073,2026-10-05T20:07:55.386+05:30,3027,Corporate Bonds
25057,2026-10-07T11:01:27.727+05:30,3044,Corporate Bonds
2124003,2026-10-05T20:18:20.648+05:30,3027,Corporate Bonds
454963,2026-10-07T07:30:08.097+05:30,2981,Corporate Bonds
1736133,2026-10-03T19:54:26.88+05:30,2982,Corporate Bonds
29613,2026-10-07T18:46:12.809+05:30,3044,Corporate Bonds
1541355,2026-10-02T20:01:23.121+05:30,2868,Corporate Bonds
1736133,2026-10-03T19:54:36.263+05:30,2982,Corporate Bonds
1532305,2026-10-02T10:27:48.076+05:30,2433,Corporate Bonds
1155226,2026-10-06T11:14:52.44+05:30,2644,Securitized Debt Instruments
1782766,2026-10-04T17:34:05.9+05:30,3027,Corporate Bonds
987405,2026-10-03T22:43:48.116+05:30,2955,Corporate Bonds
2013016,2026-10-05T20:52:52.848+05:30,2729,Mutual Funds
1441539,2026-10-05T08:41:23.331+05:30,2849,Corporate Bonds
2231277,2026-10-04T16:36:50.069+05:30,2902,Corporate Bonds
1710872,2026-10-05T17:49:25.474+05:30,2964,Corporate Bonds
1420226,2026-10-06T10:32:12.819+05:30,3040,Corporate Bonds
2217777,2026-10-04T04:54:04.514+05:30,2874,Corporate Bonds
18932,2026-10-01T07:43:37.225+05:30,1239,High Yield FDs
1441539,2026-10-05T08:56:25.372+05:30,3040,Corporate Bonds
831050,2026-10-01T10:22:25.958+05:30,3027,Corporate Bonds
1114568,2026-10-06T01:49:25.661+05:30,2919,Corporate Bonds
1815308,2026-10-02T22:59:44.966+05:30,2982,Corporate Bonds
846638,2026-10-01T10:23:23.597+05:30,3027,Corporate Bonds
1628912,2026-10-03T10:04:19.428+05:30,2895,Corporate Bonds
1915343,2026-10-01T12:19:55.633+05:30,2879,Corporate Bonds
2216847,2026-10-03T23:01:06.505+05:30,2906,Corporate Bonds
1677656,2026-10-04T12:09:19.328+05:30,2902,Corporate Bonds
995724,2026-10-05T21:35:51.575+05:30,2895,Corporate Bonds
2054364,2026-10-06T21:13:43.741+05:30,2881,Corporate Bonds
2187957,2026-10-01T18:08:51.863+05:30,2955,Corporate Bonds
2206887,2026-10-06T10:41:33.524+05:30,2729,Mutual Funds
274479,2026-10-06T15:13:44.925+05:30,2840,Corporate Bonds
1752605,2026-10-01T12:41:23.451+05:30,2849,Corporate Bonds
2235490,2026-10-07T21:09:42.367+05:30,2686,Corporate Bonds
280425,2026-10-04T15:21:13.504+05:30,2849,Corporate Bonds
787181,2026-10-04T10:26:50.937+05:30,2964,Corporate Bonds
2206605,2026-10-05T16:35:27.469+05:30,2908,Corporate Bonds
2224199,2026-10-02T15:29:27.634+05:30,2955,Corporate Bonds
2231380,2026-10-06T08:33:15.603+05:30,2964,Corporate Bonds
2100545,2026-10-01T16:22:57.034+05:30,2643,Securitized Debt Instruments
969555,2026-10-01T09:15:37.127+05:30,3014,Corporate Bonds
179786,2026-10-07T05:55:26.916+05:30,3044,Corporate Bonds
2189876,2026-10-01T13:26:18.95+05:30,2872,Corporate Bonds
1786278,2026-10-01T13:58:05.736+05:30,2026,Corporate Bonds
1935893,2026-10-02T09:10:08.467+05:30,2868,Corporate Bonds
2158702,2026-10-07T13:47:57.058+05:30,3027,Corporate Bonds
1043114,2026-10-01T18:36:13.95+05:30,2982,Corporate Bonds
1778141,2026-10-01T12:41:50.113+05:30,2849,Corporate Bonds
1057485,2026-10-06T11:17:30.741+05:30,3027,Corporate Bonds
742806,2026-10-04T07:57:13.793+05:30,2849,Corporate Bonds
1172654,2026-10-02T07:51:51.169+05:30,3040,Corporate Bonds
2182373,2026-10-05T07:45:11.292+05:30,3027,Corporate Bonds
2079044,2026-10-07T14:02:47.501+05:30,2477,Corporate Bonds
1843081,2026-10-01T19:51:39.83+05:30,2881,Corporate Bonds
1884304,2026-10-02T11:01:40.344+05:30,2964,Corporate Bonds
1167729,2026-10-03T10:26:36.064+05:30,2919,Corporate Bonds
778666,2026-10-01T10:39:04.913+05:30,2981,Corporate Bonds
1461334,2026-10-05T04:09:06.581+05:30,3027,Corporate Bonds
2185950,2026-10-03T20:38:42.579+05:30,2752,Corporate Bonds
1533529,2026-10-04T07:31:34.57+05:30,2412,Corporate Bonds
1813501,2026-10-01T17:00:09.797+05:30,1239,High Yield FDs
2155737,2026-10-06T19:35:52.126+05:30,3044,Corporate Bonds
1735201,2026-10-07T14:48:25.32+05:30,3044,Corporate Bonds
465763,2026-10-06T16:39:00.552+05:30,2883,Corporate Bonds
899821,2026-10-01T09:59:20.477+05:30,2895,Corporate Bonds
2111253,2026-10-02T09:49:06.313+05:30,2849,Corporate Bonds
2235965,2026-10-07T10:23:45.99+05:30,2881,Corporate Bonds
1432460,2026-10-06T15:04:46.138+05:30,3027,Corporate Bonds
2222133,2026-10-03T12:20:09.43+05:30,1095,High Yield FDs
1336372,2026-10-01T11:45:04.449+05:30,2643,Securitized Debt Instruments
1884304,2026-10-02T19:30:18.694+05:30,2964,Corporate Bonds
1393226,2026-10-02T09:50:05.753+05:30,2982,Corporate Bonds
65582,2026-10-04T12:43:09.615+05:30,2907,Corporate Bonds
180153,2026-10-02T13:30:54.807+05:30,3000,Corporate Bonds
1998231,2026-10-02T14:05:59.309+05:30,2895,Corporate Bonds
1558849,2026-10-07T08:14:56.928+05:30,2955,Corporate Bonds
446432,2026-10-01T09:19:26.884+05:30,2981,Corporate Bonds
1693047,2026-10-02T16:26:51.113+05:30,2794,Corporate Bonds
177185,2026-10-05T08:23:50.881+05:30,2626,Corporate Bonds
1985246,2026-10-02T00:23:00.033+05:30,3040,Corporate Bonds
2205166,2026-10-03T10:22:56.114+05:30,1292,High Yield FDs
773281,2026-10-02T12:02:09.982+05:30,2752,Corporate Bonds
2102210,2026-10-01T16:54:52.595+05:30,2879,Corporate Bonds
2115569,2026-10-07T10:12:28.842+05:30,2919,Corporate Bonds
2074231,2026-10-07T10:12:47.98+05:30,3040,Corporate Bonds
353601,2026-10-02T13:46:52.865+05:30,2412,Corporate Bonds
2171619,2026-10-05T21:24:40.48+05:30,2644,Securitized Debt Instruments
1092062,2026-10-07T19:17:32.952+05:30,2917,Corporate Bonds
2156413,2026-10-06T22:55:52.098+05:30,2930,Corporate Bonds
2132296,2026-10-02T11:42:52.766+05:30,2868,Corporate Bonds
1500007,2026-10-07T23:18:33.814+05:30,2981,Corporate Bonds
1112161,2026-10-01T09:27:28.729+05:30,2860,Corporate Bonds
,2026-10-07T05:15:49.012+05:30,2955,Corporate Bonds
2156812,2026-10-07T22:50:45.76+05:30,2941,Corporate Bonds
24783,2026-10-05T12:49:07.808+05:30,2868,Corporate Bonds
2133315,2026-10-02T14:31:03.061+05:30,2311,Corporate Bonds
712443,2026-10-07T18:15:09.008+05:30,3044,Corporate Bonds
2160840,2026-10-01T14:24:04.722+05:30,2849,Corporate Bonds
1194780,2026-10-01T16:54:44.669+05:30,2849,Corporate Bonds
1106062,2026-10-07T12:04:51.5+05:30,2895,Corporate Bonds
2156186,2026-10-01T18:47:19.634+05:30,2300,Corporate Bonds
777905,2026-10-03T15:06:16.173+05:30,2074,SIF
781500,2026-10-01T10:58:52.343+05:30,2872,Corporate Bonds
2079044,2026-10-02T00:37:59.227+05:30,2842,Corporate Bonds
2231447,2026-10-04T16:56:17.017+05:30,2781,Corporate Bonds
2228198,2026-10-06T00:38:57.364+05:30,2941,Corporate Bonds
23978,2026-10-06T11:56:06.965+05:30,3040,Corporate Bonds
2226471,2026-10-02T23:26:18.289+05:30,3025,Corporate Bonds
422288,2026-10-01T12:59:10.446+05:30,2431,Corporate Bonds
1859088,2026-10-05T23:45:37.72+05:30,2843,Corporate Bonds
1887949,2026-10-02T00:21:23.397+05:30,2250,Corporate Bonds
2021781,2026-10-04T22:42:38.562+05:30,3040,Corporate Bonds
2018079,2026-10-07T17:13:14.075+05:30,2881,Corporate Bonds
961169,2026-10-05T20:27:40.322+05:30,3027,Corporate Bonds
961356,2026-10-03T07:17:31.69+05:30,2767,Corporate Bonds
1311988,2026-10-02T18:01:43.104+05:30,2982,Corporate Bonds
1064446,2026-10-01T08:48:58.062+05:30,3027,Corporate Bonds
27458,2026-10-05T16:27:00.549+05:30,3027,Corporate Bonds
2227777,2026-10-04T09:36:22.207+05:30,3026,Corporate Bonds
2225385,2026-10-06T13:25:42.673+05:30,2982,Corporate Bonds
879091,2026-10-03T02:08:13.958+05:30,2981,Corporate Bonds
1887949,2026-10-02T00:00:34.27+05:30,2553,Corporate Bonds
863071,2026-10-07T13:40:00.329+05:30,3044,Corporate Bonds
514531,2026-10-03T21:11:14.255+05:30,3027,Corporate Bonds
1207289,2026-10-02T09:58:37.643+05:30,2955,Corporate Bonds
1066689,2026-10-06T22:22:30.788+05:30,2752,Corporate Bonds
2232775,2026-10-06T15:04:30.818+05:30,2930,Corporate Bonds
2165971,2026-10-07T01:20:28.579+05:30,3027,Corporate Bonds
446432,2026-10-01T09:19:24.324+05:30,2981,Corporate Bonds
1268698,2026-10-01T09:05:14.773+05:30,2840,Corporate Bonds
937401,2026-10-06T04:09:10.315+05:30,3026,Corporate Bonds
1625577,2026-10-07T14:20:06.783+05:30,3045,Corporate Bonds
2236326,2026-10-07T13:36:18.935+05:30,3044,Corporate Bonds
2223631,2026-10-04T20:24:45.934+05:30,2781,Corporate Bonds
2118080,2026-10-06T14:01:02.715+05:30,2955,Corporate Bonds
1152891,2026-10-01T14:28:42.556+05:30,3040,Corporate Bonds
2095043,2026-10-07T10:07:02.099+05:30,3040,Corporate Bonds
2229316,2026-10-03T11:12:13.962+05:30,2964,Corporate Bonds
988989,2026-10-07T16:31:11.481+05:30,3044,Corporate Bonds
1826761,2026-10-03T15:01:34.573+05:30,2840,Corporate Bonds
731514,2026-10-03T17:50:14.409+05:30,2842,Corporate Bonds
23050,2026-10-05T12:01:45.49+05:30,2883,Corporate Bonds
1405774,2026-10-01T16:04:47.87+05:30,3014,Corporate Bonds
637365,2026-10-04T11:07:56.844+05:30,2982,Corporate Bonds
2227842,2026-10-05T12:39:55.252+05:30,2849,Corporate Bonds
424679,2026-10-01T14:27:37.074+05:30,3027,Corporate Bonds
2215981,2026-10-02T17:28:09.729+05:30,2767,Corporate Bonds
2108810,2026-10-07T08:41:39.537+05:30,2872,Corporate Bonds
779973,2026-10-06T11:18:37.274+05:30,2981,Corporate Bonds
1567771,2026-10-07T22:51:12.787+05:30,3027,Corporate Bonds
1569991,2026-10-07T20:23:13.411+05:30,2930,Corporate Bonds
1277673,2026-10-02T00:19:12.468+05:30,2855,Corporate Bonds
1491321,2026-10-05T02:17:13.203+05:30,2907,Corporate Bonds
1249081,2026-10-05T17:06:49.389+05:30,2919,Corporate Bonds
1041857,2026-10-01T19:58:33.317+05:30,2941,Corporate Bonds
1330738,2026-10-06T11:50:13.732+05:30,2941,Corporate Bonds
1751636,2026-10-04T10:35:29.055+05:30,2868,Corporate Bonds
2220153,2026-10-06T14:54:58.408+05:30,3027,Corporate Bonds
2052505,2026-10-05T23:25:08.635+05:30,2964,Corporate Bonds
683865,2026-10-04T22:39:53.181+05:30,2881,Corporate Bonds
99516,2026-10-01T08:17:51.087+05:30,3027,Corporate Bonds
2224124,2026-10-01T08:00:27.152+05:30,2882,Corporate Bonds
1270554,2026-10-05T11:24:39.426+05:30,2986,Corporate Bonds
1393404,2026-10-03T07:45:17.75+05:30,2964,Corporate Bonds
463080,2026-10-07T12:35:25.941+05:30,2872,Corporate Bonds
272262,2026-10-03T15:56:18.028+05:30,2849,Corporate Bonds
1379301,2026-10-05T16:34:57.392+05:30,2981,Corporate Bonds
680557,2026-10-06T21:04:26.624+05:30,2930,Corporate Bonds
2229558,2026-10-03T13:59:57.935+05:30,2930,Corporate Bonds
1034229,2026-10-01T07:54:03.155+05:30,3014,Corporate Bonds
779807,2026-10-02T22:32:20.728+05:30,1096,High Yield FDs
1096524,2026-10-07T13:01:56.986+05:30,3045,Corporate Bonds
838427,2026-10-01T10:24:35.254+05:30,2993,XCase
965678,2026-10-01T05:47:49.682+05:30,2849,Corporate Bonds
2185771,2026-10-02T01:13:18.393+05:30,2311,Corporate Bonds
981921,2026-10-01T21:21:18.73+05:30,2883,Corporate Bonds
1379301,2026-10-05T16:35:03.034+05:30,2981,Corporate Bonds
2062616,2026-10-04T20:30:11.567+05:30,2880,Corporate Bonds
2065541,2026-10-02T21:41:30.658+05:30,2930,Corporate Bonds
2204137,2026-10-05T18:15:48.023+05:30,2858,Corporate Bonds
2152795,2026-10-05T09:46:30.355+05:30,2729,Mutual Funds
2216796,2026-10-07T14:19:22.044+05:30,3044,Corporate Bonds
2229747,2026-10-05T14:22:05.157+05:30,2881,Corporate Bonds
2188112,2026-10-06T14:00:28.151+05:30,2982,Corporate Bonds
1941111,2026-10-07T09:52:37.533+05:30,2874,Corporate Bonds
1973827,2026-10-05T15:33:55.137+05:30,2769,Corporate Bonds
828445,2026-10-02T13:59:55.161+05:30,2874,Corporate Bonds
882765,2026-10-03T16:07:27.949+05:30,3026,Corporate Bonds
204056,2026-10-04T20:25:32.016+05:30,1239,High Yield FDs
1013376,2026-10-03T19:37:29.839+05:30,2881,Corporate Bonds
1041857,2026-10-01T19:57:44.149+05:30,2941,Corporate Bonds
2142149,2026-10-01T10:44:57.98+05:30,3026,Corporate Bonds
1545454,2026-10-07T09:52:09.534+05:30,3026,Corporate Bonds
1410997,2026-10-07T20:58:55.622+05:30,2881,Corporate Bonds
821274,2026-10-01T17:49:10.337+05:30,2872,Corporate Bonds
1537405,2026-10-04T08:59:02.042+05:30,3040,Corporate Bonds
1076325,2026-10-05T02:46:46.637+05:30,2849,Corporate Bonds
1358222,2026-10-01T10:35:44.188+05:30,3014,Corporate Bonds
2224124,2026-10-01T07:43:27.836+05:30,2757,Corporate Bonds
2155737,2026-10-06T19:12:28.422+05:30,2883,Corporate Bonds
1736133,2026-10-02T19:11:55.826+05:30,2982,Corporate Bonds
792208,2026-10-04T10:56:11.833+05:30,2902,Corporate Bonds
1553953,2026-10-01T11:41:15.833+05:30,2955,Corporate Bonds
1359245,2026-10-07T06:23:50.955+05:30,2849,Corporate Bonds
2178320,2026-10-01T17:20:00.319+05:30,2847,Corporate Bonds
2230886,2026-10-04T11:13:01.447+05:30,1095,High Yield FDs
2123133,2026-10-06T21:45:28.264+05:30,2794,Corporate Bonds
2061942,2026-10-07T19:16:18.944+05:30,2767,Corporate Bonds
1954362,2026-10-05T11:09:56.445+05:30,2955,Corporate Bonds
2226145,2026-10-01T14:18:29.478+05:30,2881,Corporate Bonds
1736404,2026-10-03T14:43:36.966+05:30,2918,Corporate Bonds
1670869,2026-10-04T15:05:18.749+05:30,3027,Corporate Bonds
2227966,2026-10-04T10:59:20.624+05:30,1239,High Yield FDs
1458641,2026-10-07T10:14:44.517+05:30,3044,Corporate Bonds
2110618,2026-10-03T16:14:49.957+05:30,2981,Corporate Bonds
1852024,2026-10-07T09:51:58.141+05:30,2919,Corporate Bonds
2226436,2026-10-02T12:37:18.447+05:30,2757,Corporate Bonds
2092759,2026-10-01T18:09:55.546+05:30,2992,Corporate Bonds
2204128,2026-10-01T09:02:48.519+05:30,2847,Corporate Bonds
2228188,2026-10-02T16:36:14.631+05:30,3025,Corporate Bonds
2227735,2026-10-07T21:54:05.057+05:30,2864,Corporate Bonds
2209188,2026-10-01T22:20:09.281+05:30,2757,Corporate Bonds
2231239,2026-10-04T15:49:39.126+05:30,2881,Corporate Bonds
2228355,2026-10-02T19:23:36.852+05:30,1292,High Yield FDs
2207072,2026-10-02T12:05:19.597+05:30,2875,Corporate Bonds
2207555,2026-10-05T11:04:41.426+05:30,2930,Corporate Bonds
967751,2026-10-03T18:55:08.646+05:30,2955,Corporate Bonds
1970950,2026-10-03T12:10:01.435+05:30,2729,Mutual Funds
1980717,2026-10-01T18:44:03.798+05:30,2740,Corporate Bonds
1096516,2026-10-02T13:00:11.605+05:30,2938,Corporate Bonds
976916,2026-10-03T15:46:02.81+05:30,3027,Corporate Bonds
2209094,2026-10-02T16:23:28.451+05:30,3027,Corporate Bonds
2000708,2026-10-03T16:10:22.751+05:30,2849,Corporate Bonds
2089516,2026-10-01T10:39:09.002+05:30,2955,Corporate Bonds
1851347,2026-10-04T11:35:38.542+05:30,2767,Corporate Bonds
786145,2026-10-05T12:12:40.696+05:30,2881,Corporate Bonds
1170276,2026-10-05T19:38:02.925+05:30,2794,Corporate Bonds
2229096,2026-10-03T10:53:41.578+05:30,2949,Corporate Bonds
1000550,2026-10-04T21:42:29.26+05:30,3027,Corporate Bonds
1306955,2026-10-06T14:53:57.794+05:30,2895,Corporate Bonds
2230054,2026-10-04T13:40:19.283+05:30,2729,Mutual Funds
2067387,2026-10-04T17:58:09.517+05:30,2874,Corporate Bonds
190086,2026-10-06T11:51:42.335+05:30,2941,Corporate Bonds
2226848,2026-10-06T08:39:17.786+05:30,2982,Corporate Bonds
371141,2026-10-07T20:55:44.005+05:30,2604,Corporate Bonds
2126526,2026-10-03T15:14:22.441+05:30,2843,Corporate Bonds
1906780,2026-10-05T12:25:34.204+05:30,3027,Corporate Bonds
2203615,2026-10-02T13:11:37.43+05:30,2930,Corporate Bonds
2077439,2026-10-06T20:18:00.414+05:30,2644,Securitized Debt Instruments
2214254,2026-10-04T21:27:41.411+05:30,2881,Corporate Bonds
2132296,2026-10-02T11:58:24.34+05:30,2918,Corporate Bonds
2207039,2026-10-04T10:23:38.328+05:30,2840,Corporate Bonds
2128122,2026-10-04T15:50:03.497+05:30,1292,High Yield FDs
944362,2026-10-01T10:45:16.281+05:30,3014,Corporate Bonds
579335,2026-10-03T16:30:18.156+05:30,2767,Corporate Bonds
1059651,2026-10-06T18:09:41.789+05:30,3027,Corporate Bonds
1197369,2026-10-05T08:24:48.176+05:30,2994,Corporate Bonds
2229132,2026-10-03T09:05:11.792+05:30,2982,Corporate Bonds
2229136,2026-10-03T09:12:13.955+05:30,2767,Corporate Bonds
2224151,2026-10-06T11:20:31.748+05:30,3040,Corporate Bonds
1872598,2026-10-02T10:40:02.503+05:30,2626,Corporate Bonds
2231070,2026-10-04T12:55:13.853+05:30,2849,Corporate Bonds
1797901,2026-10-04T12:06:41.529+05:30,3027,Corporate Bonds
1749483,2026-10-05T09:11:46.312+05:30,2769,Corporate Bonds
1062210,2026-10-04T23:38:09.313+05:30,2930,Corporate Bonds
2228258,2026-10-02T17:37:14.098+05:30,2729,Mutual Funds
2213416,2026-10-03T17:28:23.286+05:30,2868,Corporate Bonds
1072960,2026-10-01T07:38:46.023+05:30,2887,Corporate Bonds
1787756,2026-10-02T23:07:48.599+05:30,2881,Corporate Bonds
1667963,2026-10-06T08:07:10.989+05:30,2644,Securitized Debt Instruments
1951435,2026-10-03T13:46:37.144+05:30,2781,Corporate Bonds
591215,2026-10-05T11:11:27.643+05:30,3024,Corporate Bonds
1134193,2026-10-04T17:41:04.421+05:30,3023,Corporate Bonds
2096567,2026-10-05T11:09:13.829+05:30,2849,Corporate Bonds
1858261,2026-10-07T12:40:47.166+05:30,2843,Corporate Bonds
2217487,2026-10-02T07:46:34.616+05:30,2833,Corporate Bonds
2012786,2026-10-04T17:16:22.003+05:30,2729,Mutual Funds
2196568,2026-10-04T08:51:26.544+05:30,3027,Corporate Bonds
2229199,2026-10-03T11:01:24.441+05:30,2955,Corporate Bonds
2128107,2026-10-02T13:47:20.567+05:30,2917,Corporate Bonds
2193734,2026-10-02T05:48:51.429+05:30,3027,Corporate Bonds
956363,2026-10-07T12:26:18.207+05:30,3044,Corporate Bonds
1318915,2026-10-01T15:36:05.153+05:30,2858,Corporate Bonds
1961873,2026-10-06T22:46:24.967+05:30,3044,Corporate Bonds
720261,2026-10-06T01:10:11.22+05:30,2874,Corporate Bonds
2074888,2026-10-07T11:56:21.049+05:30,3044,Corporate Bonds
1249735,2026-10-01T11:46:02.473+05:30,2872,Corporate Bonds
2077616,2026-10-01T07:05:22.21+05:30,2918,Corporate Bonds
2223412,2026-10-05T16:13:46.613+05:30,3026,Corporate Bonds
443854,2026-10-01T15:24:38.266+05:30,2026,Corporate Bonds
805083,2026-10-04T11:28:30.094+05:30,1292,High Yield FDs
2226875,2026-10-03T20:46:58.159+05:30,2812,Corporate Bonds
212246,2026-10-04T16:45:33.297+05:30,3040,Corporate Bonds
,2026-10-07T16:06:49.504+05:30,2843,Corporate Bonds
482779,2026-10-03T13:53:29.231+05:30,2849,Corporate Bonds
1236356,2026-10-01T11:24:29.171+05:30,2981,Corporate Bonds
1516322,2026-10-02T16:44:12.117+05:30,2849,Corporate Bonds
2207673,2026-10-05T22:02:04.011+05:30,2794,Corporate Bonds
2103097,2026-10-03T12:25:38.905+05:30,2981,Corporate Bonds
2230270,2026-10-04T11:29:54.148+05:30,2895,Corporate Bonds
2090873,2026-10-06T14:51:46.148+05:30,2982,Corporate Bonds
958481,2026-10-04T07:51:42.825+05:30,2431,Corporate Bonds
1443288,2026-10-01T07:25:51.16+05:30,2849,Corporate Bonds
353601,2026-10-05T13:04:08.163+05:30,2895,Corporate Bonds
1525074,2026-10-05T00:16:53.146+05:30,3027,Corporate Bonds
1971351,2026-10-01T14:53:45.737+05:30,3014,Corporate Bonds
370865,2026-10-01T11:26:31.613+05:30,3027,Corporate Bonds
1792332,2026-10-04T09:10:37.197+05:30,3026,Corporate Bonds
2226782,2026-10-02T21:29:28.62+05:30,3025,Corporate Bonds
2145390,2026-10-02T10:08:10.603+05:30,2433,Corporate Bonds
2220060,2026-10-05T11:06:24.895+05:30,2868,Corporate Bonds
2194484,2026-10-06T11:38:34.131+05:30,2644,Securitized Debt Instruments
2204128,2026-10-05T08:36:09.945+05:30,2881,Corporate Bonds
2141772,2026-10-03T20:27:18.436+05:30,2955,Corporate Bonds
1964616,2026-10-03T19:53:50.693+05:30,2982,Corporate Bonds
1099567,2026-10-01T02:23:04.434+05:30,3027,Corporate Bonds
2236514,2026-10-07T15:30:17.875+05:30,2941,Corporate Bonds
692495,2026-10-07T10:38:41.946+05:30,3027,Corporate Bonds
1120749,2026-10-03T15:07:06.533+05:30,2881,Corporate Bonds
2235479,2026-10-06T23:36:38.256+05:30,2874,Corporate Bonds
2013016,2026-10-05T20:52:40.034+05:30,2729,Mutual Funds
2006400,2026-10-05T14:19:26.763+05:30,2981,Corporate Bonds
489173,2026-10-06T12:42:51.795+05:30,3027,Corporate Bonds
1009532,2026-10-02T10:21:52.816+05:30,3027,Corporate Bonds
2035504,2026-10-05T23:35:53.606+05:30,2964,Corporate Bonds
978859,2026-10-02T14:22:32.204+05:30,2887,Corporate Bonds
2098008,2026-10-05T15:25:07.82+05:30,2895,Corporate Bonds
1052967,2026-10-07T12:05:15.929+05:30,2881,Corporate Bonds
2042720,2026-10-02T00:42:23.577+05:30,2881,Corporate Bonds
2065728,2026-10-02T20:20:27.234+05:30,2872,Corporate Bonds
792093,2026-10-05T19:40:56.44+05:30,2918,Corporate Bonds
1729966,2026-10-06T22:18:17.314+05:30,3044,Corporate Bonds
1184764,2026-10-07T10:13:26.887+05:30,2629,Corporate Bonds
1167597,2026-10-04T22:50:37.855+05:30,3027,Corporate Bonds
1711446,2026-10-02T11:28:35.132+05:30,3040,Corporate Bonds
2069108,2026-10-02T12:41:01.472+05:30,2902,Corporate Bonds
893117,2026-10-01T19:17:18.835+05:30,3027,Corporate Bonds
2234248,2026-10-06T11:23:53.193+05:30,2941,Corporate Bonds
2206189,2026-10-01T09:58:34.638+05:30,3027,Corporate Bonds
2145347,2026-10-06T14:34:27.699+05:30,2843,Corporate Bonds
2230844,2026-10-04T10:57:10.242+05:30,3027,Corporate Bonds
1917120,2026-10-04T15:45:23.676+05:30,3027,Corporate Bonds
2225709,2026-10-01T09:35:07.17+05:30,2941,Corporate Bonds
2052271,2026-10-03T18:53:40.099+05:30,2947,Corporate Bonds
2148102,2026-10-06T11:40:46.905+05:30,1239,High Yield FDs
1994853,2026-10-05T09:10:13.659+05:30,2874,Corporate Bonds
2052008,2026-10-02T15:31:33.888+05:30,1873,Corporate Bonds
1731716,2026-10-01T14:53:05.349+05:30,2626,Corporate Bonds
726729,2026-10-03T08:18:33.832+05:30,2849,Corporate Bonds
1642088,2026-10-02T11:12:47.771+05:30,2752,Corporate Bonds
2236381,2026-10-07T14:10:25.305+05:30,2918,Corporate Bonds
1736133,2026-10-03T19:54:27.557+05:30,2982,Corporate Bonds
1663775,2026-10-05T18:29:41.916+05:30,3027,Corporate Bonds
1928861,2026-10-06T00:30:50.544+05:30,2842,Corporate Bonds
87625,2026-10-01T17:03:41.03+05:30,2840,Corporate Bonds
857698,2026-10-02T08:25:48.618+05:30,3027,Corporate Bonds
737772,2026-10-01T17:56:08.643+05:30,3014,Corporate Bonds
704452,2026-10-01T20:29:02.806+05:30,2849,Corporate Bonds
2227283,2026-10-02T08:11:40.354+05:30,2982,Corporate Bonds
2054855,2026-10-07T11:07:05.594+05:30,2849,Corporate Bonds
2141772,2026-10-01T10:43:09.324+05:30,2955,Corporate Bonds
2060703,2026-10-03T21:32:17.728+05:30,2849,Corporate Bonds
2082849,2026-10-07T14:09:44.723+05:30,2872,Corporate Bonds
2222857,2026-10-02T08:20:02.785+05:30,1873,Corporate Bonds
2227945,2026-10-04T17:14:06.025+05:30,2881,Corporate Bonds
2131785,2026-10-02T11:15:02.823+05:30,2626,Corporate Bonds
1998616,2026-10-01T11:21:42.527+05:30,3014,Corporate Bonds
1058273,2026-10-06T10:15:20.868+05:30,2895,Corporate Bonds
2210388,2026-10-02T00:03:51.846+05:30,3025,Corporate Bonds
2227383,2026-10-02T09:55:07.673+05:30,2881,Corporate Bonds
1273543,2026-10-04T18:32:50.325+05:30,3027,Corporate Bonds
603523,2026-10-02T18:42:48.185+05:30,2902,Corporate Bonds
2227103,2026-10-02T01:24:44.625+05:30,2941,Corporate Bonds
1263210,2026-10-05T17:10:44.993+05:30,2941,Corporate Bonds
738507,2026-10-03T21:39:07.2+05:30,2955,Corporate Bonds
2233005,2026-10-07T22:16:10.427+05:30,2895,Corporate Bonds
2228040,2026-10-02T16:49:24.879+05:30,2412,Corporate Bonds
879614,2026-10-02T13:24:42.81+05:30,3027,Corporate Bonds
787882,2026-10-02T10:33:13.334+05:30,2902,Corporate Bonds
2194417,2026-10-03T14:32:30.582+05:30,2964,Corporate Bonds
945322,2026-10-05T10:03:21.085+05:30,2849,Corporate Bonds
2137775,2026-10-02T15:14:48.484+05:30,2879,Corporate Bonds
755698,2026-10-01T13:43:03.724+05:30,2868,Corporate Bonds
2103461,2026-10-03T11:05:09.548+05:30,2981,Corporate Bonds
2013016,2026-10-05T13:57:50.924+05:30,2881,Corporate Bonds
1470035,2026-10-02T22:06:20.304+05:30,1239,High Yield FDs
1040009,2026-10-07T13:16:43.74+05:30,2907,Corporate Bonds
2222168,2026-10-01T17:46:57.446+05:30,3014,Corporate Bonds
2202998,2026-10-06T14:08:37.671+05:30,2908,Corporate Bonds
1485562,2026-10-06T08:11:29.982+05:30,3027,Corporate Bonds
840141,2026-10-05T16:17:17.136+05:30,2902,Corporate Bonds
2193786,2026-10-04T18:13:54.967+05:30,3027,Corporate Bonds
2204354,2026-10-01T14:00:47.56+05:30,2922,Corporate Bonds
1120749,2026-10-02T09:10:38.894+05:30,2626,Corporate Bonds
1501737,2026-10-05T14:45:04.449+05:30,2412,Corporate Bonds
177185,2026-10-05T09:19:17.19+05:30,2880,Corporate Bonds
2115911,2026-10-03T22:52:11.238+05:30,2855,Corporate Bonds
2225709,2026-10-01T09:35:07.542+05:30,2941,Corporate Bonds
1668305,2026-10-07T14:19:19.082+05:30,2769,Corporate Bonds
2224172,2026-10-01T11:37:22.726+05:30,3027,Corporate Bonds
2225599,2026-10-04T10:38:08.452+05:30,2982,Corporate Bonds
514942,2026-10-02T12:20:40.497+05:30,2982,Corporate Bonds
2224172,2026-10-01T11:40:30.392+05:30,2872,Corporate Bonds
1998231,2026-10-02T14:05:59.023+05:30,2895,Corporate Bonds
1585151,2026-10-01T11:34:05.425+05:30,3034,Corporate Bonds
1046089,2026-10-01T14:57:42.711+05:30,2981,Corporate Bonds
1402893,2026-10-05T21:56:09.261+05:30,2955,Corporate Bonds
2140866,2026-10-07T14:07:31.703+05:30,3045,Corporate Bonds
1788356,2026-10-03T21:18:07.536+05:30,2955,Corporate Bonds
958692,2026-10-01T15:41:07.203+05:30,2981,Corporate Bonds
2229096,2026-10-03T17:45:28.424+05:30,2964,Corporate Bonds
1595513,2026-10-06T09:25:06.253+05:30,2969,XCase
1997567,2026-10-01T14:05:51.664+05:30,2895,Corporate Bonds
2225289,2026-10-03T19:55:04.401+05:30,3027,Corporate Bonds
,2026-10-07T16:06:42.202+05:30,3027,Corporate Bonds
1339589,2026-10-05T16:10:11.196+05:30,2872,Corporate Bonds
1049287,2026-10-04T16:56:25.455+05:30,2626,Corporate Bonds
730273,2026-10-07T13:57:29.401+05:30,2902,Corporate Bonds
942262,2026-10-03T22:27:35.474+05:30,2887,Corporate Bonds
1511571,2026-10-05T08:27:36.74+05:30,3026,Corporate Bonds
1908784,2026-10-03T21:51:43.821+05:30,1239,High Yield FDs
,2026-10-05T12:02:31.13+05:30,2881,Corporate Bonds
1927345,2026-10-03T20:01:30.361+05:30,1239,High Yield FDs
1076819,2026-10-04T18:48:28.383+05:30,2902,Corporate Bonds
747991,2026-10-01T19:41:06.955+05:30,3027,Corporate Bonds
732023,2026-10-01T22:52:06.56+05:30,2931,Corporate Bonds
868585,2026-10-05T12:51:51.691+05:30,2843,Corporate Bonds
498441,2026-10-02T22:14:32.004+05:30,2964,Corporate Bonds
603315,2026-10-05T06:02:15.359+05:30,1096,High Yield FDs
2191552,2026-10-02T14:22:29.62+05:30,1292,High Yield FDs
1063425,2026-10-05T12:12:49.944+05:30,2883,Corporate Bonds
2231850,2026-10-06T12:47:25.788+05:30,2941,Corporate Bonds
1602692,2026-10-04T12:53:40.061+05:30,3027,Corporate Bonds
2231695,2026-10-05T22:28:49.867+05:30,2964,Corporate Bonds
770842,2026-10-01T15:42:56.041+05:30,2955,Corporate Bonds
2073995,2026-10-01T11:35:38.713+05:30,2881,Corporate Bonds
837658,2026-10-07T18:00:06.137+05:30,2840,Corporate Bonds
1993411,2026-10-05T17:52:59.609+05:30,2644,Securitized Debt Instruments
1973827,2026-10-05T13:29:51.064+05:30,2843,Corporate Bonds
1965777,2026-10-07T21:24:27.132+05:30,3044,Corporate Bonds
2074888,2026-10-07T12:21:04.78+05:30,3044,Corporate Bonds
1727400,2026-10-07T18:16:57.768+05:30,2955,Corporate Bonds
2187966,2026-10-03T16:55:48.792+05:30,2887,Corporate Bonds
1905194,2026-10-05T11:30:07.082+05:30,2757,Corporate Bonds
66144,2026-10-01T12:12:48.267+05:30,2868,Corporate Bonds
831605,2026-10-04T18:19:38.097+05:30,3026,Corporate Bonds
1916307,2026-10-01T14:12:51.511+05:30,2767,Corporate Bonds
2058334,2026-10-06T21:41:19.948+05:30,3044,Corporate Bonds
482997,2026-10-01T12:54:58.759+05:30,3027,Corporate Bonds
2089966,2026-10-06T13:52:03.601+05:30,2969,XCase
2233146,2026-10-06T08:12:29.718+05:30,2902,Corporate Bonds
2229747,2026-10-05T14:31:44.778+05:30,2907,Corporate Bonds
1813501,2026-10-01T10:10:46.43+05:30,2849,Corporate Bonds
1964654,2026-10-04T13:15:44.718+05:30,3040,Corporate Bonds
2197556,2026-10-05T07:21:45.848+05:30,2930,Corporate Bonds
2226726,2026-10-02T09:35:26.596+05:30,2729,Mutual Funds
259589,2026-10-05T16:16:03.305+05:30,2964,Corporate Bonds
2116077,2026-10-07T09:49:07.434+05:30,2982,Corporate Bonds
2236885,2026-10-07T22:53:56.197+05:30,2868,Corporate Bonds
767560,2026-10-03T07:05:53.315+05:30,2981,Corporate Bonds
1734432,2026-10-04T09:55:05.986+05:30,2895,Corporate Bonds
1003363,2026-10-07T08:57:51.086+05:30,3027,Corporate Bonds
2226670,2026-10-02T10:06:01.903+05:30,2907,Corporate Bonds
1914839,2026-10-02T11:22:28.973+05:30,2849,Corporate Bonds
1919495,2026-10-01T01:08:41.613+05:30,2883,Corporate Bonds
2225570,2026-10-04T14:16:17.174+05:30,2626,Corporate Bonds
974345,2026-10-02T17:10:53.441+05:30,3040,Corporate Bonds
769544,2026-10-06T20:47:27.847+05:30,2703,Corporate Bonds
130268,2026-10-02T23:43:35.978+05:30,2982,Corporate Bonds
1046666,2026-10-07T11:47:56.817+05:30,3040,Corporate Bonds
2003393,2026-10-05T14:23:34.063+05:30,2769,Corporate Bonds
2227372,2026-10-02T09:56:27.813+05:30,2311,Corporate Bonds
1537123,2026-10-07T11:44:53.69+05:30,2981,Corporate Bonds
,2026-10-05T18:01:36.521+05:30,1239,High Yield FDs
1797493,2026-10-07T13:28:20.073+05:30,3045,Corporate Bonds
692285,2026-10-02T10:58:02.869+05:30,2981,Corporate Bonds
1762234,2026-10-07T01:41:49.529+05:30,2881,Corporate Bonds
1359442,2026-10-02T10:14:29.763+05:30,2982,Corporate Bonds
2158404,2026-10-07T13:37:30.709+05:30,3044,Corporate Bonds
2220136,2026-10-01T16:29:18.109+05:30,3027,Corporate Bonds
874904,2026-10-03T23:13:18.729+05:30,2964,Corporate Bonds
2033432,2026-10-07T08:00:32.53+05:30,3027,Corporate Bonds
1529150,2026-10-06T15:47:52.764+05:30,3027,Corporate Bonds
2221639,2026-10-01T22:26:08.463+05:30,1292,High Yield FDs
1308101,2026-10-03T10:09:50.577+05:30,2849,Corporate Bonds
2039971,2026-10-03T11:38:52.963+05:30,2757,Corporate Bonds
1895290,2026-10-06T12:24:22.158+05:30,2969,XCase
190370,2026-10-03T15:57:12.227+05:30,2947,Corporate Bonds
1035790,2026-10-01T16:30:30.731+05:30,3014,Corporate Bonds
1062592,2026-10-03T01:57:01.378+05:30,2982,Corporate Bonds
1670749,2026-10-07T08:56:22.021+05:30,2881,Corporate Bonds
2233568,2026-10-06T10:03:18.59+05:30,2855,Corporate Bonds
1359442,2026-10-02T10:19:31.226+05:30,2849,Corporate Bonds
1239198,2026-10-05T13:16:41.354+05:30,2955,Corporate Bonds
1625776,2026-10-03T14:09:16.567+05:30,2982,Corporate Bonds
2232633,2026-10-05T12:14:31.461+05:30,2899,Mutual Funds
1528732,2026-10-03T15:43:29.927+05:30,2918,Corporate Bonds
805083,2026-10-06T09:14:51.266+05:30,1292,High Yield FDs
1782766,2026-10-02T17:47:50.212+05:30,2881,Corporate Bonds
2211366,2026-10-01T10:48:45.975+05:30,2906,Corporate Bonds
1736133,2026-10-01T21:39:18.018+05:30,2849,Corporate Bonds
858994,2026-10-03T15:22:57.29+05:30,2881,Corporate Bonds
309058,2026-10-01T12:04:21.803+05:30,2982,Corporate Bonds
2018079,2026-10-07T17:10:19.283+05:30,2794,Corporate Bonds
590430,2026-10-04T21:04:14.879+05:30,2868,Corporate Bonds
1160340,2026-10-06T15:59:47.861+05:30,1292,High Yield FDs
2111939,2026-10-02T11:15:02.56+05:30,2982,Corporate Bonds
1267679,2026-10-06T14:20:18.948+05:30,2629,Corporate Bonds
1304448,2026-10-03T06:43:24.853+05:30,2922,Corporate Bonds
370865,2026-10-03T15:33:02.416+05:30,2881,Corporate Bonds
2220184,2026-10-05T14:34:32.603+05:30,2955,Corporate Bonds
1069636,2026-10-07T18:27:24.505+05:30,2895,Corporate Bonds
1719702,2026-10-03T05:49:04.019+05:30,2431,Corporate Bonds
1095264,2026-10-07T05:20:43.621+05:30,3044,Corporate Bonds
1518751,2026-10-06T09:37:40.307+05:30,2955,Corporate Bonds
1510974,2026-10-05T19:59:42.683+05:30,2830,Corporate Bonds
20111,2026-10-04T04:01:26.535+05:30,2794,Corporate Bonds
2080575,2026-10-04T16:14:41.365+05:30,2849,Corporate Bonds
1879798,2026-10-02T22:01:15.409+05:30,2950,Corporate Bonds
550663,2026-10-04T19:28:48.993+05:30,2849,Corporate Bonds
738085,2026-10-01T15:57:41.189+05:30,2964,Corporate Bonds
1289289,2026-10-05T15:08:52.574+05:30,2941,Corporate Bonds
1282968,2026-10-06T22:46:53.152+05:30,2868,Corporate Bonds
1429636,2026-10-05T21:57:53.3+05:30,2858,Corporate Bonds
840126,2026-10-04T11:27:48.254+05:30,3027,Corporate Bonds
2149464,2026-10-04T05:44:24.024+05:30,2982,Corporate Bonds
1984073,2026-10-03T08:29:04.734+05:30,2922,Corporate Bonds
2216666,2026-10-01T04:12:42.998+05:30,2982,Corporate Bonds
1625577,2026-10-03T23:02:11.899+05:30,2626,Corporate Bonds
2204756,2026-10-01T11:21:30.406+05:30,3026,Corporate Bonds
589691,2026-10-04T23:43:31.391+05:30,3027,Corporate Bonds
1966467,2026-10-01T11:42:11.14+05:30,2981,Corporate Bonds
889821,2026-10-07T22:22:50.167+05:30,3045,Corporate Bonds
2160840,2026-10-05T14:39:43.871+05:30,2981,Corporate Bonds
1066037,2026-10-03T18:33:11.491+05:30,2887,Corporate Bonds
1103845,2026-10-06T17:32:45.04+05:30,3042,Corporate Bonds
890309,2026-10-03T01:27:32.776+05:30,2902,Corporate Bonds
1786242,2026-10-02T10:42:59.941+05:30,2840,Corporate Bonds
222964,2026-10-05T07:55:52.175+05:30,2412,Corporate Bonds
972670,2026-10-03T21:25:32.184+05:30,1292,High Yield FDs
2176964,2026-10-01T23:21:32.956+05:30,2981,Corporate Bonds
1654220,2026-10-01T14:29:25.566+05:30,2981,Corporate Bonds
1664046,2026-10-04T17:16:50.399+05:30,2794,Corporate Bonds
1716841,2026-10-01T11:57:20.896+05:30,2981,Corporate Bonds
839782,2026-10-02T19:48:51.774+05:30,2955,Corporate Bonds
741378,2026-10-07T22:32:20.895+05:30,2964,Corporate Bonds
125358,2026-10-07T14:04:04.233+05:30,3027,Corporate Bonds
1926279,2026-10-03T11:40:27.571+05:30,2879,Corporate Bonds
874904,2026-10-03T23:11:17.698+05:30,2412,Corporate Bonds
2197394,2026-10-04T00:02:15.804+05:30,3027,Corporate Bonds
2232951,2026-10-05T15:59:03.388+05:30,2729,Mutual Funds
2103493,2026-10-01T12:02:42.633+05:30,2982,Corporate Bonds
2230055,2026-10-03T19:43:26.076+05:30,2907,Corporate Bonds
1057449,2026-10-01T18:28:51.988+05:30,2881,Corporate Bonds
2227528,2026-10-02T11:12:15.264+05:30,1292,High Yield FDs
1611589,2026-10-02T02:49:33.985+05:30,2982,Corporate Bonds
1584555,2026-10-06T14:33:00.277+05:30,2881,Corporate Bonds
924486,2026-10-07T13:55:30.675+05:30,3045,Corporate Bonds
2235373,2026-10-06T22:26:09.379+05:30,2955,Corporate Bonds
2190102,2026-10-04T11:46:25.311+05:30,2412,Corporate Bonds
2103027,2026-10-01T12:43:09.586+05:30,2757,Corporate Bonds
2149674,2026-10-05T07:41:40.587+05:30,3027,Corporate Bonds
1523249,2026-10-01T19:14:41.749+05:30,2982,Corporate Bonds
2223920,2026-10-01T15:31:48.066+05:30,2774,Corporate Bonds
2195367,2026-10-06T00:54:03.91+05:30,2767,Corporate Bonds
1738735,2026-10-02T09:39:08.07+05:30,2902,Corporate Bonds
1400114,2026-10-05T17:17:59.407+05:30,2843,Corporate Bonds
1396039,2026-10-05T16:15:40.905+05:30,3027,Corporate Bonds
2230606,2026-10-06T14:35:53.796+05:30,2941,Corporate Bonds
1039595,2026-10-03T23:01:07.859+05:30,2781,Corporate Bonds
2065541,2026-10-02T21:41:04.773+05:30,2930,Corporate Bonds
417216,2026-10-07T13:57:31.853+05:30,2881,Corporate Bonds
1126713,2026-10-06T19:07:13.593+05:30,2431,Corporate Bonds
2229322,2026-10-05T08:11:37.246+05:30,3034,Corporate Bonds
1269107,2026-10-01T11:35:17.798+05:30,3027,Corporate Bonds
902357,2026-10-03T12:55:13.674+05:30,3027,Corporate Bonds
819805,2026-10-05T17:01:27.594+05:30,3040,Corporate Bonds
832029,2026-10-02T20:05:24.552+05:30,2993,XCase
2105455,2026-10-01T22:39:18.849+05:30,2981,Corporate Bonds
2095901,2026-10-05T12:02:37.96+05:30,2908,Corporate Bonds
1744221,2026-10-01T20:35:03.772+05:30,2643,Securitized Debt Instruments
949937,2026-10-04T21:36:18.531+05:30,2902,Corporate Bonds
2212786,2026-10-03T22:01:23.511+05:30,2864,Corporate Bonds
2195637,2026-10-02T17:55:53.944+05:30,2833,Corporate Bonds
1393079,2026-10-07T22:16:07.8+05:30,2837,Corporate Bonds
1655116,2026-10-03T15:05:19.321+05:30,2930,Corporate Bonds
443444,2026-10-02T08:54:50.142+05:30,2969,XCase
1973827,2026-10-03T09:19:52.538+05:30,2969,XCase
1537123,2026-10-07T11:40:59.693+05:30,2752,Corporate Bonds
2229273,2026-10-07T18:43:03.502+05:30,2477,Corporate Bonds
2174362,2026-10-04T21:40:53.281+05:30,2843,Corporate Bonds
2003393,2026-10-05T14:21:40.097+05:30,2849,Corporate Bonds
2007228,2026-10-02T10:18:04.29+05:30,2594,Corporate Bonds
920342,2026-10-07T14:48:08.536+05:30,2849,Corporate Bonds
1705641,2026-10-01T14:52:03.242+05:30,2881,Corporate Bonds
1183664,2026-10-05T07:14:29.547+05:30,2993,XCase
2227383,2026-10-02T09:55:07.679+05:30,2881,Corporate Bonds
2162401,2026-10-01T12:07:49.623+05:30,2849,Corporate Bonds
963666,2026-10-04T02:16:57.328+05:30,3040,Corporate Bonds
2230046,2026-10-04T06:48:56.226+05:30,2895,Corporate Bonds
2232438,2026-10-05T10:13:15.414+05:30,3023,Corporate Bonds
1512968,2026-10-02T13:12:28.925+05:30,2868,Corporate Bonds
1710726,2026-10-03T17:05:03.48+05:30,2767,Corporate Bonds
443108,2026-10-04T17:41:26.461+05:30,2842,Corporate Bonds
2208883,2026-10-06T12:21:36.187+05:30,2752,Corporate Bonds
2210396,2026-10-01T20:43:14.019+05:30,2981,Corporate Bonds
2065006,2026-10-02T16:14:16.195+05:30,1292,High Yield FDs
2211022,2026-10-03T17:35:42.148+05:30,3027,Corporate Bonds
2204137,2026-10-05T11:04:00.193+05:30,3027,Corporate Bonds
1933837,2026-10-07T23:04:33.133+05:30,2957,Corporate Bonds
2207072,2026-10-02T12:42:57.009+05:30,2643,Securitized Debt Instruments
838199,2026-10-01T11:53:20.477+05:30,2873,XCase
1569991,2026-10-07T20:45:56.621+05:30,2930,Corporate Bonds
786145,2026-10-06T11:27:46.044+05:30,1239,High Yield FDs
572729,2026-10-01T11:45:54.602+05:30,2873,XCase
704452,2026-10-01T16:10:19.529+05:30,2981,Corporate Bonds
1726797,2026-10-05T20:43:57.503+05:30,2729,Mutual Funds
2003242,2026-10-06T09:05:07.73+05:30,2883,Corporate Bonds
2230457,2026-10-06T12:09:03.352+05:30,2881,Corporate Bonds
2156681,2026-10-04T14:37:47.638+05:30,2993,XCase
2187708,2026-10-04T19:22:16.493+05:30,2874,Corporate Bonds
1105017,2026-10-04T21:41:52.681+05:30,2986,Corporate Bonds
2220136,2026-10-01T17:55:33+05:30,2767,Corporate Bonds
2227777,2026-10-04T10:48:16.861+05:30,3026,Corporate Bonds
840671,2026-10-03T15:11:50.516+05:30,2902,Corporate Bonds
1526929,2026-10-02T14:25:46.64+05:30,2433,Corporate Bonds
2217136,2026-10-04T07:29:09.973+05:30,3040,Corporate Bonds
2230983,2026-10-04T11:54:18.957+05:30,2875,Corporate Bonds
554386,2026-10-04T09:46:49.537+05:30,2955,Corporate Bonds
1885866,2026-10-04T12:48:12.513+05:30,2412,Corporate Bonds
1980242,2026-10-02T15:53:04.249+05:30,2833,Corporate Bonds
11685,2026-10-06T08:57:49.508+05:30,2872,Corporate Bonds
840671,2026-10-05T07:23:56.353+05:30,2902,Corporate Bonds
2229094,2026-10-03T10:00:38.806+05:30,2729,Mutual Funds
2149674,2026-10-07T17:26:24.505+05:30,3040,Corporate Bonds
2029256,2026-10-02T07:51:43.614+05:30,2433,Corporate Bonds
2233725,2026-10-06T20:40:15.573+05:30,2969,XCase
1509428,2026-10-03T07:22:18.098+05:30,2982,Corporate Bonds
2160840,2026-10-06T19:50:04.561+05:30,2858,Corporate Bonds
2228314,2026-10-03T10:06:05.882+05:30,2842,Corporate Bonds
1564620,2026-10-05T14:53:41.38+05:30,2794,Corporate Bonds
2175859,2026-10-04T15:40:59.194+05:30,3034,Corporate Bonds
715100,2026-10-01T23:28:51.536+05:30,2813,Corporate Bonds
1859110,2026-10-02T21:53:04.94+05:30,1095,High Yield FDs
2168232,2026-10-01T09:24:33.28+05:30,3027,Corporate Bonds
979749,2026-10-05T19:52:56.513+05:30,2902,Corporate Bonds
987405,2026-10-01T23:42:43.457+05:30,2955,Corporate Bonds
1605321,2026-10-05T22:52:04.47+05:30,2930,Corporate Bonds
2228429,2026-10-02T18:53:52.991+05:30,2881,Corporate Bonds
1712668,2026-10-06T09:16:03.695+05:30,2930,Corporate Bonds
1797825,2026-10-02T16:11:21.03+05:30,2874,Corporate Bonds
1877619,2026-10-04T07:50:23.248+05:30,2767,Corporate Bonds
2227868,2026-10-03T00:16:36.454+05:30,2982,Corporate Bonds
992592,2026-10-06T21:41:16.966+05:30,2880,Corporate Bonds
2224124,2026-10-01T08:50:40.269+05:30,2887,Corporate Bonds
2198724,2026-10-03T17:37:03.98+05:30,2906,Corporate Bonds
205954,2026-10-07T13:05:57.161+05:30,3000,Corporate Bonds
2119224,2026-10-06T18:32:54.216+05:30,3027,Corporate Bonds
1103845,2026-10-06T17:07:36.915+05:30,3042,Corporate Bonds
1848885,2026-10-06T10:15:17.459+05:30,2842,Corporate Bonds
2224097,2026-10-06T00:33:18.8+05:30,2881,Corporate Bonds
2082867,2026-10-07T10:11:27.267+05:30,2910,Corporate Bonds
29613,2026-10-07T17:43:51.118+05:30,3045,Corporate Bonds
1643110,2026-10-04T12:59:42.696+05:30,3027,Corporate Bonds
1584555,2026-10-06T11:54:45.346+05:30,2881,Corporate Bonds
518373,2026-10-04T19:59:03.415+05:30,3027,Corporate Bonds
2223412,2026-10-05T17:45:34.096+05:30,3026,Corporate Bonds
403572,2026-10-02T13:44:29.566+05:30,2906,Corporate Bonds
2189648,2026-10-07T10:01:35.655+05:30,2918,Corporate Bonds
1823524,2026-10-04T13:51:50.241+05:30,1292,High Yield FDs
1567632,2026-10-06T20:55:18.208+05:30,2964,Corporate Bonds
1652540,2026-10-04T19:11:55.408+05:30,3027,Corporate Bonds
194173,2026-10-07T22:58:51.442+05:30,2930,Corporate Bonds
2236415,2026-10-07T14:29:02.118+05:30,3044,Corporate Bonds
1703364,2026-10-02T23:31:13.074+05:30,3026,Corporate Bonds
839782,2026-10-02T19:48:53.484+05:30,2955,Corporate Bonds
2199531,2026-10-05T11:50:59.402+05:30,3026,Corporate Bonds
2229262,2026-10-03T11:34:04.054+05:30,2982,Corporate Bonds
1294205,2026-10-01T18:03:53.763+05:30,2981,Corporate Bonds
1933494,2026-10-06T19:07:34.864+05:30,2433,Corporate Bonds
718553,2026-10-06T18:57:52.418+05:30,2969,XCase
1407107,2026-10-07T14:32:35.245+05:30,2849,Corporate Bonds
2210115,2026-10-01T08:13:40.087+05:30,2954,Corporate Bonds
1195774,2026-10-07T21:28:01.891+05:30,2910,Corporate Bonds
1358296,2026-10-02T18:20:45.957+05:30,2849,Corporate Bonds
616940,2026-10-07T11:21:10.353+05:30,3044,Corporate Bonds
2213521,2026-10-01T10:58:54.765+05:30,2872,Corporate Bonds
1954362,2026-10-01T09:32:18.255+05:30,3027,Corporate Bonds
878936,2026-10-01T17:28:42.645+05:30,2849,Corporate Bonds
100708,2026-10-01T11:02:51.955+05:30,3027,Corporate Bonds
1688581,2026-10-01T15:18:26.512+05:30,2906,Corporate Bonds
2180022,2026-10-07T15:57:21.414+05:30,2955,Corporate Bonds
2232725,2026-10-05T20:42:53.162+05:30,2644,Securitized Debt Instruments
1798560,2026-10-01T18:48:12.125+05:30,2740,Corporate Bonds
2091515,2026-10-02T09:05:31.389+05:30,3027,Corporate Bonds
1511157,2026-10-07T22:08:27.343+05:30,3027,Corporate Bonds
1302869,2026-10-04T20:10:53.961+05:30,3040,Corporate Bonds
1309039,2026-10-05T23:16:49.787+05:30,2767,Corporate Bonds
2000837,2026-10-01T13:54:19.5+05:30,2930,Corporate Bonds
2230243,2026-10-03T21:56:54.517+05:30,1292,High Yield FDs
1224225,2026-10-01T20:58:27.486+05:30,2855,Corporate Bonds
2220360,2026-10-01T19:37:18.908+05:30,3025,Corporate Bonds
970900,2026-10-01T12:01:05.805+05:30,2849,Corporate Bonds
1116162,2026-10-01T10:46:46.922+05:30,3014,Corporate Bonds
815442,2026-10-03T23:05:30.138+05:30,2849,Corporate Bonds
1393058,2026-10-06T12:13:33.157+05:30,3040,Corporate Bonds
1805983,2026-10-02T12:44:38.069+05:30,2594,Corporate Bonds
2191186,2026-10-06T18:41:39.104+05:30,3044,Corporate Bonds
2033376,2026-10-04T16:54:17.441+05:30,3027,Corporate Bonds
2172756,2026-10-04T16:10:12.776+05:30,2849,Corporate Bonds
1083019,2026-10-05T09:57:24.713+05:30,2992,Corporate Bonds
422288,2026-10-01T17:35:42.881+05:30,3000,Corporate Bonds
1001804,2026-10-01T12:08:14.124+05:30,3040,Corporate Bonds
1971033,2026-10-06T09:47:18.406+05:30,2941,Corporate Bonds
2228776,2026-10-02T23:31:51.177+05:30,2982,Corporate Bonds
944593,2026-10-02T23:29:25.296+05:30,2907,Corporate Bonds
2156010,2026-10-04T17:40:54.638+05:30,2842,Corporate Bonds
1544049,2026-10-03T22:42:58.764+05:30,3027,Corporate Bonds
1959368,2026-10-07T23:20:34.975+05:30,3044,Corporate Bonds
1537443,2026-10-02T20:30:13.485+05:30,2982,Corporate Bonds
1066725,2026-10-03T22:46:01.269+05:30,2969,XCase
1043114,2026-10-01T13:53:17.297+05:30,2849,Corporate Bonds
1826761,2026-10-03T15:08:11.364+05:30,2964,Corporate Bonds
1000061,2026-10-04T11:56:29.91+05:30,2955,Corporate Bonds
2228706,2026-10-05T10:45:49.479+05:30,2982,Corporate Bonds
1977912,2026-10-02T17:12:25.901+05:30,3027,Corporate Bonds
2139864,2026-10-04T14:47:33.573+05:30,2881,Corporate Bonds
1399364,2026-10-02T13:02:52.235+05:30,2881,Corporate Bonds
2177748,2026-10-07T09:23:04.731+05:30,3027,Corporate Bonds
382942,2026-10-07T07:47:57.661+05:30,3026,Corporate Bonds
2234712,2026-10-07T17:24:03.172+05:30,2895,Corporate Bonds
1430163,2026-10-02T10:59:40.725+05:30,2840,Corporate Bonds
2231447,2026-10-04T16:53:13.76+05:30,2781,Corporate Bonds
1736133,2026-10-02T19:11:55.579+05:30,2982,Corporate Bonds
2225855,2026-10-01T20:03:30.572+05:30,1685,Corporate Bonds
2235005,2026-10-06T18:35:29.432+05:30,3040,Corporate Bonds
1375328,2026-10-07T22:28:07.498+05:30,2993,XCase
1434293,2026-10-02T16:31:09.085+05:30,2895,Corporate Bonds
2229231,2026-10-03T10:14:01.235+05:30,2982,Corporate Bonds
1246385,2026-10-03T06:27:02.441+05:30,3027,Corporate Bonds
1774325,2026-10-01T20:20:53.632+05:30,2981,Corporate Bonds
2222576,2026-10-05T11:58:22.999+05:30,2982,Corporate Bonds
2070884,2026-10-02T14:03:10.035+05:30,2849,Corporate Bonds
839782,2026-10-02T19:48:54.057+05:30,2955,Corporate Bonds
1205677,2026-10-06T13:01:11.483+05:30,2981,Corporate Bonds
837628,2026-10-02T13:48:31.596+05:30,2895,Corporate Bonds
1965777,2026-10-07T21:15:18.105+05:30,3044,Corporate Bonds
1946244,2026-10-01T02:12:03.854+05:30,2849,Corporate Bonds
1891041,2026-10-06T12:34:20.634+05:30,2981,Corporate Bonds
2143505,2026-10-06T14:15:43.342+05:30,3027,Corporate Bonds
2229501,2026-10-06T11:17:02.322+05:30,2930,Corporate Bonds
865015,2026-10-04T11:11:50.739+05:30,2794,Corporate Bonds
715100,2026-10-01T23:30:45.729+05:30,2981,Corporate Bonds
1852632,2026-10-05T11:28:35.491+05:30,2843,Corporate Bonds
1282698,2026-10-07T17:52:07.667+05:30,2964,Corporate Bonds
1485562,2026-10-06T00:04:18.075+05:30,3027,Corporate Bonds
1132863,2026-10-05T13:03:58.457+05:30,2895,Corporate Bonds
1388334,2026-10-04T10:55:03.284+05:30,3027,Corporate Bonds
1732425,2026-10-02T13:33:14.318+05:30,3027,Corporate Bonds
2181544,2026-10-02T10:29:15.174+05:30,3024,Corporate Bonds
2228784,2026-10-05T22:25:17.664+05:30,2941,Corporate Bonds
222964,2026-10-05T07:58:27.831+05:30,2881,Corporate Bonds
1509307,2026-10-04T20:52:18.721+05:30,2769,Corporate Bonds
2195717,2026-10-01T10:09:26.058+05:30,3027,Corporate Bonds
518787,2026-10-06T16:51:35.343+05:30,3027,Corporate Bonds
2118824,2026-10-07T15:29:37.897+05:30,3044,Corporate Bonds
1432460,2026-10-06T09:50:29.782+05:30,2981,Corporate Bonds
